file	symbol	demangled	in_original	orig_addr	orig_size	new_addr	new_size	orig_insns	new_insns	mnemonic_exact	mnemonic_overlap	call_mismatch	imm_mismatch
Community/src/AbstractSocket.cpp.o	_ZN15CAbstractSocketILi4096ELi4096EE10disconnectEv	CAbstractSocket<4096, 4096>::disconnect()	1	0x8050306	53	0x804aada	53	17	17	yes	1.0	no	no
Community/src/AbstractSocket.cpp.o	_ZN15CAbstractSocketILi4096ELi4096EE11ConnectPeerEv	CAbstractSocket<4096, 4096>::ConnectPeer()	1	0x80505dc	118	0x804a812	110	37	35	no	0.918918918918919	no	yes
Community/src/AbstractSocket.cpp.o	_ZN15CAbstractSocketILi4096ELi4096EE11GetRecvBuffEiRi	CAbstractSocket<4096, 4096>::GetRecvBuff(int, int&)	1	0x804fb2a	56	0x804ab10	56	22	22	yes	1.0	no	no
Community/src/AbstractSocket.cpp.o	_ZN15CAbstractSocketILi4096ELi4096EE11SetNonblockEi	CAbstractSocket<4096, 4096>::SetNonblock(int)	1	0x8050584	88	0x804b0ef	70	24	21	no	0.7916666666666666	no	yes
Community/src/AbstractSocket.cpp.o	_ZN15CAbstractSocketILi4096ELi4096EE11recv_packetEv	CAbstractSocket<4096, 4096>::recv_packet()	1	0x804f9d0	346	0x804ab60	342	104	102	no	0.9615384615384616	no	yes
Community/src/AbstractSocket.cpp.o	_ZN15CAbstractSocketILi4096ELi4096EE11send_packetEPKci	CAbstractSocket<4096, 4096>::send_packet(char const*, int)	1	0x804ff42	443	0x804af3c	435	117	116	no	0.9658119658119658	no	yes
Community/src/AbstractSocket.cpp.o	_ZN15CAbstractSocketILi4096ELi4096EE11send_packetEv	CAbstractSocket<4096, 4096>::send_packet()	1	0x804fc54	518	0x804ad44	503	138	135	no	0.9637681159420289	no	yes
Community/src/AbstractSocket.cpp.o	_ZN15CAbstractSocketILi4096ELi4096EE12AcceptSocketEv	CAbstractSocket<4096, 4096>::AcceptSocket()	1	0x804fe5a	174	0x804a6c4	215	50	57	no	0.8070175438596491	no	yes
Community/src/AbstractSocket.cpp.o	_ZN15CAbstractSocketILi4096ELi4096EE18CreateListenSocketERiiPKc	CAbstractSocket<4096, 4096>::CreateListenSocket(int&, int, char const*)	1	0x80500fd	331	0x804a954	389	86	103	no	0.7378640776699029	no	yes
Community/src/AbstractSocket.cpp.o	_ZN15CAbstractSocketILi4096ELi4096EE19SetRecvBufferOffsetEi	CAbstractSocket<4096, 4096>::SetRecvBufferOffset(int)	1	0x804fb62	241	0x804b136	239	72	71	no	0.9722222222222222	no	yes
Community/src/AbstractSocket.cpp.o	_ZN15CAbstractSocketILi4096ELi4096EE22CreateConnectionSocketEPKci	CAbstractSocket<4096, 4096>::CreateConnectionSocket(char const*, int)	1	0x8050248	190	0x804a880	212	49	59	no	0.7627118644067796	no	yes
Community/src/AbstractSocket.cpp.o	_ZN15CAbstractSocketILi4096ELi4096EE26AddTriggerSessionEventTypeEi	CAbstractSocket<4096, 4096>::AddTriggerSessionEventType(int)	1	0x8052e14	28	0x804a79c	28	10	10	yes	1.0	no	no
Community/src/AbstractSocket.cpp.o	_ZN15CAbstractSocketILi4096ELi4096EE26GetTriggerSessionEventTypeEv	CAbstractSocket<4096, 4096>::GetTriggerSessionEventType()	1	0x804cc18	14	0x804ab52	14	6	6	yes	1.0	no	no
Community/src/AbstractSocket.cpp.o	_ZN15CAbstractSocketILi4096ELi4096EE26SetTriggerSessionEventTypeEi	CAbstractSocket<4096, 4096>::SetTriggerSessionEventType(int)	1	0x804cbfc	17	0x804b268	17	7	7	yes	1.0	no	no
Community/src/AbstractSocket.cpp.o	_ZN15CAbstractSocketILi4096ELi4096EE5ResetEv	CAbstractSocket<4096, 4096>::Reset()	1	0x805048a	142	0x804acb6	142	33	33	yes	1.0	no	no
Community/src/AbstractSocket.cpp.o	_ZN15CAbstractSocketILi4096ELi4096EE9GetSocketEv	CAbstractSocket<4096, 4096>::GetSocket()	1	0x804cc0e	10	0x804ab48	10	6	6	yes	1.0	no	no
Community/src/AbstractSocket.cpp.o	_ZN15CAbstractSocketILi4096ELi4096EE9SetSocketEib	CAbstractSocket<4096, 4096>::SetSocket(int, bool)	1	0x804ff08	58	0x804b226	65	21	23	no	0.9130434782608695	no	yes
Community/src/AbstractSocket.cpp.o	_ZN15CAbstractSocketILi4096ELi4096EEC1Ev	CAbstractSocket<4096, 4096>::CAbstractSocket()	1	0x804f938	84	0x804a7b8	84	20	20	yes	1.0	no	no
Community/src/AbstractSocket.cpp.o	_ZN15CAbstractSocketILi4096ELi4096EED1Ev	CAbstractSocket<4096, 4096>::~CAbstractSocket()	1	0x804f98c	5	0x804a80c	5	4	4	yes	1.0	no	no
Community/src/ArchiveLog.cpp.o	_ZN10ArchiveLogC1EPKcz	ArchiveLog::ArchiveLog(char const*, ...)	1	0x804aa78	224	0x804b528	275	50	69	no	0.7101449275362319	no	yes
Community/src/ArchiveLog.cpp.o	_ZN11CArchiveLog13CreateLogFileEPKc	CArchiveLog::CreateLogFile(char const*)	1	0x804ad2a	46	0x804b3b4	46	16	16	yes	1.0	no	no
Community/src/ArchiveLog.cpp.o	_ZN11CArchiveLog13CreateLogFileER8DateTime	CArchiveLog::CreateLogFile(DateTime&)	1	0x804aca0	137	0x804b312	161	40	46	no	0.8043478260869565	no	yes
Community/src/ArchiveLog.cpp.o	_ZN11CArchiveLog8OpenFileEPKc	CArchiveLog::OpenFile(char const*)	1	0x804ac2a	74	0x804b2c6	75	26	26	no	0.8461538461538461	no	yes
Community/src/ArchiveLog.cpp.o	_ZN11CArchiveLog8WriteLogEPKc	CArchiveLog::WriteLog(char const*)	1	0x804ad58	283	0x804b3e2	306	84	91	no	0.9120879120879121	no	yes
Community/src/ArchiveLog.cpp.o	_ZN11CArchiveLog9CloseFileEv	CArchiveLog::CloseFile()	1	0x804ac74	44	0x804b29a	44	16	16	yes	1.0	no	no
Community/src/ArchiveLog.cpp.o	_ZN11CArchiveLogC1Ev	CArchiveLog::CArchiveLog()	1	0x804abf6	31	0x804b27a	31	11	11	yes	1.0	no	no
Community/src/ArchiveLog.cpp.o	_ZN11CArchiveLogD1Ev	CArchiveLog::~CArchiveLog()	1	0x804ac16	19	0x804b514	19	8	8	yes	1.0	no	no
Community/src/BuddyManager.cpp.o	_ZN13CBuddyManager10find_buddyEcPKc	CBuddyManager::find_buddy(char, char const*)	1	0x804b004	237	0x804b788	237	70	70	yes	1.0	no	no
Community/src/BuddyManager.cpp.o	_ZN13CBuddyManager8get_sizeEv	CBuddyManager::get_size()	1	0x8051d38	19	0x804b876	19	8	8	yes	1.0	no	no
Community/src/BuddyManager.cpp.o	_ZN13CBuddyManager9add_buddyER16STPvPBuddyDBInfo	CBuddyManager::add_buddy(STPvPBuddyDBInfo&)	1	0x804aee4	26	0x804b66a	26	10	10	yes	1.0	no	no
Community/src/BuddyManager.cpp.o	_ZN13CBuddyManager9del_buddyEcPKc	CBuddyManager::del_buddy(char, char const*)	1	0x804aefe	262	0x804b684	259	76	75	no	0.9605263157894737	no	yes
Community/src/BuddyManager.cpp.o	_ZN13CBuddyManagerC1ERKS_	CBuddyManager::CBuddyManager(CBuddyManager const&)	1	0x8054ed2	26	0x804b650	26	10	10	yes	1.0	no	no
Community/src/BuddyManager.cpp.o	_ZN13CBuddyManagerC1Ev	CBuddyManager::CBuddyManager()	1	0x8054ce6	19	0x804b63c	19	8	8	yes	1.0	no	no
Community/src/BuddyManager.cpp.o	_ZN9__gnu_cxx13new_allocatorI16STPvPBuddyDBInfoE10deallocateEPS1_j	__gnu_cxx::new_allocator<STPvPBuddyDBInfo>::deallocate(STPvPBuddyDBInfo*, unsigned int)	1	0x804bd94	19	0x804c6d2	19	8	8	yes	1.0	no	no
Community/src/BuddyManager.cpp.o	_ZN9__gnu_cxx13new_allocatorI16STPvPBuddyDBInfoE7destroyEPS1_	__gnu_cxx::new_allocator<STPvPBuddyDBInfo>::destroy(STPvPBuddyDBInfo*)	1	0x804ba80	19	0x804c3c8	19	8	8	yes	1.0	no	no
Community/src/BuddyManager.cpp.o	_ZN9__gnu_cxx13new_allocatorI16STPvPBuddyDBInfoE8allocateEjPKv	__gnu_cxx::new_allocator<STPvPBuddyDBInfo>::allocate(unsigned int, void const*)	1	0x804be1c	56	0x804c726	56	20	20	yes	1.0	no	no
Community/src/BuddyManager.cpp.o	_ZN9__gnu_cxx13new_allocatorI16STPvPBuddyDBInfoE9constructEPS1_RKS1_	__gnu_cxx::new_allocator<STPvPBuddyDBInfo>::construct(STPvPBuddyDBInfo*, STPvPBuddyDBInfo const&)	1	0x804b492	109	0x804bd8a	109	37	37	yes	1.0	no	no
Community/src/BuddyManager.cpp.o	_ZN9__gnu_cxx13new_allocatorI16STPvPBuddyDBInfoEC1ERKS2_	__gnu_cxx::new_allocator<STPvPBuddyDBInfo>::new_allocator(__gnu_cxx::new_allocator<STPvPBuddyDBInfo> const&)	1	0x8055d04	5	0x804c8e2	5	4	4	yes	1.0	no	no
Community/src/BuddyManager.cpp.o	_ZN9__gnu_cxx13new_allocatorI16STPvPBuddyDBInfoEC1Ev	__gnu_cxx::new_allocator<STPvPBuddyDBInfo>::new_allocator()	1	0x8055b6a	5	0x804c8ca	5	4	4	yes	1.0	no	no
Community/src/BuddyManager.cpp.o	_ZN9__gnu_cxx13new_allocatorI16STPvPBuddyDBInfoED1Ev	__gnu_cxx::new_allocator<STPvPBuddyDBInfo>::~new_allocator()	1	0x8051ea6	5	0x804c6cc	5	4	4	yes	1.0	no	no
Community/src/BuddyManager.cpp.o	_ZN9__gnu_cxx17__normal_iteratorIP16STPvPBuddyDBInfoSt6vectorIS1_SaIS1_EEEC1ERKS2_	__gnu_cxx::__normal_iterator<STPvPBuddyDBInfo*, std::vector<STPvPBuddyDBInfo, std::allocator<STPvPBuddyDBInfo> > >::__normal_iterator(STPvPBuddyDBInfo* const&)	1	0x804b7fa	15	0x804c148	15	8	8	yes	1.0	no	no
Community/src/BuddyManager.cpp.o	_ZN9__gnu_cxx17__normal_iteratorIP16STPvPBuddyDBInfoSt6vectorIS1_SaIS1_EEEppEv	__gnu_cxx::__normal_iterator<STPvPBuddyDBInfo*, std::vector<STPvPBuddyDBInfo, std::allocator<STPvPBuddyDBInfo> > >::operator++()	1	0x804bcf6	21	0x804c634	21	10	10	yes	1.0	no	no
Community/src/BuddyManager.cpp.o	_ZN9__gnu_cxx17__normal_iteratorIPK16STPvPBuddyDBInfoSt6vectorIS1_SaIS1_EEEC1ERKS3_	__gnu_cxx::__normal_iterator<STPvPBuddyDBInfo const*, std::vector<STPvPBuddyDBInfo, std::allocator<STPvPBuddyDBInfo> > >::__normal_iterator(STPvPBuddyDBInfo const* const&)	1	0x8055a92	15	0x804c4ca	15	8	8	yes	1.0	no	no
Community/src/BuddyManager.cpp.o	_ZN9__gnu_cxx17__normal_iteratorIPK16STPvPBuddyDBInfoSt6vectorIS1_SaIS1_EEEppEv	__gnu_cxx::__normal_iterator<STPvPBuddyDBInfo const*, std::vector<STPvPBuddyDBInfo, std::allocator<STPvPBuddyDBInfo> > >::operator++()	1	0x8055d36	21	0x804c91e	21	10	10	yes	1.0	no	no
Community/src/BuddyManager.cpp.o	_ZN9__gnu_cxxmiIP16STPvPBuddyDBInfoSt6vectorIS1_SaIS1_EEEENS_17__normal_iteratorIT_T0_E15difference_typeERKS9_SC_	__gnu_cxx::__normal_iterator<STPvPBuddyDBInfo*, std::vector<STPvPBuddyDBInfo, std::allocator<STPvPBuddyDBInfo> > >::difference_type __gnu_cxx::operator-<STPvPBuddyDBInfo*, std::vector<STPvPBuddyDBInfo, std::allocator<STPvPBuddyDBInfo> > >(__gnu_cxx::__normal_iterator<STPvPBuddyDBInfo*, std::vector<STPvPBuddyDBInfo, std::allocator<STPvPBuddyDBInfo> > > const&, __gnu_cxx::__normal_iterator<STPvPBuddyDBInfo*, std::vector<STPvPBuddyDBInfo, std::allocator<STPvPBuddyDBInfo> > > const&)	1	0x804bc3f	53	0x804c5d7	53	21	21	yes	1.0	no	no
Community/src/BuddyManager.cpp.o	_ZN9__gnu_cxxneIP16STPvPBuddyDBInfoSt6vectorIS1_SaIS1_EEEEbRKNS_17__normal_iteratorIT_T0_EESB_	bool __gnu_cxx::operator!=<STPvPBuddyDBInfo*, std::vector<STPvPBuddyDBInfo, std::allocator<STPvPBuddyDBInfo> > >(__gnu_cxx::__normal_iterator<STPvPBuddyDBInfo*, std::vector<STPvPBuddyDBInfo, std::allocator<STPvPBuddyDBInfo> > > const&, __gnu_cxx::__normal_iterator<STPvPBuddyDBInfo*, std::vector<STPvPBuddyDBInfo, std::allocator<STPvPBuddyDBInfo> > > const&)	1	0x804b353	44	0x804baa7	44	18	18	yes	1.0	no	no
Community/src/BuddyManager.cpp.o	_ZN9__gnu_cxxneIPK16STPvPBuddyDBInfoSt6vectorIS1_SaIS1_EEEEbRKNS_17__normal_iteratorIT_T0_EESC_	bool __gnu_cxx::operator!=<STPvPBuddyDBInfo const*, std::vector<STPvPBuddyDBInfo, std::allocator<STPvPBuddyDBInfo> > >(__gnu_cxx::__normal_iterator<STPvPBuddyDBInfo const*, std::vector<STPvPBuddyDBInfo, std::allocator<STPvPBuddyDBInfo> > > const&, __gnu_cxx::__normal_iterator<STPvPBuddyDBInfo const*, std::vector<STPvPBuddyDBInfo, std::allocator<STPvPBuddyDBInfo> > > const&)	1	0x8055d09	44	0x804c8f2	44	18	18	yes	1.0	no	no
Community/src/BuddyManager.cpp.o	_ZNK9__gnu_cxx13new_allocatorI16STPvPBuddyDBInfoE8max_sizeEv	__gnu_cxx::new_allocator<STPvPBuddyDBInfo>::max_size() const	1	0x804bf0a	10	0x804c8e8	10	5	5	yes	1.0	no	no
Community/src/BuddyManager.cpp.o	_ZNK9__gnu_cxx17__normal_iteratorIP16STPvPBuddyDBInfoSt6vectorIS1_SaIS1_EEE4baseEv	__gnu_cxx::__normal_iterator<STPvPBuddyDBInfo*, std::vector<STPvPBuddyDBInfo, std::allocator<STPvPBuddyDBInfo> > >::base() const	1	0x804b9de	8	0x804c32c	8	5	5	yes	1.0	no	no
Community/src/BuddyManager.cpp.o	_ZNK9__gnu_cxx17__normal_iteratorIP16STPvPBuddyDBInfoSt6vectorIS1_SaIS1_EEEdeEv	__gnu_cxx::__normal_iterator<STPvPBuddyDBInfo*, std::vector<STPvPBuddyDBInfo, std::allocator<STPvPBuddyDBInfo> > >::operator*() const	1	0x804b466	10	0x804bbba	10	6	6	yes	1.0	no	no
Community/src/BuddyManager.cpp.o	_ZNK9__gnu_cxx17__normal_iteratorIP16STPvPBuddyDBInfoSt6vectorIS1_SaIS1_EEEplERKi	__gnu_cxx::__normal_iterator<STPvPBuddyDBInfo*, std::vector<STPvPBuddyDBInfo, std::allocator<STPvPBuddyDBInfo> > >::operator+(int const&) const	1	0x804b9e6	54	0x804c334	54	21	21	yes	1.0	no	no
Community/src/BuddyManager.cpp.o	_ZNK9__gnu_cxx17__normal_iteratorIPK16STPvPBuddyDBInfoSt6vectorIS1_SaIS1_EEE4baseEv	__gnu_cxx::__normal_iterator<STPvPBuddyDBInfo const*, std::vector<STPvPBuddyDBInfo, std::allocator<STPvPBuddyDBInfo> > >::base() const	1	0x8055e04	8	0x804ca82	8	5	5	yes	1.0	no	no
Community/src/BuddyManager.cpp.o	_ZNK9__gnu_cxx17__normal_iteratorIPK16STPvPBuddyDBInfoSt6vectorIS1_SaIS1_EEEdeEv	__gnu_cxx::__normal_iterator<STPvPBuddyDBInfo const*, std::vector<STPvPBuddyDBInfo, std::allocator<STPvPBuddyDBInfo> > >::operator*() const	1	0x8055d4c	10	0x804c934	10	6	6	yes	1.0	no	no
Community/src/BuddyManager.cpp.o	_ZNKSt12_Vector_baseI16STPvPBuddyDBInfoSaIS0_EE19_M_get_Tp_allocatorEv	std::_Vector_base<STPvPBuddyDBInfo, std::allocator<STPvPBuddyDBInfo> >::_M_get_Tp_allocator() const	1	0x804bf02	8	0x804bc96	8	5	5	yes	1.0	no	no
Community/src/BuddyManager.cpp.o	_ZNKSt6vectorI16STPvPBuddyDBInfoSaIS0_EE12_M_check_lenEjPKc	std::vector<STPvPBuddyDBInfo, std::allocator<STPvPBuddyDBInfo> >::_M_check_len(unsigned int, char const*) const	1	0x804bb9a	165	0x804c532	165	56	56	yes	1.0	no	no
Community/src/BuddyManager.cpp.o	_ZNKSt6vectorI16STPvPBuddyDBInfoSaIS0_EE3endEv	std::vector<STPvPBuddyDBInfo, std::allocator<STPvPBuddyDBInfo> >::end() const	1	0x8055774	44	0x804bd3c	44	17	17	yes	1.0	no	no
Community/src/BuddyManager.cpp.o	_ZNKSt6vectorI16STPvPBuddyDBInfoSaIS0_EE4sizeEv	std::vector<STPvPBuddyDBInfo, std::allocator<STPvPBuddyDBInfo> >::size() const	1	0x804b1e8	30	0x804bbc4	30	13	13	yes	1.0	no	no
Community/src/BuddyManager.cpp.o	_ZNKSt6vectorI16STPvPBuddyDBInfoSaIS0_EE5beginEv	std::vector<STPvPBuddyDBInfo, std::allocator<STPvPBuddyDBInfo> >::begin() const	1	0x8055748	43	0x804bd10	43	17	17	yes	1.0	no	no
Community/src/BuddyManager.cpp.o	_ZNKSt6vectorI16STPvPBuddyDBInfoSaIS0_EE8max_sizeEv	std::vector<STPvPBuddyDBInfo, std::allocator<STPvPBuddyDBInfo> >::max_size() const	1	0x804be00	27	0x804c838	27	10	10	yes	1.0	no	no
Community/src/BuddyManager.cpp.o	_ZNSaI16STPvPBuddyDBInfoEC1ERKS0_	std::allocator<STPvPBuddyDBInfo>::allocator(std::allocator<STPvPBuddyDBInfo> const&)	1	0x8055b70	26	0x804c70c	26	10	10	yes	1.0	no	no
Community/src/BuddyManager.cpp.o	_ZNSaI16STPvPBuddyDBInfoEC1Ev	std::allocator<STPvPBuddyDBInfo>::allocator()	1	0x8055a46	19	0x804c6b8	19	8	8	yes	1.0	no	no
Community/src/BuddyManager.cpp.o	_ZNSaI16STPvPBuddyDBInfoED1Ev	std::allocator<STPvPBuddyDBInfo>::~allocator()	1	0x8051e92	19	0x804c40c	19	8	8	yes	1.0	no	no
Community/src/BuddyManager.cpp.o	_ZNSt11__copy_moveILb0ELb0ESt26random_access_iterator_tagE8__copy_mIP16STPvPBuddyDBInfoS4_EET0_T_S6_S5_	STPvPBuddyDBInfo* std::__copy_move<false, false, std::random_access_iterator_tag>::__copy_m<STPvPBuddyDBInfo*, STPvPBuddyDBInfo*>(STPvPBuddyDBInfo*, STPvPBuddyDBInfo*, STPvPBuddyDBInfo*)	0			0x804c9f9	136	0	47	no	0.0	no	no
Community/src/BuddyManager.cpp.o	_ZNSt12_Destroy_auxILb0EE9__destroyIP16STPvPBuddyDBInfoEEvT_S4_	void std::_Destroy_aux<false>::__destroy<STPvPBuddyDBInfo*>(STPvPBuddyDBInfo*, STPvPBuddyDBInfo*)	0			0x804c6e5	38	0	15	no	0.0	no	no
Community/src/BuddyManager.cpp.o	_ZNSt12_Vector_baseI16STPvPBuddyDBInfoSaIS0_EE11_M_allocateEj	std::_Vector_base<STPvPBuddyDBInfo, std::allocator<STPvPBuddyDBInfo> >::_M_allocate(unsigned int)	1	0x804bc74	47	0x804c49a	47	15	15	yes	1.0	no	no
Community/src/BuddyManager.cpp.o	_ZNSt12_Vector_baseI16STPvPBuddyDBInfoSaIS0_EE12_Vector_implC1ERKS1_	std::_Vector_base<STPvPBuddyDBInfo, std::allocator<STPvPBuddyDBInfo> >::_Vector_impl::_Vector_impl(std::allocator<STPvPBuddyDBInfo> const&)	1	0x8055a5a	55	0x804c462	55	16	16	yes	1.0	no	no
Community/src/BuddyManager.cpp.o	_ZNSt12_Vector_baseI16STPvPBuddyDBInfoSaIS0_EE12_Vector_implC1Ev	std::_Vector_base<STPvPBuddyDBInfo, std::allocator<STPvPBuddyDBInfo> >::_Vector_impl::_Vector_impl()	1	0x80556a6	48	0x804c3dc	48	14	14	yes	1.0	no	no
Community/src/BuddyManager.cpp.o	_ZNSt12_Vector_baseI16STPvPBuddyDBInfoSaIS0_EE12_Vector_implD1Ev	std::_Vector_base<STPvPBuddyDBInfo, std::allocator<STPvPBuddyDBInfo> >::_Vector_impl::~_Vector_impl()	1	0x8051dde	19	0x804bbe2	19	8	8	yes	1.0	no	no
Community/src/BuddyManager.cpp.o	_ZNSt12_Vector_baseI16STPvPBuddyDBInfoSaIS0_EE13_M_deallocateEPS0_j	std::_Vector_base<STPvPBuddyDBInfo, std::allocator<STPvPBuddyDBInfo> >::_M_deallocate(STPvPBuddyDBInfo*, unsigned int)	1	0x804ba94	39	0x804c420	39	14	14	yes	1.0	no	no
Community/src/BuddyManager.cpp.o	_ZNSt12_Vector_baseI16STPvPBuddyDBInfoSaIS0_EE19_M_get_Tp_allocatorEv	std::_Vector_base<STPvPBuddyDBInfo, std::allocator<STPvPBuddyDBInfo> >::_M_get_Tp_allocator()	1	0x804b470	8	0x804bc74	8	5	5	yes	1.0	no	no
Community/src/BuddyManager.cpp.o	_ZNSt12_Vector_baseI16STPvPBuddyDBInfoSaIS0_EEC1EjRKS1_	std::_Vector_base<STPvPBuddyDBInfo, std::allocator<STPvPBuddyDBInfo> >::_Vector_base(unsigned int, std::allocator<STPvPBuddyDBInfo> const&)	1	0x80556d6	113	0x804bc9e	113	42	42	yes	1.0	no	no
Community/src/BuddyManager.cpp.o	_ZNSt12_Vector_baseI16STPvPBuddyDBInfoSaIS0_EEC1Ev	std::_Vector_base<STPvPBuddyDBInfo, std::allocator<STPvPBuddyDBInfo> >::_Vector_base()	1	0x805519a	19	0x804bbf6	19	8	8	yes	1.0	no	no
Community/src/BuddyManager.cpp.o	_ZNSt12_Vector_baseI16STPvPBuddyDBInfoSaIS0_EED1Ev	std::_Vector_base<STPvPBuddyDBInfo, std::allocator<STPvPBuddyDBInfo> >::~_Vector_base()	1	0x8051df2	106	0x804bc0a	106	40	40	yes	1.0	no	no
Community/src/BuddyManager.cpp.o	_ZNSt12__miter_baseIN9__gnu_cxx17__normal_iteratorIP16STPvPBuddyDBInfoSt6vectorIS2_SaIS2_EEEELb0EE3__bES7_	std::__miter_base<__gnu_cxx::__normal_iterator<STPvPBuddyDBInfo*, std::vector<STPvPBuddyDBInfo, std::allocator<STPvPBuddyDBInfo> > >, false>::__b(__gnu_cxx::__normal_iterator<STPvPBuddyDBInfo*, std::vector<STPvPBuddyDBInfo, std::allocator<STPvPBuddyDBInfo> > >)	1	0x804bd0b	15	0x804c649	15	7	7	yes	1.0	no	no
Community/src/BuddyManager.cpp.o	_ZNSt12__miter_baseIP16STPvPBuddyDBInfoLb0EE3__bES1_	std::__miter_base<STPvPBuddyDBInfo*, false>::__b(STPvPBuddyDBInfo*)	1	0x804bdb4	8	0x804c7eb	8	5	5	yes	1.0	no	no
Community/src/BuddyManager.cpp.o	_ZNSt12__niter_baseIN9__gnu_cxx17__normal_iteratorIP16STPvPBuddyDBInfoSt6vectorIS2_SaIS2_EEEELb1EE3__bES7_	std::__niter_base<__gnu_cxx::__normal_iterator<STPvPBuddyDBInfo*, std::vector<STPvPBuddyDBInfo, std::allocator<STPvPBuddyDBInfo> > >, true>::__b(__gnu_cxx::__normal_iterator<STPvPBuddyDBInfo*, std::vector<STPvPBuddyDBInfo, std::allocator<STPvPBuddyDBInfo> > >)	1	0x804be9a	21	0x804c88f	21	9	9	yes	1.0	no	no
Community/src/BuddyManager.cpp.o	_ZNSt12__niter_baseIP16STPvPBuddyDBInfoLb0EE3__bES1_	std::__niter_base<STPvPBuddyDBInfo*, false>::__b(STPvPBuddyDBInfo*)	1	0x804bed4	8	0x804c9ab	8	5	5	yes	1.0	no	no
Community/src/BuddyManager.cpp.o	_ZNSt20__copy_move_backwardILb0ELb0ESt26random_access_iterator_tagE13__copy_move_bIP16STPvPBuddyDBInfoS4_EET0_T_S6_S5_	STPvPBuddyDBInfo* std::__copy_move_backward<false, false, std::random_access_iterator_tag>::__copy_move_b<STPvPBuddyDBInfo*, STPvPBuddyDBInfo*>(STPvPBuddyDBInfo*, STPvPBuddyDBInfo*, STPvPBuddyDBInfo*)	0			0x804ca8a	136	0	47	no	0.0	no	no
Community/src/BuddyManager.cpp.o	_ZNSt20__uninitialized_copyILb0EE18uninitialized_copyIN9__gnu_cxx17__normal_iteratorIPK16STPvPBuddyDBInfoSt6vectorIS4_SaIS4_EEEEPS4_EET0_T_SD_SC_	STPvPBuddyDBInfo* std::__uninitialized_copy<false>::uninitialized_copy<__gnu_cxx::__normal_iterator<STPvPBuddyDBInfo const*, std::vector<STPvPBuddyDBInfo, std::allocator<STPvPBuddyDBInfo> > >, STPvPBuddyDBInfo*>(__gnu_cxx::__normal_iterator<STPvPBuddyDBInfo const*, std::vector<STPvPBuddyDBInfo, std::allocator<STPvPBuddyDBInfo> > >, __gnu_cxx::__normal_iterator<STPvPBuddyDBInfo const*, std::vector<STPvPBuddyDBInfo, std::allocator<STPvPBuddyDBInfo> > >, STPvPBuddyDBInfo*)	1	0x8055b8a	230	0x804c75e	141	75	47	no	0.6266666666666667	no	yes
Community/src/BuddyManager.cpp.o	_ZNSt20__uninitialized_copyILb0EE18uninitialized_copyIP16STPvPBuddyDBInfoS3_EET0_T_S5_S4_	STPvPBuddyDBInfo* std::__uninitialized_copy<false>::uninitialized_copy<STPvPBuddyDBInfo*, STPvPBuddyDBInfo*>(STPvPBuddyDBInfo*, STPvPBuddyDBInfo*, STPvPBuddyDBInfo*)	0			0x804cb12	58	0	21	no	0.0	no	no
Community/src/BuddyManager.cpp.o	_ZNSt6vectorI16STPvPBuddyDBInfoSaIS0_EE13_M_insert_auxEN9__gnu_cxx17__normal_iteratorIPS0_S2_EERKS0_	std::vector<STPvPBuddyDBInfo, std::allocator<STPvPBuddyDBInfo> >::_M_insert_aux(__gnu_cxx::__normal_iterator<STPvPBuddyDBInfo*, std::vector<STPvPBuddyDBInfo, std::allocator<STPvPBuddyDBInfo> > >, STPvPBuddyDBInfo const&)	0			0x804bdf8	848	0	261	no	0.0	no	no
Community/src/BuddyManager.cpp.o	_ZNSt6vectorI16STPvPBuddyDBInfoSaIS0_EE3endEv	std::vector<STPvPBuddyDBInfo, std::allocator<STPvPBuddyDBInfo> >::end()	1	0x804b29e	38	0x804b9f2	38	15	15	yes	1.0	no	no
Community/src/BuddyManager.cpp.o	_ZNSt6vectorI16STPvPBuddyDBInfoSaIS0_EE5beginEv	std::vector<STPvPBuddyDBInfo, std::allocator<STPvPBuddyDBInfo> >::begin()	1	0x804b27a	35	0x804b9ce	35	14	14	yes	1.0	no	no
Community/src/BuddyManager.cpp.o	_ZNSt6vectorI16STPvPBuddyDBInfoSaIS0_EE5eraseEN9__gnu_cxx17__normal_iteratorIPS0_S2_EE	std::vector<STPvPBuddyDBInfo, std::allocator<STPvPBuddyDBInfo> >::erase(__gnu_cxx::__normal_iterator<STPvPBuddyDBInfo*, std::vector<STPvPBuddyDBInfo, std::allocator<STPvPBuddyDBInfo> > >)	1	0x804b380	229	0x804bad4	229	69	69	yes	1.0	no	no
Community/src/BuddyManager.cpp.o	_ZNSt6vectorI16STPvPBuddyDBInfoSaIS0_EE9push_backERKS0_	std::vector<STPvPBuddyDBInfo, std::allocator<STPvPBuddyDBInfo> >::push_back(STPvPBuddyDBInfo const&)	1	0x804b206	115	0x804b95a	115	38	38	yes	1.0	no	no
Community/src/BuddyManager.cpp.o	_ZNSt6vectorI16STPvPBuddyDBInfoSaIS0_EEC1ERKS2_	std::vector<STPvPBuddyDBInfo, std::allocator<STPvPBuddyDBInfo> >::vector(std::vector<STPvPBuddyDBInfo, std::allocator<STPvPBuddyDBInfo> > const&)	1	0x8055206	180	0x804b8a6	180	59	59	yes	1.0	no	no
Community/src/BuddyManager.cpp.o	_ZNSt6vectorI16STPvPBuddyDBInfoSaIS0_EEC1Ev	std::vector<STPvPBuddyDBInfo, std::allocator<STPvPBuddyDBInfo> >::vector()	1	0x8054e7a	19	0x804b892	19	8	8	yes	1.0	no	no
Community/src/BuddyManager.cpp.o	_ZSt10_ConstructI16STPvPBuddyDBInfoS0_EvPT_RKT0_	void std::_Construct<STPvPBuddyDBInfo, STPvPBuddyDBInfo>(STPvPBuddyDBInfo*, STPvPBuddyDBInfo const&)	0			0x804c93e	109	0	37	no	0.0	no	no
Community/src/BuddyManager.cpp.o	_ZSt13__copy_move_aILb0EP16STPvPBuddyDBInfoS1_ET1_T0_S3_S2_	STPvPBuddyDBInfo* std::__copy_move_a<false, STPvPBuddyDBInfo*, STPvPBuddyDBInfo*>(STPvPBuddyDBInfo*, STPvPBuddyDBInfo*, STPvPBuddyDBInfo*)	0			0x804c8a4	37	0	13	no	0.0	no	no
Community/src/BuddyManager.cpp.o	_ZSt13copy_backwardIP16STPvPBuddyDBInfoS1_ET0_T_S3_S2_	STPvPBuddyDBInfo* std::copy_backward<STPvPBuddyDBInfo*, STPvPBuddyDBInfo*>(STPvPBuddyDBInfo*, STPvPBuddyDBInfo*, STPvPBuddyDBInfo*)	0			0x804c4fa	56	0	20	no	0.0	no	no
Community/src/BuddyManager.cpp.o	_ZSt14__copy_move_a2ILb0EN9__gnu_cxx17__normal_iteratorIP16STPvPBuddyDBInfoSt6vectorIS2_SaIS2_EEEES7_ET1_T0_S9_S8_	__gnu_cxx::__normal_iterator<STPvPBuddyDBInfo*, std::vector<STPvPBuddyDBInfo, std::allocator<STPvPBuddyDBInfo> > > std::__copy_move_a2<false, __gnu_cxx::__normal_iterator<STPvPBuddyDBInfo*, std::vector<STPvPBuddyDBInfo, std::allocator<STPvPBuddyDBInfo> > >, __gnu_cxx::__normal_iterator<STPvPBuddyDBInfo*, std::vector<STPvPBuddyDBInfo, std::allocator<STPvPBuddyDBInfo> > > >(__gnu_cxx::__normal_iterator<STPvPBuddyDBInfo*, std::vector<STPvPBuddyDBInfo, std::allocator<STPvPBuddyDBInfo> > >, __gnu_cxx::__normal_iterator<STPvPBuddyDBInfo*, std::vector<STPvPBuddyDBInfo, std::allocator<STPvPBuddyDBInfo> > >, __gnu_cxx::__normal_iterator<STPvPBuddyDBInfo*, std::vector<STPvPBuddyDBInfo, std::allocator<STPvPBuddyDBInfo> > >)	0			0x804c658	95	0	34	no	0.0	no	no
Community/src/BuddyManager.cpp.o	_ZSt18uninitialized_copyIN9__gnu_cxx17__normal_iteratorIPK16STPvPBuddyDBInfoSt6vectorIS2_SaIS2_EEEEPS2_ET0_T_SB_SA_	STPvPBuddyDBInfo* std::uninitialized_copy<__gnu_cxx::__normal_iterator<STPvPBuddyDBInfo const*, std::vector<STPvPBuddyDBInfo, std::allocator<STPvPBuddyDBInfo> > >, STPvPBuddyDBInfo*>(__gnu_cxx::__normal_iterator<STPvPBuddyDBInfo const*, std::vector<STPvPBuddyDBInfo, std::allocator<STPvPBuddyDBInfo> > >, __gnu_cxx::__normal_iterator<STPvPBuddyDBInfo const*, std::vector<STPvPBuddyDBInfo, std::allocator<STPvPBuddyDBInfo> > >, STPvPBuddyDBInfo*)	1	0x8055aa1	33	0x804c4d9	33	12	12	yes	1.0	no	no
Community/src/BuddyManager.cpp.o	_ZSt18uninitialized_copyIP16STPvPBuddyDBInfoS1_ET0_T_S3_S2_	STPvPBuddyDBInfo* std::uninitialized_copy<STPvPBuddyDBInfo*, STPvPBuddyDBInfo*>(STPvPBuddyDBInfo*, STPvPBuddyDBInfo*, STPvPBuddyDBInfo*)	0			0x804c9d8	33	0	12	no	0.0	no	no
Community/src/BuddyManager.cpp.o	_ZSt19__iterator_categoryIN9__gnu_cxx17__normal_iteratorIP16STPvPBuddyDBInfoSt6vectorIS2_SaIS2_EEEEENSt15iterator_traitsIT_E17iterator_categoryERKS9_	std::iterator_traits<__gnu_cxx::__normal_iterator<STPvPBuddyDBInfo*, std::vector<STPvPBuddyDBInfo, std::allocator<STPvPBuddyDBInfo> > > >::iterator_category std::__iterator_category<__gnu_cxx::__normal_iterator<STPvPBuddyDBInfo*, std::vector<STPvPBuddyDBInfo, std::allocator<STPvPBuddyDBInfo> > > >(__gnu_cxx::__normal_iterator<STPvPBuddyDBInfo*, std::vector<STPvPBuddyDBInfo, std::allocator<STPvPBuddyDBInfo> > > const&)	1	0x804b809	10	0x804c157	10	5	5	yes	1.0	no	no
Community/src/BuddyManager.cpp.o	_ZSt22__copy_move_backward_aILb0EP16STPvPBuddyDBInfoS1_ET1_T0_S3_S2_	STPvPBuddyDBInfo* std::__copy_move_backward_a<false, STPvPBuddyDBInfo*, STPvPBuddyDBInfo*>(STPvPBuddyDBInfo*, STPvPBuddyDBInfo*, STPvPBuddyDBInfo*)	0			0x804c9b3	37	0	13	no	0.0	no	no
Community/src/BuddyManager.cpp.o	_ZSt22__uninitialized_copy_aIN9__gnu_cxx17__normal_iteratorIPK16STPvPBuddyDBInfoSt6vectorIS2_SaIS2_EEEEPS2_S2_ET0_T_SB_SA_RSaIT1_E	STPvPBuddyDBInfo* std::__uninitialized_copy_a<__gnu_cxx::__normal_iterator<STPvPBuddyDBInfo const*, std::vector<STPvPBuddyDBInfo, std::allocator<STPvPBuddyDBInfo> > >, STPvPBuddyDBInfo*, STPvPBuddyDBInfo>(__gnu_cxx::__normal_iterator<STPvPBuddyDBInfo const*, std::vector<STPvPBuddyDBInfo, std::allocator<STPvPBuddyDBInfo> > >, __gnu_cxx::__normal_iterator<STPvPBuddyDBInfo const*, std::vector<STPvPBuddyDBInfo, std::allocator<STPvPBuddyDBInfo> > >, STPvPBuddyDBInfo*, std::allocator<STPvPBuddyDBInfo>&)	1	0x80557a0	33	0x804bd68	33	12	12	yes	1.0	no	no
Community/src/BuddyManager.cpp.o	_ZSt22__uninitialized_copy_aIP16STPvPBuddyDBInfoS1_S0_ET0_T_S3_S2_RSaIT1_E	STPvPBuddyDBInfo* std::__uninitialized_copy_a<STPvPBuddyDBInfo*, STPvPBuddyDBInfo*, STPvPBuddyDBInfo>(STPvPBuddyDBInfo*, STPvPBuddyDBInfo*, STPvPBuddyDBInfo*, std::allocator<STPvPBuddyDBInfo>&)	0			0x804c86e	33	0	12	no	0.0	no	no
Community/src/BuddyManager.cpp.o	_ZSt22__uninitialized_move_aIP16STPvPBuddyDBInfoS1_SaIS0_EET0_T_S4_S3_RT1_	STPvPBuddyDBInfo* std::__uninitialized_move_a<STPvPBuddyDBInfo*, STPvPBuddyDBInfo*, std::allocator<STPvPBuddyDBInfo> >(STPvPBuddyDBInfo*, STPvPBuddyDBInfo*, STPvPBuddyDBInfo*, std::allocator<STPvPBuddyDBInfo>&)	1	0x804bca3	82	0x804c60c	40	26	14	no	0.5384615384615384	no	yes
Community/src/BuddyManager.cpp.o	_ZSt23__copy_move_backward_a2ILb0EP16STPvPBuddyDBInfoS1_ET1_T0_S3_S2_	STPvPBuddyDBInfo* std::__copy_move_backward_a2<false, STPvPBuddyDBInfo*, STPvPBuddyDBInfo*>(STPvPBuddyDBInfo*, STPvPBuddyDBInfo*, STPvPBuddyDBInfo*)	0			0x804c7f3	68	0	25	no	0.0	no	no
Community/src/BuddyManager.cpp.o	_ZSt3maxIjERKT_S2_S2_	unsigned int const& std::max<unsigned int>(unsigned int const&, unsigned int const&)	1	0x804bd79	27	0x804c853	27	13	13	yes	1.0	no	no
Community/src/BuddyManager.cpp.o	_ZSt4copyIN9__gnu_cxx17__normal_iteratorIP16STPvPBuddyDBInfoSt6vectorIS2_SaIS2_EEEES7_ET0_T_S9_S8_	__gnu_cxx::__normal_iterator<STPvPBuddyDBInfo*, std::vector<STPvPBuddyDBInfo, std::allocator<STPvPBuddyDBInfo> > > std::copy<__gnu_cxx::__normal_iterator<STPvPBuddyDBInfo*, std::vector<STPvPBuddyDBInfo, std::allocator<STPvPBuddyDBInfo> > >, __gnu_cxx::__normal_iterator<STPvPBuddyDBInfo*, std::vector<STPvPBuddyDBInfo, std::allocator<STPvPBuddyDBInfo> > > >(__gnu_cxx::__normal_iterator<STPvPBuddyDBInfo*, std::vector<STPvPBuddyDBInfo, std::allocator<STPvPBuddyDBInfo> > >, __gnu_cxx::__normal_iterator<STPvPBuddyDBInfo*, std::vector<STPvPBuddyDBInfo, std::allocator<STPvPBuddyDBInfo> > >, __gnu_cxx::__normal_iterator<STPvPBuddyDBInfo*, std::vector<STPvPBuddyDBInfo, std::allocator<STPvPBuddyDBInfo> > >)	0			0x804c36a	93	0	30	no	0.0	no	no
Community/src/BuddyManager.cpp.o	_ZSt7find_ifIN9__gnu_cxx17__normal_iteratorIP16STPvPBuddyDBInfoSt6vectorIS2_SaIS2_EEEE10CFindBuddyET_S9_S9_T0_	__gnu_cxx::__normal_iterator<STPvPBuddyDBInfo*, std::vector<STPvPBuddyDBInfo, std::allocator<STPvPBuddyDBInfo> > > std::find_if<__gnu_cxx::__normal_iterator<STPvPBuddyDBInfo*, std::vector<STPvPBuddyDBInfo, std::allocator<STPvPBuddyDBInfo> > >, CFindBuddy>(__gnu_cxx::__normal_iterator<STPvPBuddyDBInfo*, std::vector<STPvPBuddyDBInfo, std::allocator<STPvPBuddyDBInfo> > >, __gnu_cxx::__normal_iterator<STPvPBuddyDBInfo*, std::vector<STPvPBuddyDBInfo, std::allocator<STPvPBuddyDBInfo> > >, CFindBuddy)	1	0x804b2c4	143	0x804ba18	143	46	46	yes	1.0	no	no
Community/src/BuddyManager.cpp.o	_ZSt8_DestroyI16STPvPBuddyDBInfoEvPT_	void std::_Destroy<STPvPBuddyDBInfo>(STPvPBuddyDBInfo*)	0			0x804c8cf	19	0	8	no	0.0	no	no
Community/src/BuddyManager.cpp.o	_ZSt8_DestroyIP16STPvPBuddyDBInfoEvT_S2_	void std::_Destroy<STPvPBuddyDBInfo*>(STPvPBuddyDBInfo*, STPvPBuddyDBInfo*)	1	0x804babb	26	0x804c447	26	10	10	yes	1.0	no	no
Community/src/BuddyManager.cpp.o	_ZSt8_DestroyIP16STPvPBuddyDBInfoS0_EvT_S2_RSaIT0_E	void std::_Destroy<STPvPBuddyDBInfo*, STPvPBuddyDBInfo>(STPvPBuddyDBInfo*, STPvPBuddyDBInfo*, std::allocator<STPvPBuddyDBInfo>&)	1	0x804b478	26	0x804bc7c	26	10	10	yes	1.0	no	no
Community/src/BuddyManager.cpp.o	_ZSt9__find_ifIN9__gnu_cxx17__normal_iteratorIP16STPvPBuddyDBInfoSt6vectorIS2_SaIS2_EEEE10CFindBuddyET_S9_S9_T0_St26random_access_iterator_tag	__gnu_cxx::__normal_iterator<STPvPBuddyDBInfo*, std::vector<STPvPBuddyDBInfo, std::allocator<STPvPBuddyDBInfo> > > std::__find_if<__gnu_cxx::__normal_iterator<STPvPBuddyDBInfo*, std::vector<STPvPBuddyDBInfo, std::allocator<STPvPBuddyDBInfo> > >, CFindBuddy>(__gnu_cxx::__normal_iterator<STPvPBuddyDBInfo*, std::vector<STPvPBuddyDBInfo, std::allocator<STPvPBuddyDBInfo> > >, __gnu_cxx::__normal_iterator<STPvPBuddyDBInfo*, std::vector<STPvPBuddyDBInfo, std::allocator<STPvPBuddyDBInfo> > >, CFindBuddy, std::random_access_iterator_tag)	1	0x804b813	459	0x804c161	459	142	142	yes	1.0	no	no
Community/src/BuddyManager.cpp.o	_ZnwjPv	operator new(unsigned int, void*)	1	0x804b14d	8	0x804b889	8	5	5	yes	1.0	no	no
Community/src/CPacketParser.cpp.o	_ZN13CPacketParserC1Ev	CPacketParser::CPacketParser()	1	0x80513e0	5	0x80553ee	5	4	4	yes	1.0	no	no
Community/src/CPacketParser.cpp.o	_ZN13CPacketParserD1Ev	CPacketParser::~CPacketParser()	1	0x80513e6	5	0x80553f4	5	4	4	yes	1.0	no	no
Community/src/ConfigFileReader.cpp.o	_ZN17CConfigFileReader12CheckCommandEPc	CConfigFileReader::CheckCommand(char*)	1	0x804cdd4	174	0x804cbde	176	55	56	no	0.9464285714285714	no	no
Community/src/ConfigFileReader.cpp.o	_ZN17CConfigFileReader14ReadConfigFileEPKc	CConfigFileReader::ReadConfigFile(char const*)	1	0x804cd28	172	0x804d0a0	192	52	54	no	0.8333333333333334	no	yes
Community/src/ConfigFileReader.cpp.o	_ZN17CConfigFileReader4TrimEPc	CConfigFileReader::Trim(char*)	1	0x804ce82	261	0x804d160	244	88	76	no	0.8068181818181818	no	yes
Community/src/ConfigFileReader.cpp.o	_ZN17CConfigFileReader5ParseEPc	CConfigFileReader::Parse(char*)	1	0x804d056	477	0x804ce44	604	141	182	no	0.7527472527472527	no	yes
Community/src/ConfigFileReader.cpp.o	_ZN17CConfigFileReader7GetLineEP8_IO_FILEPc	CConfigFileReader::GetLine(_IO_FILE*, char*)	1	0x804cf88	205	0x804cd7c	200	62	60	no	0.9032258064516129	no	yes
Community/src/ConfigFileReader.cpp.o	_ZN17CConfigFileReader7add_tagEPKc	CConfigFileReader::add_tag(char const*)	1	0x804d234	146	0x804cb4c	146	51	51	yes	1.0	no	no
Community/src/ConfigFileReader.cpp.o	_ZN17CConfigFileReader9get_valueEPKc	CConfigFileReader::get_value(char const*)	1	0x804d2c6	268	0x804cc8e	238	86	78	no	0.9069767441860465	no	yes
Community/src/ConfigFileReader.cpp.o	_ZN9__gnu_cxx13new_allocatorISsE10deallocateEPSsj	__gnu_cxx::new_allocator<std::basic_string<char, std::char_traits<char>, std::allocator<char> > >::deallocate(std::basic_string<char, std::char_traits<char>, std::allocator<char> >*, unsigned int)	1	0x804ddda	19	0x804e0a4	19	8	8	yes	1.0	no	no
Community/src/ConfigFileReader.cpp.o	_ZN9__gnu_cxx13new_allocatorISsE7destroyEPSs	__gnu_cxx::new_allocator<std::basic_string<char, std::char_traits<char>, std::allocator<char> > >::destroy(std::basic_string<char, std::char_traits<char>, std::allocator<char> >*)	1	0x804e7c2	19	0x804dcfc	19	8	8	yes	1.0	no	no
Community/src/ConfigFileReader.cpp.o	_ZN9__gnu_cxx13new_allocatorISsE8allocateEjPKv	__gnu_cxx::new_allocator<std::basic_string<char, std::char_traits<char>, std::allocator<char> > >::allocate(unsigned int, void const*)	1	0x804e4b0	56	0x804e030	56	20	20	yes	1.0	no	no
Community/src/ConfigFileReader.cpp.o	_ZN9__gnu_cxx13new_allocatorISsE9constructEPSsRKSs	__gnu_cxx::new_allocator<std::basic_string<char, std::char_traits<char>, std::allocator<char> > >::construct(std::basic_string<char, std::char_traits<char>, std::allocator<char> >*, std::basic_string<char, std::char_traits<char>, std::allocator<char> > const&)	0			0x804d534	93	0	35	no	0.0	no	no
Community/src/ConfigFileReader.cpp.o	_ZN9__gnu_cxx13new_allocatorISt13_Rb_tree_nodeISt4pairIKSsSsEEE10deallocateEPS5_j	__gnu_cxx::new_allocator<std::_Rb_tree_node<std::pair<std::basic_string<char, std::char_traits<char>, std::allocator<char> > const, std::basic_string<char, std::char_traits<char>, std::allocator<char> > > > >::deallocate(std::_Rb_tree_node<std::pair<std::basic_string<char, std::char_traits<char>, std::allocator<char> > const, std::basic_string<char, std::char_traits<char>, std::allocator<char> > > >*, unsigned int)	1	0x804e7fe	19	0x804e48c	19	8	8	yes	1.0	no	no
Community/src/ConfigFileReader.cpp.o	_ZN9__gnu_cxx13new_allocatorISt13_Rb_tree_nodeISt4pairIKSsSsEEE8allocateEjPKv	__gnu_cxx::new_allocator<std::_Rb_tree_node<std::pair<std::basic_string<char, std::char_traits<char>, std::allocator<char> > const, std::basic_string<char, std::char_traits<char>, std::allocator<char> > > > >::allocate(unsigned int, void const*)	1	0x804e94c	62	0x804e42c	62	23	23	yes	1.0	no	no
Community/src/ConfigFileReader.cpp.o	_ZN9__gnu_cxx13new_allocatorISt4pairIKSsSsEE9constructEPS3_RKS3_	__gnu_cxx::new_allocator<std::pair<std::basic_string<char, std::char_traits<char>, std::allocator<char> > const, std::basic_string<char, std::char_traits<char>, std::allocator<char> > > >::construct(std::pair<std::basic_string<char, std::char_traits<char>, std::allocator<char> > const, std::basic_string<char, std::char_traits<char>, std::allocator<char> > >*, std::pair<std::basic_string<char, std::char_traits<char>, std::allocator<char> > const, std::basic_string<char, std::char_traits<char>, std::allocator<char> > > const&)	0			0x804e2dc	93	0	35	no	0.0	no	no
Community/src/ConfigFileReader.cpp.o	_ZN9__gnu_cxx13new_allocatorISt4pairIKSsSsEEC1Ev	__gnu_cxx::new_allocator<std::pair<std::basic_string<char, std::char_traits<char>, std::allocator<char> > const, std::basic_string<char, std::char_traits<char>, std::allocator<char> > > >::new_allocator()	0			0x804e506	5	0	4	no	0.0	no	no
Community/src/ConfigFileReader.cpp.o	_ZN9__gnu_cxx13new_allocatorISt4pairIKSsSsEED1Ev	__gnu_cxx::new_allocator<std::pair<std::basic_string<char, std::char_traits<char>, std::allocator<char> > const, std::basic_string<char, std::char_traits<char>, std::allocator<char> > > >::~new_allocator()	0			0x804e486	5	0	4	no	0.0	no	no
Community/src/ConfigFileReader.cpp.o	_ZN9__gnu_cxx17__normal_iteratorIPSsSt6vectorISsSaISsEEEC1ERKS1_	__gnu_cxx::__normal_iterator<std::basic_string<char, std::char_traits<char>, std::allocator<char> >*, std::vector<std::basic_string<char, std::char_traits<char>, std::allocator<char> >, std::allocator<std::basic_string<char, std::char_traits<char>, std::allocator<char> > > > >::__normal_iterator(std::basic_string<char, std::char_traits<char>, std::allocator<char> >* const&)	1	0x804d998	15	0x804d950	15	8	8	yes	1.0	no	no
Community/src/ConfigFileReader.cpp.o	_ZN9__gnu_cxx17__normal_iteratorIPSsSt6vectorISsSaISsEEEppEv	__gnu_cxx::__normal_iterator<std::basic_string<char, std::char_traits<char>, std::allocator<char> >*, std::vector<std::basic_string<char, std::char_traits<char>, std::allocator<char> >, std::allocator<std::basic_string<char, std::char_traits<char>, std::allocator<char> > > > >::operator++()	0			0x804d444	21	0	10	no	0.0	no	no
Community/src/ConfigFileReader.cpp.o	_ZN9__gnu_cxxmiIPSsSt6vectorISsSaISsEEEENS_17__normal_iteratorIT_T0_E15difference_typeERKS8_SB_	__gnu_cxx::__normal_iterator<std::basic_string<char, std::char_traits<char>, std::allocator<char> >*, std::vector<std::basic_string<char, std::char_traits<char>, std::allocator<char> >, std::allocator<std::basic_string<char, std::char_traits<char>, std::allocator<char> > > > >::difference_type __gnu_cxx::operator-<std::basic_string<char, std::char_traits<char>, std::allocator<char> >*, std::vector<std::basic_string<char, std::char_traits<char>, std::allocator<char> >, std::allocator<std::basic_string<char, std::char_traits<char>, std::allocator<char> > > > >(__gnu_cxx::__normal_iterator<std::basic_string<char, std::char_traits<char>, std::allocator<char> >*, std::vector<std::basic_string<char, std::char_traits<char>, std::allocator<char> >, std::allocator<std::basic_string<char, std::char_traits<char>, std::allocator<char> > > > > const&, __gnu_cxx::__normal_iterator<std::basic_string<char, std::char_traits<char>, std::allocator<char> >*, std::vector<std::basic_string<char, std::char_traits<char>, std::allocator<char> >, std::allocator<std::basic_string<char, std::char_traits<char>, std::allocator<char> > > > > const&)	1	0x804e73d	50	0x804dc69	50	21	21	yes	1.0	no	no
Community/src/ConfigFileReader.cpp.o	_ZN9__gnu_cxxneIPSsSt6vectorISsSaISsEEEEbRKNS_17__normal_iteratorIT_T0_EESA_	bool __gnu_cxx::operator!=<std::basic_string<char, std::char_traits<char>, std::allocator<char> >*, std::vector<std::basic_string<char, std::char_traits<char>, std::allocator<char> >, std::allocator<std::basic_string<char, std::char_traits<char>, std::allocator<char> > > > >(__gnu_cxx::__normal_iterator<std::basic_string<char, std::char_traits<char>, std::allocator<char> >*, std::vector<std::basic_string<char, std::char_traits<char>, std::allocator<char> >, std::allocator<std::basic_string<char, std::char_traits<char>, std::allocator<char> > > > > const&, __gnu_cxx::__normal_iterator<std::basic_string<char, std::char_traits<char>, std::allocator<char> >*, std::vector<std::basic_string<char, std::char_traits<char>, std::allocator<char> >, std::allocator<std::basic_string<char, std::char_traits<char>, std::allocator<char> > > > > const&)	0			0x804d418	44	0	18	no	0.0	no	no
Community/src/ConfigFileReader.cpp.o	_ZNK9__gnu_cxx13new_allocatorISsE8max_sizeEv	__gnu_cxx::new_allocator<std::basic_string<char, std::char_traits<char>, std::allocator<char> > >::max_size() const	1	0x804e7ee	10	0x804e1ca	10	5	5	yes	1.0	no	no
Community/src/ConfigFileReader.cpp.o	_ZNK9__gnu_cxx13new_allocatorISt13_Rb_tree_nodeISt4pairIKSsSsEEE8max_sizeEv	__gnu_cxx::new_allocator<std::_Rb_tree_node<std::pair<std::basic_string<char, std::char_traits<char>, std::allocator<char> > const, std::basic_string<char, std::char_traits<char>, std::allocator<char> > > > >::max_size() const	1	0x804ea88	10	0x804e4fc	10	5	5	yes	1.0	no	no
Community/src/ConfigFileReader.cpp.o	_ZNK9__gnu_cxx17__normal_iteratorIPSsSt6vectorISsSaISsEEE4baseEv	__gnu_cxx::__normal_iterator<std::basic_string<char, std::char_traits<char>, std::allocator<char> >*, std::vector<std::basic_string<char, std::char_traits<char>, std::allocator<char> >, std::allocator<std::basic_string<char, std::char_traits<char>, std::allocator<char> > > > >::base() const	1	0x804d9a8	8	0x804d960	8	5	5	yes	1.0	no	no
Community/src/ConfigFileReader.cpp.o	_ZNK9__gnu_cxx17__normal_iteratorIPSsSt6vectorISsSaISsEEEdeEv	__gnu_cxx::__normal_iterator<std::basic_string<char, std::char_traits<char>, std::allocator<char> >*, std::vector<std::basic_string<char, std::char_traits<char>, std::allocator<char> >, std::allocator<std::basic_string<char, std::char_traits<char>, std::allocator<char> > > > >::operator*() const	1	0x804e68e	10	0x804d45a	10	6	6	yes	1.0	no	no
Community/src/ConfigFileReader.cpp.o	_ZNKSt10_Select1stISt4pairIKSsSsEEclERKS2_	std::_Select1st<std::pair<std::basic_string<char, std::char_traits<char>, std::allocator<char> > const, std::basic_string<char, std::char_traits<char>, std::allocator<char> > > >::operator()(std::pair<std::basic_string<char, std::char_traits<char>, std::allocator<char> > const, std::basic_string<char, std::char_traits<char>, std::allocator<char> > > const&) const	1	0x804deaa	8	0x804de44	8	5	5	yes	1.0	no	no
Community/src/ConfigFileReader.cpp.o	_ZNKSt12_Vector_baseISsSaISsEE19_M_get_Tp_allocatorEv	std::_Vector_base<std::basic_string<char, std::char_traits<char>, std::allocator<char> >, std::allocator<std::basic_string<char, std::char_traits<char>, std::allocator<char> > > >::_M_get_Tp_allocator() const	1	0x804ea52	8	0x804e1c2	8	5	5	yes	1.0	no	no
Community/src/ConfigFileReader.cpp.o	_ZNKSt17_Rb_tree_iteratorISt4pairIKSsSsEEeqERKS3_	std::_Rb_tree_iterator<std::pair<std::basic_string<char, std::char_traits<char>, std::allocator<char> > const, std::basic_string<char, std::char_traits<char>, std::allocator<char> > > >::operator==(std::_Rb_tree_iterator<std::pair<std::basic_string<char, std::char_traits<char>, std::allocator<char> > const, std::basic_string<char, std::char_traits<char>, std::allocator<char> > > > const&) const	1	0x804df22	20	0x804de22	20	10	10	yes	1.0	no	no
Community/src/ConfigFileReader.cpp.o	_ZNKSt17_Rb_tree_iteratorISt4pairIKSsSsEEneERKS3_	std::_Rb_tree_iterator<std::pair<std::basic_string<char, std::char_traits<char>, std::allocator<char> > const, std::basic_string<char, std::char_traits<char>, std::allocator<char> > > >::operator!=(std::_Rb_tree_iterator<std::pair<std::basic_string<char, std::char_traits<char>, std::allocator<char> > const, std::basic_string<char, std::char_traits<char>, std::allocator<char> > > > const&) const	0			0x804d3ac	20	0	10	no	0.0	no	no
Community/src/ConfigFileReader.cpp.o	_ZNKSt17_Rb_tree_iteratorISt4pairIKSsSsEEptEv	std::_Rb_tree_iterator<std::pair<std::basic_string<char, std::char_traits<char>, std::allocator<char> > const, std::basic_string<char, std::char_traits<char>, std::allocator<char> > > >::operator->() const	0			0x804d3c0	13	0	7	no	0.0	no	no
Community/src/ConfigFileReader.cpp.o	_ZNKSt4lessISsEclERKSsS2_	std::less<std::basic_string<char, std::char_traits<char>, std::allocator<char> > >::operator()(std::basic_string<char, std::char_traits<char>, std::allocator<char> > const&, std::basic_string<char, std::char_traits<char>, std::allocator<char> > const&) const	1	0x804ded4	26	0x804de08	26	10	10	yes	1.0	no	no
Community/src/ConfigFileReader.cpp.o	_ZNKSt6vectorISsSaISsEE12_M_check_lenEjPKc	std::vector<std::basic_string<char, std::char_traits<char>, std::allocator<char> >, std::allocator<std::basic_string<char, std::char_traits<char>, std::allocator<char> > > >::_M_check_len(unsigned int, char const*) const	1	0x804e698	165	0x804dbc4	165	56	56	yes	1.0	no	no
Community/src/ConfigFileReader.cpp.o	_ZNKSt6vectorISsSaISsEE4sizeEv	std::vector<std::basic_string<char, std::char_traits<char>, std::allocator<char> >, std::allocator<std::basic_string<char, std::char_traits<char>, std::allocator<char> > > >::size() const	1	0x804d8ca	27	0x804dff8	27	13	13	yes	1.0	no	no
Community/src/ConfigFileReader.cpp.o	_ZNKSt6vectorISsSaISsEE8max_sizeEv	std::vector<std::basic_string<char, std::char_traits<char>, std::allocator<char> >, std::allocator<std::basic_string<char, std::char_traits<char>, std::allocator<char> > > >::max_size() const	1	0x804e8ea	27	0x804e014	27	10	10	yes	1.0	no	no
Community/src/ConfigFileReader.cpp.o	_ZNKSt8_Rb_treeISsSt4pairIKSsSsESt10_Select1stIS2_ESt4lessISsESaIS2_EE13get_allocatorEv	std::_Rb_tree<std::basic_string<char, std::char_traits<char>, std::allocator<char> >, std::pair<std::basic_string<char, std::char_traits<char>, std::allocator<char> > const, std::basic_string<char, std::char_traits<char>, std::allocator<char> > >, std::_Select1st<std::pair<std::basic_string<char, std::char_traits<char>, std::allocator<char> > const, std::basic_string<char, std::char_traits<char>, std::allocator<char> > > >, std::less<std::basic_string<char, std::char_traits<char>, std::allocator<char> > >, std::allocator<std::pair<std::basic_string<char, std::char_traits<char>, std::allocator<char> > const, std::basic_string<char, std::char_traits<char>, std::allocator<char> > > > >::get_allocator() const	0			0x804e240	49	0	20	no	0.0	no	no
Community/src/ConfigFileReader.cpp.o	_ZNKSt8_Rb_treeISsSt4pairIKSsSsESt10_Select1stIS2_ESt4lessISsESaIS2_EE21_M_get_Node_allocatorEv	std::_Rb_tree<std::basic_string<char, std::char_traits<char>, std::allocator<char> >, std::pair<std::basic_string<char, std::char_traits<char>, std::allocator<char> > const, std::basic_string<char, std::char_traits<char>, std::allocator<char> > >, std::_Select1st<std::pair<std::basic_string<char, std::char_traits<char>, std::allocator<char> > const, std::basic_string<char, std::char_traits<char>, std::allocator<char> > > >, std::less<std::basic_string<char, std::char_traits<char>, std::allocator<char> > >, std::allocator<std::pair<std::basic_string<char, std::char_traits<char>, std::allocator<char> > const, std::basic_string<char, std::char_traits<char>, std::allocator<char> > > > >::_M_get_Node_allocator() const	0			0x804e46a	8	0	5	no	0.0	no	no
Community/src/ConfigFileReader.cpp.o	_ZNSaISt4pairIKSsSsEEC1ISt13_Rb_tree_nodeIS1_EEERKSaIT_E	std::allocator<std::pair<std::basic_string<char, std::char_traits<char>, std::allocator<char> > const, std::basic_string<char, std::char_traits<char>, std::allocator<char> > > >::allocator<std::_Rb_tree_node<std::pair<std::basic_string<char, std::char_traits<char>, std::allocator<char> > const, std::basic_string<char, std::char_traits<char>, std::allocator<char> > > > >(std::allocator<std::_Rb_tree_node<std::pair<std::basic_string<char, std::char_traits<char>, std::allocator<char> > const, std::basic_string<char, std::char_traits<char>, std::allocator<char> > > > > const&)	0			0x804e472	19	0	8	no	0.0	no	no
Community/src/ConfigFileReader.cpp.o	_ZNSaISt4pairIKSsSsEED1Ev	std::allocator<std::pair<std::basic_string<char, std::char_traits<char>, std::allocator<char> > const, std::basic_string<char, std::char_traits<char>, std::allocator<char> > > >::~allocator()	0			0x804e272	19	0	8	no	0.0	no	no
Community/src/ConfigFileReader.cpp.o	_ZNSt12_Destroy_auxILb0EE9__destroyIPSsEEvT_S3_	void std::_Destroy_aux<false>::__destroy<std::basic_string<char, std::char_traits<char>, std::allocator<char> >*>(std::basic_string<char, std::char_traits<char>, std::allocator<char> >*, std::basic_string<char, std::char_traits<char>, std::allocator<char> >*)	1	0x804e489	38	0x804e1f5	38	15	15	yes	1.0	no	no
Community/src/ConfigFileReader.cpp.o	_ZNSt12_Vector_baseISsSaISsEE11_M_allocateEj	std::_Vector_base<std::basic_string<char, std::char_traits<char>, std::allocator<char> >, std::allocator<std::basic_string<char, std::char_traits<char>, std::allocator<char> > > >::_M_allocate(unsigned int)	1	0x804ddaa	47	0x804dc9c	47	15	15	yes	1.0	no	no
Community/src/ConfigFileReader.cpp.o	_ZNSt12_Vector_baseISsSaISsEE13_M_deallocateEPSsj	std::_Vector_base<std::basic_string<char, std::char_traits<char>, std::allocator<char> >, std::allocator<std::basic_string<char, std::char_traits<char>, std::allocator<char> > > >::_M_deallocate(std::basic_string<char, std::char_traits<char>, std::allocator<char> >*, unsigned int)	1	0x804d8e6	39	0x804dd2a	39	14	14	yes	1.0	no	no
Community/src/ConfigFileReader.cpp.o	_ZNSt12_Vector_baseISsSaISsEE19_M_get_Tp_allocatorEv	std::_Vector_base<std::basic_string<char, std::char_traits<char>, std::allocator<char> >, std::allocator<std::basic_string<char, std::char_traits<char>, std::allocator<char> > > >::_M_get_Tp_allocator()	1	0x804d8a8	8	0x804dccc	8	5	5	yes	1.0	no	no
Community/src/ConfigFileReader.cpp.o	_ZNSt12__miter_baseIPSsLb0EE3__bES0_	std::__miter_base<std::basic_string<char, std::char_traits<char>, std::allocator<char> >*, false>::__b(std::basic_string<char, std::char_traits<char>, std::allocator<char> >*)	1	0x804dded	8	0x804dfab	8	5	5	yes	1.0	no	no
Community/src/ConfigFileReader.cpp.o	_ZNSt12__niter_baseIPSsLb0EE3__bES0_	std::__niter_base<std::basic_string<char, std::char_traits<char>, std::allocator<char> >*, false>::__b(std::basic_string<char, std::char_traits<char>, std::allocator<char> >*)	1	0x804e4e8	8	0x804e194	8	5	5	yes	1.0	no	no
Community/src/ConfigFileReader.cpp.o	_ZNSt17_Rb_tree_iteratorISt4pairIKSsSsEEC1EPSt13_Rb_tree_nodeIS2_E	std::_Rb_tree_iterator<std::pair<std::basic_string<char, std::char_traits<char>, std::allocator<char> > const, std::basic_string<char, std::char_traits<char>, std::allocator<char> > > >::_Rb_tree_iterator(std::_Rb_tree_node<std::pair<std::basic_string<char, std::char_traits<char>, std::allocator<char> > const, std::basic_string<char, std::char_traits<char>, std::allocator<char> > > >*)	1	0x804deee	13	0x804de36	13	7	7	yes	1.0	no	no
Community/src/ConfigFileReader.cpp.o	_ZNSt17_Rb_tree_iteratorISt4pairIKSsSsEEmmEv	std::_Rb_tree_iterator<std::pair<std::basic_string<char, std::char_traits<char>, std::allocator<char> > const, std::basic_string<char, std::char_traits<char>, std::allocator<char> > > >::operator--()	1	0x804e02c	29	0x804df8e	29	12	12	yes	1.0	no	no
Community/src/ConfigFileReader.cpp.o	_ZNSt20__copy_move_backwardILb0ELb0ESt26random_access_iterator_tagE13__copy_move_bIPSsS3_EET0_T_S5_S4_	std::basic_string<char, std::char_traits<char>, std::allocator<char> >* std::__copy_move_backward<false, false, std::random_access_iterator_tag>::__copy_move_b<std::basic_string<char, std::char_traits<char>, std::allocator<char> >*, std::basic_string<char, std::char_traits<char>, std::allocator<char> >*>(std::basic_string<char, std::char_traits<char>, std::allocator<char> >*, std::basic_string<char, std::char_traits<char>, std::allocator<char> >*, std::basic_string<char, std::char_traits<char>, std::allocator<char> >*)	0			0x804e35c	72	0	26	no	0.0	no	no
Community/src/ConfigFileReader.cpp.o	_ZNSt20__uninitialized_copyILb0EE18uninitialized_copyIPSsS2_EET0_T_S4_S3_	std::basic_string<char, std::char_traits<char>, std::allocator<char> >* std::__uninitialized_copy<false>::uninitialized_copy<std::basic_string<char, std::char_traits<char>, std::allocator<char> >*, std::basic_string<char, std::char_traits<char>, std::allocator<char> >*>(std::basic_string<char, std::char_traits<char>, std::allocator<char> >*, std::basic_string<char, std::char_traits<char>, std::allocator<char> >*, std::basic_string<char, std::char_traits<char>, std::allocator<char> >*)	0			0x804e3a4	117	0	41	no	0.0	no	no
Community/src/ConfigFileReader.cpp.o	_ZNSt3mapISsSsSt4lessISsESaISt4pairIKSsSsEEE3endEv	std::map<std::basic_string<char, std::char_traits<char>, std::allocator<char> >, std::basic_string<char, std::char_traits<char>, std::allocator<char> >, std::less<std::basic_string<char, std::char_traits<char>, std::allocator<char> > >, std::allocator<std::pair<std::basic_string<char, std::char_traits<char>, std::allocator<char> > const, std::basic_string<char, std::char_traits<char>, std::allocator<char> > > > >::end()	1	0x804d7d0	37	0x804d386	37	14	14	yes	1.0	no	no
Community/src/ConfigFileReader.cpp.o	_ZNSt3mapISsSsSt4lessISsESaISt4pairIKSsSsEEE4findERS3_	std::map<std::basic_string<char, std::char_traits<char>, std::allocator<char> >, std::basic_string<char, std::char_traits<char>, std::allocator<char> >, std::less<std::basic_string<char, std::char_traits<char>, std::allocator<char> > >, std::allocator<std::pair<std::basic_string<char, std::char_traits<char>, std::allocator<char> > const, std::basic_string<char, std::char_traits<char>, std::allocator<char> > > > >::find(std::basic_string<char, std::char_traits<char>, std::allocator<char> > const&)	1	0x804d794	44	0x804d35a	44	16	16	yes	1.0	no	no
Community/src/ConfigFileReader.cpp.o	_ZNSt3mapISsSsSt4lessISsESaISt4pairIKSsSsEEE6insertERKS4_	std::map<std::basic_string<char, std::char_traits<char>, std::allocator<char> >, std::basic_string<char, std::char_traits<char>, std::allocator<char> >, std::less<std::basic_string<char, std::char_traits<char>, std::allocator<char> > >, std::allocator<std::pair<std::basic_string<char, std::char_traits<char>, std::allocator<char> > const, std::basic_string<char, std::char_traits<char>, std::allocator<char> > > > >::insert(std::pair<std::basic_string<char, std::char_traits<char>, std::allocator<char> > const, std::basic_string<char, std::char_traits<char>, std::allocator<char> > > const&)	1	0x804d71a	44	0x804d508	44	16	16	yes	1.0	no	no
Community/src/ConfigFileReader.cpp.o	_ZNSt4pairIKSsSsEC1ERKS1_	std::pair<std::basic_string<char, std::char_traits<char>, std::allocator<char> > const, std::basic_string<char, std::char_traits<char>, std::allocator<char> > >::pair(std::pair<std::basic_string<char, std::char_traits<char>, std::allocator<char> > const, std::basic_string<char, std::char_traits<char>, std::allocator<char> > > const&)	1	0x804e98a	86	0x804e286	86	32	32	yes	1.0	no	no
Community/src/ConfigFileReader.cpp.o	_ZNSt4pairIKSsSsEC1ISsSsEERKS_IT_T0_E	std::pair<std::basic_string<char, std::char_traits<char>, std::allocator<char> > const, std::basic_string<char, std::char_traits<char>, std::allocator<char> > >::pair<std::basic_string<char, std::char_traits<char>, std::allocator<char> >, std::basic_string<char, std::char_traits<char>, std::allocator<char> > >(std::pair<std::basic_string<char, std::char_traits<char>, std::allocator<char> >, std::basic_string<char, std::char_traits<char>, std::allocator<char> > > const&)	0			0x804d4b2	86	0	32	no	0.0	no	no
Community/src/ConfigFileReader.cpp.o	_ZNSt4pairIKSsSsED1Ev	std::pair<std::basic_string<char, std::char_traits<char>, std::allocator<char> > const, std::basic_string<char, std::char_traits<char>, std::allocator<char> > >::~pair()	1	0x804d45c	69	0x804d2a0	69	27	27	yes	1.0	no	no
Community/src/ConfigFileReader.cpp.o	_ZNSt4pairISsSsEC1ERKSsS2_	std::pair<std::basic_string<char, std::char_traits<char>, std::allocator<char> >, std::basic_string<char, std::char_traits<char>, std::allocator<char> > >::pair(std::basic_string<char, std::char_traits<char>, std::allocator<char> > const&, std::basic_string<char, std::char_traits<char>, std::allocator<char> > const&)	0			0x804d968	83	0	31	no	0.0	no	no
Community/src/ConfigFileReader.cpp.o	_ZNSt4pairISsSsED1Ev	std::pair<std::basic_string<char, std::char_traits<char>, std::allocator<char> >, std::basic_string<char, std::char_traits<char>, std::allocator<char> > >::~pair()	0			0x804d25a	69	0	27	no	0.0	no	no
Community/src/ConfigFileReader.cpp.o	_ZNSt4pairISt17_Rb_tree_iteratorIS_IKSsSsEEbEC1ERKS3_RKb	std::pair<std::_Rb_tree_iterator<std::pair<std::basic_string<char, std::char_traits<char>, std::allocator<char> > const, std::basic_string<char, std::char_traits<char>, std::allocator<char> > > >, bool>::pair(std::_Rb_tree_iterator<std::pair<std::basic_string<char, std::char_traits<char>, std::allocator<char> > const, std::basic_string<char, std::char_traits<char>, std::allocator<char> > > > const&, bool const&)	0			0x804df72	27	0	12	no	0.0	no	no
Community/src/ConfigFileReader.cpp.o	_ZNSt6vectorISsSaISsEE13_M_insert_auxEN9__gnu_cxx17__normal_iteratorIPSsS1_EERKSs	std::vector<std::basic_string<char, std::char_traits<char>, std::allocator<char> >, std::allocator<std::basic_string<char, std::char_traits<char>, std::allocator<char> > > >::_M_insert_aux(__gnu_cxx::__normal_iterator<std::basic_string<char, std::char_traits<char>, std::allocator<char> >*, std::vector<std::basic_string<char, std::char_traits<char>, std::allocator<char> >, std::allocator<std::basic_string<char, std::char_traits<char>, std::allocator<char> > > > >, std::basic_string<char, std::char_traits<char>, std::allocator<char> > const&)	0			0x804d592	729	0	222	no	0.0	no	no
Community/src/ConfigFileReader.cpp.o	_ZNSt6vectorISsSaISsEE3endEv	std::vector<std::basic_string<char, std::char_traits<char>, std::allocator<char> >, std::allocator<std::basic_string<char, std::char_traits<char>, std::allocator<char> > > >::end()	1	0x804d5cc	38	0x804d3f2	38	15	15	yes	1.0	no	no
Community/src/ConfigFileReader.cpp.o	_ZNSt6vectorISsSaISsEE5beginEv	std::vector<std::basic_string<char, std::char_traits<char>, std::allocator<char> >, std::allocator<std::basic_string<char, std::char_traits<char>, std::allocator<char> > > >::begin()	1	0x804d58e	35	0x804d3ce	35	14	14	yes	1.0	no	no
Community/src/ConfigFileReader.cpp.o	_ZNSt6vectorISsSaISsEE9push_backERKSs	std::vector<std::basic_string<char, std::char_traits<char>, std::allocator<char> >, std::allocator<std::basic_string<char, std::char_traits<char>, std::allocator<char> > > >::push_back(std::basic_string<char, std::char_traits<char>, std::allocator<char> > const&)	0			0x804d2e6	115	0	38	no	0.0	no	no
Community/src/ConfigFileReader.cpp.o	_ZNSt8_Rb_treeISsSt4pairIKSsSsESt10_Select1stIS2_ESt4lessISsESaIS2_EE10_M_insert_EPKSt18_Rb_tree_node_baseSB_RKS2_	std::_Rb_tree<std::basic_string<char, std::char_traits<char>, std::allocator<char> >, std::pair<std::basic_string<char, std::char_traits<char>, std::allocator<char> > const, std::basic_string<char, std::char_traits<char>, std::allocator<char> > >, std::_Select1st<std::pair<std::basic_string<char, std::char_traits<char>, std::allocator<char> > const, std::basic_string<char, std::char_traits<char>, std::allocator<char> > > >, std::less<std::basic_string<char, std::char_traits<char>, std::allocator<char> > >, std::allocator<std::pair<std::basic_string<char, std::char_traits<char>, std::allocator<char> > const, std::basic_string<char, std::char_traits<char>, std::allocator<char> > > > >::_M_insert_(std::_Rb_tree_node_base const*, std::_Rb_tree_node_base const*, std::pair<std::basic_string<char, std::char_traits<char>, std::allocator<char> > const, std::basic_string<char, std::char_traits<char>, std::allocator<char> > > const&)	1	0x804df36	200	0x804deaa	200	64	64	yes	1.0	no	no
Community/src/ConfigFileReader.cpp.o	_ZNSt8_Rb_treeISsSt4pairIKSsSsESt10_Select1stIS2_ESt4lessISsESaIS2_EE11_M_get_nodeEv	std::_Rb_tree<std::basic_string<char, std::char_traits<char>, std::allocator<char> >, std::pair<std::basic_string<char, std::char_traits<char>, std::allocator<char> > const, std::basic_string<char, std::char_traits<char>, std::allocator<char> > >, std::_Select1st<std::pair<std::basic_string<char, std::char_traits<char>, std::allocator<char> > const, std::basic_string<char, std::char_traits<char>, std::allocator<char> > > >, std::less<std::basic_string<char, std::char_traits<char>, std::allocator<char> > >, std::allocator<std::pair<std::basic_string<char, std::char_traits<char>, std::allocator<char> > const, std::basic_string<char, std::char_traits<char>, std::allocator<char> > > > >::_M_get_node()	1	0x804e812	35	0x804e21c	35	10	10	yes	1.0	no	no
Community/src/ConfigFileReader.cpp.o	_ZNSt8_Rb_treeISsSt4pairIKSsSsESt10_Select1stIS2_ESt4lessISsESaIS2_EE11_M_put_nodeEPSt13_Rb_tree_nodeIS2_E	std::_Rb_tree<std::basic_string<char, std::char_traits<char>, std::allocator<char> >, std::pair<std::basic_string<char, std::char_traits<char>, std::allocator<char> > const, std::basic_string<char, std::char_traits<char>, std::allocator<char> > >, std::_Select1st<std::pair<std::basic_string<char, std::char_traits<char>, std::allocator<char> > const, std::basic_string<char, std::char_traits<char>, std::allocator<char> > > >, std::less<std::basic_string<char, std::char_traits<char>, std::allocator<char> > >, std::allocator<std::pair<std::basic_string<char, std::char_traits<char>, std::allocator<char> > const, std::basic_string<char, std::char_traits<char>, std::allocator<char> > > > >::_M_put_node(std::_Rb_tree_node<std::pair<std::basic_string<char, std::char_traits<char>, std::allocator<char> > const, std::basic_string<char, std::char_traits<char>, std::allocator<char> > > >*)	1	0x804e568	34	0x804e33a	34	11	11	yes	1.0	no	no
Community/src/ConfigFileReader.cpp.o	_ZNSt8_Rb_treeISsSt4pairIKSsSsESt10_Select1stIS2_ESt4lessISsESaIS2_EE14_M_create_nodeERKS2_	std::_Rb_tree<std::basic_string<char, std::char_traits<char>, std::allocator<char> >, std::pair<std::basic_string<char, std::char_traits<char>, std::allocator<char> > const, std::basic_string<char, std::char_traits<char>, std::allocator<char> > >, std::_Select1st<std::pair<std::basic_string<char, std::char_traits<char>, std::allocator<char> > const, std::basic_string<char, std::char_traits<char>, std::allocator<char> > > >, std::less<std::basic_string<char, std::char_traits<char>, std::allocator<char> > >, std::allocator<std::pair<std::basic_string<char, std::char_traits<char>, std::allocator<char> > const, std::basic_string<char, std::char_traits<char>, std::allocator<char> > > > >::_M_create_node(std::pair<std::basic_string<char, std::char_traits<char>, std::allocator<char> > const, std::basic_string<char, std::char_traits<char>, std::allocator<char> > > const&)	0			0x804e0ea	170	0	57	no	0.0	no	no
Community/src/ConfigFileReader.cpp.o	_ZNSt8_Rb_treeISsSt4pairIKSsSsESt10_Select1stIS2_ESt4lessISsESaIS2_EE14_M_lower_boundEPSt13_Rb_tree_nodeIS2_ESB_RS1_	std::_Rb_tree<std::basic_string<char, std::char_traits<char>, std::allocator<char> >, std::pair<std::basic_string<char, std::char_traits<char>, std::allocator<char> > const, std::basic_string<char, std::char_traits<char>, std::allocator<char> > >, std::_Select1st<std::pair<std::basic_string<char, std::char_traits<char>, std::allocator<char> > const, std::basic_string<char, std::char_traits<char>, std::allocator<char> > > >, std::less<std::basic_string<char, std::char_traits<char>, std::allocator<char> > >, std::allocator<std::pair<std::basic_string<char, std::char_traits<char>, std::allocator<char> > const, std::basic_string<char, std::char_traits<char>, std::allocator<char> > > > >::_M_lower_bound(std::_Rb_tree_node<std::pair<std::basic_string<char, std::char_traits<char>, std::allocator<char> > const, std::basic_string<char, std::char_traits<char>, std::allocator<char> > > >*, std::_Rb_tree_node<std::pair<std::basic_string<char, std::char_traits<char>, std::allocator<char> > const, std::basic_string<char, std::char_traits<char>, std::allocator<char> > > >*, std::basic_string<char, std::char_traits<char>, std::allocator<char> > const&)	1	0x804e3f4	124	0x804dd6a	124	42	42	yes	1.0	no	no
Community/src/ConfigFileReader.cpp.o	_ZNSt8_Rb_treeISsSt4pairIKSsSsESt10_Select1stIS2_ESt4lessISsESaIS2_EE16_M_insert_uniqueERKS2_	std::_Rb_tree<std::basic_string<char, std::char_traits<char>, std::allocator<char> >, std::pair<std::basic_string<char, std::char_traits<char>, std::allocator<char> > const, std::basic_string<char, std::char_traits<char>, std::allocator<char> > >, std::_Select1st<std::pair<std::basic_string<char, std::char_traits<char>, std::allocator<char> > const, std::basic_string<char, std::char_traits<char>, std::allocator<char> > > >, std::less<std::basic_string<char, std::char_traits<char>, std::allocator<char> > >, std::allocator<std::pair<std::basic_string<char, std::char_traits<char>, std::allocator<char> > const, std::basic_string<char, std::char_traits<char>, std::allocator<char> > > > >::_M_insert_unique(std::pair<std::basic_string<char, std::char_traits<char>, std::allocator<char> > const, std::basic_string<char, std::char_traits<char>, std::allocator<char> > > const&)	1	0x804da0e	463	0x804d9bc	463	140	140	yes	1.0	no	no
Community/src/ConfigFileReader.cpp.o	_ZNSt8_Rb_treeISsSt4pairIKSsSsESt10_Select1stIS2_ESt4lessISsESaIS2_EE3endEv	std::_Rb_tree<std::basic_string<char, std::char_traits<char>, std::allocator<char> >, std::pair<std::basic_string<char, std::char_traits<char>, std::allocator<char> > const, std::basic_string<char, std::char_traits<char>, std::allocator<char> > >, std::_Select1st<std::pair<std::basic_string<char, std::char_traits<char>, std::allocator<char> > const, std::basic_string<char, std::char_traits<char>, std::allocator<char> > > >, std::less<std::basic_string<char, std::char_traits<char>, std::allocator<char> > >, std::allocator<std::pair<std::basic_string<char, std::char_traits<char>, std::allocator<char> > const, std::basic_string<char, std::char_traits<char>, std::allocator<char> > > > >::end()	1	0x804dd26	38	0x804d92a	38	15	15	yes	1.0	no	no
Community/src/ConfigFileReader.cpp.o	_ZNSt8_Rb_treeISsSt4pairIKSsSsESt10_Select1stIS2_ESt4lessISsESaIS2_EE4findERS1_	std::_Rb_tree<std::basic_string<char, std::char_traits<char>, std::allocator<char> >, std::pair<std::basic_string<char, std::char_traits<char>, std::allocator<char> > const, std::basic_string<char, std::char_traits<char>, std::allocator<char> > >, std::_Select1st<std::pair<std::basic_string<char, std::char_traits<char>, std::allocator<char> > const, std::basic_string<char, std::char_traits<char>, std::allocator<char> > > >, std::less<std::basic_string<char, std::char_traits<char>, std::allocator<char> > >, std::allocator<std::pair<std::basic_string<char, std::char_traits<char>, std::allocator<char> > const, std::basic_string<char, std::char_traits<char>, std::allocator<char> > > > >::find(std::basic_string<char, std::char_traits<char>, std::allocator<char> > const&)	1	0x804dc68	190	0x804d86c	190	62	62	yes	1.0	no	no
Community/src/ConfigFileReader.cpp.o	_ZNSt8_Rb_treeISsSt4pairIKSsSsESt10_Select1stIS2_ESt4lessISsESaIS2_EE5beginEv	std::_Rb_tree<std::basic_string<char, std::char_traits<char>, std::allocator<char> >, std::pair<std::basic_string<char, std::char_traits<char>, std::allocator<char> > const, std::basic_string<char, std::char_traits<char>, std::allocator<char> > >, std::_Select1st<std::pair<std::basic_string<char, std::char_traits<char>, std::allocator<char> > const, std::basic_string<char, std::char_traits<char>, std::allocator<char> > > >, std::less<std::basic_string<char, std::char_traits<char>, std::allocator<char> > >, std::allocator<std::pair<std::basic_string<char, std::char_traits<char>, std::allocator<char> > const, std::basic_string<char, std::char_traits<char>, std::allocator<char> > > > >::begin()	1	0x804defc	38	0x804de84	38	15	15	yes	1.0	no	no
Community/src/ConfigFileReader.cpp.o	_ZNSt8_Rb_treeISsSt4pairIKSsSsESt10_Select1stIS2_ESt4lessISsESaIS2_EE6_M_endEv	std::_Rb_tree<std::basic_string<char, std::char_traits<char>, std::allocator<char> >, std::pair<std::basic_string<char, std::char_traits<char>, std::allocator<char> > const, std::basic_string<char, std::char_traits<char>, std::allocator<char> > >, std::_Select1st<std::pair<std::basic_string<char, std::char_traits<char>, std::allocator<char> > const, std::basic_string<char, std::char_traits<char>, std::allocator<char> > > >, std::less<std::basic_string<char, std::char_traits<char>, std::allocator<char> > >, std::allocator<std::pair<std::basic_string<char, std::char_traits<char>, std::allocator<char> > const, std::basic_string<char, std::char_traits<char>, std::allocator<char> > > > >::_M_end()	1	0x804de9e	11	0x804dd5e	11	6	6	yes	1.0	no	no
Community/src/ConfigFileReader.cpp.o	_ZNSt8_Rb_treeISsSt4pairIKSsSsESt10_Select1stIS2_ESt4lessISsESaIS2_EE6_S_keyEPKSt13_Rb_tree_nodeIS2_E	std::_Rb_tree<std::basic_string<char, std::char_traits<char>, std::allocator<char> >, std::pair<std::basic_string<char, std::char_traits<char>, std::allocator<char> > const, std::basic_string<char, std::char_traits<char>, std::allocator<char> > >, std::_Select1st<std::pair<std::basic_string<char, std::char_traits<char>, std::allocator<char> > const, std::basic_string<char, std::char_traits<char>, std::allocator<char> > > >, std::less<std::basic_string<char, std::char_traits<char>, std::allocator<char> > >, std::allocator<std::pair<std::basic_string<char, std::char_traits<char>, std::allocator<char> > const, std::basic_string<char, std::char_traits<char>, std::allocator<char> > > > >::_S_key(std::_Rb_tree_node<std::pair<std::basic_string<char, std::char_traits<char>, std::allocator<char> > const, std::basic_string<char, std::char_traits<char>, std::allocator<char> > > > const*)	1	0x804deb2	34	0x804de4c	34	12	12	yes	1.0	no	no
Community/src/ConfigFileReader.cpp.o	_ZNSt8_Rb_treeISsSt4pairIKSsSsESt10_Select1stIS2_ESt4lessISsESaIS2_EE6_S_keyEPKSt18_Rb_tree_node_base	std::_Rb_tree<std::basic_string<char, std::char_traits<char>, std::allocator<char> >, std::pair<std::basic_string<char, std::char_traits<char>, std::allocator<char> > const, std::basic_string<char, std::char_traits<char>, std::allocator<char> > >, std::_Select1st<std::pair<std::basic_string<char, std::char_traits<char>, std::allocator<char> > const, std::basic_string<char, std::char_traits<char>, std::allocator<char> > > >, std::less<std::basic_string<char, std::char_traits<char>, std::allocator<char> > >, std::allocator<std::pair<std::basic_string<char, std::char_traits<char>, std::allocator<char> > const, std::basic_string<char, std::char_traits<char>, std::allocator<char> > > > >::_S_key(std::_Rb_tree_node_base const*)	1	0x804e049	34	0x804dde6	34	12	12	yes	1.0	no	no
Community/src/ConfigFileReader.cpp.o	_ZNSt8_Rb_treeISsSt4pairIKSsSsESt10_Select1stIS2_ESt4lessISsESaIS2_EE7_S_leftEPSt18_Rb_tree_node_base	std::_Rb_tree<std::basic_string<char, std::char_traits<char>, std::allocator<char> >, std::pair<std::basic_string<char, std::char_traits<char>, std::allocator<char> > const, std::basic_string<char, std::char_traits<char>, std::allocator<char> > >, std::_Select1st<std::pair<std::basic_string<char, std::char_traits<char>, std::allocator<char> > const, std::basic_string<char, std::char_traits<char>, std::allocator<char> > > >, std::less<std::basic_string<char, std::char_traits<char>, std::allocator<char> > >, std::allocator<std::pair<std::basic_string<char, std::char_traits<char>, std::allocator<char> > const, std::basic_string<char, std::char_traits<char>, std::allocator<char> > > > >::_S_left(std::_Rb_tree_node_base*)	1	0x804de5e	11	0x804de79	11	6	6	yes	1.0	no	no
Community/src/ConfigFileReader.cpp.o	_ZNSt8_Rb_treeISsSt4pairIKSsSsESt10_Select1stIS2_ESt4lessISsESaIS2_EE8_M_beginEv	std::_Rb_tree<std::basic_string<char, std::char_traits<char>, std::allocator<char> >, std::pair<std::basic_string<char, std::char_traits<char>, std::allocator<char> > const, std::basic_string<char, std::char_traits<char>, std::allocator<char> > >, std::_Select1st<std::pair<std::basic_string<char, std::char_traits<char>, std::allocator<char> > const, std::basic_string<char, std::char_traits<char>, std::allocator<char> > > >, std::less<std::basic_string<char, std::char_traits<char>, std::allocator<char> > >, std::allocator<std::pair<std::basic_string<char, std::char_traits<char>, std::allocator<char> > const, std::basic_string<char, std::char_traits<char>, std::allocator<char> > > > >::_M_begin()	1	0x804d98c	11	0x804dd52	11	6	6	yes	1.0	no	no
Community/src/ConfigFileReader.cpp.o	_ZNSt8_Rb_treeISsSt4pairIKSsSsESt10_Select1stIS2_ESt4lessISsESaIS2_EE8_S_rightEPSt18_Rb_tree_node_base	std::_Rb_tree<std::basic_string<char, std::char_traits<char>, std::allocator<char> >, std::pair<std::basic_string<char, std::char_traits<char>, std::allocator<char> > const, std::basic_string<char, std::char_traits<char>, std::allocator<char> > >, std::_Select1st<std::pair<std::basic_string<char, std::char_traits<char>, std::allocator<char> > const, std::basic_string<char, std::char_traits<char>, std::allocator<char> > > >, std::less<std::basic_string<char, std::char_traits<char>, std::allocator<char> > >, std::allocator<std::pair<std::basic_string<char, std::char_traits<char>, std::allocator<char> > const, std::basic_string<char, std::char_traits<char>, std::allocator<char> > > > >::_S_right(std::_Rb_tree_node_base*)	1	0x804de53	11	0x804de6e	11	6	6	yes	1.0	no	no
Community/src/ConfigFileReader.cpp.o	_ZNSt8_Rb_treeISsSt4pairIKSsSsESt10_Select1stIS2_ESt4lessISsESaIS2_EE8_S_valueEPKSt13_Rb_tree_nodeIS2_E	std::_Rb_tree<std::basic_string<char, std::char_traits<char>, std::allocator<char> >, std::pair<std::basic_string<char, std::char_traits<char>, std::allocator<char> > const, std::basic_string<char, std::char_traits<char>, std::allocator<char> > >, std::_Select1st<std::pair<std::basic_string<char, std::char_traits<char>, std::allocator<char> > const, std::basic_string<char, std::char_traits<char>, std::allocator<char> > > >, std::less<std::basic_string<char, std::char_traits<char>, std::allocator<char> > >, std::allocator<std::pair<std::basic_string<char, std::char_traits<char>, std::allocator<char> > const, std::basic_string<char, std::char_traits<char>, std::allocator<char> > > > >::_S_value(std::_Rb_tree_node<std::pair<std::basic_string<char, std::char_traits<char>, std::allocator<char> > const, std::basic_string<char, std::char_traits<char>, std::allocator<char> > > > const*)	1	0x804e58a	11	0x804e0df	11	6	6	yes	1.0	no	no
Community/src/ConfigFileReader.cpp.o	_ZNSt8_Rb_treeISsSt4pairIKSsSsESt10_Select1stIS2_ESt4lessISsESaIS2_EE8_S_valueEPKSt18_Rb_tree_node_base	std::_Rb_tree<std::basic_string<char, std::char_traits<char>, std::allocator<char> >, std::pair<std::basic_string<char, std::char_traits<char>, std::allocator<char> > const, std::basic_string<char, std::char_traits<char>, std::allocator<char> > >, std::_Select1st<std::pair<std::basic_string<char, std::char_traits<char>, std::allocator<char> > const, std::basic_string<char, std::char_traits<char>, std::allocator<char> > > >, std::less<std::basic_string<char, std::char_traits<char>, std::allocator<char> > >, std::allocator<std::pair<std::basic_string<char, std::char_traits<char>, std::allocator<char> > const, std::basic_string<char, std::char_traits<char>, std::allocator<char> > > > >::_S_value(std::_Rb_tree_node_base const*)	1	0x804e643	11	0x804e0b7	11	6	6	yes	1.0	no	no
Community/src/ConfigFileReader.cpp.o	_ZSt10_ConstructISsSsEvPT_RKT0_	void std::_Construct<std::basic_string<char, std::char_traits<char>, std::allocator<char> >, std::basic_string<char, std::char_traits<char>, std::allocator<char> > >(std::basic_string<char, std::char_traits<char>, std::allocator<char> >*, std::basic_string<char, std::char_traits<char>, std::allocator<char> > const&)	0			0x804e49f	93	0	35	no	0.0	no	no
Community/src/ConfigFileReader.cpp.o	_ZSt13copy_backwardIPSsS0_ET0_T_S2_S1_	std::basic_string<char, std::char_traits<char>, std::allocator<char> >* std::copy_backward<std::basic_string<char, std::char_traits<char>, std::allocator<char> >*, std::basic_string<char, std::char_traits<char>, std::allocator<char> >*>(std::basic_string<char, std::char_traits<char>, std::allocator<char> >*, std::basic_string<char, std::char_traits<char>, std::allocator<char> >*, std::basic_string<char, std::char_traits<char>, std::allocator<char> >*)	0			0x804db8b	56	0	20	no	0.0	no	no
Community/src/ConfigFileReader.cpp.o	_ZSt18uninitialized_copyIPSsS0_ET0_T_S2_S1_	std::basic_string<char, std::char_traits<char>, std::allocator<char> >* std::uninitialized_copy<std::basic_string<char, std::char_traits<char>, std::allocator<char> >*, std::basic_string<char, std::char_traits<char>, std::allocator<char> >*>(std::basic_string<char, std::char_traits<char>, std::allocator<char> >*, std::basic_string<char, std::char_traits<char>, std::allocator<char> >*, std::basic_string<char, std::char_traits<char>, std::allocator<char> >*)	0			0x804e1d4	33	0	12	no	0.0	no	no
Community/src/ConfigFileReader.cpp.o	_ZSt22__copy_move_backward_aILb0EPSsS0_ET1_T0_S2_S1_	std::basic_string<char, std::char_traits<char>, std::allocator<char> >* std::__copy_move_backward_a<false, std::basic_string<char, std::char_traits<char>, std::allocator<char> >*, std::basic_string<char, std::char_traits<char>, std::allocator<char> >*>(std::basic_string<char, std::char_traits<char>, std::allocator<char> >*, std::basic_string<char, std::char_traits<char>, std::allocator<char> >*, std::basic_string<char, std::char_traits<char>, std::allocator<char> >*)	0			0x804e19c	37	0	13	no	0.0	no	no
Community/src/ConfigFileReader.cpp.o	_ZSt22__uninitialized_copy_aIPSsS0_SsET0_T_S2_S1_RSaIT1_E	std::basic_string<char, std::char_traits<char>, std::allocator<char> >* std::__uninitialized_copy_a<std::basic_string<char, std::char_traits<char>, std::allocator<char> >*, std::basic_string<char, std::char_traits<char>, std::allocator<char> >*, std::basic_string<char, std::char_traits<char>, std::allocator<char> > >(std::basic_string<char, std::char_traits<char>, std::allocator<char> >*, std::basic_string<char, std::char_traits<char>, std::allocator<char> >*, std::basic_string<char, std::char_traits<char>, std::allocator<char> >*, std::allocator<std::basic_string<char, std::char_traits<char>, std::allocator<char> > >&)	0			0x804e068	33	0	12	no	0.0	no	no
Community/src/ConfigFileReader.cpp.o	_ZSt22__uninitialized_move_aIPSsS0_SaISsEET0_T_S3_S2_RT1_	std::basic_string<char, std::char_traits<char>, std::allocator<char> >* std::__uninitialized_move_a<std::basic_string<char, std::char_traits<char>, std::allocator<char> >*, std::basic_string<char, std::char_traits<char>, std::allocator<char> >*, std::allocator<std::basic_string<char, std::char_traits<char>, std::allocator<char> > > >(std::basic_string<char, std::char_traits<char>, std::allocator<char> >*, std::basic_string<char, std::char_traits<char>, std::allocator<char> >*, std::basic_string<char, std::char_traits<char>, std::allocator<char> >*, std::allocator<std::basic_string<char, std::char_traits<char>, std::allocator<char> > >&)	1	0x804e76f	82	0x804dcd4	40	26	14	no	0.5384615384615384	no	yes
Community/src/ConfigFileReader.cpp.o	_ZSt23__copy_move_backward_a2ILb0EPSsS0_ET1_T0_S2_S1_	std::basic_string<char, std::char_traits<char>, std::allocator<char> >* std::__copy_move_backward_a2<false, std::basic_string<char, std::char_traits<char>, std::allocator<char> >*, std::basic_string<char, std::char_traits<char>, std::allocator<char> >*>(std::basic_string<char, std::char_traits<char>, std::allocator<char> >*, std::basic_string<char, std::char_traits<char>, std::allocator<char> >*, std::basic_string<char, std::char_traits<char>, std::allocator<char> >*)	0			0x804dfb3	68	0	25	no	0.0	no	no
Community/src/ConfigFileReader.cpp.o	_ZSt3maxIjERKT_S2_S2_	unsigned int const& std::max<unsigned int>(unsigned int const&, unsigned int const&)	1	0x804bd79	27	0x804c853	27	13	13	yes	1.0	no	no
Community/src/ConfigFileReader.cpp.o	_ZSt8_DestroyIPSsEvT_S1_	void std::_Destroy<std::basic_string<char, std::char_traits<char>, std::allocator<char> >*>(std::basic_string<char, std::char_traits<char>, std::allocator<char> >*, std::basic_string<char, std::char_traits<char>, std::allocator<char> >*)	1	0x804dd8f	26	0x804e089	26	10	10	yes	1.0	no	no
Community/src/ConfigFileReader.cpp.o	_ZSt8_DestroyIPSsSsEvT_S1_RSaIT0_E	void std::_Destroy<std::basic_string<char, std::char_traits<char>, std::allocator<char> >*, std::basic_string<char, std::char_traits<char>, std::allocator<char> > >(std::basic_string<char, std::char_traits<char>, std::allocator<char> >*, std::basic_string<char, std::char_traits<char>, std::allocator<char> >*, std::allocator<std::basic_string<char, std::char_traits<char>, std::allocator<char> > >&)	1	0x804d8b0	26	0x804dd0f	26	10	10	yes	1.0	no	no
Community/src/ConfigFileReader.cpp.o	_ZSt8_DestroyISsEvPT_	void std::_Destroy<std::basic_string<char, std::char_traits<char>, std::allocator<char> > >(std::basic_string<char, std::char_traits<char>, std::allocator<char> >*)	1	0x804e7db	19	0x804e419	19	8	8	yes	1.0	no	no
Community/src/ConfigFileReader.cpp.o	_ZSt9make_pairISsSsESt4pairIT_T0_ES1_S2_	std::pair<std::basic_string<char, std::char_traits<char>, std::allocator<char> >, std::basic_string<char, std::char_traits<char>, std::allocator<char> > > std::make_pair<std::basic_string<char, std::char_traits<char>, std::allocator<char> >, std::basic_string<char, std::char_traits<char>, std::allocator<char> > >(std::basic_string<char, std::char_traits<char>, std::allocator<char> >, std::basic_string<char, std::char_traits<char>, std::allocator<char> >)	0			0x804d483	46	0	18	no	0.0	no	no
Community/src/ConfigFileReader.cpp.o	_ZSteqIcSt11char_traitsIcESaIcEEbRKSbIT_T0_T1_EPKS3_	bool std::operator==<char, std::char_traits<char>, std::allocator<char> >(std::basic_string<char, std::char_traits<char>, std::allocator<char> > const&, char const*)	0			0x804d464	31	0	12	no	0.0	no	no
Community/src/ConfigFileReader.cpp.o	_ZStltIcSt11char_traitsIcESaIcEEbRKSbIT_T0_T1_ES8_	bool std::operator< <char, std::char_traits<char>, std::allocator<char> >(std::basic_string<char, std::char_traits<char>, std::allocator<char> > const&, std::basic_string<char, std::char_traits<char>, std::allocator<char> > const&)	1	0x804e595	29	0x804e0c2	29	11	11	yes	1.0	no	no
Community/src/ConfigFileReader.cpp.o	_ZdlPvS_	operator delete(void*, void*)	1	0x804d42e	5	0x804d254	5	4	4	yes	1.0	no	no
Community/src/ConfigFileReader.cpp.o	_ZnwjPv	operator new(unsigned int, void*)	1	0x804b14d	8	0x804b889	8	5	5	yes	1.0	no	no
Community/src/CoreDump.cpp.o	_Z13regist_signaliPFviE	regist_signal(int, void (*)(int))	1	0x804ec7b	143	0x804e592	126	38	33	no	0.7631578947368421	no	yes
Community/src/CoreDump.cpp.o	_Z14regist_signalsv	regist_signals()	1	0x804ed87	559	0x804e610	576	131	136	no	0.9558823529411765	no	yes
Community/src/CoreDump.cpp.o	_Z14signal_handleri	signal_handler(int)	1	0x804ed0a	125	0x804e517	123	31	30	no	0.967741935483871	no	yes
Community/src/CoreDump.cpp.o	_Z19omll_dump_core_filev	omll_dump_core_file()	1	0x804efb6	11	0x804e50c	11	4	4	yes	1.0	no	no
Community/src/CoreDump.cpp.o	_ZN9CCoreDumpC1Ev	CCoreDump::CCoreDump()	1	0x804ec2c	74	0x804e850	67	22	18	no	0.7272727272727273	no	yes
Community/src/CoreDump.cpp.o	_ZN9CCoreDumpD1Ev	CCoreDump::~CCoreDump()	1	0x804ec76	5	0x804e894	5	4	4	yes	1.0	no	no
Community/src/DateTime.cpp.o	_ZN8DateTime7DiffDayERS_	DateTime::DiffDay(DateTime&)	1	0x804abde	24	0x804e920	24	10	10	yes	1.0	no	no
Community/src/DateTime.cpp.o	_ZN8DateTimeC1Ev	DateTime::DateTime()	1	0x804ab58	134	0x804e89a	134	46	46	yes	1.0	no	no
Community/src/Epoll.cpp.o	_ZN12socket_event6CEpollI15CNetworkSessionE12CreateEventsEi	socket_event::CEpoll<CNetworkSession>::CreateEvents(int)	1	0x804c8de	139	0x804e938	139	44	44	yes	1.0	no	yes
Community/src/Epoll.cpp.o	_ZN12socket_event6CEpollI15CNetworkSessionE12WaitForEventEi	socket_event::CEpoll<CNetworkSession>::WaitForEvent(int)	1	0x804c9d0	555	0x804ea7c	523	177	170	no	0.943502824858757	no	yes
Community/src/Epoll.cpp.o	_ZN12socket_event6CEpollI15CNetworkSessionE15RegisterSessionEPS1_i	socket_event::CEpoll<CNetworkSession>::RegisterSession(CNetworkSession*, int)	1	0x804c96a	102	0x804e9c4	94	30	28	no	0.9	no	yes
Community/src/Epoll.cpp.o	_ZN12socket_event6CEpollI15CNetworkSessionE17UnregisterSessionEPS1_	socket_event::CEpoll<CNetworkSession>::UnregisterSession(CNetworkSession*)	1	0x804cc26	98	0x804ea22	90	27	25	no	0.8888888888888888	no	yes
Community/src/Epoll.cpp.o	_ZN12socket_event6CEpollI15CNetworkSessionED0Ev	socket_event::CEpoll<CNetworkSession>::~CEpoll()	1	0x8052a42	30	0x804ecda	30	11	11	yes	1.0	no	no
Community/src/Epoll.cpp.o	_ZN12socket_event6CEpollI15CNetworkSessionED1Ev	socket_event::CEpoll<CNetworkSession>::~CEpoll()	1	0x80529f0	81	0x804ec88	81	27	27	yes	1.0	no	yes
Community/src/FindBuddy.cpp.o	_ZN10CFindBuddyC1EcPKc	CFindBuddy::CFindBuddy(char, char const*)	1	0x804b156	82	0x804ecf8	82	23	23	yes	1.0	no	no
Community/src/FindBuddy.cpp.o	_ZNK10CFindBuddyclER16STPvPBuddyDBInfo	CFindBuddy::operator()(STPvPBuddyDBInfo&) const	1	0x804b1a8	64	0x804ed4a	64	23	23	yes	1.0	no	no
Community/src/FindUser.cpp.o	_ZN9CFindUserC1EcPKc	CFindUser::CFindUser(char, char const*)	1	0x8054dd0	82	0x804ed8a	82	23	23	yes	1.0	no	no
Community/src/FindUser.cpp.o	_ZNK9CFindUserclESt4pairIj5CUserE	CFindUser::operator()(std::pair<unsigned int, CUser>) const	1	0x8054e22	65	0x804eddc	65	23	23	yes	1.0	no	no
Community/src/NetworkSession.cpp.o	_ZN15CNetworkSession10DisconnectEv	CNetworkSession::Disconnect()	1	0x804f6de	102	0x804f066	109	30	32	no	0.9375	no	yes
Community/src/NetworkSession.cpp.o	_ZN15CNetworkSession18CreateListenSocketEiPKc	CNetworkSession::CreateListenSocket(int, char const*)	1	0x804f4e8	191	0x804f362	186	58	57	no	0.9482758620689655	no	yes
Community/src/NetworkSession.cpp.o	_ZN15CNetworkSession4SendEPKci	CNetworkSession::Send(char const*, int)	1	0x804f4b2	54	0x804f1fa	38	18	14	no	0.6666666666666666	no	yes
Community/src/NetworkSession.cpp.o	_ZN15CNetworkSession6OnRecvEv	CNetworkSession::OnRecv()	1	0x804f276	148	0x804ee32	129	45	39	no	0.8444444444444444	no	yes
Community/src/NetworkSession.cpp.o	_ZN15CNetworkSession6OnSendEv	CNetworkSession::OnSend()	1	0x804f30a	98	0x804efb8	100	31	31	no	0.9032258064516129	no	yes
Community/src/NetworkSession.cpp.o	_ZN15CNetworkSession7ConnectEPKci	CNetworkSession::Connect(char const*, int)	1	0x804f5a8	310	0x804f220	321	89	92	no	0.9565217391304348	no	yes
Community/src/NetworkSession.cpp.o	_ZN15CNetworkSession7OnErrorEv	CNetworkSession::OnError()	1	0x804f36c	73	0x804f01c	73	23	23	yes	1.0	no	yes
Community/src/NetworkSession.cpp.o	_ZN15CNetworkSession7ParsingEPKci	CNetworkSession::Parsing(char const*, int)	1	0x804f1fa	124	0x804f0d4	139	46	51	no	0.7843137254901961	no	yes
Community/src/NetworkSession.cpp.o	_ZN15CNetworkSession8OnAcceptEv	CNetworkSession::OnAccept()	1	0x804f3b6	204	0x804eeb4	205	61	61	no	0.9836065573770492	no	yes
Community/src/NetworkSession.cpp.o	_ZN15CNetworkSession8dispatchEP12PacketHeader	CNetworkSession::dispatch(PacketHeader*)	1	0x804f186	115	0x804f160	121	39	38	no	0.7948717948717948	no	yes
Community/src/NetworkSession.cpp.o	_ZN15CNetworkSession8get_typeEv	CNetworkSession::get_type()	1	0x804f7da	14	0x804f1da	14	6	6	yes	1.0	no	no
Community/src/NetworkSession.cpp.o	_ZN15CNetworkSession8set_typeE17ENUM_SESSION_TYPE	CNetworkSession::set_type(ENUM_SESSION_TYPE)	1	0x804f7e8	17	0x804f1e8	17	7	7	yes	1.0	no	no
Community/src/NetworkSession.cpp.o	_ZN15CNetworkSession9OnConnectEv	CNetworkSession::OnConnect()	1	0x804f482	47	0x804ef82	53	14	16	no	0.875	no	yes
Community/src/NetworkSession.cpp.o	_ZN15CNetworkSessionC1Ev	CNetworkSession::CNetworkSession()	1	0x804f130	19	0x804ee1e	19	8	8	yes	1.0	no	no
Community/src/NetworkSession.cpp.o	_ZN15CNetworkSessionD1Ev	CNetworkSession::~CNetworkSession()	1	0x804f144	19	0x804f442	19	8	8	yes	1.0	no	no
Community/src/NetworkSession.cpp.o	_ZN15CNetworkSessiondlEPvj	CNetworkSession::operator delete(void*, unsigned int)	1	0x804f16b	27	0x804f42f	19	9	8	no	0.8888888888888888	no	yes
Community/src/NetworkSession.cpp.o	_ZN15CNetworkSessionnwEj	CNetworkSession::operator new(unsigned int)	1	0x804f157	20	0x804f41c	19	7	8	no	0.75	no	yes
Community/src/PacketDispatcher.cpp.o	_ZN17CPacketDispatcher14get_dispatcherEt	CPacketDispatcher::get_dispatcher(unsigned short)	1	0x804f82e	107	0x804f456	114	34	36	no	0.9444444444444444	no	no
Community/src/PacketDispatcher.cpp.o	_ZN17CPacketDispatcher15register_packetEtPFiP15ISessionManagerP15CNetworkSessionP12PacketHeaderE	CPacketDispatcher::register_packet(unsigned short, int (*)(ISessionManager*, CNetworkSession*, PacketHeader*))	1	0x8052840	89	0x804f4c8	90	28	28	no	0.9285714285714286	no	no
Community/src/PacketDispatcher.cpp.o	_ZN9__gnu_cxx13new_allocatorISt13_Rb_tree_nodeISt4pairIKiPFiP15ISessionManagerP15CNetworkSessionP12PacketHeaderEEEE10deallocateEPSD_j	__gnu_cxx::new_allocator<std::_Rb_tree_node<std::pair<int const, int (*)(ISessionManager*, CNetworkSession*, PacketHeader*)> > >::deallocate(std::_Rb_tree_node<std::pair<int const, int (*)(ISessionManager*, CNetworkSession*, PacketHeader*)> >*, unsigned int)	0			0x804fce8	19	0	8	no	0.0	no	no
Community/src/PacketDispatcher.cpp.o	_ZN9__gnu_cxx13new_allocatorISt13_Rb_tree_nodeISt4pairIKiPFiP15ISessionManagerP15CNetworkSessionP12PacketHeaderEEEE8allocateEjPKv	__gnu_cxx::new_allocator<std::_Rb_tree_node<std::pair<int const, int (*)(ISessionManager*, CNetworkSession*, PacketHeader*)> > >::allocate(unsigned int, void const*)	0			0x804fc88	62	0	23	no	0.0	no	no
Community/src/PacketDispatcher.cpp.o	_ZN9__gnu_cxx13new_allocatorISt4pairIKiPFiP15ISessionManagerP15CNetworkSessionP12PacketHeaderEEE9constructEPSB_RKSB_	__gnu_cxx::new_allocator<std::pair<int const, int (*)(ISessionManager*, CNetworkSession*, PacketHeader*)> >::construct(std::pair<int const, int (*)(ISessionManager*, CNetworkSession*, PacketHeader*)>*, std::pair<int const, int (*)(ISessionManager*, CNetworkSession*, PacketHeader*)> const&)	0			0x804fc36	48	0	18	no	0.0	no	no
Community/src/PacketDispatcher.cpp.o	_ZN9__gnu_cxx13new_allocatorISt4pairIKiPFiP15ISessionManagerP15CNetworkSessionP12PacketHeaderEEEC1Ev	__gnu_cxx::new_allocator<std::pair<int const, int (*)(ISessionManager*, CNetworkSession*, PacketHeader*)> >::new_allocator()	0			0x804fd06	5	0	4	no	0.0	no	no
Community/src/PacketDispatcher.cpp.o	_ZN9__gnu_cxx13new_allocatorISt4pairIKiPFiP15ISessionManagerP15CNetworkSessionP12PacketHeaderEEED1Ev	__gnu_cxx::new_allocator<std::pair<int const, int (*)(ISessionManager*, CNetworkSession*, PacketHeader*)> >::~new_allocator()	0			0x804fce2	5	0	4	no	0.0	no	no
Community/src/PacketDispatcher.cpp.o	_ZNK9__gnu_cxx13new_allocatorISt13_Rb_tree_nodeISt4pairIKiPFiP15ISessionManagerP15CNetworkSessionP12PacketHeaderEEEE8max_sizeEv	__gnu_cxx::new_allocator<std::_Rb_tree_node<std::pair<int const, int (*)(ISessionManager*, CNetworkSession*, PacketHeader*)> > >::max_size() const	0			0x804fcfc	10	0	5	no	0.0	no	no
Community/src/PacketDispatcher.cpp.o	_ZNKSt10_Select1stISt4pairIKiPFiP15ISessionManagerP15CNetworkSessionP12PacketHeaderEEEclERKSA_	std::_Select1st<std::pair<int const, int (*)(ISessionManager*, CNetworkSession*, PacketHeader*)> >::operator()(std::pair<int const, int (*)(ISessionManager*, CNetworkSession*, PacketHeader*)> const&) const	0			0x804f9ba	8	0	5	no	0.0	no	no
Community/src/PacketDispatcher.cpp.o	_ZNKSt17_Rb_tree_iteratorISt4pairIKiPFiP15ISessionManagerP15CNetworkSessionP12PacketHeaderEEEeqERKSB_	std::_Rb_tree_iterator<std::pair<int const, int (*)(ISessionManager*, CNetworkSession*, PacketHeader*)> >::operator==(std::_Rb_tree_iterator<std::pair<int const, int (*)(ISessionManager*, CNetworkSession*, PacketHeader*)> > const&) const	0			0x804f574	20	0	10	no	0.0	no	no
Community/src/PacketDispatcher.cpp.o	_ZNKSt17_Rb_tree_iteratorISt4pairIKiPFiP15ISessionManagerP15CNetworkSessionP12PacketHeaderEEEptEv	std::_Rb_tree_iterator<std::pair<int const, int (*)(ISessionManager*, CNetworkSession*, PacketHeader*)> >::operator->() const	0			0x804f588	13	0	7	no	0.0	no	no
Community/src/PacketDispatcher.cpp.o	_ZNKSt4lessIiEclERKiS2_	std::less<int>::operator()(int const&, int const&) const	0			0x804f998	20	0	10	no	0.0	no	no
Community/src/PacketDispatcher.cpp.o	_ZNKSt8_Rb_treeIiSt4pairIKiPFiP15ISessionManagerP15CNetworkSessionP12PacketHeaderEESt10_Select1stISA_ESt4lessIiESaISA_EE13get_allocatorEv	std::_Rb_tree<int, std::pair<int const, int (*)(ISessionManager*, CNetworkSession*, PacketHeader*)>, std::_Select1st<std::pair<int const, int (*)(ISessionManager*, CNetworkSession*, PacketHeader*)> >, std::less<int>, std::allocator<std::pair<int const, int (*)(ISessionManager*, CNetworkSession*, PacketHeader*)> > >::get_allocator() const	0			0x804fbf0	49	0	20	no	0.0	no	no
Community/src/PacketDispatcher.cpp.o	_ZNKSt8_Rb_treeIiSt4pairIKiPFiP15ISessionManagerP15CNetworkSessionP12PacketHeaderEESt10_Select1stISA_ESt4lessIiESaISA_EE21_M_get_Node_allocatorEv	std::_Rb_tree<int, std::pair<int const, int (*)(ISessionManager*, CNetworkSession*, PacketHeader*)>, std::_Select1st<std::pair<int const, int (*)(ISessionManager*, CNetworkSession*, PacketHeader*)> >, std::less<int>, std::allocator<std::pair<int const, int (*)(ISessionManager*, CNetworkSession*, PacketHeader*)> > >::_M_get_Node_allocator() const	0			0x804fcc6	8	0	5	no	0.0	no	no
Community/src/PacketDispatcher.cpp.o	_ZNSaISt4pairIKiPFiP15ISessionManagerP15CNetworkSessionP12PacketHeaderEEEC1ISt13_Rb_tree_nodeIS9_EEERKSaIT_E	std::allocator<std::pair<int const, int (*)(ISessionManager*, CNetworkSession*, PacketHeader*)> >::allocator<std::_Rb_tree_node<std::pair<int const, int (*)(ISessionManager*, CNetworkSession*, PacketHeader*)> > >(std::allocator<std::_Rb_tree_node<std::pair<int const, int (*)(ISessionManager*, CNetworkSession*, PacketHeader*)> > > const&)	0			0x804fcce	19	0	8	no	0.0	no	no
Community/src/PacketDispatcher.cpp.o	_ZNSaISt4pairIKiPFiP15ISessionManagerP15CNetworkSessionP12PacketHeaderEEED1Ev	std::allocator<std::pair<int const, int (*)(ISessionManager*, CNetworkSession*, PacketHeader*)> >::~allocator()	0			0x804fc22	19	0	8	no	0.0	no	no
Community/src/PacketDispatcher.cpp.o	_ZNSt17_Rb_tree_iteratorISt4pairIKiPFiP15ISessionManagerP15CNetworkSessionP12PacketHeaderEEEC1EPSt13_Rb_tree_nodeISA_E	std::_Rb_tree_iterator<std::pair<int const, int (*)(ISessionManager*, CNetworkSession*, PacketHeader*)> >::_Rb_tree_iterator(std::_Rb_tree_node<std::pair<int const, int (*)(ISessionManager*, CNetworkSession*, PacketHeader*)> >*)	0			0x804f9ac	13	0	7	no	0.0	no	no
Community/src/PacketDispatcher.cpp.o	_ZNSt17_Rb_tree_iteratorISt4pairIKiPFiP15ISessionManagerP15CNetworkSessionP12PacketHeaderEEEmmEv	std::_Rb_tree_iterator<std::pair<int const, int (*)(ISessionManager*, CNetworkSession*, PacketHeader*)> >::operator--()	0			0x804fb04	29	0	12	no	0.0	no	no
Community/src/PacketDispatcher.cpp.o	_ZNSt3mapIiPFiP15ISessionManagerP15CNetworkSessionP12PacketHeaderESt4lessIiESaISt4pairIKiS7_EEE3endEv	std::map<int, int (*)(ISessionManager*, CNetworkSession*, PacketHeader*), std::less<int>, std::allocator<std::pair<int const, int (*)(ISessionManager*, CNetworkSession*, PacketHeader*)> > >::end()	0			0x804f54e	37	0	14	no	0.0	no	no
Community/src/PacketDispatcher.cpp.o	_ZNSt3mapIiPFiP15ISessionManagerP15CNetworkSessionP12PacketHeaderESt4lessIiESaISt4pairIKiS7_EEE4findERSB_	std::map<int, int (*)(ISessionManager*, CNetworkSession*, PacketHeader*), std::less<int>, std::allocator<std::pair<int const, int (*)(ISessionManager*, CNetworkSession*, PacketHeader*)> > >::find(int const&)	0			0x804f522	44	0	16	no	0.0	no	no
Community/src/PacketDispatcher.cpp.o	_ZNSt3mapIiPFiP15ISessionManagerP15CNetworkSessionP12PacketHeaderESt4lessIiESaISt4pairIKiS7_EEE6insertERKSC_	std::map<int, int (*)(ISessionManager*, CNetworkSession*, PacketHeader*), std::less<int>, std::allocator<std::pair<int const, int (*)(ISessionManager*, CNetworkSession*, PacketHeader*)> > >::insert(std::pair<int const, int (*)(ISessionManager*, CNetworkSession*, PacketHeader*)> const&)	0			0x804f5e6	44	0	16	no	0.0	no	no
Community/src/PacketDispatcher.cpp.o	_ZNSt4pairIKiPFiP15ISessionManagerP15CNetworkSessionP12PacketHeaderEEC1ItS8_EERKS_IT_T0_E	std::pair<int const, int (*)(ISessionManager*, CNetworkSession*, PacketHeader*)>::pair<unsigned short, int (*)(ISessionManager*, CNetworkSession*, PacketHeader*)>(std::pair<unsigned short, int (*)(ISessionManager*, CNetworkSession*, PacketHeader*)> const&)	0			0x804f5c6	31	0	13	no	0.0	no	no
Community/src/PacketDispatcher.cpp.o	_ZNSt4pairISt17_Rb_tree_iteratorIS_IKiPFiP15ISessionManagerP15CNetworkSessionP12PacketHeaderEEEbEC1ERKSB_RKb	std::pair<std::_Rb_tree_iterator<std::pair<int const, int (*)(ISessionManager*, CNetworkSession*, PacketHeader*)> >, bool>::pair(std::_Rb_tree_iterator<std::pair<int const, int (*)(ISessionManager*, CNetworkSession*, PacketHeader*)> > const&, bool const&)	0			0x804fae8	27	0	12	no	0.0	no	no
Community/src/PacketDispatcher.cpp.o	_ZNSt4pairItPFiP15ISessionManagerP15CNetworkSessionP12PacketHeaderEEC1ERKtRKS7_	std::pair<unsigned short, int (*)(ISessionManager*, CNetworkSession*, PacketHeader*)>::pair(unsigned short const&, int (* const&)(ISessionManager*, CNetworkSession*, PacketHeader*))	0			0x804f6f6	28	0	12	no	0.0	no	no
Community/src/PacketDispatcher.cpp.o	_ZNSt8_Rb_treeIiSt4pairIKiPFiP15ISessionManagerP15CNetworkSessionP12PacketHeaderEESt10_Select1stISA_ESt4lessIiESaISA_EE10_M_insert_EPKSt18_Rb_tree_node_baseSJ_RKSA_	std::_Rb_tree<int, std::pair<int const, int (*)(ISessionManager*, CNetworkSession*, PacketHeader*)>, std::_Select1st<std::pair<int const, int (*)(ISessionManager*, CNetworkSession*, PacketHeader*)> >, std::less<int>, std::allocator<std::pair<int const, int (*)(ISessionManager*, CNetworkSession*, PacketHeader*)> > >::_M_insert_(std::_Rb_tree_node_base const*, std::_Rb_tree_node_base const*, std::pair<int const, int (*)(ISessionManager*, CNetworkSession*, PacketHeader*)> const&)	0			0x804fa20	200	0	64	no	0.0	no	no
Community/src/PacketDispatcher.cpp.o	_ZNSt8_Rb_treeIiSt4pairIKiPFiP15ISessionManagerP15CNetworkSessionP12PacketHeaderEESt10_Select1stISA_ESt4lessIiESaISA_EE11_M_get_nodeEv	std::_Rb_tree<int, std::pair<int const, int (*)(ISessionManager*, CNetworkSession*, PacketHeader*)>, std::_Select1st<std::pair<int const, int (*)(ISessionManager*, CNetworkSession*, PacketHeader*)> >, std::less<int>, std::allocator<std::pair<int const, int (*)(ISessionManager*, CNetworkSession*, PacketHeader*)> > >::_M_get_node()	0			0x804fbcc	35	0	10	no	0.0	no	no
Community/src/PacketDispatcher.cpp.o	_ZNSt8_Rb_treeIiSt4pairIKiPFiP15ISessionManagerP15CNetworkSessionP12PacketHeaderEESt10_Select1stISA_ESt4lessIiESaISA_EE11_M_put_nodeEPSt13_Rb_tree_nodeISA_E	std::_Rb_tree<int, std::pair<int const, int (*)(ISessionManager*, CNetworkSession*, PacketHeader*)>, std::_Select1st<std::pair<int const, int (*)(ISessionManager*, CNetworkSession*, PacketHeader*)> >, std::less<int>, std::allocator<std::pair<int const, int (*)(ISessionManager*, CNetworkSession*, PacketHeader*)> > >::_M_put_node(std::_Rb_tree_node<std::pair<int const, int (*)(ISessionManager*, CNetworkSession*, PacketHeader*)> >*)	0			0x804fc66	34	0	11	no	0.0	no	no
Community/src/PacketDispatcher.cpp.o	_ZNSt8_Rb_treeIiSt4pairIKiPFiP15ISessionManagerP15CNetworkSessionP12PacketHeaderEESt10_Select1stISA_ESt4lessIiESaISA_EE14_M_create_nodeERKSA_	std::_Rb_tree<int, std::pair<int const, int (*)(ISessionManager*, CNetworkSession*, PacketHeader*)>, std::_Select1st<std::pair<int const, int (*)(ISessionManager*, CNetworkSession*, PacketHeader*)> >, std::less<int>, std::allocator<std::pair<int const, int (*)(ISessionManager*, CNetworkSession*, PacketHeader*)> > >::_M_create_node(std::pair<int const, int (*)(ISessionManager*, CNetworkSession*, PacketHeader*)> const&)	0			0x804fb38	147	0	48	no	0.0	no	no
Community/src/PacketDispatcher.cpp.o	_ZNSt8_Rb_treeIiSt4pairIKiPFiP15ISessionManagerP15CNetworkSessionP12PacketHeaderEESt10_Select1stISA_ESt4lessIiESaISA_EE14_M_lower_boundEPSt13_Rb_tree_nodeISA_ESJ_RS1_	std::_Rb_tree<int, std::pair<int const, int (*)(ISessionManager*, CNetworkSession*, PacketHeader*)>, std::_Select1st<std::pair<int const, int (*)(ISessionManager*, CNetworkSession*, PacketHeader*)> >, std::less<int>, std::allocator<std::pair<int const, int (*)(ISessionManager*, CNetworkSession*, PacketHeader*)> > >::_M_lower_bound(std::_Rb_tree_node<std::pair<int const, int (*)(ISessionManager*, CNetworkSession*, PacketHeader*)> >*, std::_Rb_tree_node<std::pair<int const, int (*)(ISessionManager*, CNetworkSession*, PacketHeader*)> >*, int const&)	0			0x804f8fa	124	0	42	no	0.0	no	no
Community/src/PacketDispatcher.cpp.o	_ZNSt8_Rb_treeIiSt4pairIKiPFiP15ISessionManagerP15CNetworkSessionP12PacketHeaderEESt10_Select1stISA_ESt4lessIiESaISA_EE16_M_insert_uniqueERKSA_	std::_Rb_tree<int, std::pair<int const, int (*)(ISessionManager*, CNetworkSession*, PacketHeader*)>, std::_Select1st<std::pair<int const, int (*)(ISessionManager*, CNetworkSession*, PacketHeader*)> >, std::less<int>, std::allocator<std::pair<int const, int (*)(ISessionManager*, CNetworkSession*, PacketHeader*)> > >::_M_insert_unique(std::pair<int const, int (*)(ISessionManager*, CNetworkSession*, PacketHeader*)> const&)	0			0x804f712	463	0	140	no	0.0	no	no
Community/src/PacketDispatcher.cpp.o	_ZNSt8_Rb_treeIiSt4pairIKiPFiP15ISessionManagerP15CNetworkSessionP12PacketHeaderEESt10_Select1stISA_ESt4lessIiESaISA_EE3endEv	std::_Rb_tree<int, std::pair<int const, int (*)(ISessionManager*, CNetworkSession*, PacketHeader*)>, std::_Select1st<std::pair<int const, int (*)(ISessionManager*, CNetworkSession*, PacketHeader*)> >, std::less<int>, std::allocator<std::pair<int const, int (*)(ISessionManager*, CNetworkSession*, PacketHeader*)> > >::end()	0			0x804f6d0	38	0	15	no	0.0	no	no
Community/src/PacketDispatcher.cpp.o	_ZNSt8_Rb_treeIiSt4pairIKiPFiP15ISessionManagerP15CNetworkSessionP12PacketHeaderEESt10_Select1stISA_ESt4lessIiESaISA_EE4findERS1_	std::_Rb_tree<int, std::pair<int const, int (*)(ISessionManager*, CNetworkSession*, PacketHeader*)>, std::_Select1st<std::pair<int const, int (*)(ISessionManager*, CNetworkSession*, PacketHeader*)> >, std::less<int>, std::allocator<std::pair<int const, int (*)(ISessionManager*, CNetworkSession*, PacketHeader*)> > >::find(int const&)	0			0x804f612	190	0	62	no	0.0	no	no
Community/src/PacketDispatcher.cpp.o	_ZNSt8_Rb_treeIiSt4pairIKiPFiP15ISessionManagerP15CNetworkSessionP12PacketHeaderEESt10_Select1stISA_ESt4lessIiESaISA_EE5beginEv	std::_Rb_tree<int, std::pair<int const, int (*)(ISessionManager*, CNetworkSession*, PacketHeader*)>, std::_Select1st<std::pair<int const, int (*)(ISessionManager*, CNetworkSession*, PacketHeader*)> >, std::less<int>, std::allocator<std::pair<int const, int (*)(ISessionManager*, CNetworkSession*, PacketHeader*)> > >::begin()	0			0x804f9fa	38	0	15	no	0.0	no	no
Community/src/PacketDispatcher.cpp.o	_ZNSt8_Rb_treeIiSt4pairIKiPFiP15ISessionManagerP15CNetworkSessionP12PacketHeaderEESt10_Select1stISA_ESt4lessIiESaISA_EE6_M_endEv	std::_Rb_tree<int, std::pair<int const, int (*)(ISessionManager*, CNetworkSession*, PacketHeader*)>, std::_Select1st<std::pair<int const, int (*)(ISessionManager*, CNetworkSession*, PacketHeader*)> >, std::less<int>, std::allocator<std::pair<int const, int (*)(ISessionManager*, CNetworkSession*, PacketHeader*)> > >::_M_end()	0			0x804f8ee	11	0	6	no	0.0	no	no
Community/src/PacketDispatcher.cpp.o	_ZNSt8_Rb_treeIiSt4pairIKiPFiP15ISessionManagerP15CNetworkSessionP12PacketHeaderEESt10_Select1stISA_ESt4lessIiESaISA_EE6_S_keyEPKSt13_Rb_tree_nodeISA_E	std::_Rb_tree<int, std::pair<int const, int (*)(ISessionManager*, CNetworkSession*, PacketHeader*)>, std::_Select1st<std::pair<int const, int (*)(ISessionManager*, CNetworkSession*, PacketHeader*)> >, std::less<int>, std::allocator<std::pair<int const, int (*)(ISessionManager*, CNetworkSession*, PacketHeader*)> > >::_S_key(std::_Rb_tree_node<std::pair<int const, int (*)(ISessionManager*, CNetworkSession*, PacketHeader*)> > const*)	0			0x804f9c2	34	0	12	no	0.0	no	no
Community/src/PacketDispatcher.cpp.o	_ZNSt8_Rb_treeIiSt4pairIKiPFiP15ISessionManagerP15CNetworkSessionP12PacketHeaderEESt10_Select1stISA_ESt4lessIiESaISA_EE6_S_keyEPKSt18_Rb_tree_node_base	std::_Rb_tree<int, std::pair<int const, int (*)(ISessionManager*, CNetworkSession*, PacketHeader*)>, std::_Select1st<std::pair<int const, int (*)(ISessionManager*, CNetworkSession*, PacketHeader*)> >, std::less<int>, std::allocator<std::pair<int const, int (*)(ISessionManager*, CNetworkSession*, PacketHeader*)> > >::_S_key(std::_Rb_tree_node_base const*)	0			0x804f976	34	0	12	no	0.0	no	no
Community/src/PacketDispatcher.cpp.o	_ZNSt8_Rb_treeIiSt4pairIKiPFiP15ISessionManagerP15CNetworkSessionP12PacketHeaderEESt10_Select1stISA_ESt4lessIiESaISA_EE7_S_leftEPSt18_Rb_tree_node_base	std::_Rb_tree<int, std::pair<int const, int (*)(ISessionManager*, CNetworkSession*, PacketHeader*)>, std::_Select1st<std::pair<int const, int (*)(ISessionManager*, CNetworkSession*, PacketHeader*)> >, std::less<int>, std::allocator<std::pair<int const, int (*)(ISessionManager*, CNetworkSession*, PacketHeader*)> > >::_S_left(std::_Rb_tree_node_base*)	0			0x804f9ef	11	0	6	no	0.0	no	no
Community/src/PacketDispatcher.cpp.o	_ZNSt8_Rb_treeIiSt4pairIKiPFiP15ISessionManagerP15CNetworkSessionP12PacketHeaderEESt10_Select1stISA_ESt4lessIiESaISA_EE8_M_beginEv	std::_Rb_tree<int, std::pair<int const, int (*)(ISessionManager*, CNetworkSession*, PacketHeader*)>, std::_Select1st<std::pair<int const, int (*)(ISessionManager*, CNetworkSession*, PacketHeader*)> >, std::less<int>, std::allocator<std::pair<int const, int (*)(ISessionManager*, CNetworkSession*, PacketHeader*)> > >::_M_begin()	0			0x804f8e2	11	0	6	no	0.0	no	no
Community/src/PacketDispatcher.cpp.o	_ZNSt8_Rb_treeIiSt4pairIKiPFiP15ISessionManagerP15CNetworkSessionP12PacketHeaderEESt10_Select1stISA_ESt4lessIiESaISA_EE8_S_rightEPSt18_Rb_tree_node_base	std::_Rb_tree<int, std::pair<int const, int (*)(ISessionManager*, CNetworkSession*, PacketHeader*)>, std::_Select1st<std::pair<int const, int (*)(ISessionManager*, CNetworkSession*, PacketHeader*)> >, std::less<int>, std::allocator<std::pair<int const, int (*)(ISessionManager*, CNetworkSession*, PacketHeader*)> > >::_S_right(std::_Rb_tree_node_base*)	0			0x804f9e4	11	0	6	no	0.0	no	no
Community/src/PacketDispatcher.cpp.o	_ZNSt8_Rb_treeIiSt4pairIKiPFiP15ISessionManagerP15CNetworkSessionP12PacketHeaderEESt10_Select1stISA_ESt4lessIiESaISA_EE8_S_valueEPKSt13_Rb_tree_nodeISA_E	std::_Rb_tree<int, std::pair<int const, int (*)(ISessionManager*, CNetworkSession*, PacketHeader*)>, std::_Select1st<std::pair<int const, int (*)(ISessionManager*, CNetworkSession*, PacketHeader*)> >, std::less<int>, std::allocator<std::pair<int const, int (*)(ISessionManager*, CNetworkSession*, PacketHeader*)> > >::_S_value(std::_Rb_tree_node<std::pair<int const, int (*)(ISessionManager*, CNetworkSession*, PacketHeader*)> > const*)	0			0x804fb2c	11	0	6	no	0.0	no	no
Community/src/PacketDispatcher.cpp.o	_ZNSt8_Rb_treeIiSt4pairIKiPFiP15ISessionManagerP15CNetworkSessionP12PacketHeaderEESt10_Select1stISA_ESt4lessIiESaISA_EE8_S_valueEPKSt18_Rb_tree_node_base	std::_Rb_tree<int, std::pair<int const, int (*)(ISessionManager*, CNetworkSession*, PacketHeader*)>, std::_Select1st<std::pair<int const, int (*)(ISessionManager*, CNetworkSession*, PacketHeader*)> >, std::less<int>, std::allocator<std::pair<int const, int (*)(ISessionManager*, CNetworkSession*, PacketHeader*)> > >::_S_value(std::_Rb_tree_node_base const*)	0			0x804fb21	11	0	6	no	0.0	no	no
Community/src/PacketDispatcher.cpp.o	_ZSt9make_pairItPFiP15ISessionManagerP15CNetworkSessionP12PacketHeaderEESt4pairIT_T0_ES9_SA_	std::pair<unsigned short, int (*)(ISessionManager*, CNetworkSession*, PacketHeader*)> std::make_pair<unsigned short, int (*)(ISessionManager*, CNetworkSession*, PacketHeader*)>(unsigned short, int (*)(ISessionManager*, CNetworkSession*, PacketHeader*))	0			0x804f595	49	0	18	no	0.0	no	no
Community/src/PacketDispatcher.cpp.o	_ZnwjPv	operator new(unsigned int, void*)	1	0x804b14d	8	0x804b889	8	5	5	yes	1.0	no	no
Community/src/ProcessManager.cpp.o	_ZN15CProcessManager13check_pidfileEPKc	CProcessManager::check_pidfile(char const*)	1	0x8052420	112	0x804fd48	96	30	25	no	0.8	no	yes
Community/src/ProcessManager.cpp.o	_ZN15CProcessManager18SendShutdownSignalEPKc	CProcessManager::SendShutdownSignal(char const*)	1	0x8052314	268	0x804fdfa	268	67	67	yes	1.0	no	yes
Community/src/ProcessManager.cpp.o	_ZN15CProcessManager6DaemonEv	CProcessManager::Daemon()	1	0x805218c	81	0x804fda8	81	21	21	yes	1.0	no	yes
Community/src/ProcessManager.cpp.o	_ZN15CProcessManager8WritePIDEPKc	CProcessManager::WritePID(char const*)	1	0x805220e	261	0x804ff06	270	59	64	no	0.875	no	yes
Community/src/ProcessManager.cpp.o	_ZN15CProcessManager8_makeDirEPc	CProcessManager::_makeDir(char*)	1	0x80521de	47	0x804fd18	47	15	15	yes	1.0	no	no
Community/src/ProcessManager.cpp.o	_ZN15CProcessManagerC1Ev	CProcessManager::CProcessManager()	1	0x8052180	5	0x804fd0c	5	4	4	yes	1.0	no	no
Community/src/ProcessManager.cpp.o	_ZN15CProcessManagerD1Ev	CProcessManager::~CProcessManager()	1	0x8052186	5	0x804fd12	5	4	4	yes	1.0	no	no
Community/src/SessionManager.cpp.o	_ZN12socket_event6CEpollI15CNetworkSessionEC1Ev	socket_event::CEpoll<CNetworkSession>::CEpoll()	1	0x80529ce	34	0x805047a	14	10	6	no	0.6	no	yes
Community/src/SessionManager.cpp.o	_ZN14network_engine13CSessionProxyI15CNetworkSessionN12socket_event6CEpollEEC1Ev	network_engine::CSessionProxy<CNetworkSession, socket_event::CEpoll>::CSessionProxy()	1	0x80528b4	28	0x8050488	28	10	10	yes	1.0	no	yes
Community/src/SessionManager.cpp.o	_ZN15CSessionManager13SendHeartbeatEPKci	CSessionManager::SendHeartbeat(char const*, int)	1	0x805272a	10	0x805023c	10	5	5	yes	1.0	no	no
Community/src/SessionManager.cpp.o	_ZN15CSessionManager15RegisterSessionEP15CNetworkSession17ENUM_SESSION_TYPE	CSessionManager::RegisterSession(CNetworkSession*, ENUM_SESSION_TYPE)	1	0x80526d8	25	0x80501ea	25	10	10	yes	1.0	no	no
Community/src/SessionManager.cpp.o	_ZN15CSessionManager17UnregisterSessionEP15CNetworkSession17ENUM_SESSION_TYPE	CSessionManager::UnregisterSession(CNetworkSession*, ENUM_SESSION_TYPE)	1	0x80526f2	56	0x8050204	56	17	17	yes	1.0	no	yes
Community/src/SessionManager.cpp.o	_ZN15CSessionManager19GetPacketDispatcherEv	CSessionManager::GetPacketDispatcher()	1	0x805289a	11	0x80501de	11	6	6	yes	1.0	no	no
Community/src/SessionManager.cpp.o	_ZN15CSessionManager29SendPacketToConnectingSessionEPKciS1_i	CSessionManager::SendPacketToConnectingSession(char const*, int, char const*, int)	1	0x8052734	176	0x8050246	178	56	56	no	0.9464285714285714	no	yes
Community/src/SessionManager.cpp.o	_ZN15CSessionManagerC1Ev	CSessionManager::CSessionManager()	1	0x8052500	269	0x8050014	457	87	141	no	0.6028368794326241	no	yes
Community/src/SessionManager.cpp.o	_ZN15CSessionManagerD0Ev	CSessionManager::~CSessionManager()	1	0x80526ba	30	0x80503c6	30	11	11	yes	1.0	no	no
Community/src/SessionManager.cpp.o	_ZN15CSessionManagerD1Ev	CSessionManager::~CSessionManager()	1	0x805260e	154	0x80502f8	188	53	65	no	0.8153846153846154	no	yes
Community/src/SessionManager.cpp.o	_ZN15ISessionManagerC1Ev	ISessionManager::ISessionManager()	1	0x80528a6	14	0x805046c	14	6	6	yes	1.0	no	yes
Community/src/SessionManager.cpp.o	_ZN15ISessionManagerD0Ev	ISessionManager::~ISessionManager()	0			0x805044e	30	0	11	no	0.0	no	no
Community/src/SessionManager.cpp.o	_ZN15ISessionManagerD1Ev	ISessionManager::~ISessionManager()	0			0x8050428	37	0	13	no	0.0	no	no
Community/src/SessionManager.cpp.o	_ZN17CPacketDispatcherC1Ev	CPacketDispatcher::CPacketDispatcher()	1	0x805110c	19	0x80504cc	19	8	8	yes	1.0	no	no
Community/src/SessionManager.cpp.o	_ZN17CPacketDispatcherD1Ev	CPacketDispatcher::~CPacketDispatcher()	1	0x8051120	19	0x80504e0	19	8	8	yes	1.0	no	no
Community/src/SessionManager.cpp.o	_ZN17CPacketDispatcheraSERKS_	CPacketDispatcher::operator=(CPacketDispatcher const&)	0			0x80504f4	29	0	11	no	0.0	no	no
Community/src/SessionManager.cpp.o	_ZN9__gnu_cxx13new_allocatorISt13_Rb_tree_nodeISt4pairIKiPFiP15ISessionManagerP15CNetworkSessionP12PacketHeaderEEEE10deallocateEPSD_j	__gnu_cxx::new_allocator<std::_Rb_tree_node<std::pair<int const, int (*)(ISessionManager*, CNetworkSession*, PacketHeader*)> > >::deallocate(std::_Rb_tree_node<std::pair<int const, int (*)(ISessionManager*, CNetworkSession*, PacketHeader*)> >*, unsigned int)	0			0x804fce8	19	0	8	no	0.0	no	no
Community/src/SessionManager.cpp.o	_ZN9__gnu_cxx13new_allocatorISt13_Rb_tree_nodeISt4pairIKiPFiP15ISessionManagerP15CNetworkSessionP12PacketHeaderEEEE8allocateEjPKv	__gnu_cxx::new_allocator<std::_Rb_tree_node<std::pair<int const, int (*)(ISessionManager*, CNetworkSession*, PacketHeader*)> > >::allocate(unsigned int, void const*)	0			0x804fc88	62	0	23	no	0.0	no	no
Community/src/SessionManager.cpp.o	_ZN9__gnu_cxx13new_allocatorISt13_Rb_tree_nodeISt4pairIKiPFiP15ISessionManagerP15CNetworkSessionP12PacketHeaderEEEEC1Ev	__gnu_cxx::new_allocator<std::_Rb_tree_node<std::pair<int const, int (*)(ISessionManager*, CNetworkSession*, PacketHeader*)> > >::new_allocator()	0			0x8051070	5	0	4	no	0.0	no	no
Community/src/SessionManager.cpp.o	_ZN9__gnu_cxx13new_allocatorISt13_Rb_tree_nodeISt4pairIKiPFiP15ISessionManagerP15CNetworkSessionP12PacketHeaderEEEED1Ev	__gnu_cxx::new_allocator<std::_Rb_tree_node<std::pair<int const, int (*)(ISessionManager*, CNetworkSession*, PacketHeader*)> > >::~new_allocator()	0			0x80509fa	5	0	4	no	0.0	no	no
Community/src/SessionManager.cpp.o	_ZN9__gnu_cxx13new_allocatorISt13_Rb_tree_nodeISt4pairIKiiEEE10deallocateEPS5_j	__gnu_cxx::new_allocator<std::_Rb_tree_node<std::pair<int const, int> > >::deallocate(std::_Rb_tree_node<std::pair<int const, int> >*, unsigned int)	0			0x805105c	19	0	8	no	0.0	no	no
Community/src/SessionManager.cpp.o	_ZN9__gnu_cxx13new_allocatorISt13_Rb_tree_nodeISt4pairIKiiEEE8allocateEjPKv	__gnu_cxx::new_allocator<std::_Rb_tree_node<std::pair<int const, int> > >::allocate(unsigned int, void const*)	0			0x805112a	62	0	23	no	0.0	no	no
Community/src/SessionManager.cpp.o	_ZN9__gnu_cxx13new_allocatorISt13_Rb_tree_nodeISt4pairIKiiEEEC1Ev	__gnu_cxx::new_allocator<std::_Rb_tree_node<std::pair<int const, int> > >::new_allocator()	0			0x8051034	5	0	4	no	0.0	no	no
Community/src/SessionManager.cpp.o	_ZN9__gnu_cxx13new_allocatorISt13_Rb_tree_nodeISt4pairIKiiEEED1Ev	__gnu_cxx::new_allocator<std::_Rb_tree_node<std::pair<int const, int> > >::~new_allocator()	0			0x805093a	5	0	4	no	0.0	no	no
Community/src/SessionManager.cpp.o	_ZN9__gnu_cxx13new_allocatorISt4pairIKiPFiP15ISessionManagerP15CNetworkSessionP12PacketHeaderEEE7destroyEPSB_	__gnu_cxx::new_allocator<std::pair<int const, int (*)(ISessionManager*, CNetworkSession*, PacketHeader*)> >::destroy(std::pair<int const, int (*)(ISessionManager*, CNetworkSession*, PacketHeader*)>*)	0			0x8050f70	19	0	8	no	0.0	no	no
Community/src/SessionManager.cpp.o	_ZN9__gnu_cxx13new_allocatorISt4pairIKiPFiP15ISessionManagerP15CNetworkSessionP12PacketHeaderEEE9constructEPSB_RKSB_	__gnu_cxx::new_allocator<std::pair<int const, int (*)(ISessionManager*, CNetworkSession*, PacketHeader*)> >::construct(std::pair<int const, int (*)(ISessionManager*, CNetworkSession*, PacketHeader*)>*, std::pair<int const, int (*)(ISessionManager*, CNetworkSession*, PacketHeader*)> const&)	0			0x804fc36	48	0	18	no	0.0	no	no
Community/src/SessionManager.cpp.o	_ZN9__gnu_cxx13new_allocatorISt4pairIKiPFiP15ISessionManagerP15CNetworkSessionP12PacketHeaderEEEC1Ev	__gnu_cxx::new_allocator<std::pair<int const, int (*)(ISessionManager*, CNetworkSession*, PacketHeader*)> >::new_allocator()	0			0x804fd06	5	0	4	no	0.0	no	no
Community/src/SessionManager.cpp.o	_ZN9__gnu_cxx13new_allocatorISt4pairIKiPFiP15ISessionManagerP15CNetworkSessionP12PacketHeaderEEED1Ev	__gnu_cxx::new_allocator<std::pair<int const, int (*)(ISessionManager*, CNetworkSession*, PacketHeader*)> >::~new_allocator()	0			0x804fce2	5	0	4	no	0.0	no	no
Community/src/SessionManager.cpp.o	_ZN9__gnu_cxx13new_allocatorISt4pairIKiiEE7destroyEPS3_	__gnu_cxx::new_allocator<std::pair<int const, int> >::destroy(std::pair<int const, int>*)	0			0x8050eee	19	0	8	no	0.0	no	no
Community/src/SessionManager.cpp.o	_ZN9__gnu_cxx13new_allocatorISt4pairIKiiEE9constructEPS3_RKS3_	__gnu_cxx::new_allocator<std::pair<int const, int> >::construct(std::pair<int const, int>*, std::pair<int const, int> const&)	0			0x80510fa	48	0	18	no	0.0	no	no
Community/src/SessionManager.cpp.o	_ZN9__gnu_cxx13new_allocatorISt4pairIKiiEEC1Ev	__gnu_cxx::new_allocator<std::pair<int const, int> >::new_allocator()	0			0x80510d0	5	0	4	no	0.0	no	no
Community/src/SessionManager.cpp.o	_ZN9__gnu_cxx13new_allocatorISt4pairIKiiEED1Ev	__gnu_cxx::new_allocator<std::pair<int const, int> >::~new_allocator()	0			0x8051056	5	0	4	no	0.0	no	no
Community/src/SessionManager.cpp.o	_ZNK9__gnu_cxx13new_allocatorISt13_Rb_tree_nodeISt4pairIKiPFiP15ISessionManagerP15CNetworkSessionP12PacketHeaderEEEE8max_sizeEv	__gnu_cxx::new_allocator<std::_Rb_tree_node<std::pair<int const, int (*)(ISessionManager*, CNetworkSession*, PacketHeader*)> > >::max_size() const	0			0x804fcfc	10	0	5	no	0.0	no	no
Community/src/SessionManager.cpp.o	_ZNK9__gnu_cxx13new_allocatorISt13_Rb_tree_nodeISt4pairIKiiEEE8max_sizeEv	__gnu_cxx::new_allocator<std::_Rb_tree_node<std::pair<int const, int> > >::max_size() const	0			0x8051168	10	0	5	no	0.0	no	no
Community/src/SessionManager.cpp.o	_ZNKSt8_Rb_treeIiSt4pairIKiPFiP15ISessionManagerP15CNetworkSessionP12PacketHeaderEESt10_Select1stISA_ESt4lessIiESaISA_EE13get_allocatorEv	std::_Rb_tree<int, std::pair<int const, int (*)(ISessionManager*, CNetworkSession*, PacketHeader*)>, std::_Select1st<std::pair<int const, int (*)(ISessionManager*, CNetworkSession*, PacketHeader*)> >, std::less<int>, std::allocator<std::pair<int const, int (*)(ISessionManager*, CNetworkSession*, PacketHeader*)> > >::get_allocator() const	0			0x804fbf0	49	0	20	no	0.0	no	no
Community/src/SessionManager.cpp.o	_ZNKSt8_Rb_treeIiSt4pairIKiPFiP15ISessionManagerP15CNetworkSessionP12PacketHeaderEESt10_Select1stISA_ESt4lessIiESaISA_EE21_M_get_Node_allocatorEv	std::_Rb_tree<int, std::pair<int const, int (*)(ISessionManager*, CNetworkSession*, PacketHeader*)>, std::_Select1st<std::pair<int const, int (*)(ISessionManager*, CNetworkSession*, PacketHeader*)> >, std::less<int>, std::allocator<std::pair<int const, int (*)(ISessionManager*, CNetworkSession*, PacketHeader*)> > >::_M_get_Node_allocator() const	0			0x804fcc6	8	0	5	no	0.0	no	no
Community/src/SessionManager.cpp.o	_ZNKSt8_Rb_treeIiSt4pairIKiPFiP15ISessionManagerP15CNetworkSessionP12PacketHeaderEESt10_Select1stISA_ESt4lessIiESaISA_EE7_M_rootEv	std::_Rb_tree<int, std::pair<int const, int (*)(ISessionManager*, CNetworkSession*, PacketHeader*)>, std::_Select1st<std::pair<int const, int (*)(ISessionManager*, CNetworkSession*, PacketHeader*)> >, std::less<int>, std::allocator<std::pair<int const, int (*)(ISessionManager*, CNetworkSession*, PacketHeader*)> > >::_M_root() const	0			0x8050cd4	11	0	6	no	0.0	no	no
Community/src/SessionManager.cpp.o	_ZNKSt8_Rb_treeIiSt4pairIKiPFiP15ISessionManagerP15CNetworkSessionP12PacketHeaderEESt10_Select1stISA_ESt4lessIiESaISA_EE8_M_beginEv	std::_Rb_tree<int, std::pair<int const, int (*)(ISessionManager*, CNetworkSession*, PacketHeader*)>, std::_Select1st<std::pair<int const, int (*)(ISessionManager*, CNetworkSession*, PacketHeader*)> >, std::less<int>, std::allocator<std::pair<int const, int (*)(ISessionManager*, CNetworkSession*, PacketHeader*)> > >::_M_begin() const	0			0x8050e08	11	0	6	no	0.0	no	no
Community/src/SessionManager.cpp.o	_ZNKSt8_Rb_treeIiSt4pairIKiiESt10_Select1stIS2_ESt4lessIiESaIS2_EE13get_allocatorEv	std::_Rb_tree<int, std::pair<int const, int>, std::_Select1st<std::pair<int const, int> >, std::less<int>, std::allocator<std::pair<int const, int> > >::get_allocator() const	0			0x8050ea2	49	0	20	no	0.0	no	no
Community/src/SessionManager.cpp.o	_ZNKSt8_Rb_treeIiSt4pairIKiiESt10_Select1stIS2_ESt4lessIiESaIS2_EE21_M_get_Node_allocatorEv	std::_Rb_tree<int, std::pair<int const, int>, std::_Select1st<std::pair<int const, int> >, std::less<int>, std::allocator<std::pair<int const, int> > >::_M_get_Node_allocator() const	0			0x805103a	8	0	5	no	0.0	no	no
Community/src/SessionManager.cpp.o	_ZNKSt8_Rb_treeIiSt4pairIKiiESt10_Select1stIS2_ESt4lessIiESaIS2_EE7_M_rootEv	std::_Rb_tree<int, std::pair<int const, int>, std::_Select1st<std::pair<int const, int> >, std::less<int>, std::allocator<std::pair<int const, int> > >::_M_root() const	0			0x8050aca	11	0	6	no	0.0	no	no
Community/src/SessionManager.cpp.o	_ZNKSt8_Rb_treeIiSt4pairIKiiESt10_Select1stIS2_ESt4lessIiESaIS2_EE8_M_beginEv	std::_Rb_tree<int, std::pair<int const, int>, std::_Select1st<std::pair<int const, int> >, std::less<int>, std::allocator<std::pair<int const, int> > >::_M_begin() const	0			0x8050bfe	11	0	6	no	0.0	no	no
Community/src/SessionManager.cpp.o	_ZNSaISt13_Rb_tree_nodeISt4pairIKiPFiP15ISessionManagerP15CNetworkSessionP12PacketHeaderEEEEC1Ev	std::allocator<std::_Rb_tree_node<std::pair<int const, int (*)(ISessionManager*, CNetworkSession*, PacketHeader*)> > >::allocator()	0			0x8050f24	19	0	8	no	0.0	no	no
Community/src/SessionManager.cpp.o	_ZNSaISt13_Rb_tree_nodeISt4pairIKiPFiP15ISessionManagerP15CNetworkSessionP12PacketHeaderEEEED1Ev	std::allocator<std::_Rb_tree_node<std::pair<int const, int (*)(ISessionManager*, CNetworkSession*, PacketHeader*)> > >::~allocator()	0			0x80506e0	19	0	8	no	0.0	no	no
Community/src/SessionManager.cpp.o	_ZNSaISt13_Rb_tree_nodeISt4pairIKiiEEEC1Ev	std::allocator<std::_Rb_tree_node<std::pair<int const, int> > >::allocator()	0			0x8050e5c	19	0	8	no	0.0	no	no
Community/src/SessionManager.cpp.o	_ZNSaISt13_Rb_tree_nodeISt4pairIKiiEEED1Ev	std::allocator<std::_Rb_tree_node<std::pair<int const, int> > >::~allocator()	0			0x8050656	19	0	8	no	0.0	no	no
Community/src/SessionManager.cpp.o	_ZNSaISt4pairIKiPFiP15ISessionManagerP15CNetworkSessionP12PacketHeaderEEEC1ISt13_Rb_tree_nodeIS9_EEERKSaIT_E	std::allocator<std::pair<int const, int (*)(ISessionManager*, CNetworkSession*, PacketHeader*)> >::allocator<std::_Rb_tree_node<std::pair<int const, int (*)(ISessionManager*, CNetworkSession*, PacketHeader*)> > >(std::allocator<std::_Rb_tree_node<std::pair<int const, int (*)(ISessionManager*, CNetworkSession*, PacketHeader*)> > > const&)	0			0x804fcce	19	0	8	no	0.0	no	no
Community/src/SessionManager.cpp.o	_ZNSaISt4pairIKiPFiP15ISessionManagerP15CNetworkSessionP12PacketHeaderEEED1Ev	std::allocator<std::pair<int const, int (*)(ISessionManager*, CNetworkSession*, PacketHeader*)> >::~allocator()	0			0x804fc22	19	0	8	no	0.0	no	no
Community/src/SessionManager.cpp.o	_ZNSaISt4pairIKiiEEC1ISt13_Rb_tree_nodeIS1_EEERKSaIT_E	std::allocator<std::pair<int const, int> >::allocator<std::_Rb_tree_node<std::pair<int const, int> > >(std::allocator<std::_Rb_tree_node<std::pair<int const, int> > > const&)	0			0x8051042	19	0	8	no	0.0	no	no
Community/src/SessionManager.cpp.o	_ZNSaISt4pairIKiiEED1Ev	std::allocator<std::pair<int const, int> >::~allocator()	0			0x8050ed4	19	0	8	no	0.0	no	no
Community/src/SessionManager.cpp.o	_ZNSt18_Rb_tree_node_base10_S_maximumEPS_	std::_Rb_tree_node_base::_S_maximum(std::_Rb_tree_node_base*)	0			0x8050406	34	0	15	no	0.0	no	no
Community/src/SessionManager.cpp.o	_ZNSt18_Rb_tree_node_base10_S_minimumEPS_	std::_Rb_tree_node_base::_S_minimum(std::_Rb_tree_node_base*)	0			0x80503e4	34	0	15	no	0.0	no	no
Community/src/SessionManager.cpp.o	_ZNSt3mapIiPFiP15ISessionManagerP15CNetworkSessionP12PacketHeaderESt4lessIiESaISt4pairIKiS7_EEEC1Ev	std::map<int, int (*)(ISessionManager*, CNetworkSession*, PacketHeader*), std::less<int>, std::allocator<std::pair<int const, int (*)(ISessionManager*, CNetworkSession*, PacketHeader*)> > >::map()	0			0x805058c	19	0	8	no	0.0	no	no
Community/src/SessionManager.cpp.o	_ZNSt3mapIiPFiP15ISessionManagerP15CNetworkSessionP12PacketHeaderESt4lessIiESaISt4pairIKiS7_EEED1Ev	std::map<int, int (*)(ISessionManager*, CNetworkSession*, PacketHeader*), std::less<int>, std::allocator<std::pair<int const, int (*)(ISessionManager*, CNetworkSession*, PacketHeader*)> > >::~map()	0			0x80504b8	19	0	8	no	0.0	no	no
Community/src/SessionManager.cpp.o	_ZNSt3mapIiPFiP15ISessionManagerP15CNetworkSessionP12PacketHeaderESt4lessIiESaISt4pairIKiS7_EEEaSERKSE_	std::map<int, int (*)(ISessionManager*, CNetworkSession*, PacketHeader*), std::less<int>, std::allocator<std::pair<int const, int (*)(ISessionManager*, CNetworkSession*, PacketHeader*)> > >::operator=(std::map<int, int (*)(ISessionManager*, CNetworkSession*, PacketHeader*), std::less<int>, std::allocator<std::pair<int const, int (*)(ISessionManager*, CNetworkSession*, PacketHeader*)> > > const&)	0			0x8050624	29	0	11	no	0.0	no	no
Community/src/SessionManager.cpp.o	_ZNSt3mapIiiSt4lessIiESaISt4pairIKiiEEEC1Ev	std::map<int, int, std::less<int>, std::allocator<std::pair<int const, int> > >::map()	0			0x8050512	19	0	8	no	0.0	no	no
Community/src/SessionManager.cpp.o	_ZNSt3mapIiiSt4lessIiESaISt4pairIKiiEEED1Ev	std::map<int, int, std::less<int>, std::allocator<std::pair<int const, int> > >::~map()	0			0x80504a4	19	0	8	no	0.0	no	no
Community/src/SessionManager.cpp.o	_ZNSt3mapIiiSt4lessIiESaISt4pairIKiiEEEaSERKS6_	std::map<int, int, std::less<int>, std::allocator<std::pair<int const, int> > >::operator=(std::map<int, int, std::less<int>, std::allocator<std::pair<int const, int> > > const&)	0			0x8050606	29	0	11	no	0.0	no	no
Community/src/SessionManager.cpp.o	_ZNSt4pairIKiPFiP15ISessionManagerP15CNetworkSessionP12PacketHeaderEED1Ev	std::pair<int const, int (*)(ISessionManager*, CNetworkSession*, PacketHeader*)>::~pair()	0			0x8050f6a	5	0	4	no	0.0	no	no
Community/src/SessionManager.cpp.o	_ZNSt4pairIKiiED1Ev	std::pair<int const, int>::~pair()	0			0x8050ee8	5	0	4	no	0.0	no	no
Community/src/SessionManager.cpp.o	_ZNSt8_Rb_treeIiSt4pairIKiPFiP15ISessionManagerP15CNetworkSessionP12PacketHeaderEESt10_Select1stISA_ESt4lessIiESaISA_EE10_S_maximumEPSt18_Rb_tree_node_base	std::_Rb_tree<int, std::pair<int const, int (*)(ISessionManager*, CNetworkSession*, PacketHeader*)>, std::_Select1st<std::pair<int const, int (*)(ISessionManager*, CNetworkSession*, PacketHeader*)> >, std::less<int>, std::allocator<std::pair<int const, int (*)(ISessionManager*, CNetworkSession*, PacketHeader*)> > >::_S_maximum(std::_Rb_tree_node_base*)	0			0x8050e3d	19	0	8	no	0.0	no	no
Community/src/SessionManager.cpp.o	_ZNSt8_Rb_treeIiSt4pairIKiPFiP15ISessionManagerP15CNetworkSessionP12PacketHeaderEESt10_Select1stISA_ESt4lessIiESaISA_EE10_S_minimumEPSt18_Rb_tree_node_base	std::_Rb_tree<int, std::pair<int const, int (*)(ISessionManager*, CNetworkSession*, PacketHeader*)>, std::_Select1st<std::pair<int const, int (*)(ISessionManager*, CNetworkSession*, PacketHeader*)> >, std::less<int>, std::allocator<std::pair<int const, int (*)(ISessionManager*, CNetworkSession*, PacketHeader*)> > >::_S_minimum(std::_Rb_tree_node_base*)	0			0x8050e1f	19	0	8	no	0.0	no	no
Community/src/SessionManager.cpp.o	_ZNSt8_Rb_treeIiSt4pairIKiPFiP15ISessionManagerP15CNetworkSessionP12PacketHeaderEESt10_Select1stISA_ESt4lessIiESaISA_EE11_M_get_nodeEv	std::_Rb_tree<int, std::pair<int const, int (*)(ISessionManager*, CNetworkSession*, PacketHeader*)>, std::_Select1st<std::pair<int const, int (*)(ISessionManager*, CNetworkSession*, PacketHeader*)> >, std::less<int>, std::allocator<std::pair<int const, int (*)(ISessionManager*, CNetworkSession*, PacketHeader*)> > >::_M_get_node()	0			0x804fbcc	35	0	10	no	0.0	no	no
Community/src/SessionManager.cpp.o	_ZNSt8_Rb_treeIiSt4pairIKiPFiP15ISessionManagerP15CNetworkSessionP12PacketHeaderEESt10_Select1stISA_ESt4lessIiESaISA_EE11_M_leftmostEv	std::_Rb_tree<int, std::pair<int const, int (*)(ISessionManager*, CNetworkSession*, PacketHeader*)>, std::_Select1st<std::pair<int const, int (*)(ISessionManager*, CNetworkSession*, PacketHeader*)> >, std::less<int>, std::allocator<std::pair<int const, int (*)(ISessionManager*, CNetworkSession*, PacketHeader*)> > >::_M_leftmost()	0			0x8050e32	11	0	6	no	0.0	no	no
Community/src/SessionManager.cpp.o	_ZNSt8_Rb_treeIiSt4pairIKiPFiP15ISessionManagerP15CNetworkSessionP12PacketHeaderEESt10_Select1stISA_ESt4lessIiESaISA_EE11_M_put_nodeEPSt13_Rb_tree_nodeISA_E	std::_Rb_tree<int, std::pair<int const, int (*)(ISessionManager*, CNetworkSession*, PacketHeader*)>, std::_Select1st<std::pair<int const, int (*)(ISessionManager*, CNetworkSession*, PacketHeader*)> >, std::less<int>, std::allocator<std::pair<int const, int (*)(ISessionManager*, CNetworkSession*, PacketHeader*)> > >::_M_put_node(std::_Rb_tree_node<std::pair<int const, int (*)(ISessionManager*, CNetworkSession*, PacketHeader*)> >*)	0			0x804fc66	34	0	11	no	0.0	no	no
Community/src/SessionManager.cpp.o	_ZNSt8_Rb_treeIiSt4pairIKiPFiP15ISessionManagerP15CNetworkSessionP12PacketHeaderEESt10_Select1stISA_ESt4lessIiESaISA_EE12_M_rightmostEv	std::_Rb_tree<int, std::pair<int const, int (*)(ISessionManager*, CNetworkSession*, PacketHeader*)>, std::_Select1st<std::pair<int const, int (*)(ISessionManager*, CNetworkSession*, PacketHeader*)> >, std::less<int>, std::allocator<std::pair<int const, int (*)(ISessionManager*, CNetworkSession*, PacketHeader*)> > >::_M_rightmost()	0			0x8050e50	11	0	6	no	0.0	no	no
Community/src/SessionManager.cpp.o	_ZNSt8_Rb_treeIiSt4pairIKiPFiP15ISessionManagerP15CNetworkSessionP12PacketHeaderEESt10_Select1stISA_ESt4lessIiESaISA_EE13_M_clone_nodeEPKSt13_Rb_tree_nodeISA_E	std::_Rb_tree<int, std::pair<int const, int (*)(ISessionManager*, CNetworkSession*, PacketHeader*)>, std::_Select1st<std::pair<int const, int (*)(ISessionManager*, CNetworkSession*, PacketHeader*)> >, std::less<int>, std::allocator<std::pair<int const, int (*)(ISessionManager*, CNetworkSession*, PacketHeader*)> > >::_M_clone_node(std::_Rb_tree_node<std::pair<int const, int (*)(ISessionManager*, CNetworkSession*, PacketHeader*)> > const*)	0			0x8050fdc	65	0	21	no	0.0	no	no
Community/src/SessionManager.cpp.o	_ZNSt8_Rb_treeIiSt4pairIKiPFiP15ISessionManagerP15CNetworkSessionP12PacketHeaderEESt10_Select1stISA_ESt4lessIiESaISA_EE13_Rb_tree_implISE_Lb0EE13_M_initializeEv	std::_Rb_tree<int, std::pair<int const, int (*)(ISessionManager*, CNetworkSession*, PacketHeader*)>, std::_Select1st<std::pair<int const, int (*)(ISessionManager*, CNetworkSession*, PacketHeader*)> >, std::less<int>, std::allocator<std::pair<int const, int (*)(ISessionManager*, CNetworkSession*, PacketHeader*)> > >::_Rb_tree_impl<std::less<int>, false>::_M_initialize()	0			0x8050f38	49	0	16	no	0.0	no	no
Community/src/SessionManager.cpp.o	_ZNSt8_Rb_treeIiSt4pairIKiPFiP15ISessionManagerP15CNetworkSessionP12PacketHeaderEESt10_Select1stISA_ESt4lessIiESaISA_EE13_Rb_tree_implISE_Lb0EEC1Ev	std::_Rb_tree<int, std::pair<int const, int (*)(ISessionManager*, CNetworkSession*, PacketHeader*)>, std::_Select1st<std::pair<int const, int (*)(ISessionManager*, CNetworkSession*, PacketHeader*)> >, std::less<int>, std::allocator<std::pair<int const, int (*)(ISessionManager*, CNetworkSession*, PacketHeader*)> > >::_Rb_tree_impl<std::less<int>, false>::_Rb_tree_impl()	0			0x80509aa	80	0	21	no	0.0	no	no
Community/src/SessionManager.cpp.o	_ZNSt8_Rb_treeIiSt4pairIKiPFiP15ISessionManagerP15CNetworkSessionP12PacketHeaderEESt10_Select1stISA_ESt4lessIiESaISA_EE13_Rb_tree_implISE_Lb0EED1Ev	std::_Rb_tree<int, std::pair<int const, int (*)(ISessionManager*, CNetworkSession*, PacketHeader*)>, std::_Select1st<std::pair<int const, int (*)(ISessionManager*, CNetworkSession*, PacketHeader*)> >, std::less<int>, std::allocator<std::pair<int const, int (*)(ISessionManager*, CNetworkSession*, PacketHeader*)> > >::_Rb_tree_impl<std::less<int>, false>::~_Rb_tree_impl()	0			0x80505a0	19	0	8	no	0.0	no	no
Community/src/SessionManager.cpp.o	_ZNSt8_Rb_treeIiSt4pairIKiPFiP15ISessionManagerP15CNetworkSessionP12PacketHeaderEESt10_Select1stISA_ESt4lessIiESaISA_EE14_M_create_nodeERKSA_	std::_Rb_tree<int, std::pair<int const, int (*)(ISessionManager*, CNetworkSession*, PacketHeader*)>, std::_Select1st<std::pair<int const, int (*)(ISessionManager*, CNetworkSession*, PacketHeader*)> >, std::less<int>, std::allocator<std::pair<int const, int (*)(ISessionManager*, CNetworkSession*, PacketHeader*)> > >::_M_create_node(std::pair<int const, int (*)(ISessionManager*, CNetworkSession*, PacketHeader*)> const&)	0			0x804fb38	147	0	48	no	0.0	no	no
Community/src/SessionManager.cpp.o	_ZNSt8_Rb_treeIiSt4pairIKiPFiP15ISessionManagerP15CNetworkSessionP12PacketHeaderEESt10_Select1stISA_ESt4lessIiESaISA_EE15_M_destroy_nodeEPSt13_Rb_tree_nodeISA_E	std::_Rb_tree<int, std::pair<int const, int (*)(ISessionManager*, CNetworkSession*, PacketHeader*)>, std::_Select1st<std::pair<int const, int (*)(ISessionManager*, CNetworkSession*, PacketHeader*)> >, std::less<int>, std::allocator<std::pair<int const, int (*)(ISessionManager*, CNetworkSession*, PacketHeader*)> > >::_M_destroy_node(std::_Rb_tree_node<std::pair<int const, int (*)(ISessionManager*, CNetworkSession*, PacketHeader*)> >*)	0			0x8050a00	83	0	27	no	0.0	no	no
Community/src/SessionManager.cpp.o	_ZNSt8_Rb_treeIiSt4pairIKiPFiP15ISessionManagerP15CNetworkSessionP12PacketHeaderEESt10_Select1stISA_ESt4lessIiESaISA_EE5clearEv	std::_Rb_tree<int, std::pair<int const, int (*)(ISessionManager*, CNetworkSession*, PacketHeader*)>, std::_Select1st<std::pair<int const, int (*)(ISessionManager*, CNetworkSession*, PacketHeader*)> >, std::less<int>, std::allocator<std::pair<int const, int (*)(ISessionManager*, CNetworkSession*, PacketHeader*)> > >::clear()	0			0x8050c5e	118	0	37	no	0.0	no	no
Community/src/SessionManager.cpp.o	_ZNSt8_Rb_treeIiSt4pairIKiPFiP15ISessionManagerP15CNetworkSessionP12PacketHeaderEESt10_Select1stISA_ESt4lessIiESaISA_EE6_M_endEv	std::_Rb_tree<int, std::pair<int const, int (*)(ISessionManager*, CNetworkSession*, PacketHeader*)>, std::_Select1st<std::pair<int const, int (*)(ISessionManager*, CNetworkSession*, PacketHeader*)> >, std::less<int>, std::allocator<std::pair<int const, int (*)(ISessionManager*, CNetworkSession*, PacketHeader*)> > >::_M_end()	0			0x804f8ee	11	0	6	no	0.0	no	no
Community/src/SessionManager.cpp.o	_ZNSt8_Rb_treeIiSt4pairIKiPFiP15ISessionManagerP15CNetworkSessionP12PacketHeaderEESt10_Select1stISA_ESt4lessIiESaISA_EE7_M_copyEPKSt13_Rb_tree_nodeISA_EPSI_	std::_Rb_tree<int, std::pair<int const, int (*)(ISessionManager*, CNetworkSession*, PacketHeader*)>, std::_Select1st<std::pair<int const, int (*)(ISessionManager*, CNetworkSession*, PacketHeader*)> >, std::less<int>, std::allocator<std::pair<int const, int (*)(ISessionManager*, CNetworkSession*, PacketHeader*)> > >::_M_copy(std::_Rb_tree_node<std::pair<int const, int (*)(ISessionManager*, CNetworkSession*, PacketHeader*)> > const*, std::_Rb_tree_node<std::pair<int const, int (*)(ISessionManager*, CNetworkSession*, PacketHeader*)> >*)	0			0x8050ce0	296	0	97	no	0.0	no	no
Community/src/SessionManager.cpp.o	_ZNSt8_Rb_treeIiSt4pairIKiPFiP15ISessionManagerP15CNetworkSessionP12PacketHeaderEESt10_Select1stISA_ESt4lessIiESaISA_EE7_M_rootEv	std::_Rb_tree<int, std::pair<int const, int (*)(ISessionManager*, CNetworkSession*, PacketHeader*)>, std::_Select1st<std::pair<int const, int (*)(ISessionManager*, CNetworkSession*, PacketHeader*)> >, std::less<int>, std::allocator<std::pair<int const, int (*)(ISessionManager*, CNetworkSession*, PacketHeader*)> > >::_M_root()	0			0x8050e14	11	0	6	no	0.0	no	no
Community/src/SessionManager.cpp.o	_ZNSt8_Rb_treeIiSt4pairIKiPFiP15ISessionManagerP15CNetworkSessionP12PacketHeaderEESt10_Select1stISA_ESt4lessIiESaISA_EE7_S_leftEPKSt18_Rb_tree_node_base	std::_Rb_tree<int, std::pair<int const, int (*)(ISessionManager*, CNetworkSession*, PacketHeader*)>, std::_Select1st<std::pair<int const, int (*)(ISessionManager*, CNetworkSession*, PacketHeader*)> >, std::less<int>, std::allocator<std::pair<int const, int (*)(ISessionManager*, CNetworkSession*, PacketHeader*)> > >::_S_left(std::_Rb_tree_node_base const*)	0			0x8051028	11	0	6	no	0.0	no	no
Community/src/SessionManager.cpp.o	_ZNSt8_Rb_treeIiSt4pairIKiPFiP15ISessionManagerP15CNetworkSessionP12PacketHeaderEESt10_Select1stISA_ESt4lessIiESaISA_EE7_S_leftEPSt18_Rb_tree_node_base	std::_Rb_tree<int, std::pair<int const, int (*)(ISessionManager*, CNetworkSession*, PacketHeader*)>, std::_Select1st<std::pair<int const, int (*)(ISessionManager*, CNetworkSession*, PacketHeader*)> >, std::less<int>, std::allocator<std::pair<int const, int (*)(ISessionManager*, CNetworkSession*, PacketHeader*)> > >::_S_left(std::_Rb_tree_node_base*)	0			0x804f9ef	11	0	6	no	0.0	no	no
Community/src/SessionManager.cpp.o	_ZNSt8_Rb_treeIiSt4pairIKiPFiP15ISessionManagerP15CNetworkSessionP12PacketHeaderEESt10_Select1stISA_ESt4lessIiESaISA_EE8_M_beginEv	std::_Rb_tree<int, std::pair<int const, int (*)(ISessionManager*, CNetworkSession*, PacketHeader*)>, std::_Select1st<std::pair<int const, int (*)(ISessionManager*, CNetworkSession*, PacketHeader*)> >, std::less<int>, std::allocator<std::pair<int const, int (*)(ISessionManager*, CNetworkSession*, PacketHeader*)> > >::_M_begin()	0			0x804f8e2	11	0	6	no	0.0	no	no
Community/src/SessionManager.cpp.o	_ZNSt8_Rb_treeIiSt4pairIKiPFiP15ISessionManagerP15CNetworkSessionP12PacketHeaderEESt10_Select1stISA_ESt4lessIiESaISA_EE8_M_eraseEPSt13_Rb_tree_nodeISA_E	std::_Rb_tree<int, std::pair<int const, int (*)(ISessionManager*, CNetworkSession*, PacketHeader*)>, std::_Select1st<std::pair<int const, int (*)(ISessionManager*, CNetworkSession*, PacketHeader*)> >, std::less<int>, std::allocator<std::pair<int const, int (*)(ISessionManager*, CNetworkSession*, PacketHeader*)> > >::_M_erase(std::_Rb_tree_node<std::pair<int const, int (*)(ISessionManager*, CNetworkSession*, PacketHeader*)> >*)	0			0x80506f4	85	0	28	no	0.0	no	no
Community/src/SessionManager.cpp.o	_ZNSt8_Rb_treeIiSt4pairIKiPFiP15ISessionManagerP15CNetworkSessionP12PacketHeaderEESt10_Select1stISA_ESt4lessIiESaISA_EE8_S_rightEPKSt18_Rb_tree_node_base	std::_Rb_tree<int, std::pair<int const, int (*)(ISessionManager*, CNetworkSession*, PacketHeader*)>, std::_Select1st<std::pair<int const, int (*)(ISessionManager*, CNetworkSession*, PacketHeader*)> >, std::less<int>, std::allocator<std::pair<int const, int (*)(ISessionManager*, CNetworkSession*, PacketHeader*)> > >::_S_right(std::_Rb_tree_node_base const*)	0			0x805101d	11	0	6	no	0.0	no	no
Community/src/SessionManager.cpp.o	_ZNSt8_Rb_treeIiSt4pairIKiPFiP15ISessionManagerP15CNetworkSessionP12PacketHeaderEESt10_Select1stISA_ESt4lessIiESaISA_EE8_S_rightEPSt18_Rb_tree_node_base	std::_Rb_tree<int, std::pair<int const, int (*)(ISessionManager*, CNetworkSession*, PacketHeader*)>, std::_Select1st<std::pair<int const, int (*)(ISessionManager*, CNetworkSession*, PacketHeader*)> >, std::less<int>, std::allocator<std::pair<int const, int (*)(ISessionManager*, CNetworkSession*, PacketHeader*)> > >::_S_right(std::_Rb_tree_node_base*)	0			0x804f9e4	11	0	6	no	0.0	no	no
Community/src/SessionManager.cpp.o	_ZNSt8_Rb_treeIiSt4pairIKiPFiP15ISessionManagerP15CNetworkSessionP12PacketHeaderEESt10_Select1stISA_ESt4lessIiESaISA_EEC1Ev	std::_Rb_tree<int, std::pair<int const, int (*)(ISessionManager*, CNetworkSession*, PacketHeader*)>, std::_Select1st<std::pair<int const, int (*)(ISessionManager*, CNetworkSession*, PacketHeader*)> >, std::less<int>, std::allocator<std::pair<int const, int (*)(ISessionManager*, CNetworkSession*, PacketHeader*)> > >::_Rb_tree()	0			0x80506cc	19	0	8	no	0.0	no	no
Community/src/SessionManager.cpp.o	_ZNSt8_Rb_treeIiSt4pairIKiPFiP15ISessionManagerP15CNetworkSessionP12PacketHeaderEESt10_Select1stISA_ESt4lessIiESaISA_EED1Ev	std::_Rb_tree<int, std::pair<int const, int (*)(ISessionManager*, CNetworkSession*, PacketHeader*)>, std::_Select1st<std::pair<int const, int (*)(ISessionManager*, CNetworkSession*, PacketHeader*)> >, std::less<int>, std::allocator<std::pair<int const, int (*)(ISessionManager*, CNetworkSession*, PacketHeader*)> > >::~_Rb_tree()	0			0x80505b4	81	0	30	no	0.0	no	no
Community/src/SessionManager.cpp.o	_ZNSt8_Rb_treeIiSt4pairIKiPFiP15ISessionManagerP15CNetworkSessionP12PacketHeaderEESt10_Select1stISA_ESt4lessIiESaISA_EEaSERKSG_	std::_Rb_tree<int, std::pair<int const, int (*)(ISessionManager*, CNetworkSession*, PacketHeader*)>, std::_Select1st<std::pair<int const, int (*)(ISessionManager*, CNetworkSession*, PacketHeader*)> >, std::less<int>, std::allocator<std::pair<int const, int (*)(ISessionManager*, CNetworkSession*, PacketHeader*)> > >::operator=(std::_Rb_tree<int, std::pair<int const, int (*)(ISessionManager*, CNetworkSession*, PacketHeader*)>, std::_Select1st<std::pair<int const, int (*)(ISessionManager*, CNetworkSession*, PacketHeader*)> >, std::less<int>, std::allocator<std::pair<int const, int (*)(ISessionManager*, CNetworkSession*, PacketHeader*)> > > const&)	0			0x805081a	207	0	67	no	0.0	no	no
Community/src/SessionManager.cpp.o	_ZNSt8_Rb_treeIiSt4pairIKiiESt10_Select1stIS2_ESt4lessIiESaIS2_EE10_S_maximumEPSt18_Rb_tree_node_base	std::_Rb_tree<int, std::pair<int const, int>, std::_Select1st<std::pair<int const, int> >, std::less<int>, std::allocator<std::pair<int const, int> > >::_S_maximum(std::_Rb_tree_node_base*)	0			0x8050c3f	19	0	8	no	0.0	no	no
Community/src/SessionManager.cpp.o	_ZNSt8_Rb_treeIiSt4pairIKiiESt10_Select1stIS2_ESt4lessIiESaIS2_EE10_S_minimumEPSt18_Rb_tree_node_base	std::_Rb_tree<int, std::pair<int const, int>, std::_Select1st<std::pair<int const, int> >, std::less<int>, std::allocator<std::pair<int const, int> > >::_S_minimum(std::_Rb_tree_node_base*)	0			0x8050c21	19	0	8	no	0.0	no	no
Community/src/SessionManager.cpp.o	_ZNSt8_Rb_treeIiSt4pairIKiiESt10_Select1stIS2_ESt4lessIiESaIS2_EE11_M_get_nodeEv	std::_Rb_tree<int, std::pair<int const, int>, std::_Select1st<std::pair<int const, int> >, std::less<int>, std::allocator<std::pair<int const, int> > >::_M_get_node()	0			0x80510d6	35	0	10	no	0.0	no	no
Community/src/SessionManager.cpp.o	_ZNSt8_Rb_treeIiSt4pairIKiiESt10_Select1stIS2_ESt4lessIiESaIS2_EE11_M_leftmostEv	std::_Rb_tree<int, std::pair<int const, int>, std::_Select1st<std::pair<int const, int> >, std::less<int>, std::allocator<std::pair<int const, int> > >::_M_leftmost()	0			0x8050c34	11	0	6	no	0.0	no	no
Community/src/SessionManager.cpp.o	_ZNSt8_Rb_treeIiSt4pairIKiiESt10_Select1stIS2_ESt4lessIiESaIS2_EE11_M_put_nodeEPSt13_Rb_tree_nodeIS2_E	std::_Rb_tree<int, std::pair<int const, int>, std::_Select1st<std::pair<int const, int> >, std::less<int>, std::allocator<std::pair<int const, int> > >::_M_put_node(std::_Rb_tree_node<std::pair<int const, int> >*)	0			0x8050f02	34	0	11	no	0.0	no	no
Community/src/SessionManager.cpp.o	_ZNSt8_Rb_treeIiSt4pairIKiiESt10_Select1stIS2_ESt4lessIiESaIS2_EE12_M_rightmostEv	std::_Rb_tree<int, std::pair<int const, int>, std::_Select1st<std::pair<int const, int> >, std::less<int>, std::allocator<std::pair<int const, int> > >::_M_rightmost()	0			0x8050c52	11	0	6	no	0.0	no	no
Community/src/SessionManager.cpp.o	_ZNSt8_Rb_treeIiSt4pairIKiiESt10_Select1stIS2_ESt4lessIiESaIS2_EE13_M_clone_nodeEPKSt13_Rb_tree_nodeIS2_E	std::_Rb_tree<int, std::pair<int const, int>, std::_Select1st<std::pair<int const, int> >, std::less<int>, std::allocator<std::pair<int const, int> > >::_M_clone_node(std::_Rb_tree_node<std::pair<int const, int> > const*)	0			0x8050f84	65	0	21	no	0.0	no	no
Community/src/SessionManager.cpp.o	_ZNSt8_Rb_treeIiSt4pairIKiiESt10_Select1stIS2_ESt4lessIiESaIS2_EE13_Rb_tree_implIS6_Lb0EE13_M_initializeEv	std::_Rb_tree<int, std::pair<int const, int>, std::_Select1st<std::pair<int const, int> >, std::less<int>, std::allocator<std::pair<int const, int> > >::_Rb_tree_impl<std::less<int>, false>::_M_initialize()	0			0x8050e70	49	0	16	no	0.0	no	no
Community/src/SessionManager.cpp.o	_ZNSt8_Rb_treeIiSt4pairIKiiESt10_Select1stIS2_ESt4lessIiESaIS2_EE13_Rb_tree_implIS6_Lb0EEC1Ev	std::_Rb_tree<int, std::pair<int const, int>, std::_Select1st<std::pair<int const, int> >, std::less<int>, std::allocator<std::pair<int const, int> > >::_Rb_tree_impl<std::less<int>, false>::_Rb_tree_impl()	0			0x80508ea	80	0	21	no	0.0	no	no
Community/src/SessionManager.cpp.o	_ZNSt8_Rb_treeIiSt4pairIKiiESt10_Select1stIS2_ESt4lessIiESaIS2_EE13_Rb_tree_implIS6_Lb0EED1Ev	std::_Rb_tree<int, std::pair<int const, int>, std::_Select1st<std::pair<int const, int> >, std::less<int>, std::allocator<std::pair<int const, int> > >::_Rb_tree_impl<std::less<int>, false>::~_Rb_tree_impl()	0			0x8050526	19	0	8	no	0.0	no	no
Community/src/SessionManager.cpp.o	_ZNSt8_Rb_treeIiSt4pairIKiiESt10_Select1stIS2_ESt4lessIiESaIS2_EE14_M_create_nodeERKS2_	std::_Rb_tree<int, std::pair<int const, int>, std::_Select1st<std::pair<int const, int> >, std::less<int>, std::allocator<std::pair<int const, int> > >::_M_create_node(std::pair<int const, int> const&)	0			0x8051076	89	0	29	no	0.0	no	no
Community/src/SessionManager.cpp.o	_ZNSt8_Rb_treeIiSt4pairIKiiESt10_Select1stIS2_ESt4lessIiESaIS2_EE15_M_destroy_nodeEPSt13_Rb_tree_nodeIS2_E	std::_Rb_tree<int, std::pair<int const, int>, std::_Select1st<std::pair<int const, int> >, std::less<int>, std::allocator<std::pair<int const, int> > >::_M_destroy_node(std::_Rb_tree_node<std::pair<int const, int> >*)	0			0x8050956	83	0	27	no	0.0	no	no
Community/src/SessionManager.cpp.o	_ZNSt8_Rb_treeIiSt4pairIKiiESt10_Select1stIS2_ESt4lessIiESaIS2_EE5clearEv	std::_Rb_tree<int, std::pair<int const, int>, std::_Select1st<std::pair<int const, int> >, std::less<int>, std::allocator<std::pair<int const, int> > >::clear()	0			0x8050a54	118	0	37	no	0.0	no	no
Community/src/SessionManager.cpp.o	_ZNSt8_Rb_treeIiSt4pairIKiiESt10_Select1stIS2_ESt4lessIiESaIS2_EE6_M_endEv	std::_Rb_tree<int, std::pair<int const, int>, std::_Select1st<std::pair<int const, int> >, std::less<int>, std::allocator<std::pair<int const, int> > >::_M_end()	0			0x8050c0a	11	0	6	no	0.0	no	no
Community/src/SessionManager.cpp.o	_ZNSt8_Rb_treeIiSt4pairIKiiESt10_Select1stIS2_ESt4lessIiESaIS2_EE7_M_copyEPKSt13_Rb_tree_nodeIS2_EPSA_	std::_Rb_tree<int, std::pair<int const, int>, std::_Select1st<std::pair<int const, int> >, std::less<int>, std::allocator<std::pair<int const, int> > >::_M_copy(std::_Rb_tree_node<std::pair<int const, int> > const*, std::_Rb_tree_node<std::pair<int const, int> >*)	0			0x8050ad6	296	0	97	no	0.0	no	no
Community/src/SessionManager.cpp.o	_ZNSt8_Rb_treeIiSt4pairIKiiESt10_Select1stIS2_ESt4lessIiESaIS2_EE7_M_rootEv	std::_Rb_tree<int, std::pair<int const, int>, std::_Select1st<std::pair<int const, int> >, std::less<int>, std::allocator<std::pair<int const, int> > >::_M_root()	0			0x8050c16	11	0	6	no	0.0	no	no
Community/src/SessionManager.cpp.o	_ZNSt8_Rb_treeIiSt4pairIKiiESt10_Select1stIS2_ESt4lessIiESaIS2_EE7_S_leftEPKSt18_Rb_tree_node_base	std::_Rb_tree<int, std::pair<int const, int>, std::_Select1st<std::pair<int const, int> >, std::less<int>, std::allocator<std::pair<int const, int> > >::_S_left(std::_Rb_tree_node_base const*)	0			0x8050fd0	11	0	6	no	0.0	no	no
Community/src/SessionManager.cpp.o	_ZNSt8_Rb_treeIiSt4pairIKiiESt10_Select1stIS2_ESt4lessIiESaIS2_EE7_S_leftEPSt18_Rb_tree_node_base	std::_Rb_tree<int, std::pair<int const, int>, std::_Select1st<std::pair<int const, int> >, std::less<int>, std::allocator<std::pair<int const, int> > >::_S_left(std::_Rb_tree_node_base*)	0			0x805094a	11	0	6	no	0.0	no	no
Community/src/SessionManager.cpp.o	_ZNSt8_Rb_treeIiSt4pairIKiiESt10_Select1stIS2_ESt4lessIiESaIS2_EE8_M_beginEv	std::_Rb_tree<int, std::pair<int const, int>, std::_Select1st<std::pair<int const, int> >, std::less<int>, std::allocator<std::pair<int const, int> > >::_M_begin()	0			0x80506c0	11	0	6	no	0.0	no	no
Community/src/SessionManager.cpp.o	_ZNSt8_Rb_treeIiSt4pairIKiiESt10_Select1stIS2_ESt4lessIiESaIS2_EE8_M_eraseEPSt13_Rb_tree_nodeIS2_E	std::_Rb_tree<int, std::pair<int const, int>, std::_Select1st<std::pair<int const, int> >, std::less<int>, std::allocator<std::pair<int const, int> > >::_M_erase(std::_Rb_tree_node<std::pair<int const, int> >*)	0			0x805066a	85	0	28	no	0.0	no	no
Community/src/SessionManager.cpp.o	_ZNSt8_Rb_treeIiSt4pairIKiiESt10_Select1stIS2_ESt4lessIiESaIS2_EE8_S_rightEPKSt18_Rb_tree_node_base	std::_Rb_tree<int, std::pair<int const, int>, std::_Select1st<std::pair<int const, int> >, std::less<int>, std::allocator<std::pair<int const, int> > >::_S_right(std::_Rb_tree_node_base const*)	0			0x8050fc5	11	0	6	no	0.0	no	no
Community/src/SessionManager.cpp.o	_ZNSt8_Rb_treeIiSt4pairIKiiESt10_Select1stIS2_ESt4lessIiESaIS2_EE8_S_rightEPSt18_Rb_tree_node_base	std::_Rb_tree<int, std::pair<int const, int>, std::_Select1st<std::pair<int const, int> >, std::less<int>, std::allocator<std::pair<int const, int> > >::_S_right(std::_Rb_tree_node_base*)	0			0x805093f	11	0	6	no	0.0	no	no
Community/src/SessionManager.cpp.o	_ZNSt8_Rb_treeIiSt4pairIKiiESt10_Select1stIS2_ESt4lessIiESaIS2_EEC1Ev	std::_Rb_tree<int, std::pair<int const, int>, std::_Select1st<std::pair<int const, int> >, std::less<int>, std::allocator<std::pair<int const, int> > >::_Rb_tree()	0			0x8050642	19	0	8	no	0.0	no	no
Community/src/SessionManager.cpp.o	_ZNSt8_Rb_treeIiSt4pairIKiiESt10_Select1stIS2_ESt4lessIiESaIS2_EED1Ev	std::_Rb_tree<int, std::pair<int const, int>, std::_Select1st<std::pair<int const, int> >, std::less<int>, std::allocator<std::pair<int const, int> > >::~_Rb_tree()	0			0x805053a	81	0	30	no	0.0	no	no
Community/src/SessionManager.cpp.o	_ZNSt8_Rb_treeIiSt4pairIKiiESt10_Select1stIS2_ESt4lessIiESaIS2_EEaSERKS8_	std::_Rb_tree<int, std::pair<int const, int>, std::_Select1st<std::pair<int const, int> >, std::less<int>, std::allocator<std::pair<int const, int> > >::operator=(std::_Rb_tree<int, std::pair<int const, int>, std::_Select1st<std::pair<int const, int> >, std::less<int>, std::allocator<std::pair<int const, int> > > const&)	0			0x805074a	207	0	67	no	0.0	no	no
Community/src/SessionManager.cpp.o	_ZThn4_N15CSessionManagerD0Ev	non-virtual thunk to CSessionManager::~CSessionManager()	1	0x80526b2	7	0x80503be	7	2	2	yes	1.0	no	no
Community/src/SessionManager.cpp.o	_ZThn4_N15CSessionManagerD1Ev	non-virtual thunk to CSessionManager::~CSessionManager()	1	0x80526a8	10	0x80503b4	10	2	2	yes	1.0	no	no
Community/src/SessionManager.cpp.o	_ZnwjPv	operator new(unsigned int, void*)	1	0x804b14d	8	0x804b889	8	5	5	yes	1.0	no	no
Community/src/SessionProxy.cpp.o	_ZN14network_engine13CSessionProxyI15CNetworkSessionN12socket_event6CEpollEE10TryConnectEPKci	network_engine::CSessionProxy<CNetworkSession, socket_event::CEpoll>::TryConnect(char const*, int)	1	0x8052b00	106	0x805118c	113	31	33	no	0.9393939393939394	no	no
Community/src/SessionProxy.cpp.o	_ZN14network_engine13CSessionProxyI15CNetworkSessionN12socket_event6CEpollEE12CreateEventsEi	network_engine::CSessionProxy<CNetworkSession, socket_event::CEpoll>::CreateEvents(int)	1	0x804c85a	26	0x8051172	26	10	10	yes	1.0	no	no
Community/src/SessionProxy.cpp.o	_ZN14network_engine13CSessionProxyI15CNetworkSessionN12socket_event6CEpollEE13TryDisconnectEPS1_	network_engine::CSessionProxy<CNetworkSession, socket_event::CEpoll>::TryDisconnect(CNetworkSession*)	1	0x8052ada	37	0x80511fe	37	13	13	yes	1.0	no	no
Community/src/SessionProxy.cpp.o	_ZN14network_engine13CSessionProxyI15CNetworkSessionN12socket_event6CEpollEE19WaitForSessionEventEi	network_engine::CSessionProxy<CNetworkSession, socket_event::CEpoll>::WaitForSessionEvent(int)	1	0x804c8c4	26	0x8051268	26	10	10	yes	1.0	no	no
Community/src/SessionProxy.cpp.o	_ZN14network_engine13CSessionProxyI15CNetworkSessionN12socket_event6CEpollEE9TryListenEPKci	network_engine::CSessionProxy<CNetworkSession, socket_event::CEpoll>::TryListen(char const*, int)	1	0x804c874	80	0x8051224	68	24	21	no	0.8333333333333334	no	yes
Community/src/SessionProxy.cpp.o	_ZN14network_engine13CSessionProxyI15CNetworkSessionN12socket_event6CEpollEED0Ev	network_engine::CSessionProxy<CNetworkSession, socket_event::CEpoll>::~CSessionProxy()	1	0x8052900	30	0x80512b2	30	11	11	yes	1.0	no	no
Community/src/SessionProxy.cpp.o	_ZN14network_engine13CSessionProxyI15CNetworkSessionN12socket_event6CEpollEED1Ev	network_engine::CSessionProxy<CNetworkSession, socket_event::CEpoll>::~CSessionProxy()	1	0x80528d0	48	0x8051282	48	16	16	yes	1.0	no	yes
Community/src/User.cpp.o	_ZN12PvPBuddyInfoC1Ev	PvPBuddyInfo::PvPBuddyInfo()	1	0x8054454	96	0x80528de	96	27	27	no	1.0	no	no
Community/src/User.cpp.o	_ZN13CBuddyManagerD1Ev	CBuddyManager::~CBuddyManager()	1	0x8051cf6	66	0x8052a72	19	26	8	no	0.2692307692307692	no	yes
Community/src/User.cpp.o	_ZN13CBuddyManageraSERKS_	CBuddyManager::operator=(CBuddyManager const&)	0			0x8052a86	29	0	11	no	0.0	no	no
Community/src/User.cpp.o	_ZN23Packet_Delete_PvP_BuddyC1Ev	Packet_Delete_PvP_Buddy::Packet_Delete_PvP_Buddy()	1	0x8054716	69	0x80525c8	69	18	18	yes	1.0	no	no
Community/src/User.cpp.o	_ZN23Packet_Insert_PvP_BuddyC1Ev	Packet_Insert_PvP_Buddy::Packet_Insert_PvP_Buddy()	1	0x80546d6	63	0x805260e	102	18	34	no	0.5	no	yes
Community/src/User.cpp.o	_ZN23Packet_Insert_PvP_BuddyD1Ev	Packet_Insert_PvP_Buddy::~Packet_Insert_PvP_Buddy()	0			0x8052aa4	75	0	29	no	0.0	no	no
Community/src/User.cpp.o	_ZN23Packet_Update_PvP_BuddyC1Ev	Packet_Update_PvP_Buddy::Packet_Update_PvP_Buddy()	1	0x805475c	66	0x8052a30	66	18	18	yes	1.0	no	no
Community/src/User.cpp.o	_ZN30Packet_Notice_PvP_Buddy_In_OutC1Ev	Packet_Notice_PvP_Buddy_In_Out::Packet_Notice_PvP_Buddy_In_Out()	1	0x805466c	106	0x8052818	106	26	26	yes	1.0	no	no
Community/src/User.cpp.o	_ZN32Packet_Response_Remove_PvP_BuddyC1Ev	Packet_Response_Remove_PvP_Buddy::Packet_Response_Remove_PvP_Buddy()	1	0x8054608	99	0x80529cc	99	24	24	yes	1.0	no	no
Community/src/User.cpp.o	_ZN34Packet_Notice_Add_PvP_Buddy_ResultC1Ev	Packet_Notice_Add_PvP_Buddy_Result::Packet_Notice_Add_PvP_Buddy_Result()	1	0x805459e	106	0x80527ae	106	26	26	yes	1.0	no	no
Community/src/User.cpp.o	_ZN35Packet_Notice_Request_Add_PvP_BuddyC1Ev	Packet_Notice_Request_Add_PvP_Buddy::Packet_Notice_Request_Add_PvP_Buddy()	1	0x8054542	92	0x8052882	92	22	22	yes	1.0	no	no
Community/src/User.cpp.o	_ZN35Packet_Response_PvP_Buddy_Conn_ListC1Ev	Packet_Response_PvP_Buddy_Conn_List::Packet_Response_PvP_Buddy_Conn_List()	1	0x80544b4	141	0x805293e	141	40	40	no	1.0	no	no
Community/src/User.cpp.o	_ZN40Packet_Monitor_Other_Channel_Chat_ToUserC1Ev	Packet_Monitor_Other_Channel_Chat_ToUser::Packet_Monitor_Other_Channel_Chat_ToUser()	1	0x80543cc	136	0x8052674	136	32	32	yes	1.0	no	no
Community/src/User.cpp.o	_ZN51Packet_Monitor_Other_Channel_Chat_ToUser_Hyper_LinkC1Ev	Packet_Monitor_Other_Channel_Chat_ToUser_Hyper_Link::Packet_Monitor_Other_Channel_Chat_ToUser_Hyper_Link()	1	0x805479e	178	0x80526fc	178	40	40	yes	1.0	no	no
Community/src/User.cpp.o	_ZN5CUser12check_myselfEv	CUser::check_myself()	1	0x8053280	315	0x8052488	320	93	94	no	0.9468085106382979	no	yes
Community/src/User.cpp.o	_ZN5CUser13get_user_infoEv	CUser::get_user_info()	1	0x8051d4c	11	0x80516b0	11	6	6	yes	1.0	no	no
Community/src/User.cpp.o	_ZN5CUser13req_add_buddyEPS_	CUser::req_add_buddy(CUser*)	1	0x8053920	110	0x80519ee	110	34	34	yes	1.0	no	no
Community/src/User.cpp.o	_ZN5CUser13res_add_buddyEPS_	CUser::res_add_buddy(CUser*)	1	0x805398e	295	0x8051bc2	369	85	110	no	0.7545454545454545	no	yes
Community/src/User.cpp.o	_ZN5CUser15db_delete_buddyEcj	CUser::db_delete_buddy(char, unsigned int)	1	0x8053e2c	88	0x8051556	88	29	29	no	1.0	no	no
Community/src/User.cpp.o	_ZN5CUser15db_insert_buddyEP16STPvPBuddyDBInfoS1_	CUser::db_insert_buddy(STPvPBuddyDBInfo*, STPvPBuddyDBInfo*)	1	0x8053dc0	108	0x80515ae	155	31	49	no	0.6122448979591837	no	yes
Community/src/User.cpp.o	_ZN5CUser15db_update_buddyEv	CUser::db_update_buddy()	1	0x8053e84	89	0x805164a	89	29	29	yes	1.0	no	no
Community/src/User.cpp.o	_ZN5CUser15send_buddy_listEv	CUser::send_buddy_list()	1	0x8053618	775	0x8051d34	781	238	240	no	0.9708333333333333	no	yes
Community/src/User.cpp.o	_ZN5CUser16req_remove_buddyEcPKc	CUser::req_remove_buddy(char, char const*)	1	0x8053b94	359	0x8051a5c	357	103	102	no	0.9902912621359223	no	yes
Community/src/User.cpp.o	_ZN5CUser17get_buddy_managerEv	CUser::get_buddy_manager()	1	0x8051d58	11	0x80516a4	11	6	6	yes	1.0	no	no
Community/src/User.cpp.o	_ZN5CUser19notice_login_logoutENS_9eLoginoutE	CUser::notice_login_logout(CUser::eLoginout)	1	0x8053500	279	0x805181a	271	83	80	no	0.963855421686747	no	yes
Community/src/User.cpp.o	_ZN5CUser21notice_add_buddy_failEch	CUser::notice_add_buddy_fail(char, unsigned char)	1	0x8053b36	94	0x805173c	94	31	31	yes	1.0	no	no
Community/src/User.cpp.o	_ZN5CUser23get_user_info_for_buddyER16STPvPBuddyDBInfo	CUser::get_user_info_for_buddy(STPvPBuddyDBInfo&)	1	0x8053480	128	0x80516bc	128	41	41	yes	1.0	no	no
Community/src/User.cpp.o	_ZN5CUser23send_other_channel_chatEP33Packet_Monitor_Other_Channel_ChatPS_	CUser::send_other_channel_chat(Packet_Monitor_Other_Channel_Chat*, CUser*)	1	0x8053ede	200	0x8052042	200	51	51	no	0.9803921568627451	no	no
Community/src/User.cpp.o	_ZN5CUser24notice_add_buddy_successEcPS_	CUser::notice_add_buddy_success(char, CUser*)	1	0x8053ab6	127	0x805179a	127	39	39	no	1.0	no	no
Community/src/User.cpp.o	_ZN5CUser24notice_remove_buddy_failEh	CUser::notice_remove_buddy_fail(unsigned char)	1	0x8053d6e	81	0x805192a	81	27	27	yes	1.0	no	no
Community/src/User.cpp.o	_ZN5CUser26check_variable_charac_infoEcPKccc	CUser::check_variable_charac_info(char, char const*, char, char)	1	0x80533bc	107	0x8051496	107	35	35	yes	1.0	no	no
Community/src/User.cpp.o	_ZN5CUser27notice_remove_buddy_successEcPKc	CUser::notice_remove_buddy_success(char, char const*)	1	0x8053cfc	114	0x805197c	114	35	35	yes	1.0	no	no
Community/src/User.cpp.o	_ZN5CUser27update_variable_charac_infoEcPKccc	CUser::update_variable_charac_info(char, char const*, char, char)	1	0x8053428	87	0x8052434	84	30	28	no	0.9333333333333333	no	no
Community/src/User.cpp.o	_ZN5CUser27update_variable_charac_infoEcPccc	CUser::update_variable_charac_info(char, char*, char, char)	0			0x8051502	84	0	28	no	0.0	no	no
Community/src/User.cpp.o	_ZN5CUser30send_other_channel_chat_resultEP33Packet_Monitor_Other_Channel_Chat18ENUM_MONITOR_ERROR	CUser::send_other_channel_chat_result(Packet_Monitor_Other_Channel_Chat*, ENUM_MONITOR_ERROR)	1	0x8053fa6	196	0x805223e	196	50	50	no	0.98	no	yes
Community/src/User.cpp.o	_ZN5CUser34send_other_channel_chat_hyper_linkEP44Packet_Monitor_Other_Channel_Chat_Hyper_LinkPS_	CUser::send_other_channel_chat_hyper_link(Packet_Monitor_Other_Channel_Chat_Hyper_Link*, CUser*)	1	0x805406a	312	0x805210a	307	79	79	no	0.9493670886075949	no	yes
Community/src/User.cpp.o	_ZN5CUser41send_other_channel_chat_result_hyper_linkEP44Packet_Monitor_Other_Channel_Chat_Hyper_Link18ENUM_MONITOR_ERROR	CUser::send_other_channel_chat_result_hyper_link(Packet_Monitor_Other_Channel_Chat_Hyper_Link*, ENUM_MONITOR_ERROR)	1	0x80541a2	308	0x8052302	306	78	78	no	0.9487179487179487	no	yes
Community/src/User.cpp.o	_ZN5CUserC1EP15CNetworkSessionR14STGameUserInfoiP16STPvPBuddyDBInfo	CUser::CUser(CNetworkSession*, STGameUserInfo&, int, STPvPBuddyDBInfo*)	1	0x8054cfa	213	0x80512d0	213	74	74	yes	1.0	no	no
Community/src/User.cpp.o	_ZN5CUserC1ERKS_	CUser::CUser(CUser const&)	1	0x8054eec	120	0x80513a6	239	42	83	no	0.4939759036144578	no	yes
Community/src/User.cpp.o	_ZN9__gnu_cxx13new_allocatorI16STPvPBuddyDBInfoE10deallocateEPS1_j	__gnu_cxx::new_allocator<STPvPBuddyDBInfo>::deallocate(STPvPBuddyDBInfo*, unsigned int)	1	0x804bd94	19	0x804c6d2	19	8	8	yes	1.0	no	no
Community/src/User.cpp.o	_ZN9__gnu_cxx13new_allocatorI16STPvPBuddyDBInfoE8allocateEjPKv	__gnu_cxx::new_allocator<STPvPBuddyDBInfo>::allocate(unsigned int, void const*)	1	0x804be1c	56	0x804c726	56	20	20	yes	1.0	no	no
Community/src/User.cpp.o	_ZN9__gnu_cxx13new_allocatorI16STPvPBuddyDBInfoED1Ev	__gnu_cxx::new_allocator<STPvPBuddyDBInfo>::~new_allocator()	1	0x8051ea6	5	0x804c6cc	5	4	4	yes	1.0	no	no
Community/src/User.cpp.o	_ZN9__gnu_cxx17__normal_iteratorIP16STPvPBuddyDBInfoSt6vectorIS1_SaIS1_EEEC1ERKS2_	__gnu_cxx::__normal_iterator<STPvPBuddyDBInfo*, std::vector<STPvPBuddyDBInfo, std::allocator<STPvPBuddyDBInfo> > >::__normal_iterator(STPvPBuddyDBInfo* const&)	1	0x804b7fa	15	0x804c148	15	8	8	yes	1.0	no	no
Community/src/User.cpp.o	_ZN9__gnu_cxx17__normal_iteratorIP16STPvPBuddyDBInfoSt6vectorIS1_SaIS1_EEEppEi	__gnu_cxx::__normal_iterator<STPvPBuddyDBInfo*, std::vector<STPvPBuddyDBInfo, std::allocator<STPvPBuddyDBInfo> > >::operator++(int)	0			0x8052d9c	51	0	20	no	0.0	no	no
Community/src/User.cpp.o	_ZN9__gnu_cxx17__normal_iteratorIP16STPvPBuddyDBInfoSt6vectorIS1_SaIS1_EEEppEv	__gnu_cxx::__normal_iterator<STPvPBuddyDBInfo*, std::vector<STPvPBuddyDBInfo, std::allocator<STPvPBuddyDBInfo> > >::operator++()	1	0x804bcf6	21	0x804c634	21	10	10	yes	1.0	no	no
Community/src/User.cpp.o	_ZN9__gnu_cxx17__normal_iteratorIPK16STPvPBuddyDBInfoSt6vectorIS1_SaIS1_EEEC1ERKS3_	__gnu_cxx::__normal_iterator<STPvPBuddyDBInfo const*, std::vector<STPvPBuddyDBInfo, std::allocator<STPvPBuddyDBInfo> > >::__normal_iterator(STPvPBuddyDBInfo const* const&)	1	0x8055a92	15	0x804c4ca	15	8	8	yes	1.0	no	no
Community/src/User.cpp.o	_ZN9__gnu_cxx17__normal_iteratorIPK16STPvPBuddyDBInfoSt6vectorIS1_SaIS1_EEEppEv	__gnu_cxx::__normal_iterator<STPvPBuddyDBInfo const*, std::vector<STPvPBuddyDBInfo, std::allocator<STPvPBuddyDBInfo> > >::operator++()	1	0x8055d36	21	0x804c91e	21	10	10	yes	1.0	no	no
Community/src/User.cpp.o	_ZN9__gnu_cxxneIP16STPvPBuddyDBInfoSt6vectorIS1_SaIS1_EEEEbRKNS_17__normal_iteratorIT_T0_EESB_	bool __gnu_cxx::operator!=<STPvPBuddyDBInfo*, std::vector<STPvPBuddyDBInfo, std::allocator<STPvPBuddyDBInfo> > >(__gnu_cxx::__normal_iterator<STPvPBuddyDBInfo*, std::vector<STPvPBuddyDBInfo, std::allocator<STPvPBuddyDBInfo> > > const&, __gnu_cxx::__normal_iterator<STPvPBuddyDBInfo*, std::vector<STPvPBuddyDBInfo, std::allocator<STPvPBuddyDBInfo> > > const&)	1	0x804b353	44	0x804baa7	44	18	18	yes	1.0	no	no
Community/src/User.cpp.o	_ZN9__gnu_cxxneIPK16STPvPBuddyDBInfoSt6vectorIS1_SaIS1_EEEEbRKNS_17__normal_iteratorIT_T0_EESC_	bool __gnu_cxx::operator!=<STPvPBuddyDBInfo const*, std::vector<STPvPBuddyDBInfo, std::allocator<STPvPBuddyDBInfo> > >(__gnu_cxx::__normal_iterator<STPvPBuddyDBInfo const*, std::vector<STPvPBuddyDBInfo, std::allocator<STPvPBuddyDBInfo> > > const&, __gnu_cxx::__normal_iterator<STPvPBuddyDBInfo const*, std::vector<STPvPBuddyDBInfo, std::allocator<STPvPBuddyDBInfo> > > const&)	1	0x8055d09	44	0x804c8f2	44	18	18	yes	1.0	no	no
Community/src/User.cpp.o	_ZNK9__gnu_cxx13new_allocatorI16STPvPBuddyDBInfoE8max_sizeEv	__gnu_cxx::new_allocator<STPvPBuddyDBInfo>::max_size() const	1	0x804bf0a	10	0x804c8e8	10	5	5	yes	1.0	no	no
Community/src/User.cpp.o	_ZNK9__gnu_cxx17__normal_iteratorIP16STPvPBuddyDBInfoSt6vectorIS1_SaIS1_EEE4baseEv	__gnu_cxx::__normal_iterator<STPvPBuddyDBInfo*, std::vector<STPvPBuddyDBInfo, std::allocator<STPvPBuddyDBInfo> > >::base() const	1	0x804b9de	8	0x804c32c	8	5	5	yes	1.0	no	no
Community/src/User.cpp.o	_ZNK9__gnu_cxx17__normal_iteratorIP16STPvPBuddyDBInfoSt6vectorIS1_SaIS1_EEEdeEv	__gnu_cxx::__normal_iterator<STPvPBuddyDBInfo*, std::vector<STPvPBuddyDBInfo, std::allocator<STPvPBuddyDBInfo> > >::operator*() const	1	0x804b466	10	0x804bbba	10	6	6	yes	1.0	no	no
Community/src/User.cpp.o	_ZNK9__gnu_cxx17__normal_iteratorIP16STPvPBuddyDBInfoSt6vectorIS1_SaIS1_EEEptEv	__gnu_cxx::__normal_iterator<STPvPBuddyDBInfo*, std::vector<STPvPBuddyDBInfo, std::allocator<STPvPBuddyDBInfo> > >::operator->() const	0			0x8052dd0	10	0	6	no	0.0	no	no
Community/src/User.cpp.o	_ZNK9__gnu_cxx17__normal_iteratorIPK16STPvPBuddyDBInfoSt6vectorIS1_SaIS1_EEE4baseEv	__gnu_cxx::__normal_iterator<STPvPBuddyDBInfo const*, std::vector<STPvPBuddyDBInfo, std::allocator<STPvPBuddyDBInfo> > >::base() const	1	0x8055e04	8	0x804ca82	8	5	5	yes	1.0	no	no
Community/src/User.cpp.o	_ZNK9__gnu_cxx17__normal_iteratorIPK16STPvPBuddyDBInfoSt6vectorIS1_SaIS1_EEEdeEv	__gnu_cxx::__normal_iterator<STPvPBuddyDBInfo const*, std::vector<STPvPBuddyDBInfo, std::allocator<STPvPBuddyDBInfo> > >::operator*() const	1	0x8055d4c	10	0x804c934	10	6	6	yes	1.0	no	no
Community/src/User.cpp.o	_ZNKSt6vectorI16STPvPBuddyDBInfoSaIS0_EE3endEv	std::vector<STPvPBuddyDBInfo, std::allocator<STPvPBuddyDBInfo> >::end() const	1	0x8055774	44	0x804bd3c	44	17	17	yes	1.0	no	no
Community/src/User.cpp.o	_ZNKSt6vectorI16STPvPBuddyDBInfoSaIS0_EE4sizeEv	std::vector<STPvPBuddyDBInfo, std::allocator<STPvPBuddyDBInfo> >::size() const	1	0x804b1e8	30	0x804bbc4	30	13	13	yes	1.0	no	no
Community/src/User.cpp.o	_ZNKSt6vectorI16STPvPBuddyDBInfoSaIS0_EE5beginEv	std::vector<STPvPBuddyDBInfo, std::allocator<STPvPBuddyDBInfo> >::begin() const	1	0x8055748	43	0x804bd10	43	17	17	yes	1.0	no	no
Community/src/User.cpp.o	_ZNKSt6vectorI16STPvPBuddyDBInfoSaIS0_EE8capacityEv	std::vector<STPvPBuddyDBInfo, std::allocator<STPvPBuddyDBInfo> >::capacity() const	0			0x8052dda	30	0	13	no	0.0	no	no
Community/src/User.cpp.o	_ZNSaI16STPvPBuddyDBInfoED1Ev	std::allocator<STPvPBuddyDBInfo>::~allocator()	1	0x8051e92	19	0x804c40c	19	8	8	yes	1.0	no	no
Community/src/User.cpp.o	_ZNSt11__copy_moveILb0ELb0ESt26random_access_iterator_tagE8__copy_mIP16STPvPBuddyDBInfoS4_EET0_T_S6_S5_	STPvPBuddyDBInfo* std::__copy_move<false, false, std::random_access_iterator_tag>::__copy_m<STPvPBuddyDBInfo*, STPvPBuddyDBInfo*>(STPvPBuddyDBInfo*, STPvPBuddyDBInfo*, STPvPBuddyDBInfo*)	0			0x804c9f9	136	0	47	no	0.0	no	no
Community/src/User.cpp.o	_ZNSt11__copy_moveILb0ELb0ESt26random_access_iterator_tagE8__copy_mIPK16STPvPBuddyDBInfoPS3_EET0_T_S8_S7_	STPvPBuddyDBInfo* std::__copy_move<false, false, std::random_access_iterator_tag>::__copy_m<STPvPBuddyDBInfo const*, STPvPBuddyDBInfo*>(STPvPBuddyDBInfo const*, STPvPBuddyDBInfo const*, STPvPBuddyDBInfo*)	0			0x8053075	136	0	47	no	0.0	no	no
Community/src/User.cpp.o	_ZNSt12_Destroy_auxILb0EE9__destroyIN9__gnu_cxx17__normal_iteratorIP16STPvPBuddyDBInfoSt6vectorIS4_SaIS4_EEEEEEvT_SA_	void std::_Destroy_aux<false>::__destroy<__gnu_cxx::__normal_iterator<STPvPBuddyDBInfo*, std::vector<STPvPBuddyDBInfo, std::allocator<STPvPBuddyDBInfo> > > >(__gnu_cxx::__normal_iterator<STPvPBuddyDBInfo*, std::vector<STPvPBuddyDBInfo, std::allocator<STPvPBuddyDBInfo> > >, __gnu_cxx::__normal_iterator<STPvPBuddyDBInfo*, std::vector<STPvPBuddyDBInfo, std::allocator<STPvPBuddyDBInfo> > >)	0			0x8053037	62	0	21	no	0.0	no	no
Community/src/User.cpp.o	_ZNSt12_Destroy_auxILb0EE9__destroyIP16STPvPBuddyDBInfoEEvT_S4_	void std::_Destroy_aux<false>::__destroy<STPvPBuddyDBInfo*>(STPvPBuddyDBInfo*, STPvPBuddyDBInfo*)	0			0x804c6e5	38	0	15	no	0.0	no	no
Community/src/User.cpp.o	_ZNSt12_Vector_baseI16STPvPBuddyDBInfoSaIS0_EE11_M_allocateEj	std::_Vector_base<STPvPBuddyDBInfo, std::allocator<STPvPBuddyDBInfo> >::_M_allocate(unsigned int)	1	0x804bc74	47	0x804c49a	47	15	15	yes	1.0	no	no
Community/src/User.cpp.o	_ZNSt12_Vector_baseI16STPvPBuddyDBInfoSaIS0_EE12_Vector_implD1Ev	std::_Vector_base<STPvPBuddyDBInfo, std::allocator<STPvPBuddyDBInfo> >::_Vector_impl::~_Vector_impl()	1	0x8051dde	19	0x804bbe2	19	8	8	yes	1.0	no	no
Community/src/User.cpp.o	_ZNSt12_Vector_baseI16STPvPBuddyDBInfoSaIS0_EE13_M_deallocateEPS0_j	std::_Vector_base<STPvPBuddyDBInfo, std::allocator<STPvPBuddyDBInfo> >::_M_deallocate(STPvPBuddyDBInfo*, unsigned int)	1	0x804ba94	39	0x804c420	39	14	14	yes	1.0	no	no
Community/src/User.cpp.o	_ZNSt12_Vector_baseI16STPvPBuddyDBInfoSaIS0_EE19_M_get_Tp_allocatorEv	std::_Vector_base<STPvPBuddyDBInfo, std::allocator<STPvPBuddyDBInfo> >::_M_get_Tp_allocator()	1	0x804b470	8	0x804bc74	8	5	5	yes	1.0	no	no
Community/src/User.cpp.o	_ZNSt12_Vector_baseI16STPvPBuddyDBInfoSaIS0_EED1Ev	std::_Vector_base<STPvPBuddyDBInfo, std::allocator<STPvPBuddyDBInfo> >::~_Vector_base()	1	0x8051df2	106	0x804bc0a	106	40	40	yes	1.0	no	no
Community/src/User.cpp.o	_ZNSt12__miter_baseIN9__gnu_cxx17__normal_iteratorIPK16STPvPBuddyDBInfoSt6vectorIS2_SaIS2_EEEELb0EE3__bES8_	std::__miter_base<__gnu_cxx::__normal_iterator<STPvPBuddyDBInfo const*, std::vector<STPvPBuddyDBInfo, std::allocator<STPvPBuddyDBInfo> > >, false>::__b(__gnu_cxx::__normal_iterator<STPvPBuddyDBInfo const*, std::vector<STPvPBuddyDBInfo, std::allocator<STPvPBuddyDBInfo> > >)	0			0x8052f31	15	0	7	no	0.0	no	no
Community/src/User.cpp.o	_ZNSt12__miter_baseIP16STPvPBuddyDBInfoLb0EE3__bES1_	std::__miter_base<STPvPBuddyDBInfo*, false>::__b(STPvPBuddyDBInfo*)	1	0x804bdb4	8	0x804c7eb	8	5	5	yes	1.0	no	no
Community/src/User.cpp.o	_ZNSt12__niter_baseIN9__gnu_cxx17__normal_iteratorIP16STPvPBuddyDBInfoSt6vectorIS2_SaIS2_EEEELb1EE3__bES7_	std::__niter_base<__gnu_cxx::__normal_iterator<STPvPBuddyDBInfo*, std::vector<STPvPBuddyDBInfo, std::allocator<STPvPBuddyDBInfo> > >, true>::__b(__gnu_cxx::__normal_iterator<STPvPBuddyDBInfo*, std::vector<STPvPBuddyDBInfo, std::allocator<STPvPBuddyDBInfo> > >)	1	0x804be9a	21	0x804c88f	21	9	9	yes	1.0	no	no
Community/src/User.cpp.o	_ZNSt12__niter_baseIN9__gnu_cxx17__normal_iteratorIPK16STPvPBuddyDBInfoSt6vectorIS2_SaIS2_EEEELb1EE3__bES8_	std::__niter_base<__gnu_cxx::__normal_iterator<STPvPBuddyDBInfo const*, std::vector<STPvPBuddyDBInfo, std::allocator<STPvPBuddyDBInfo> > >, true>::__b(__gnu_cxx::__normal_iterator<STPvPBuddyDBInfo const*, std::vector<STPvPBuddyDBInfo, std::allocator<STPvPBuddyDBInfo> > >)	0			0x8052ffd	21	0	9	no	0.0	no	no
Community/src/User.cpp.o	_ZNSt12__niter_baseIP16STPvPBuddyDBInfoLb0EE3__bES1_	std::__niter_base<STPvPBuddyDBInfo*, false>::__b(STPvPBuddyDBInfo*)	1	0x804bed4	8	0x804c9ab	8	5	5	yes	1.0	no	no
Community/src/User.cpp.o	_ZNSt20__uninitialized_copyILb0EE18uninitialized_copyIN9__gnu_cxx17__normal_iteratorIPK16STPvPBuddyDBInfoSt6vectorIS4_SaIS4_EEEEPS4_EET0_T_SD_SC_	STPvPBuddyDBInfo* std::__uninitialized_copy<false>::uninitialized_copy<__gnu_cxx::__normal_iterator<STPvPBuddyDBInfo const*, std::vector<STPvPBuddyDBInfo, std::allocator<STPvPBuddyDBInfo> > >, STPvPBuddyDBInfo*>(__gnu_cxx::__normal_iterator<STPvPBuddyDBInfo const*, std::vector<STPvPBuddyDBInfo, std::allocator<STPvPBuddyDBInfo> > >, __gnu_cxx::__normal_iterator<STPvPBuddyDBInfo const*, std::vector<STPvPBuddyDBInfo, std::allocator<STPvPBuddyDBInfo> > >, STPvPBuddyDBInfo*)	1	0x8055b8a	230	0x804c75e	141	75	47	no	0.6266666666666667	no	yes
Community/src/User.cpp.o	_ZNSt20__uninitialized_copyILb0EE18uninitialized_copyIP16STPvPBuddyDBInfoS3_EET0_T_S5_S4_	STPvPBuddyDBInfo* std::__uninitialized_copy<false>::uninitialized_copy<STPvPBuddyDBInfo*, STPvPBuddyDBInfo*>(STPvPBuddyDBInfo*, STPvPBuddyDBInfo*, STPvPBuddyDBInfo*)	0			0x804cb12	58	0	21	no	0.0	no	no
Community/src/User.cpp.o	_ZNSt6vectorI16STPvPBuddyDBInfoSaIS0_EE20_M_allocate_and_copyIN9__gnu_cxx17__normal_iteratorIPKS0_S2_EEEEPS0_jT_SA_	STPvPBuddyDBInfo* std::vector<STPvPBuddyDBInfo, std::allocator<STPvPBuddyDBInfo> >::_M_allocate_and_copy<__gnu_cxx::__normal_iterator<STPvPBuddyDBInfo const*, std::vector<STPvPBuddyDBInfo, std::allocator<STPvPBuddyDBInfo> > > >(unsigned int, __gnu_cxx::__normal_iterator<STPvPBuddyDBInfo const*, std::vector<STPvPBuddyDBInfo, std::allocator<STPvPBuddyDBInfo> > >, __gnu_cxx::__normal_iterator<STPvPBuddyDBInfo const*, std::vector<STPvPBuddyDBInfo, std::allocator<STPvPBuddyDBInfo> > >)	0			0x8052df8	138	0	45	no	0.0	no	no
Community/src/User.cpp.o	_ZNSt6vectorI16STPvPBuddyDBInfoSaIS0_EE3endEv	std::vector<STPvPBuddyDBInfo, std::allocator<STPvPBuddyDBInfo> >::end()	1	0x804b29e	38	0x804b9f2	38	15	15	yes	1.0	no	no
Community/src/User.cpp.o	_ZNSt6vectorI16STPvPBuddyDBInfoSaIS0_EE5beginEv	std::vector<STPvPBuddyDBInfo, std::allocator<STPvPBuddyDBInfo> >::begin()	1	0x804b27a	35	0x804b9ce	35	14	14	yes	1.0	no	no
Community/src/User.cpp.o	_ZNSt6vectorI16STPvPBuddyDBInfoSaIS0_EED1Ev	std::vector<STPvPBuddyDBInfo, std::allocator<STPvPBuddyDBInfo> >::~vector()	1	0x8051d64	93	0x8052af0	93	34	34	yes	1.0	no	no
Community/src/User.cpp.o	_ZNSt6vectorI16STPvPBuddyDBInfoSaIS0_EEaSERKS2_	std::vector<STPvPBuddyDBInfo, std::allocator<STPvPBuddyDBInfo> >::operator=(std::vector<STPvPBuddyDBInfo, std::allocator<STPvPBuddyDBInfo> > const&)	0			0x8052b4e	590	0	184	no	0.0	no	no
Community/src/User.cpp.o	_ZSt10_ConstructI16STPvPBuddyDBInfoS0_EvPT_RKT0_	void std::_Construct<STPvPBuddyDBInfo, STPvPBuddyDBInfo>(STPvPBuddyDBInfo*, STPvPBuddyDBInfo const&)	0			0x804c93e	109	0	37	no	0.0	no	no
Community/src/User.cpp.o	_ZSt13__copy_move_aILb0EP16STPvPBuddyDBInfoS1_ET1_T0_S3_S2_	STPvPBuddyDBInfo* std::__copy_move_a<false, STPvPBuddyDBInfo*, STPvPBuddyDBInfo*>(STPvPBuddyDBInfo*, STPvPBuddyDBInfo*, STPvPBuddyDBInfo*)	0			0x804c8a4	37	0	13	no	0.0	no	no
Community/src/User.cpp.o	_ZSt13__copy_move_aILb0EPK16STPvPBuddyDBInfoPS0_ET1_T0_S5_S4_	STPvPBuddyDBInfo* std::__copy_move_a<false, STPvPBuddyDBInfo const*, STPvPBuddyDBInfo*>(STPvPBuddyDBInfo const*, STPvPBuddyDBInfo const*, STPvPBuddyDBInfo*)	0			0x8053012	37	0	13	no	0.0	no	no
Community/src/User.cpp.o	_ZSt14__copy_move_a2ILb0EN9__gnu_cxx17__normal_iteratorIPK16STPvPBuddyDBInfoSt6vectorIS2_SaIS2_EEEENS1_IPS2_S7_EEET1_T0_SC_SB_	__gnu_cxx::__normal_iterator<STPvPBuddyDBInfo*, std::vector<STPvPBuddyDBInfo, std::allocator<STPvPBuddyDBInfo> > > std::__copy_move_a2<false, __gnu_cxx::__normal_iterator<STPvPBuddyDBInfo const*, std::vector<STPvPBuddyDBInfo, std::allocator<STPvPBuddyDBInfo> > >, __gnu_cxx::__normal_iterator<STPvPBuddyDBInfo*, std::vector<STPvPBuddyDBInfo, std::allocator<STPvPBuddyDBInfo> > > >(__gnu_cxx::__normal_iterator<STPvPBuddyDBInfo const*, std::vector<STPvPBuddyDBInfo, std::allocator<STPvPBuddyDBInfo> > >, __gnu_cxx::__normal_iterator<STPvPBuddyDBInfo const*, std::vector<STPvPBuddyDBInfo, std::allocator<STPvPBuddyDBInfo> > >, __gnu_cxx::__normal_iterator<STPvPBuddyDBInfo*, std::vector<STPvPBuddyDBInfo, std::allocator<STPvPBuddyDBInfo> > >)	0			0x8052f40	95	0	34	no	0.0	no	no
Community/src/User.cpp.o	_ZSt14__copy_move_a2ILb0EP16STPvPBuddyDBInfoS1_ET1_T0_S3_S2_	STPvPBuddyDBInfo* std::__copy_move_a2<false, STPvPBuddyDBInfo*, STPvPBuddyDBInfo*>(STPvPBuddyDBInfo*, STPvPBuddyDBInfo*, STPvPBuddyDBInfo*)	0			0x8052fb9	68	0	25	no	0.0	no	no
Community/src/User.cpp.o	_ZSt18uninitialized_copyIN9__gnu_cxx17__normal_iteratorIPK16STPvPBuddyDBInfoSt6vectorIS2_SaIS2_EEEEPS2_ET0_T_SB_SA_	STPvPBuddyDBInfo* std::uninitialized_copy<__gnu_cxx::__normal_iterator<STPvPBuddyDBInfo const*, std::vector<STPvPBuddyDBInfo, std::allocator<STPvPBuddyDBInfo> > >, STPvPBuddyDBInfo*>(__gnu_cxx::__normal_iterator<STPvPBuddyDBInfo const*, std::vector<STPvPBuddyDBInfo, std::allocator<STPvPBuddyDBInfo> > >, __gnu_cxx::__normal_iterator<STPvPBuddyDBInfo const*, std::vector<STPvPBuddyDBInfo, std::allocator<STPvPBuddyDBInfo> > >, STPvPBuddyDBInfo*)	1	0x8055aa1	33	0x804c4d9	33	12	12	yes	1.0	no	no
Community/src/User.cpp.o	_ZSt18uninitialized_copyIP16STPvPBuddyDBInfoS1_ET0_T_S3_S2_	STPvPBuddyDBInfo* std::uninitialized_copy<STPvPBuddyDBInfo*, STPvPBuddyDBInfo*>(STPvPBuddyDBInfo*, STPvPBuddyDBInfo*, STPvPBuddyDBInfo*)	0			0x804c9d8	33	0	12	no	0.0	no	no
Community/src/User.cpp.o	_ZSt22__uninitialized_copy_aIN9__gnu_cxx17__normal_iteratorIPK16STPvPBuddyDBInfoSt6vectorIS2_SaIS2_EEEEPS2_S2_ET0_T_SB_SA_RSaIT1_E	STPvPBuddyDBInfo* std::__uninitialized_copy_a<__gnu_cxx::__normal_iterator<STPvPBuddyDBInfo const*, std::vector<STPvPBuddyDBInfo, std::allocator<STPvPBuddyDBInfo> > >, STPvPBuddyDBInfo*, STPvPBuddyDBInfo>(__gnu_cxx::__normal_iterator<STPvPBuddyDBInfo const*, std::vector<STPvPBuddyDBInfo, std::allocator<STPvPBuddyDBInfo> > >, __gnu_cxx::__normal_iterator<STPvPBuddyDBInfo const*, std::vector<STPvPBuddyDBInfo, std::allocator<STPvPBuddyDBInfo> > >, STPvPBuddyDBInfo*, std::allocator<STPvPBuddyDBInfo>&)	1	0x80557a0	33	0x804bd68	33	12	12	yes	1.0	no	no
Community/src/User.cpp.o	_ZSt22__uninitialized_copy_aIP16STPvPBuddyDBInfoS1_S0_ET0_T_S3_S2_RSaIT1_E	STPvPBuddyDBInfo* std::__uninitialized_copy_a<STPvPBuddyDBInfo*, STPvPBuddyDBInfo*, STPvPBuddyDBInfo>(STPvPBuddyDBInfo*, STPvPBuddyDBInfo*, STPvPBuddyDBInfo*, std::allocator<STPvPBuddyDBInfo>&)	0			0x804c86e	33	0	12	no	0.0	no	no
Community/src/User.cpp.o	_ZSt4copyIN9__gnu_cxx17__normal_iteratorIPK16STPvPBuddyDBInfoSt6vectorIS2_SaIS2_EEEENS1_IPS2_S7_EEET0_T_SC_SB_	__gnu_cxx::__normal_iterator<STPvPBuddyDBInfo*, std::vector<STPvPBuddyDBInfo, std::allocator<STPvPBuddyDBInfo> > > std::copy<__gnu_cxx::__normal_iterator<STPvPBuddyDBInfo const*, std::vector<STPvPBuddyDBInfo, std::allocator<STPvPBuddyDBInfo> > >, __gnu_cxx::__normal_iterator<STPvPBuddyDBInfo*, std::vector<STPvPBuddyDBInfo, std::allocator<STPvPBuddyDBInfo> > > >(__gnu_cxx::__normal_iterator<STPvPBuddyDBInfo const*, std::vector<STPvPBuddyDBInfo, std::allocator<STPvPBuddyDBInfo> > >, __gnu_cxx::__normal_iterator<STPvPBuddyDBInfo const*, std::vector<STPvPBuddyDBInfo, std::allocator<STPvPBuddyDBInfo> > >, __gnu_cxx::__normal_iterator<STPvPBuddyDBInfo*, std::vector<STPvPBuddyDBInfo, std::allocator<STPvPBuddyDBInfo> > >)	0			0x8052e82	93	0	30	no	0.0	no	no
Community/src/User.cpp.o	_ZSt4copyIP16STPvPBuddyDBInfoS1_ET0_T_S3_S2_	STPvPBuddyDBInfo* std::copy<STPvPBuddyDBInfo*, STPvPBuddyDBInfo*>(STPvPBuddyDBInfo*, STPvPBuddyDBInfo*, STPvPBuddyDBInfo*)	0			0x8052ef9	56	0	20	no	0.0	no	no
Community/src/User.cpp.o	_ZSt8_DestroyI16STPvPBuddyDBInfoEvPT_	void std::_Destroy<STPvPBuddyDBInfo>(STPvPBuddyDBInfo*)	0			0x804c8cf	19	0	8	no	0.0	no	no
Community/src/User.cpp.o	_ZSt8_DestroyIN9__gnu_cxx17__normal_iteratorIP16STPvPBuddyDBInfoSt6vectorIS2_SaIS2_EEEEEvT_S8_	void std::_Destroy<__gnu_cxx::__normal_iterator<STPvPBuddyDBInfo*, std::vector<STPvPBuddyDBInfo, std::allocator<STPvPBuddyDBInfo> > > >(__gnu_cxx::__normal_iterator<STPvPBuddyDBInfo*, std::vector<STPvPBuddyDBInfo, std::allocator<STPvPBuddyDBInfo> > >, __gnu_cxx::__normal_iterator<STPvPBuddyDBInfo*, std::vector<STPvPBuddyDBInfo, std::allocator<STPvPBuddyDBInfo> > >)	0			0x8052f9f	26	0	10	no	0.0	no	no
Community/src/User.cpp.o	_ZSt8_DestroyIN9__gnu_cxx17__normal_iteratorIP16STPvPBuddyDBInfoSt6vectorIS2_SaIS2_EEEES2_EvT_S8_RSaIT0_E	void std::_Destroy<__gnu_cxx::__normal_iterator<STPvPBuddyDBInfo*, std::vector<STPvPBuddyDBInfo, std::allocator<STPvPBuddyDBInfo> > >, STPvPBuddyDBInfo>(__gnu_cxx::__normal_iterator<STPvPBuddyDBInfo*, std::vector<STPvPBuddyDBInfo, std::allocator<STPvPBuddyDBInfo> > >, __gnu_cxx::__normal_iterator<STPvPBuddyDBInfo*, std::vector<STPvPBuddyDBInfo, std::allocator<STPvPBuddyDBInfo> > >, std::allocator<STPvPBuddyDBInfo>&)	0			0x8052edf	26	0	10	no	0.0	no	no
Community/src/User.cpp.o	_ZSt8_DestroyIP16STPvPBuddyDBInfoEvT_S2_	void std::_Destroy<STPvPBuddyDBInfo*>(STPvPBuddyDBInfo*, STPvPBuddyDBInfo*)	1	0x804babb	26	0x804c447	26	10	10	yes	1.0	no	no
Community/src/User.cpp.o	_ZSt8_DestroyIP16STPvPBuddyDBInfoS0_EvT_S2_RSaIT0_E	void std::_Destroy<STPvPBuddyDBInfo*, STPvPBuddyDBInfo>(STPvPBuddyDBInfo*, STPvPBuddyDBInfo*, std::allocator<STPvPBuddyDBInfo>&)	1	0x804b478	26	0x804bc7c	26	10	10	yes	1.0	no	no
Community/src/User.cpp.o	_ZnwjPv	operator new(unsigned int, void*)	1	0x804b14d	8	0x804b889	8	5	5	yes	1.0	no	no
Community/src/UserManager.cpp.o	_GLOBAL__I_g_user_manager	global constructors keyed to g_user_manager	1	0x8051cda	28	0x80534f8	28	8	8	yes	1.0	no	no
Community/src/UserManager.cpp.o	_Z41__static_initialization_and_destruction_0ii	__static_initialization_and_destruction_0(int, int)	1	0x80585b1	64	0x8057f57	150	16	30	no	0.5333333333333333	no	yes
Community/src/UserManager.cpp.o	_ZN12CUserManager10enter_userEjP15CNetworkSessionR14STGameUserInfoiP16STPvPBuddyDBInfo	CUserManager::enter_user(unsigned int, CNetworkSession*, STGameUserInfo&, int, STPvPBuddyDBInfo*)	1	0x8054864	293	0x80530fe	271	86	79	no	0.9186046511627907	no	yes
Community/src/UserManager.cpp.o	_ZN12CUserManager10leave_userEP15CNetworkSession	CUserManager::leave_user(CNetworkSession*)	1	0x80549f8	166	0x80533d0	182	51	55	no	0.8727272727272727	no	yes
Community/src/UserManager.cpp.o	_ZN12CUserManager10leave_userEj	CUserManager::leave_user(unsigned int)	1	0x805498a	109	0x8053362	109	34	34	no	1.0	no	no
Community/src/UserManager.cpp.o	_ZN12CUserManager9find_userEcPKc	CUserManager::find_user(char, char const*)	1	0x8054b2c	240	0x8053272	240	71	71	no	1.0	no	no
Community/src/UserManager.cpp.o	_ZN12CUserManager9find_userEj	CUserManager::find_user(unsigned int)	1	0x8054a9e	142	0x805320e	100	44	32	no	0.7272727272727273	no	yes
Community/src/UserManager.cpp.o	_ZN12CUserManagerC1Ev	CUserManager::CUserManager()	1	0x8051ed4	19	0x80540b6	19	8	8	yes	1.0	no	no
Community/src/UserManager.cpp.o	_ZN12CUserManagerD1Ev	CUserManager::~CUserManager()	1	0x8051ec0	19	0x80540ca	19	8	8	yes	1.0	no	no
Community/src/UserManager.cpp.o	_ZN13CBuddyManagerD1Ev	CBuddyManager::~CBuddyManager()	1	0x8051cf6	66	0x8052a72	19	26	8	no	0.2692307692307692	no	yes
Community/src/UserManager.cpp.o	_ZN5CUserD1Ev	CUser::~CUser()	1	0x8052094	22	0x8053514	22	9	9	yes	1.0	no	no
Community/src/UserManager.cpp.o	_ZN9__gnu_cxx13new_allocatorI16STPvPBuddyDBInfoE10deallocateEPS1_j	__gnu_cxx::new_allocator<STPvPBuddyDBInfo>::deallocate(STPvPBuddyDBInfo*, unsigned int)	1	0x804bd94	19	0x804c6d2	19	8	8	yes	1.0	no	no
Community/src/UserManager.cpp.o	_ZN9__gnu_cxx13new_allocatorI16STPvPBuddyDBInfoED1Ev	__gnu_cxx::new_allocator<STPvPBuddyDBInfo>::~new_allocator()	1	0x8051ea6	5	0x804c6cc	5	4	4	yes	1.0	no	no
Community/src/UserManager.cpp.o	_ZN9__gnu_cxx13new_allocatorISt13_Rb_tree_nodeISt4pairIKj5CUserEEE10deallocateEPS6_j	__gnu_cxx::new_allocator<std::_Rb_tree_node<std::pair<unsigned int const, CUser> > >::deallocate(std::_Rb_tree_node<std::pair<unsigned int const, CUser> >*, unsigned int)	1	0x8052152	19	0x8054046	19	8	8	yes	1.0	no	no
Community/src/UserManager.cpp.o	_ZN9__gnu_cxx13new_allocatorISt13_Rb_tree_nodeISt4pairIKj5CUserEEE8allocateEjPKv	__gnu_cxx::new_allocator<std::_Rb_tree_node<std::pair<unsigned int const, CUser> > >::allocate(unsigned int, void const*)	1	0x8055d56	56	0x805405a	56	20	20	yes	1.0	no	no
Community/src/UserManager.cpp.o	_ZN9__gnu_cxx13new_allocatorISt13_Rb_tree_nodeISt4pairIKj5CUserEEEC1Ev	__gnu_cxx::new_allocator<std::_Rb_tree_node<std::pair<unsigned int const, CUser> > >::new_allocator()	1	0x8052166	5	0x8054272	5	4	4	yes	1.0	no	no
Community/src/UserManager.cpp.o	_ZN9__gnu_cxx13new_allocatorISt13_Rb_tree_nodeISt4pairIKj5CUserEEED1Ev	__gnu_cxx::new_allocator<std::_Rb_tree_node<std::pair<unsigned int const, CUser> > >::~new_allocator()	1	0x8051fec	5	0x8054226	5	4	4	yes	1.0	no	no
Community/src/UserManager.cpp.o	_ZN9__gnu_cxx13new_allocatorISt4pairIKj5CUserEE7destroyEPS4_	__gnu_cxx::new_allocator<std::pair<unsigned int const, CUser> >::destroy(std::pair<unsigned int const, CUser>*)	0			0x8053f42	19	0	8	no	0.0	no	no
Community/src/UserManager.cpp.o	_ZN9__gnu_cxx13new_allocatorISt4pairIKj5CUserEE9constructEPS4_RKS4_	__gnu_cxx::new_allocator<std::pair<unsigned int const, CUser> >::construct(std::pair<unsigned int const, CUser>*, std::pair<unsigned int const, CUser> const&)	0			0x8053fc6	93	0	35	no	0.0	no	no
Community/src/UserManager.cpp.o	_ZN9__gnu_cxx13new_allocatorISt4pairIKj5CUserEEC1Ev	__gnu_cxx::new_allocator<std::pair<unsigned int const, CUser> >::new_allocator()	0			0x8054092	5	0	4	no	0.0	no	no
Community/src/UserManager.cpp.o	_ZN9__gnu_cxx13new_allocatorISt4pairIKj5CUserEED1Ev	__gnu_cxx::new_allocator<std::pair<unsigned int const, CUser> >::~new_allocator()	0			0x8054040	5	0	4	no	0.0	no	no
Community/src/UserManager.cpp.o	_ZNK9__gnu_cxx13new_allocatorISt13_Rb_tree_nodeISt4pairIKj5CUserEEE8max_sizeEv	__gnu_cxx::new_allocator<std::_Rb_tree_node<std::pair<unsigned int const, CUser> > >::max_size() const	1	0x8055e0c	10	0x8054098	10	5	5	yes	1.0	no	no
Community/src/UserManager.cpp.o	_ZNKSt10_Select1stISt4pairIKj5CUserEEclERKS3_	std::_Select1st<std::pair<unsigned int const, CUser> >::operator()(std::pair<unsigned int const, CUser> const&) const	1	0x80557ce	8	0x8053b58	8	5	5	yes	1.0	no	no
Community/src/UserManager.cpp.o	_ZNKSt17_Rb_tree_iteratorISt4pairIKj5CUserEEdeEv	std::_Rb_tree_iterator<std::pair<unsigned int const, CUser> >::operator*() const	1	0x8055a0e	13	0x8053d5a	13	7	7	yes	1.0	no	no
Community/src/UserManager.cpp.o	_ZNKSt17_Rb_tree_iteratorISt4pairIKj5CUserEEeqERKS4_	std::_Rb_tree_iterator<std::pair<unsigned int const, CUser> >::operator==(std::_Rb_tree_iterator<std::pair<unsigned int const, CUser> > const&) const	1	0x805581a	20	0x8053626	20	10	10	yes	1.0	no	no
Community/src/UserManager.cpp.o	_ZNKSt17_Rb_tree_iteratorISt4pairIKj5CUserEEneERKS4_	std::_Rb_tree_iterator<std::pair<unsigned int const, CUser> >::operator!=(std::_Rb_tree_iterator<std::pair<unsigned int const, CUser> > const&) const	1	0x805501c	20	0x8053d92	20	10	10	yes	1.0	no	no
Community/src/UserManager.cpp.o	_ZNKSt17_Rb_tree_iteratorISt4pairIKj5CUserEEptEv	std::_Rb_tree_iterator<std::pair<unsigned int const, CUser> >::operator->() const	1	0x8055070	13	0x805363a	13	7	7	yes	1.0	no	no
Community/src/UserManager.cpp.o	_ZNKSt4lessIjEclERKjS2_	std::less<unsigned int>::operator()(unsigned int const&, unsigned int const&) const	1	0x80557f8	20	0x8053b82	20	10	10	yes	1.0	no	no
Community/src/UserManager.cpp.o	_ZNKSt8_Rb_treeIjSt4pairIKj5CUserESt10_Select1stIS3_ESt4lessIjESaIS3_EE13get_allocatorEv	std::_Rb_tree<unsigned int, std::pair<unsigned int const, CUser>, std::_Select1st<std::pair<unsigned int const, CUser> >, std::less<unsigned int>, std::allocator<std::pair<unsigned int const, CUser> > >::get_allocator() const	0			0x8053efc	49	0	20	no	0.0	no	no
Community/src/UserManager.cpp.o	_ZNKSt8_Rb_treeIjSt4pairIKj5CUserESt10_Select1stIS3_ESt4lessIjESaIS3_EE21_M_get_Node_allocatorEv	std::_Rb_tree<unsigned int, std::pair<unsigned int const, CUser>, std::_Select1st<std::pair<unsigned int const, CUser> >, std::less<unsigned int>, std::allocator<std::pair<unsigned int const, CUser> > >::_M_get_Node_allocator() const	0			0x8054024	8	0	5	no	0.0	no	no
Community/src/UserManager.cpp.o	_ZNSaI16STPvPBuddyDBInfoED1Ev	std::allocator<STPvPBuddyDBInfo>::~allocator()	1	0x8051e92	19	0x804c40c	19	8	8	yes	1.0	no	no
Community/src/UserManager.cpp.o	_ZNSaISt13_Rb_tree_nodeISt4pairIKj5CUserEEEC1Ev	std::allocator<std::_Rb_tree_node<std::pair<unsigned int const, CUser> > >::allocator()	1	0x805210c	19	0x805422c	19	8	8	yes	1.0	no	no
Community/src/UserManager.cpp.o	_ZNSaISt13_Rb_tree_nodeISt4pairIKj5CUserEEED1Ev	std::allocator<std::_Rb_tree_node<std::pair<unsigned int const, CUser> > >::~allocator()	1	0x8051f62	19	0x805416c	19	8	8	yes	1.0	no	no
Community/src/UserManager.cpp.o	_ZNSaISt4pairIKj5CUserEEC1ISt13_Rb_tree_nodeIS2_EEERKSaIT_E	std::allocator<std::pair<unsigned int const, CUser> >::allocator<std::_Rb_tree_node<std::pair<unsigned int const, CUser> > >(std::allocator<std::_Rb_tree_node<std::pair<unsigned int const, CUser> > > const&)	0			0x805402c	19	0	8	no	0.0	no	no
Community/src/UserManager.cpp.o	_ZNSaISt4pairIKj5CUserEED1Ev	std::allocator<std::pair<unsigned int const, CUser> >::~allocator()	0			0x8053f2e	19	0	8	no	0.0	no	no
Community/src/UserManager.cpp.o	_ZNSt12_Destroy_auxILb0EE9__destroyIP16STPvPBuddyDBInfoEEvT_S4_	void std::_Destroy_aux<false>::__destroy<STPvPBuddyDBInfo*>(STPvPBuddyDBInfo*, STPvPBuddyDBInfo*)	0			0x804c6e5	38	0	15	no	0.0	no	no
Community/src/UserManager.cpp.o	_ZNSt12_Vector_baseI16STPvPBuddyDBInfoSaIS0_EE12_Vector_implD1Ev	std::_Vector_base<STPvPBuddyDBInfo, std::allocator<STPvPBuddyDBInfo> >::_Vector_impl::~_Vector_impl()	1	0x8051dde	19	0x804bbe2	19	8	8	yes	1.0	no	no
Community/src/UserManager.cpp.o	_ZNSt12_Vector_baseI16STPvPBuddyDBInfoSaIS0_EE13_M_deallocateEPS0_j	std::_Vector_base<STPvPBuddyDBInfo, std::allocator<STPvPBuddyDBInfo> >::_M_deallocate(STPvPBuddyDBInfo*, unsigned int)	1	0x804ba94	39	0x804c420	39	14	14	yes	1.0	no	no
Community/src/UserManager.cpp.o	_ZNSt12_Vector_baseI16STPvPBuddyDBInfoSaIS0_EE19_M_get_Tp_allocatorEv	std::_Vector_base<STPvPBuddyDBInfo, std::allocator<STPvPBuddyDBInfo> >::_M_get_Tp_allocator()	1	0x804b470	8	0x804bc74	8	5	5	yes	1.0	no	no
Community/src/UserManager.cpp.o	_ZNSt12_Vector_baseI16STPvPBuddyDBInfoSaIS0_EED1Ev	std::_Vector_base<STPvPBuddyDBInfo, std::allocator<STPvPBuddyDBInfo> >::~_Vector_base()	1	0x8051df2	106	0x804bc0a	106	40	40	yes	1.0	no	no
Community/src/UserManager.cpp.o	_ZNSt17_Rb_tree_iteratorISt4pairIKj5CUserEEC1EPSt13_Rb_tree_nodeIS3_E	std::_Rb_tree_iterator<std::pair<unsigned int const, CUser> >::_Rb_tree_iterator(std::_Rb_tree_node<std::pair<unsigned int const, CUser> >*)	1	0x805580c	13	0x8053bac	13	7	7	yes	1.0	no	no
Community/src/UserManager.cpp.o	_ZNSt17_Rb_tree_iteratorISt4pairIKj5CUserEEmmEv	std::_Rb_tree_iterator<std::pair<unsigned int const, CUser> >::operator--()	1	0x8055924	29	0x8053c9e	29	12	12	yes	1.0	no	no
Community/src/UserManager.cpp.o	_ZNSt17_Rb_tree_iteratorISt4pairIKj5CUserEEppEi	std::_Rb_tree_iterator<std::pair<unsigned int const, CUser> >::operator++(int)	1	0x805507e	61	0x8053716	61	21	21	yes	1.0	no	no
Community/src/UserManager.cpp.o	_ZNSt17_Rb_tree_iteratorISt4pairIKj5CUserEEppEv	std::_Rb_tree_iterator<std::pair<unsigned int const, CUser> >::operator++()	1	0x80550bc	29	0x8053da6	29	12	12	yes	1.0	no	no
Community/src/UserManager.cpp.o	_ZNSt3mapIj5CUserSt4lessIjESaISt4pairIKjS0_EEE3endEv	std::map<unsigned int, CUser, std::less<unsigned int>, std::allocator<std::pair<unsigned int const, CUser> > >::end()	1	0x8054ff6	37	0x8053600	37	14	14	yes	1.0	no	no
Community/src/UserManager.cpp.o	_ZNSt3mapIj5CUserSt4lessIjESaISt4pairIKjS0_EEE4findERS4_	std::map<unsigned int, CUser, std::less<unsigned int>, std::allocator<std::pair<unsigned int const, CUser> > >::find(unsigned int const&)	1	0x8054fca	44	0x80535d4	44	16	16	yes	1.0	no	no
Community/src/UserManager.cpp.o	_ZNSt3mapIj5CUserSt4lessIjESaISt4pairIKjS0_EEE5beginEv	std::map<unsigned int, CUser, std::less<unsigned int>, std::allocator<std::pair<unsigned int const, CUser> > >::begin()	1	0x805504a	37	0x8053648	37	14	14	yes	1.0	no	no
Community/src/UserManager.cpp.o	_ZNSt3mapIj5CUserSt4lessIjESaISt4pairIKjS0_EEE5eraseESt17_Rb_tree_iteratorIS5_E	std::map<unsigned int, CUser, std::less<unsigned int>, std::allocator<std::pair<unsigned int const, CUser> > >::erase(std::_Rb_tree_iterator<std::pair<unsigned int const, CUser> >)	1	0x8055030	26	0x80536fc	26	10	10	yes	1.0	no	no
Community/src/UserManager.cpp.o	_ZNSt3mapIj5CUserSt4lessIjESaISt4pairIKjS0_EEE6insertERKS5_	std::map<unsigned int, CUser, std::less<unsigned int>, std::allocator<std::pair<unsigned int const, CUser> > >::insert(std::pair<unsigned int const, CUser> const&)	1	0x8054f9e	44	0x80535a8	44	16	16	yes	1.0	no	no
Community/src/UserManager.cpp.o	_ZNSt3mapIj5CUserSt4lessIjESaISt4pairIKjS0_EEEC1Ev	std::map<unsigned int, CUser, std::less<unsigned int>, std::allocator<std::pair<unsigned int const, CUser> > >::map()	1	0x8051f4e	19	0x80540de	19	8	8	yes	1.0	no	no
Community/src/UserManager.cpp.o	_ZNSt3mapIj5CUserSt4lessIjESaISt4pairIKjS0_EEED1Ev	std::map<unsigned int, CUser, std::less<unsigned int>, std::allocator<std::pair<unsigned int const, CUser> > >::~map()	1	0x8051eac	19	0x80540a2	19	8	8	yes	1.0	no	no
Community/src/UserManager.cpp.o	_ZNSt4pairIKj5CUserEC1ERKS2_	std::pair<unsigned int const, CUser>::pair(std::pair<unsigned int const, CUser> const&)	1	0x8055d8e	42	0x8053f9c	42	16	16	yes	1.0	no	no
Community/src/UserManager.cpp.o	_ZNSt4pairIKj5CUserEC1IjS1_EERKS_IT_T0_E	std::pair<unsigned int const, CUser>::pair<unsigned int, CUser>(std::pair<unsigned int, CUser> const&)	0			0x805357e	42	0	16	no	0.0	no	no
Community/src/UserManager.cpp.o	_ZNSt4pairIKj5CUserED1Ev	std::pair<unsigned int const, CUser>::~pair()	1	0x80520aa	22	0x8053540	22	9	9	yes	1.0	no	no
Community/src/UserManager.cpp.o	_ZNSt4pairISt17_Rb_tree_iteratorIS_IKj5CUserEEbEC1ERKS4_RKb	std::pair<std::_Rb_tree_iterator<std::pair<unsigned int const, CUser> >, bool>::pair(std::_Rb_tree_iterator<std::pair<unsigned int const, CUser> > const&, bool const&)	0			0x8053c82	27	0	12	no	0.0	no	no
Community/src/UserManager.cpp.o	_ZNSt4pairIj5CUserEC1ERKjRKS0_	std::pair<unsigned int, CUser>::pair(unsigned int const&, CUser const&)	0			0x8053556	39	0	15	no	0.0	no	no
Community/src/UserManager.cpp.o	_ZNSt4pairIj5CUserEC1IKjS0_EERKS_IT_T0_E	std::pair<unsigned int, CUser>::pair<unsigned int const, CUser>(std::pair<unsigned int const, CUser> const&)	1	0x8055a1c	42	0x8053d68	42	16	16	yes	1.0	no	no
Community/src/UserManager.cpp.o	_ZNSt4pairIj5CUserED1Ev	std::pair<unsigned int, CUser>::~pair()	1	0x8054e64	22	0x805352a	22	9	9	yes	1.0	no	no
Community/src/UserManager.cpp.o	_ZNSt6vectorI16STPvPBuddyDBInfoSaIS0_EED1Ev	std::vector<STPvPBuddyDBInfo, std::allocator<STPvPBuddyDBInfo> >::~vector()	1	0x8051d64	93	0x8052af0	93	34	34	yes	1.0	no	no
Community/src/UserManager.cpp.o	_ZNSt8_Rb_treeIjSt4pairIKj5CUserESt10_Select1stIS3_ESt4lessIjESaIS3_EE10_M_insert_EPKSt18_Rb_tree_node_baseSC_RKS3_	std::_Rb_tree<unsigned int, std::pair<unsigned int const, CUser>, std::_Select1st<std::pair<unsigned int const, CUser> >, std::less<unsigned int>, std::allocator<std::pair<unsigned int const, CUser> > >::_M_insert_(std::_Rb_tree_node_base const*, std::_Rb_tree_node_base const*, std::pair<unsigned int const, CUser> const&)	1	0x805582e	200	0x8053bba	200	64	64	yes	1.0	no	no
Community/src/UserManager.cpp.o	_ZNSt8_Rb_treeIjSt4pairIKj5CUserESt10_Select1stIS3_ESt4lessIjESaIS3_EE11_M_get_nodeEv	std::_Rb_tree<unsigned int, std::pair<unsigned int const, CUser>, std::_Select1st<std::pair<unsigned int const, CUser> >, std::less<unsigned int>, std::allocator<std::pair<unsigned int const, CUser> > >::_M_get_node()	1	0x8055c70	35	0x8053f78	35	10	10	yes	1.0	no	no
Community/src/UserManager.cpp.o	_ZNSt8_Rb_treeIjSt4pairIKj5CUserESt10_Select1stIS3_ESt4lessIjESaIS3_EE11_M_put_nodeEPSt13_Rb_tree_nodeIS3_E	std::_Rb_tree<unsigned int, std::pair<unsigned int const, CUser>, std::_Select1st<std::pair<unsigned int const, CUser> >, std::less<unsigned int>, std::allocator<std::pair<unsigned int const, CUser> > >::_M_put_node(std::_Rb_tree_node<std::pair<unsigned int const, CUser> >*)	1	0x80520ea	34	0x8053f56	34	11	11	yes	1.0	no	no
Community/src/UserManager.cpp.o	_ZNSt8_Rb_treeIjSt4pairIKj5CUserESt10_Select1stIS3_ESt4lessIjESaIS3_EE13_Rb_tree_implIS7_Lb0EE13_M_initializeEv	std::_Rb_tree<unsigned int, std::pair<unsigned int const, CUser>, std::_Select1st<std::pair<unsigned int const, CUser> >, std::less<unsigned int>, std::allocator<std::pair<unsigned int const, CUser> > >::_Rb_tree_impl<std::less<unsigned int>, false>::_M_initialize()	1	0x8052120	49	0x8054240	49	16	16	yes	1.0	no	no
Community/src/UserManager.cpp.o	_ZNSt8_Rb_treeIjSt4pairIKj5CUserESt10_Select1stIS3_ESt4lessIjESaIS3_EE13_Rb_tree_implIS7_Lb0EEC1Ev	std::_Rb_tree<unsigned int, std::pair<unsigned int const, CUser>, std::_Select1st<std::pair<unsigned int const, CUser> >, std::less<unsigned int>, std::allocator<std::pair<unsigned int const, CUser> > >::_Rb_tree_impl<std::less<unsigned int>, false>::_Rb_tree_impl()	1	0x805203c	80	0x80541d6	80	21	21	yes	1.0	no	no
Community/src/UserManager.cpp.o	_ZNSt8_Rb_treeIjSt4pairIKj5CUserESt10_Select1stIS3_ESt4lessIjESaIS3_EE13_Rb_tree_implIS7_Lb0EED1Ev	std::_Rb_tree<unsigned int, std::pair<unsigned int const, CUser>, std::_Select1st<std::pair<unsigned int const, CUser> >, std::less<unsigned int>, std::allocator<std::pair<unsigned int const, CUser> > >::_Rb_tree_impl<std::less<unsigned int>, false>::~_Rb_tree_impl()	1	0x8051ee8	19	0x80540f2	19	8	8	yes	1.0	no	no
Community/src/UserManager.cpp.o	_ZNSt8_Rb_treeIjSt4pairIKj5CUserESt10_Select1stIS3_ESt4lessIjESaIS3_EE14_M_create_nodeERKS3_	std::_Rb_tree<unsigned int, std::pair<unsigned int const, CUser>, std::_Select1st<std::pair<unsigned int const, CUser> >, std::less<unsigned int>, std::allocator<std::pair<unsigned int const, CUser> > >::_M_create_node(std::pair<unsigned int const, CUser> const&)	0			0x8053e46	170	0	57	no	0.0	no	no
Community/src/UserManager.cpp.o	_ZNSt8_Rb_treeIjSt4pairIKj5CUserESt10_Select1stIS3_ESt4lessIjESaIS3_EE14_M_lower_boundEPSt13_Rb_tree_nodeIS3_ESC_RS1_	std::_Rb_tree<unsigned int, std::pair<unsigned int const, CUser>, std::_Select1st<std::pair<unsigned int const, CUser> >, std::less<unsigned int>, std::allocator<std::pair<unsigned int const, CUser> > >::_M_lower_bound(std::_Rb_tree_node<std::pair<unsigned int const, CUser> >*, std::_Rb_tree_node<std::pair<unsigned int const, CUser> >*, unsigned int const&)	1	0x8055992	124	0x8053cde	124	42	42	yes	1.0	no	no
Community/src/UserManager.cpp.o	_ZNSt8_Rb_treeIjSt4pairIKj5CUserESt10_Select1stIS3_ESt4lessIjESaIS3_EE15_M_destroy_nodeEPSt13_Rb_tree_nodeIS3_E	std::_Rb_tree<unsigned int, std::pair<unsigned int const, CUser>, std::_Select1st<std::pair<unsigned int const, CUser> >, std::less<unsigned int>, std::allocator<std::pair<unsigned int const, CUser> > >::_M_destroy_node(std::_Rb_tree_node<std::pair<unsigned int const, CUser> >*)	1	0x8052008	52	0x8053dc4	118	17	41	no	0.3902439024390244	no	yes
Community/src/UserManager.cpp.o	_ZNSt8_Rb_treeIjSt4pairIKj5CUserESt10_Select1stIS3_ESt4lessIjESaIS3_EE16_M_insert_uniqueERKS3_	std::_Rb_tree<unsigned int, std::pair<unsigned int const, CUser>, std::_Select1st<std::pair<unsigned int const, CUser> >, std::less<unsigned int>, std::allocator<std::pair<unsigned int const, CUser> > >::_M_insert_unique(std::pair<unsigned int const, CUser> const&)	1	0x80552ba	463	0x8053754	463	140	140	yes	1.0	no	no
Community/src/UserManager.cpp.o	_ZNSt8_Rb_treeIjSt4pairIKj5CUserESt10_Select1stIS3_ESt4lessIjESaIS3_EE3endEv	std::_Rb_tree<unsigned int, std::pair<unsigned int const, CUser>, std::_Select1st<std::pair<unsigned int const, CUser> >, std::less<unsigned int>, std::allocator<std::pair<unsigned int const, CUser> > >::end()	1	0x8055548	38	0x80539e2	38	15	15	yes	1.0	no	no
Community/src/UserManager.cpp.o	_ZNSt8_Rb_treeIjSt4pairIKj5CUserESt10_Select1stIS3_ESt4lessIjESaIS3_EE4findERS1_	std::_Rb_tree<unsigned int, std::pair<unsigned int const, CUser>, std::_Select1st<std::pair<unsigned int const, CUser> >, std::less<unsigned int>, std::allocator<std::pair<unsigned int const, CUser> > >::find(unsigned int const&)	1	0x805548a	190	0x8053924	190	62	62	yes	1.0	no	no
Community/src/UserManager.cpp.o	_ZNSt8_Rb_treeIjSt4pairIKj5CUserESt10_Select1stIS3_ESt4lessIjESaIS3_EE5beginEv	std::_Rb_tree<unsigned int, std::pair<unsigned int const, CUser>, std::_Select1st<std::pair<unsigned int const, CUser> >, std::less<unsigned int>, std::allocator<std::pair<unsigned int const, CUser> > >::begin()	1	0x80555b0	38	0x8053a08	38	15	15	yes	1.0	no	no
Community/src/UserManager.cpp.o	_ZNSt8_Rb_treeIjSt4pairIKj5CUserESt10_Select1stIS3_ESt4lessIjESaIS3_EE5eraseESt17_Rb_tree_iteratorIS3_E	std::_Rb_tree<unsigned int, std::pair<unsigned int const, CUser>, std::_Select1st<std::pair<unsigned int const, CUser> >, std::less<unsigned int>, std::allocator<std::pair<unsigned int const, CUser> > >::erase(std::_Rb_tree_iterator<std::pair<unsigned int const, CUser> >)	1	0x805556e	65	0x8053afe	65	22	22	yes	1.0	no	no
Community/src/UserManager.cpp.o	_ZNSt8_Rb_treeIjSt4pairIKj5CUserESt10_Select1stIS3_ESt4lessIjESaIS3_EE6_M_endEv	std::_Rb_tree<unsigned int, std::pair<unsigned int const, CUser>, std::_Select1st<std::pair<unsigned int const, CUser> >, std::less<unsigned int>, std::allocator<std::pair<unsigned int const, CUser> > >::_M_end()	1	0x80557c2	11	0x8053b4c	11	6	6	yes	1.0	no	no
Community/src/UserManager.cpp.o	_ZNSt8_Rb_treeIjSt4pairIKj5CUserESt10_Select1stIS3_ESt4lessIjESaIS3_EE6_S_keyEPKSt13_Rb_tree_nodeIS3_E	std::_Rb_tree<unsigned int, std::pair<unsigned int const, CUser>, std::_Select1st<std::pair<unsigned int const, CUser> >, std::less<unsigned int>, std::allocator<std::pair<unsigned int const, CUser> > >::_S_key(std::_Rb_tree_node<std::pair<unsigned int const, CUser> > const*)	1	0x80557d6	34	0x8053b60	34	12	12	yes	1.0	no	no
Community/src/UserManager.cpp.o	_ZNSt8_Rb_treeIjSt4pairIKj5CUserESt10_Select1stIS3_ESt4lessIjESaIS3_EE6_S_keyEPKSt18_Rb_tree_node_base	std::_Rb_tree<unsigned int, std::pair<unsigned int const, CUser>, std::_Select1st<std::pair<unsigned int const, CUser> >, std::less<unsigned int>, std::allocator<std::pair<unsigned int const, CUser> > >::_S_key(std::_Rb_tree_node_base const*)	1	0x8055941	34	0x8053cbb	34	12	12	yes	1.0	no	no
Community/src/UserManager.cpp.o	_ZNSt8_Rb_treeIjSt4pairIKj5CUserESt10_Select1stIS3_ESt4lessIjESaIS3_EE7_S_leftEPSt18_Rb_tree_node_base	std::_Rb_tree<unsigned int, std::pair<unsigned int const, CUser>, std::_Select1st<std::pair<unsigned int const, CUser> >, std::less<unsigned int>, std::allocator<std::pair<unsigned int const, CUser> > >::_S_left(std::_Rb_tree_node_base*)	1	0x8051ffc	11	0x8053ba1	11	6	6	yes	1.0	no	no
Community/src/UserManager.cpp.o	_ZNSt8_Rb_treeIjSt4pairIKj5CUserESt10_Select1stIS3_ESt4lessIjESaIS3_EE8_M_beginEv	std::_Rb_tree<unsigned int, std::pair<unsigned int const, CUser>, std::_Select1st<std::pair<unsigned int const, CUser> >, std::less<unsigned int>, std::allocator<std::pair<unsigned int const, CUser> > >::_M_begin()	1	0x8051fcc	11	0x8053b40	11	6	6	yes	1.0	no	no
Community/src/UserManager.cpp.o	_ZNSt8_Rb_treeIjSt4pairIKj5CUserESt10_Select1stIS3_ESt4lessIjESaIS3_EE8_M_eraseEPSt13_Rb_tree_nodeIS3_E	std::_Rb_tree<unsigned int, std::pair<unsigned int const, CUser>, std::_Select1st<std::pair<unsigned int const, CUser> >, std::less<unsigned int>, std::allocator<std::pair<unsigned int const, CUser> > >::_M_erase(std::_Rb_tree_node<std::pair<unsigned int const, CUser> >*)	1	0x8051f76	85	0x8054180	85	28	28	yes	1.0	no	no
Community/src/UserManager.cpp.o	_ZNSt8_Rb_treeIjSt4pairIKj5CUserESt10_Select1stIS3_ESt4lessIjESaIS3_EE8_S_rightEPSt18_Rb_tree_node_base	std::_Rb_tree<unsigned int, std::pair<unsigned int const, CUser>, std::_Select1st<std::pair<unsigned int const, CUser> >, std::less<unsigned int>, std::allocator<std::pair<unsigned int const, CUser> > >::_S_right(std::_Rb_tree_node_base*)	1	0x8051ff1	11	0x8053b96	11	6	6	yes	1.0	no	no
Community/src/UserManager.cpp.o	_ZNSt8_Rb_treeIjSt4pairIKj5CUserESt10_Select1stIS3_ESt4lessIjESaIS3_EE8_S_valueEPKSt13_Rb_tree_nodeIS3_E	std::_Rb_tree<unsigned int, std::pair<unsigned int const, CUser>, std::_Select1st<std::pair<unsigned int const, CUser> >, std::less<unsigned int>, std::allocator<std::pair<unsigned int const, CUser> > >::_S_value(std::_Rb_tree_node<std::pair<unsigned int const, CUser> > const*)	1	0x8055ac2	11	0x8053e3a	11	6	6	yes	1.0	no	no
Community/src/UserManager.cpp.o	_ZNSt8_Rb_treeIjSt4pairIKj5CUserESt10_Select1stIS3_ESt4lessIjESaIS3_EE8_S_valueEPKSt18_Rb_tree_node_base	std::_Rb_tree<unsigned int, std::pair<unsigned int const, CUser>, std::_Select1st<std::pair<unsigned int const, CUser> >, std::less<unsigned int>, std::allocator<std::pair<unsigned int const, CUser> > >::_S_value(std::_Rb_tree_node_base const*)	1	0x8055b57	11	0x8053ef0	11	6	6	yes	1.0	no	no
Community/src/UserManager.cpp.o	_ZNSt8_Rb_treeIjSt4pairIKj5CUserESt10_Select1stIS3_ESt4lessIjESaIS3_EEC1Ev	std::_Rb_tree<unsigned int, std::pair<unsigned int const, CUser>, std::_Select1st<std::pair<unsigned int const, CUser> >, std::less<unsigned int>, std::allocator<std::pair<unsigned int const, CUser> > >::_Rb_tree()	1	0x8051fd8	19	0x8054158	19	8	8	yes	1.0	no	no
Community/src/UserManager.cpp.o	_ZNSt8_Rb_treeIjSt4pairIKj5CUserESt10_Select1stIS3_ESt4lessIjESaIS3_EED1Ev	std::_Rb_tree<unsigned int, std::pair<unsigned int const, CUser>, std::_Select1st<std::pair<unsigned int const, CUser> >, std::less<unsigned int>, std::allocator<std::pair<unsigned int const, CUser> > >::~_Rb_tree()	1	0x8051efc	81	0x8054106	81	30	30	yes	1.0	no	no
Community/src/UserManager.cpp.o	_ZSt19__iterator_categoryISt17_Rb_tree_iteratorISt4pairIKj5CUserEEENSt15iterator_traitsIT_E17iterator_categoryERKS7_	std::iterator_traits<std::_Rb_tree_iterator<std::pair<unsigned int const, CUser> > >::iterator_category std::__iterator_category<std::_Rb_tree_iterator<std::pair<unsigned int const, CUser> > >(std::_Rb_tree_iterator<std::pair<unsigned int const, CUser> > const&)	1	0x80555d6	10	0x8053a2e	10	5	5	yes	1.0	no	no
Community/src/UserManager.cpp.o	_ZSt7find_ifISt17_Rb_tree_iteratorISt4pairIKj5CUserEE9CFindUserET_S7_S7_T0_	std::_Rb_tree_iterator<std::pair<unsigned int const, CUser> > std::find_if<std::_Rb_tree_iterator<std::pair<unsigned int const, CUser> >, CFindUser>(std::_Rb_tree_iterator<std::pair<unsigned int const, CUser> >, std::_Rb_tree_iterator<std::pair<unsigned int const, CUser> >, CFindUser)	1	0x805510b	143	0x805366d	143	46	46	yes	1.0	no	no
Community/src/UserManager.cpp.o	_ZSt8_DestroyI16STPvPBuddyDBInfoEvPT_	void std::_Destroy<STPvPBuddyDBInfo>(STPvPBuddyDBInfo*)	0			0x804c8cf	19	0	8	no	0.0	no	no
Community/src/UserManager.cpp.o	_ZSt8_DestroyIP16STPvPBuddyDBInfoEvT_S2_	void std::_Destroy<STPvPBuddyDBInfo*>(STPvPBuddyDBInfo*, STPvPBuddyDBInfo*)	1	0x804babb	26	0x804c447	26	10	10	yes	1.0	no	no
Community/src/UserManager.cpp.o	_ZSt8_DestroyIP16STPvPBuddyDBInfoS0_EvT_S2_RSaIT0_E	void std::_Destroy<STPvPBuddyDBInfo*, STPvPBuddyDBInfo>(STPvPBuddyDBInfo*, STPvPBuddyDBInfo*, std::allocator<STPvPBuddyDBInfo>&)	1	0x804b478	26	0x804bc7c	26	10	10	yes	1.0	no	no
Community/src/UserManager.cpp.o	_ZSt9__find_ifISt17_Rb_tree_iteratorISt4pairIKj5CUserEE9CFindUserET_S7_S7_T0_St18input_iterator_tag	std::_Rb_tree_iterator<std::pair<unsigned int const, CUser> > std::__find_if<std::_Rb_tree_iterator<std::pair<unsigned int const, CUser> >, CFindUser>(std::_Rb_tree_iterator<std::pair<unsigned int const, CUser> >, std::_Rb_tree_iterator<std::pair<unsigned int const, CUser> >, CFindUser, std::input_iterator_tag)	1	0x80555e0	197	0x8053a38	197	68	68	yes	1.0	no	no
Community/src/UserManager.cpp.o	_ZdlPvS_	operator delete(void*, void*)	1	0x804d42e	5	0x804d254	5	4	4	yes	1.0	no	no
Community/src/UserManager.cpp.o	_ZnwjPv	operator new(unsigned int, void*)	1	0x804b14d	8	0x804b889	8	5	5	yes	1.0	no	no
Community/src/global.cpp.o	_Z16get_packet_tablev	get_packet_table()	1	0x8051466	10	0x8054a67	10	5	5	yes	1.0	no	yes
Community/src/global.cpp.o	_Z21get_packet_table_sizev	get_packet_table_size()	1	0x805145c	10	0x8054a71	10	5	5	yes	1.0	no	no
Community/src/global.cpp.o	_ZN11packet_proc13OnReqAddBuddyEP15ISessionManagerP15CNetworkSessionP12PacketHeader	packet_proc::OnReqAddBuddy(ISessionManager*, CNetworkSession*, PacketHeader*)	1	0x80516ab	537	0x8054489	552	147	150	no	0.9333333333333333	no	yes
Community/src/global.cpp.o	_ZN11packet_proc13OnResAddBuddyEP15ISessionManagerP15CNetworkSessionP12PacketHeader	packet_proc::OnResAddBuddy(ISessionManager*, CNetworkSession*, PacketHeader*)	1	0x80518c4	479	0x80546b1	488	126	126	no	0.9523809523809523	no	yes
Community/src/global.cpp.o	_ZN11packet_proc14OnBuddyChatMsgEP15ISessionManagerP15CNetworkSessionP12PacketHeader	packet_proc::OnBuddyChatMsg(ISessionManager*, CNetworkSession*, PacketHeader*)	1	0x8051b3d	154	0x8054933	154	44	44	no	0.9772727272727273	no	yes
Community/src/global.cpp.o	_ZN11packet_proc14OnReqBuddyListEP15ISessionManagerP15CNetworkSessionP12PacketHeader	packet_proc::OnReqBuddyList(ISessionManager*, CNetworkSession*, PacketHeader*)	1	0x8051646	101	0x805442e	91	32	29	no	0.90625	no	yes
Community/src/global.cpp.o	_ZN11packet_proc16OnReqRemoveBuddyEP15ISessionManagerP15CNetworkSessionP12PacketHeader	packet_proc::OnReqRemoveBuddy(ISessionManager*, CNetworkSession*, PacketHeader*)	1	0x8051aa3	154	0x8054899	154	46	46	yes	1.0	no	yes
Community/src/global.cpp.o	_ZN11packet_proc23OnBuddyChatMsgHyperLinkEP15ISessionManagerP15CNetworkSessionP12PacketHeader	packet_proc::OnBuddyChatMsgHyperLink(ISessionManager*, CNetworkSession*, PacketHeader*)	1	0x8051bd7	154	0x80549cd	154	44	44	no	0.9772727272727273	no	yes
Community/src/global.cpp.o	_ZN11packet_proc7OnLoginEP15ISessionManagerP15CNetworkSessionP12PacketHeader	packet_proc::OnLogin(ISessionManager*, CNetworkSession*, PacketHeader*)	1	0x8051470	296	0x8054277	278	85	79	no	0.9176470588235294	no	yes
Community/src/global.cpp.o	_ZN11packet_proc8OnLogoutEP15ISessionManagerP15CNetworkSessionP12PacketHeader	packet_proc::OnLogout(ISessionManager*, CNetworkSession*, PacketHeader*)	1	0x8051598	174	0x805438d	161	50	46	no	0.92	no	yes
Community/src/global.cpp.o	_ZN15global_function5sleepEi	global_function::sleep(int)	1	0x804f034	25	0x8054a7b	25	9	9	yes	1.0	no	no
Community/src/main.cpp.o	_Z7commandPKcS0_	command(char const*, char const*)	1	0x804c1d4	243	0x8054ec2	257	73	75	no	0.9066666666666666	no	yes
Community/src/main.cpp.o	_ZN17CConfigFileReaderC1Ev	CConfigFileReader::CConfigFileReader()	1	0x804cc9c	69	0x8054fd8	69	27	27	yes	1.0	no	no
Community/src/main.cpp.o	_ZN17CConfigFileReaderD1Ev	CConfigFileReader::~CConfigFileReader()	1	0x804cce2	69	0x805501e	69	27	27	yes	1.0	no	no
Community/src/main.cpp.o	_ZN9__gnu_cxx13new_allocatorISsE10deallocateEPSsj	__gnu_cxx::new_allocator<std::basic_string<char, std::char_traits<char>, std::allocator<char> > >::deallocate(std::basic_string<char, std::char_traits<char>, std::allocator<char> >*, unsigned int)	1	0x804ddda	19	0x804e0a4	19	8	8	yes	1.0	no	no
Community/src/main.cpp.o	_ZN9__gnu_cxx13new_allocatorISsEC1Ev	__gnu_cxx::new_allocator<std::basic_string<char, std::char_traits<char>, std::allocator<char> > >::new_allocator()	1	0x804e7d6	5	0x80553e8	5	4	4	yes	1.0	no	no
Community/src/main.cpp.o	_ZN9__gnu_cxx13new_allocatorISsED1Ev	__gnu_cxx::new_allocator<std::basic_string<char, std::char_traits<char>, std::allocator<char> > >::~new_allocator()	1	0x804e484	5	0x80553dc	5	4	4	yes	1.0	no	no
Community/src/main.cpp.o	_ZN9__gnu_cxx13new_allocatorISt13_Rb_tree_nodeISt4pairIKSsSsEEE10deallocateEPS5_j	__gnu_cxx::new_allocator<std::_Rb_tree_node<std::pair<std::basic_string<char, std::char_traits<char>, std::allocator<char> > const, std::basic_string<char, std::char_traits<char>, std::allocator<char> > > > >::deallocate(std::_Rb_tree_node<std::pair<std::basic_string<char, std::char_traits<char>, std::allocator<char> > const, std::basic_string<char, std::char_traits<char>, std::allocator<char> > > >*, unsigned int)	1	0x804e7fe	19	0x804e48c	19	8	8	yes	1.0	no	no
Community/src/main.cpp.o	_ZN9__gnu_cxx13new_allocatorISt13_Rb_tree_nodeISt4pairIKSsSsEEEC1Ev	__gnu_cxx::new_allocator<std::_Rb_tree_node<std::pair<std::basic_string<char, std::char_traits<char>, std::allocator<char> > const, std::basic_string<char, std::char_traits<char>, std::allocator<char> > > > >::new_allocator()	1	0x804e7f8	5	0x80553e2	5	4	4	yes	1.0	no	no
Community/src/main.cpp.o	_ZN9__gnu_cxx13new_allocatorISt13_Rb_tree_nodeISt4pairIKSsSsEEED1Ev	__gnu_cxx::new_allocator<std::_Rb_tree_node<std::pair<std::basic_string<char, std::char_traits<char>, std::allocator<char> > const, std::basic_string<char, std::char_traits<char>, std::allocator<char> > > > >::~new_allocator()	1	0x804de4e	5	0x80552ae	5	4	4	yes	1.0	no	no
Community/src/main.cpp.o	_ZN9__gnu_cxx13new_allocatorISt4pairIKSsSsEE7destroyEPS3_	__gnu_cxx::new_allocator<std::pair<std::basic_string<char, std::char_traits<char>, std::allocator<char> > const, std::basic_string<char, std::char_traits<char>, std::allocator<char> > > >::destroy(std::pair<std::basic_string<char, std::char_traits<char>, std::allocator<char> > const, std::basic_string<char, std::char_traits<char>, std::allocator<char> > >*)	0			0x80553b4	19	0	8	no	0.0	no	no
Community/src/main.cpp.o	_ZN9__gnu_cxx13new_allocatorISt4pairIKSsSsEEC1Ev	__gnu_cxx::new_allocator<std::pair<std::basic_string<char, std::char_traits<char>, std::allocator<char> > const, std::basic_string<char, std::char_traits<char>, std::allocator<char> > > >::new_allocator()	0			0x804e506	5	0	4	no	0.0	no	no
Community/src/main.cpp.o	_ZN9__gnu_cxx13new_allocatorISt4pairIKSsSsEED1Ev	__gnu_cxx::new_allocator<std::pair<std::basic_string<char, std::char_traits<char>, std::allocator<char> > const, std::basic_string<char, std::char_traits<char>, std::allocator<char> > > >::~new_allocator()	0			0x804e486	5	0	4	no	0.0	no	no
Community/src/main.cpp.o	_ZNKSt8_Rb_treeISsSt4pairIKSsSsESt10_Select1stIS2_ESt4lessISsESaIS2_EE13get_allocatorEv	std::_Rb_tree<std::basic_string<char, std::char_traits<char>, std::allocator<char> >, std::pair<std::basic_string<char, std::char_traits<char>, std::allocator<char> > const, std::basic_string<char, std::char_traits<char>, std::allocator<char> > >, std::_Select1st<std::pair<std::basic_string<char, std::char_traits<char>, std::allocator<char> > const, std::basic_string<char, std::char_traits<char>, std::allocator<char> > > >, std::less<std::basic_string<char, std::char_traits<char>, std::allocator<char> > >, std::allocator<std::pair<std::basic_string<char, std::char_traits<char>, std::allocator<char> > const, std::basic_string<char, std::char_traits<char>, std::allocator<char> > > > >::get_allocator() const	0			0x804e240	49	0	20	no	0.0	no	no
Community/src/main.cpp.o	_ZNKSt8_Rb_treeISsSt4pairIKSsSsESt10_Select1stIS2_ESt4lessISsESaIS2_EE21_M_get_Node_allocatorEv	std::_Rb_tree<std::basic_string<char, std::char_traits<char>, std::allocator<char> >, std::pair<std::basic_string<char, std::char_traits<char>, std::allocator<char> > const, std::basic_string<char, std::char_traits<char>, std::allocator<char> > >, std::_Select1st<std::pair<std::basic_string<char, std::char_traits<char>, std::allocator<char> > const, std::basic_string<char, std::char_traits<char>, std::allocator<char> > > >, std::less<std::basic_string<char, std::char_traits<char>, std::allocator<char> > >, std::allocator<std::pair<std::basic_string<char, std::char_traits<char>, std::allocator<char> > const, std::basic_string<char, std::char_traits<char>, std::allocator<char> > > > >::_M_get_Node_allocator() const	0			0x804e46a	8	0	5	no	0.0	no	no
Community/src/main.cpp.o	_ZNSaISsEC1Ev	std::allocator<std::basic_string<char, std::char_traits<char>, std::allocator<char> > >::allocator()	1	0x804e470	19	0x80553c8	19	8	8	yes	1.0	no	no
Community/src/main.cpp.o	_ZNSaISsED1Ev	std::allocator<std::basic_string<char, std::char_traits<char>, std::allocator<char> > >::~allocator()	1	0x804dd7c	19	0x805535a	19	8	8	yes	1.0	no	no
Community/src/main.cpp.o	_ZNSaISt13_Rb_tree_nodeISt4pairIKSsSsEEEC1Ev	std::allocator<std::_Rb_tree_node<std::pair<std::basic_string<char, std::char_traits<char>, std::allocator<char> > const, std::basic_string<char, std::char_traits<char>, std::allocator<char> > > > >::allocator()	1	0x804e4f0	19	0x805536e	19	8	8	yes	1.0	no	no
Community/src/main.cpp.o	_ZNSaISt13_Rb_tree_nodeISt4pairIKSsSsEEED1Ev	std::allocator<std::_Rb_tree_node<std::pair<std::basic_string<char, std::char_traits<char>, std::allocator<char> > const, std::basic_string<char, std::char_traits<char>, std::allocator<char> > > > >::~allocator()	1	0x804d922	19	0x8055164	19	8	8	yes	1.0	no	no
Community/src/main.cpp.o	_ZNSaISt4pairIKSsSsEEC1ISt13_Rb_tree_nodeIS1_EEERKSaIT_E	std::allocator<std::pair<std::basic_string<char, std::char_traits<char>, std::allocator<char> > const, std::basic_string<char, std::char_traits<char>, std::allocator<char> > > >::allocator<std::_Rb_tree_node<std::pair<std::basic_string<char, std::char_traits<char>, std::allocator<char> > const, std::basic_string<char, std::char_traits<char>, std::allocator<char> > > > >(std::allocator<std::_Rb_tree_node<std::pair<std::basic_string<char, std::char_traits<char>, std::allocator<char> > const, std::basic_string<char, std::char_traits<char>, std::allocator<char> > > > > const&)	0			0x804e472	19	0	8	no	0.0	no	no
Community/src/main.cpp.o	_ZNSaISt4pairIKSsSsEED1Ev	std::allocator<std::pair<std::basic_string<char, std::char_traits<char>, std::allocator<char> > const, std::basic_string<char, std::char_traits<char>, std::allocator<char> > > >::~allocator()	0			0x804e272	19	0	8	no	0.0	no	no
Community/src/main.cpp.o	_ZNSt12_Destroy_auxILb0EE9__destroyIPSsEEvT_S3_	void std::_Destroy_aux<false>::__destroy<std::basic_string<char, std::char_traits<char>, std::allocator<char> >*>(std::basic_string<char, std::char_traits<char>, std::allocator<char> >*, std::basic_string<char, std::char_traits<char>, std::allocator<char> >*)	1	0x804e489	38	0x804e1f5	38	15	15	yes	1.0	no	no
Community/src/main.cpp.o	_ZNSt12_Vector_baseISsSaISsEE12_Vector_implC1Ev	std::_Vector_base<std::basic_string<char, std::char_traits<char>, std::allocator<char> >, std::allocator<std::basic_string<char, std::char_traits<char>, std::allocator<char> > > >::_Vector_impl::_Vector_impl()	1	0x804dd4c	48	0x805532a	48	14	14	yes	1.0	no	no
Community/src/main.cpp.o	_ZNSt12_Vector_baseISsSaISsEE12_Vector_implD1Ev	std::_Vector_base<std::basic_string<char, std::char_traits<char>, std::allocator<char> >, std::allocator<std::basic_string<char, std::char_traits<char>, std::allocator<char> > > >::_Vector_impl::~_Vector_impl()	1	0x804d818	19	0x80551ce	19	8	8	yes	1.0	no	no
Community/src/main.cpp.o	_ZNSt12_Vector_baseISsSaISsEE13_M_deallocateEPSsj	std::_Vector_base<std::basic_string<char, std::char_traits<char>, std::allocator<char> >, std::allocator<std::basic_string<char, std::char_traits<char>, std::allocator<char> > > >::_M_deallocate(std::basic_string<char, std::char_traits<char>, std::allocator<char> >*, unsigned int)	1	0x804d8e6	39	0x804dd2a	39	14	14	yes	1.0	no	no
Community/src/main.cpp.o	_ZNSt12_Vector_baseISsSaISsEE19_M_get_Tp_allocatorEv	std::_Vector_base<std::basic_string<char, std::char_traits<char>, std::allocator<char> >, std::allocator<std::basic_string<char, std::char_traits<char>, std::allocator<char> > > >::_M_get_Tp_allocator()	1	0x804d8a8	8	0x804dccc	8	5	5	yes	1.0	no	no
Community/src/main.cpp.o	_ZNSt12_Vector_baseISsSaISsEEC1Ev	std::_Vector_base<std::basic_string<char, std::char_traits<char>, std::allocator<char> >, std::allocator<std::basic_string<char, std::char_traits<char>, std::allocator<char> > > >::_Vector_base()	1	0x804d82c	19	0x80551e2	19	8	8	yes	1.0	no	no
Community/src/main.cpp.o	_ZNSt12_Vector_baseISsSaISsEED1Ev	std::_Vector_base<std::basic_string<char, std::char_traits<char>, std::allocator<char> >, std::allocator<std::basic_string<char, std::char_traits<char>, std::allocator<char> > > >::~_Vector_base()	1	0x804d840	103	0x80551f6	103	40	40	yes	1.0	no	no
Community/src/main.cpp.o	_ZNSt3mapISsSsSt4lessISsESaISt4pairIKSsSsEEEC1Ev	std::map<std::basic_string<char, std::char_traits<char>, std::allocator<char> >, std::basic_string<char, std::char_traits<char>, std::allocator<char> >, std::less<std::basic_string<char, std::char_traits<char>, std::allocator<char> > >, std::allocator<std::pair<std::basic_string<char, std::char_traits<char>, std::allocator<char> > const, std::basic_string<char, std::char_traits<char>, std::allocator<char> > > > >::map()	1	0x804d514	19	0x8055064	19	8	8	yes	1.0	no	no
Community/src/main.cpp.o	_ZNSt3mapISsSsSt4lessISsESaISt4pairIKSsSsEEED1Ev	std::map<std::basic_string<char, std::char_traits<char>, std::allocator<char> >, std::basic_string<char, std::char_traits<char>, std::allocator<char> >, std::less<std::basic_string<char, std::char_traits<char>, std::allocator<char> > >, std::allocator<std::pair<std::basic_string<char, std::char_traits<char>, std::allocator<char> > const, std::basic_string<char, std::char_traits<char>, std::allocator<char> > > > >::~map()	1	0x804d434	19	0x8054fc4	19	8	8	yes	1.0	no	no
Community/src/main.cpp.o	_ZNSt4pairIKSsSsED1Ev	std::pair<std::basic_string<char, std::char_traits<char>, std::allocator<char> > const, std::basic_string<char, std::char_traits<char>, std::allocator<char> > >::~pair()	1	0x804d45c	69	0x804d2a0	69	27	27	yes	1.0	no	no
Community/src/main.cpp.o	_ZNSt6vectorISsSaISsEEC1Ev	std::vector<std::basic_string<char, std::char_traits<char>, std::allocator<char> >, std::allocator<std::basic_string<char, std::char_traits<char>, std::allocator<char> > > >::vector()	1	0x804d4a2	19	0x80550de	19	8	8	yes	1.0	no	no
Community/src/main.cpp.o	_ZNSt6vectorISsSaISsEED1Ev	std::vector<std::basic_string<char, std::char_traits<char>, std::allocator<char> >, std::allocator<std::basic_string<char, std::char_traits<char>, std::allocator<char> > > >::~vector()	1	0x804d4b6	93	0x80550f2	93	34	34	yes	1.0	no	no
Community/src/main.cpp.o	_ZNSt8_Rb_treeISsSt4pairIKSsSsESt10_Select1stIS2_ESt4lessISsESaIS2_EE11_M_put_nodeEPSt13_Rb_tree_nodeIS2_E	std::_Rb_tree<std::basic_string<char, std::char_traits<char>, std::allocator<char> >, std::pair<std::basic_string<char, std::char_traits<char>, std::allocator<char> > const, std::basic_string<char, std::char_traits<char>, std::allocator<char> > >, std::_Select1st<std::pair<std::basic_string<char, std::char_traits<char>, std::allocator<char> > const, std::basic_string<char, std::char_traits<char>, std::allocator<char> > > >, std::less<std::basic_string<char, std::char_traits<char>, std::allocator<char> > >, std::allocator<std::pair<std::basic_string<char, std::char_traits<char>, std::allocator<char> > const, std::basic_string<char, std::char_traits<char>, std::allocator<char> > > > >::_M_put_node(std::_Rb_tree_node<std::pair<std::basic_string<char, std::char_traits<char>, std::allocator<char> > const, std::basic_string<char, std::char_traits<char>, std::allocator<char> > > >*)	1	0x804e568	34	0x804e33a	34	11	11	yes	1.0	no	no
Community/src/main.cpp.o	_ZNSt8_Rb_treeISsSt4pairIKSsSsESt10_Select1stIS2_ESt4lessISsESaIS2_EE13_Rb_tree_implIS6_Lb0EE13_M_initializeEv	std::_Rb_tree<std::basic_string<char, std::char_traits<char>, std::allocator<char> >, std::pair<std::basic_string<char, std::char_traits<char>, std::allocator<char> > const, std::basic_string<char, std::char_traits<char>, std::allocator<char> > >, std::_Select1st<std::pair<std::basic_string<char, std::char_traits<char>, std::allocator<char> > const, std::basic_string<char, std::char_traits<char>, std::allocator<char> > > >, std::less<std::basic_string<char, std::char_traits<char>, std::allocator<char> > >, std::allocator<std::pair<std::basic_string<char, std::char_traits<char>, std::allocator<char> > const, std::basic_string<char, std::char_traits<char>, std::allocator<char> > > > >::_Rb_tree_impl<std::less<std::basic_string<char, std::char_traits<char>, std::allocator<char> > >, false>::_M_initialize()	1	0x804e504	49	0x8055382	49	16	16	yes	1.0	no	no
Community/src/main.cpp.o	_ZNSt8_Rb_treeISsSt4pairIKSsSsESt10_Select1stIS2_ESt4lessISsESaIS2_EE13_Rb_tree_implIS6_Lb0EEC1Ev	std::_Rb_tree<std::basic_string<char, std::char_traits<char>, std::allocator<char> >, std::pair<std::basic_string<char, std::char_traits<char>, std::allocator<char> > const, std::basic_string<char, std::char_traits<char>, std::allocator<char> > >, std::_Select1st<std::pair<std::basic_string<char, std::char_traits<char>, std::allocator<char> > const, std::basic_string<char, std::char_traits<char>, std::allocator<char> > > >, std::less<std::basic_string<char, std::char_traits<char>, std::allocator<char> > >, std::allocator<std::pair<std::basic_string<char, std::char_traits<char>, std::allocator<char> > const, std::basic_string<char, std::char_traits<char>, std::allocator<char> > > > >::_Rb_tree_impl<std::less<std::basic_string<char, std::char_traits<char>, std::allocator<char> > >, false>::_Rb_tree_impl()	1	0x804ddfe	80	0x805525e	80	21	21	yes	1.0	no	no
Community/src/main.cpp.o	_ZNSt8_Rb_treeISsSt4pairIKSsSsESt10_Select1stIS2_ESt4lessISsESaIS2_EE13_Rb_tree_implIS6_Lb0EED1Ev	std::_Rb_tree<std::basic_string<char, std::char_traits<char>, std::allocator<char> >, std::pair<std::basic_string<char, std::char_traits<char>, std::allocator<char> > const, std::basic_string<char, std::char_traits<char>, std::allocator<char> > >, std::_Select1st<std::pair<std::basic_string<char, std::char_traits<char>, std::allocator<char> > const, std::basic_string<char, std::char_traits<char>, std::allocator<char> > > >, std::less<std::basic_string<char, std::char_traits<char>, std::allocator<char> > >, std::allocator<std::pair<std::basic_string<char, std::char_traits<char>, std::allocator<char> > const, std::basic_string<char, std::char_traits<char>, std::allocator<char> > > > >::_Rb_tree_impl<std::less<std::basic_string<char, std::char_traits<char>, std::allocator<char> > >, false>::~_Rb_tree_impl()	1	0x804d528	19	0x8055078	19	8	8	yes	1.0	no	no
Community/src/main.cpp.o	_ZNSt8_Rb_treeISsSt4pairIKSsSsESt10_Select1stIS2_ESt4lessISsESaIS2_EE15_M_destroy_nodeEPSt13_Rb_tree_nodeIS2_E	std::_Rb_tree<std::basic_string<char, std::char_traits<char>, std::allocator<char> >, std::pair<std::basic_string<char, std::char_traits<char>, std::allocator<char> > const, std::basic_string<char, std::char_traits<char>, std::allocator<char> > >, std::_Select1st<std::pair<std::basic_string<char, std::char_traits<char>, std::allocator<char> > const, std::basic_string<char, std::char_traits<char>, std::allocator<char> > > >, std::less<std::basic_string<char, std::char_traits<char>, std::allocator<char> > >, std::allocator<std::pair<std::basic_string<char, std::char_traits<char>, std::allocator<char> > const, std::basic_string<char, std::char_traits<char>, std::allocator<char> > > > >::_M_destroy_node(std::_Rb_tree_node<std::pair<std::basic_string<char, std::char_traits<char>, std::allocator<char> > const, std::basic_string<char, std::char_traits<char>, std::allocator<char> > > >*)	1	0x804de6a	52	0x80552b4	118	17	41	no	0.3902439024390244	no	yes
Community/src/main.cpp.o	_ZNSt8_Rb_treeISsSt4pairIKSsSsESt10_Select1stIS2_ESt4lessISsESaIS2_EE7_S_leftEPSt18_Rb_tree_node_base	std::_Rb_tree<std::basic_string<char, std::char_traits<char>, std::allocator<char> >, std::pair<std::basic_string<char, std::char_traits<char>, std::allocator<char> > const, std::basic_string<char, std::char_traits<char>, std::allocator<char> > >, std::_Select1st<std::pair<std::basic_string<char, std::char_traits<char>, std::allocator<char> > const, std::basic_string<char, std::char_traits<char>, std::allocator<char> > > >, std::less<std::basic_string<char, std::char_traits<char>, std::allocator<char> > >, std::allocator<std::pair<std::basic_string<char, std::char_traits<char>, std::allocator<char> > const, std::basic_string<char, std::char_traits<char>, std::allocator<char> > > > >::_S_left(std::_Rb_tree_node_base*)	1	0x804de5e	11	0x804de79	11	6	6	yes	1.0	no	no
Community/src/main.cpp.o	_ZNSt8_Rb_treeISsSt4pairIKSsSsESt10_Select1stIS2_ESt4lessISsESaIS2_EE8_M_beginEv	std::_Rb_tree<std::basic_string<char, std::char_traits<char>, std::allocator<char> >, std::pair<std::basic_string<char, std::char_traits<char>, std::allocator<char> > const, std::basic_string<char, std::char_traits<char>, std::allocator<char> > >, std::_Select1st<std::pair<std::basic_string<char, std::char_traits<char>, std::allocator<char> > const, std::basic_string<char, std::char_traits<char>, std::allocator<char> > > >, std::less<std::basic_string<char, std::char_traits<char>, std::allocator<char> > >, std::allocator<std::pair<std::basic_string<char, std::char_traits<char>, std::allocator<char> > const, std::basic_string<char, std::char_traits<char>, std::allocator<char> > > > >::_M_begin()	1	0x804d98c	11	0x804dd52	11	6	6	yes	1.0	no	no
Community/src/main.cpp.o	_ZNSt8_Rb_treeISsSt4pairIKSsSsESt10_Select1stIS2_ESt4lessISsESaIS2_EE8_M_eraseEPSt13_Rb_tree_nodeIS2_E	std::_Rb_tree<std::basic_string<char, std::char_traits<char>, std::allocator<char> >, std::pair<std::basic_string<char, std::char_traits<char>, std::allocator<char> > const, std::basic_string<char, std::char_traits<char>, std::allocator<char> > >, std::_Select1st<std::pair<std::basic_string<char, std::char_traits<char>, std::allocator<char> > const, std::basic_string<char, std::char_traits<char>, std::allocator<char> > > >, std::less<std::basic_string<char, std::char_traits<char>, std::allocator<char> > >, std::allocator<std::pair<std::basic_string<char, std::char_traits<char>, std::allocator<char> > const, std::basic_string<char, std::char_traits<char>, std::allocator<char> > > > >::_M_erase(std::_Rb_tree_node<std::pair<std::basic_string<char, std::char_traits<char>, std::allocator<char> > const, std::basic_string<char, std::char_traits<char>, std::allocator<char> > > >*)	1	0x804d936	85	0x8055178	85	28	28	yes	1.0	no	no
Community/src/main.cpp.o	_ZNSt8_Rb_treeISsSt4pairIKSsSsESt10_Select1stIS2_ESt4lessISsESaIS2_EE8_S_rightEPSt18_Rb_tree_node_base	std::_Rb_tree<std::basic_string<char, std::char_traits<char>, std::allocator<char> >, std::pair<std::basic_string<char, std::char_traits<char>, std::allocator<char> > const, std::basic_string<char, std::char_traits<char>, std::allocator<char> > >, std::_Select1st<std::pair<std::basic_string<char, std::char_traits<char>, std::allocator<char> > const, std::basic_string<char, std::char_traits<char>, std::allocator<char> > > >, std::less<std::basic_string<char, std::char_traits<char>, std::allocator<char> > >, std::allocator<std::pair<std::basic_string<char, std::char_traits<char>, std::allocator<char> > const, std::basic_string<char, std::char_traits<char>, std::allocator<char> > > > >::_S_right(std::_Rb_tree_node_base*)	1	0x804de53	11	0x804de6e	11	6	6	yes	1.0	no	no
Community/src/main.cpp.o	_ZNSt8_Rb_treeISsSt4pairIKSsSsESt10_Select1stIS2_ESt4lessISsESaIS2_EEC1Ev	std::_Rb_tree<std::basic_string<char, std::char_traits<char>, std::allocator<char> >, std::pair<std::basic_string<char, std::char_traits<char>, std::allocator<char> > const, std::basic_string<char, std::char_traits<char>, std::allocator<char> > >, std::_Select1st<std::pair<std::basic_string<char, std::char_traits<char>, std::allocator<char> > const, std::basic_string<char, std::char_traits<char>, std::allocator<char> > > >, std::less<std::basic_string<char, std::char_traits<char>, std::allocator<char> > >, std::allocator<std::pair<std::basic_string<char, std::char_traits<char>, std::allocator<char> > const, std::basic_string<char, std::char_traits<char>, std::allocator<char> > > > >::_Rb_tree()	1	0x804d90e	19	0x8055150	19	8	8	yes	1.0	no	no
Community/src/main.cpp.o	_ZNSt8_Rb_treeISsSt4pairIKSsSsESt10_Select1stIS2_ESt4lessISsESaIS2_EED1Ev	std::_Rb_tree<std::basic_string<char, std::char_traits<char>, std::allocator<char> >, std::pair<std::basic_string<char, std::char_traits<char>, std::allocator<char> > const, std::basic_string<char, std::char_traits<char>, std::allocator<char> > >, std::_Select1st<std::pair<std::basic_string<char, std::char_traits<char>, std::allocator<char> > const, std::basic_string<char, std::char_traits<char>, std::allocator<char> > > >, std::less<std::basic_string<char, std::char_traits<char>, std::allocator<char> > >, std::allocator<std::pair<std::basic_string<char, std::char_traits<char>, std::allocator<char> > const, std::basic_string<char, std::char_traits<char>, std::allocator<char> > > > >::~_Rb_tree()	1	0x804d53c	81	0x805508c	81	30	30	yes	1.0	no	no
Community/src/main.cpp.o	_ZSt8_DestroyIPSsEvT_S1_	void std::_Destroy<std::basic_string<char, std::char_traits<char>, std::allocator<char> >*>(std::basic_string<char, std::char_traits<char>, std::allocator<char> >*, std::basic_string<char, std::char_traits<char>, std::allocator<char> >*)	1	0x804dd8f	26	0x804e089	26	10	10	yes	1.0	no	no
Community/src/main.cpp.o	_ZSt8_DestroyIPSsSsEvT_S1_RSaIT0_E	void std::_Destroy<std::basic_string<char, std::char_traits<char>, std::allocator<char> >*, std::basic_string<char, std::char_traits<char>, std::allocator<char> > >(std::basic_string<char, std::char_traits<char>, std::allocator<char> >*, std::basic_string<char, std::char_traits<char>, std::allocator<char> >*, std::allocator<std::basic_string<char, std::char_traits<char>, std::allocator<char> > >&)	1	0x804d8b0	26	0x804dd0f	26	10	10	yes	1.0	no	no
Community/src/main.cpp.o	_ZSt8_DestroyISsEvPT_	void std::_Destroy<std::basic_string<char, std::char_traits<char>, std::allocator<char> > >(std::basic_string<char, std::char_traits<char>, std::allocator<char> >*)	1	0x804e7db	19	0x804e419	19	8	8	yes	1.0	no	no
Community/src/main.cpp.o	main	main	1	0x804c2c7	1335	0x8054a94	1070	320	234	no	0.728125	no	yes
DNFServer/ServerCommon/DNFFileLog.cpp.o	_Z22CFileLogWriterInstancev	CFileLogWriterInstance()	1	0x8055e2c	147	0x8055f2b	147	44	44	yes	1.0	no	yes
DNFServer/ServerCommon/DNFFileLog.cpp.o	_ZN10CMyFileLogC1EPKci	CMyFileLog::CMyFileLog(char const*, int)	1	0x8056968	22	0x8055fbe	22	10	10	yes	1.0	no	no
DNFServer/ServerCommon/DNFFileLog.cpp.o	_ZN10CMyFileLogclEPKcS1_z	CMyFileLog::operator()(char const*, char const*, ...)	1	0x8056994	173	0x8055fd4	180	45	44	no	0.9111111111111111	no	yes
DNFServer/ServerCommon/DNFFileLog.cpp.o	_ZN12CToolFileLogC1EPKci	CToolFileLog::CToolFileLog(char const*, int)	1	0x805697e	22	0x80560f8	22	10	10	yes	1.0	no	no
DNFServer/ServerCommon/DNFFileLog.cpp.o	_ZN12CToolFileLogclEPKciS1_z	CToolFileLog::operator()(char const*, int, char const*, ...)	1	0x8056a42	329	0x805610e	327	82	73	no	0.7926829268292683	no	yes
DNFServer/ServerCommon/DNFFileLog.cpp.o	_ZN13CMyRawFileLogclEPKcS1_z	CMyRawFileLog::operator()(char const*, char const*, ...)	1	0x8056b8c	106	0x8056088	111	27	28	no	0.9642857142857143	no	no
DNFServer/ServerCommon/DNFFileLog.cpp.o	_ZN14CFileLogWriter11writeRawLogEPKcS1_z	CFileLogWriter::writeRawLog(char const*, char const*, ...)	1	0x8056578	1007	0x8055b84	935	303	281	no	0.8976897689768977	no	yes
DNFServer/ServerCommon/DNFFileLog.cpp.o	_ZN14CFileLogWriter8writeLogEPKcS1_z	CFileLogWriter::writeLog(char const*, char const*, ...)	1	0x805617a	1021	0x80557ce	949	307	285	no	0.8990228013029316	no	yes
DNFServer/ServerCommon/DNFFileLog.cpp.o	_ZN14CFileLogWriterC1Ev	CFileLogWriter::CFileLogWriter()	1	0x80560ec	45	0x8055640	84	15	31	no	0.45161290322580644	no	yes
DNFServer/ServerCommon/DNFFileLog.cpp.o	_ZN14CFileLogWriterD0Ev	CFileLogWriter::~CFileLogWriter()	1	0x805615c	30	0x80557b0	30	11	11	yes	1.0	no	no
DNFServer/ServerCommon/DNFFileLog.cpp.o	_ZN14CFileLogWriterD1Ev	CFileLogWriter::~CFileLogWriter()	1	0x805611a	65	0x8055694	283	21	96	no	0.20833333333333334	no	yes
DNFServer/ServerCommon/DNFFileLog.cpp.o	_ZN5CFLog8writeLogEP2tmPKcPc	CFLog::writeLog(tm*, char const*, char*)	1	0x8055fde	171	0x8055532	171	47	47	yes	1.0	no	yes
DNFServer/ServerCommon/DNFFileLog.cpp.o	_ZN5CFLog8writeLogEPKcPc	CFLog::writeLog(char const*, char*)	1	0x805608a	98	0x80555de	98	29	29	yes	1.0	no	yes
DNFServer/ServerCommon/DNFFileLog.cpp.o	_ZN5CFLogC1ERSs	CFLog::CFLog(std::basic_string<char, std::char_traits<char>, std::allocator<char> >&)	1	0x8055ec0	151	0x80553fa	142	50	46	no	0.88	no	yes
DNFServer/ServerCommon/DNFFileLog.cpp.o	_ZN5CFLogD0Ev	CFLog::~CFLog()	1	0x8055fc0	30	0x8055514	30	11	11	yes	1.0	no	no
DNFServer/ServerCommon/DNFFileLog.cpp.o	_ZN5CFLogD1Ev	CFLog::~CFLog()	1	0x8055f58	104	0x8055488	139	37	48	no	0.7708333333333334	no	yes
DNFServer/ServerCommon/DNFFileLog.cpp.o	_ZN9__gnu_cxx13new_allocatorISt13_Rb_tree_nodeISt4pairIKSsP5CFLogEEE10deallocateEPS7_j	__gnu_cxx::new_allocator<std::_Rb_tree_node<std::pair<std::basic_string<char, std::char_traits<char>, std::allocator<char> > const, CFLog*> > >::deallocate(std::_Rb_tree_node<std::pair<std::basic_string<char, std::char_traits<char>, std::allocator<char> > const, CFLog*> >*, unsigned int)	1	0x80576dc	19	0x8057228	19	8	8	yes	1.0	no	no
DNFServer/ServerCommon/DNFFileLog.cpp.o	_ZN9__gnu_cxx13new_allocatorISt13_Rb_tree_nodeISt4pairIKSsP5CFLogEEE8allocateEjPKv	__gnu_cxx::new_allocator<std::_Rb_tree_node<std::pair<std::basic_string<char, std::char_traits<char>, std::allocator<char> > const, CFLog*> > >::allocate(unsigned int, void const*)	1	0x8057784	62	0x80573d6	62	23	23	yes	1.0	no	no
DNFServer/ServerCommon/DNFFileLog.cpp.o	_ZN9__gnu_cxx13new_allocatorISt13_Rb_tree_nodeISt4pairIKSsP5CFLogEEEC1Ev	__gnu_cxx::new_allocator<std::_Rb_tree_node<std::pair<std::basic_string<char, std::char_traits<char>, std::allocator<char> > const, CFLog*> > >::new_allocator()	1	0x80576d6	5	0x8057200	5	4	4	yes	1.0	no	no
DNFServer/ServerCommon/DNFFileLog.cpp.o	_ZN9__gnu_cxx13new_allocatorISt13_Rb_tree_nodeISt4pairIKSsP5CFLogEEED1Ev	__gnu_cxx::new_allocator<std::_Rb_tree_node<std::pair<std::basic_string<char, std::char_traits<char>, std::allocator<char> > const, CFLog*> > >::~new_allocator()	1	0x80572e6	5	0x805687e	5	4	4	yes	1.0	no	no
DNFServer/ServerCommon/DNFFileLog.cpp.o	_ZN9__gnu_cxx13new_allocatorISt4pairIKSsP5CFLogEE7destroyEPS5_	__gnu_cxx::new_allocator<std::pair<std::basic_string<char, std::char_traits<char>, std::allocator<char> > const, CFLog*> >::destroy(std::pair<std::basic_string<char, std::char_traits<char>, std::allocator<char> > const, CFLog*>*)	0			0x8056eaa	19	0	8	no	0.0	no	no
DNFServer/ServerCommon/DNFFileLog.cpp.o	_ZN9__gnu_cxx13new_allocatorISt4pairIKSsP5CFLogEE9constructEPS5_RKS5_	__gnu_cxx::new_allocator<std::pair<std::basic_string<char, std::char_traits<char>, std::allocator<char> > const, CFLog*> >::construct(std::pair<std::basic_string<char, std::char_traits<char>, std::allocator<char> > const, CFLog*>*, std::pair<std::basic_string<char, std::char_traits<char>, std::allocator<char> > const, CFLog*> const&)	0			0x8057378	93	0	35	no	0.0	no	no
DNFServer/ServerCommon/DNFFileLog.cpp.o	_ZN9__gnu_cxx13new_allocatorISt4pairIKSsP5CFLogEEC1Ev	__gnu_cxx::new_allocator<std::pair<std::basic_string<char, std::char_traits<char>, std::allocator<char> > const, CFLog*> >::new_allocator()	0			0x8057328	5	0	4	no	0.0	no	no
DNFServer/ServerCommon/DNFFileLog.cpp.o	_ZN9__gnu_cxx13new_allocatorISt4pairIKSsP5CFLogEED1Ev	__gnu_cxx::new_allocator<std::pair<std::basic_string<char, std::char_traits<char>, std::allocator<char> > const, CFLog*> >::~new_allocator()	0			0x8057222	5	0	4	no	0.0	no	no
DNFServer/ServerCommon/DNFFileLog.cpp.o	_ZNK9__gnu_cxx13new_allocatorISt13_Rb_tree_nodeISt4pairIKSsP5CFLogEEE8max_sizeEv	__gnu_cxx::new_allocator<std::_Rb_tree_node<std::pair<std::basic_string<char, std::char_traits<char>, std::allocator<char> > const, CFLog*> > >::max_size() const	1	0x8057834	10	0x8057414	10	5	5	yes	1.0	no	no
DNFServer/ServerCommon/DNFFileLog.cpp.o	_ZNKSt10_Select1stISt4pairIKSsP5CFLogEEclERKS4_	std::_Select1st<std::pair<std::basic_string<char, std::char_traits<char>, std::allocator<char> > const, CFLog*> >::operator()(std::pair<std::basic_string<char, std::char_traits<char>, std::allocator<char> > const, CFLog*> const&) const	1	0x8057402	8	0x8056f0e	8	5	5	yes	1.0	no	no
DNFServer/ServerCommon/DNFFileLog.cpp.o	_ZNKSt17_Rb_tree_iteratorISt4pairIKSsP5CFLogEEdeEv	std::_Rb_tree_iterator<std::pair<std::basic_string<char, std::char_traits<char>, std::allocator<char> > const, CFLog*> >::operator*() const	0			0x80567a0	13	0	7	no	0.0	no	no
DNFServer/ServerCommon/DNFFileLog.cpp.o	_ZNKSt17_Rb_tree_iteratorISt4pairIKSsP5CFLogEEeqERKS5_	std::_Rb_tree_iterator<std::pair<std::basic_string<char, std::char_traits<char>, std::allocator<char> > const, CFLog*> >::operator==(std::_Rb_tree_iterator<std::pair<std::basic_string<char, std::char_traits<char>, std::allocator<char> > const, CFLog*> > const&) const	1	0x80573e0	20	0x80567ae	20	10	10	yes	1.0	no	no
DNFServer/ServerCommon/DNFFileLog.cpp.o	_ZNKSt17_Rb_tree_iteratorISt4pairIKSsP5CFLogEEneERKS5_	std::_Rb_tree_iterator<std::pair<std::basic_string<char, std::char_traits<char>, std::allocator<char> > const, CFLog*> >::operator!=(std::_Rb_tree_iterator<std::pair<std::basic_string<char, std::char_traits<char>, std::allocator<char> > const, CFLog*> > const&) const	1	0x8056de4	20	0x8056330	20	10	10	yes	1.0	no	no
DNFServer/ServerCommon/DNFFileLog.cpp.o	_ZNKSt17_Rb_tree_iteratorISt4pairIKSsP5CFLogEEptEv	std::_Rb_tree_iterator<std::pair<std::basic_string<char, std::char_traits<char>, std::allocator<char> > const, CFLog*> >::operator->() const	1	0x8056df8	13	0x8056362	13	7	7	yes	1.0	no	no
DNFServer/ServerCommon/DNFFileLog.cpp.o	_ZNKSt3mapISsP5CFLogSt4lessISsESaISt4pairIKSsS1_EEE8key_compEv	std::map<std::basic_string<char, std::char_traits<char>, std::allocator<char> >, CFLog*, std::less<std::basic_string<char, std::char_traits<char>, std::allocator<char> > >, std::allocator<std::pair<std::basic_string<char, std::char_traits<char>, std::allocator<char> > const, CFLog*> > >::key_comp() const	0			0x805677a	37	0	14	no	0.0	no	no
DNFServer/ServerCommon/DNFFileLog.cpp.o	_ZNKSt4lessISsEclERKSsS2_	std::less<std::basic_string<char, std::char_traits<char>, std::allocator<char> > >::operator()(std::basic_string<char, std::char_traits<char>, std::allocator<char> > const&, std::basic_string<char, std::char_traits<char>, std::allocator<char> > const&) const	1	0x804ded4	26	0x804de08	26	10	10	yes	1.0	no	no
DNFServer/ServerCommon/DNFFileLog.cpp.o	_ZNKSt8_Rb_treeISsSt4pairIKSsP5CFLogESt10_Select1stIS4_ESt4lessISsESaIS4_EE13get_allocatorEv	std::_Rb_tree<std::basic_string<char, std::char_traits<char>, std::allocator<char> >, std::pair<std::basic_string<char, std::char_traits<char>, std::allocator<char> > const, CFLog*>, std::_Select1st<std::pair<std::basic_string<char, std::char_traits<char>, std::allocator<char> > const, CFLog*> >, std::less<std::basic_string<char, std::char_traits<char>, std::allocator<char> > >, std::allocator<std::pair<std::basic_string<char, std::char_traits<char>, std::allocator<char> > const, CFLog*> > >::get_allocator() const	0			0x8056e64	49	0	20	no	0.0	no	no
DNFServer/ServerCommon/DNFFileLog.cpp.o	_ZNKSt8_Rb_treeISsSt4pairIKSsP5CFLogESt10_Select1stIS4_ESt4lessISsESaIS4_EE21_M_get_Node_allocatorEv	std::_Rb_tree<std::basic_string<char, std::char_traits<char>, std::allocator<char> >, std::pair<std::basic_string<char, std::char_traits<char>, std::allocator<char> > const, CFLog*>, std::_Select1st<std::pair<std::basic_string<char, std::char_traits<char>, std::allocator<char> > const, CFLog*> >, std::less<std::basic_string<char, std::char_traits<char>, std::allocator<char> > >, std::allocator<std::pair<std::basic_string<char, std::char_traits<char>, std::allocator<char> > const, CFLog*> > >::_M_get_Node_allocator() const	0			0x8057206	8	0	5	no	0.0	no	no
DNFServer/ServerCommon/DNFFileLog.cpp.o	_ZNKSt8_Rb_treeISsSt4pairIKSsP5CFLogESt10_Select1stIS4_ESt4lessISsESaIS4_EE4sizeEv	std::_Rb_tree<std::basic_string<char, std::char_traits<char>, std::allocator<char> >, std::pair<std::basic_string<char, std::char_traits<char>, std::allocator<char> > const, CFLog*>, std::_Select1st<std::pair<std::basic_string<char, std::char_traits<char>, std::allocator<char> > const, CFLog*> >, std::less<std::basic_string<char, std::char_traits<char>, std::allocator<char> > >, std::allocator<std::pair<std::basic_string<char, std::char_traits<char>, std::allocator<char> > const, CFLog*> > >::size() const	0			0x8056f16	11	0	6	no	0.0	no	no
DNFServer/ServerCommon/DNFFileLog.cpp.o	_ZNKSt8_Rb_treeISsSt4pairIKSsP5CFLogESt10_Select1stIS4_ESt4lessISsESaIS4_EE8key_compEv	std::_Rb_tree<std::basic_string<char, std::char_traits<char>, std::allocator<char> >, std::pair<std::basic_string<char, std::char_traits<char>, std::allocator<char> > const, CFLog*>, std::_Select1st<std::pair<std::basic_string<char, std::char_traits<char>, std::allocator<char> > const, CFLog*> >, std::less<std::basic_string<char, std::char_traits<char>, std::allocator<char> > >, std::allocator<std::pair<std::basic_string<char, std::char_traits<char>, std::allocator<char> > const, CFLog*> > >::key_comp() const	0			0x8056a3e	10	0	5	no	0.0	no	no
DNFServer/ServerCommon/DNFFileLog.cpp.o	_ZNSaISt13_Rb_tree_nodeISt4pairIKSsP5CFLogEEEC1Ev	std::allocator<std::_Rb_tree_node<std::pair<std::basic_string<char, std::char_traits<char>, std::allocator<char> > const, CFLog*> > >::allocator()	1	0x8057594	19	0x8056e1e	19	8	8	yes	1.0	no	no
DNFServer/ServerCommon/DNFFileLog.cpp.o	_ZNSaISt13_Rb_tree_nodeISt4pairIKSsP5CFLogEEED1Ev	std::allocator<std::_Rb_tree_node<std::pair<std::basic_string<char, std::char_traits<char>, std::allocator<char> > const, CFLog*> > >::~allocator()	1	0x8056edc	19	0x8056516	19	8	8	yes	1.0	no	no
DNFServer/ServerCommon/DNFFileLog.cpp.o	_ZNSaISt4pairIKSsP5CFLogEEC1ISt13_Rb_tree_nodeIS3_EEERKSaIT_E	std::allocator<std::pair<std::basic_string<char, std::char_traits<char>, std::allocator<char> > const, CFLog*> >::allocator<std::_Rb_tree_node<std::pair<std::basic_string<char, std::char_traits<char>, std::allocator<char> > const, CFLog*> > >(std::allocator<std::_Rb_tree_node<std::pair<std::basic_string<char, std::char_traits<char>, std::allocator<char> > const, CFLog*> > > const&)	0			0x805720e	19	0	8	no	0.0	no	no
DNFServer/ServerCommon/DNFFileLog.cpp.o	_ZNSaISt4pairIKSsP5CFLogEED1Ev	std::allocator<std::pair<std::basic_string<char, std::char_traits<char>, std::allocator<char> > const, CFLog*> >::~allocator()	0			0x8056e96	19	0	8	no	0.0	no	no
DNFServer/ServerCommon/DNFFileLog.cpp.o	_ZNSt17_Rb_tree_iteratorISt4pairIKSsP5CFLogEEC1EPSt13_Rb_tree_nodeIS4_E	std::_Rb_tree_iterator<std::pair<std::basic_string<char, std::char_traits<char>, std::allocator<char> > const, CFLog*> >::_Rb_tree_iterator(std::_Rb_tree_node<std::pair<std::basic_string<char, std::char_traits<char>, std::allocator<char> > const, CFLog*> >*)	1	0x80573f4	13	0x8056910	13	7	7	yes	1.0	no	no
DNFServer/ServerCommon/DNFFileLog.cpp.o	_ZNSt17_Rb_tree_iteratorISt4pairIKSsP5CFLogEEmmEv	std::_Rb_tree_iterator<std::pair<std::basic_string<char, std::char_traits<char>, std::allocator<char> > const, CFLog*> >::operator--()	1	0x8057548	29	0x805730a	29	12	12	yes	1.0	no	no
DNFServer/ServerCommon/DNFFileLog.cpp.o	_ZNSt17_Rb_tree_iteratorISt4pairIKSsP5CFLogEEppEv	std::_Rb_tree_iterator<std::pair<std::basic_string<char, std::char_traits<char>, std::allocator<char> > const, CFLog*> >::operator++()	0			0x8056344	29	0	12	no	0.0	no	no
DNFServer/ServerCommon/DNFFileLog.cpp.o	_ZNSt23_Rb_tree_const_iteratorISt4pairIKSsP5CFLogEEC1ERKSt17_Rb_tree_iteratorIS4_E	std::_Rb_tree_const_iterator<std::pair<std::basic_string<char, std::char_traits<char>, std::allocator<char> > const, CFLog*> >::_Rb_tree_const_iterator(std::_Rb_tree_iterator<std::pair<std::basic_string<char, std::char_traits<char>, std::allocator<char> > const, CFLog*> > const&)	0			0x8056a48	15	0	8	no	0.0	no	no
DNFServer/ServerCommon/DNFFileLog.cpp.o	_ZNSt23_Rb_tree_const_iteratorISt4pairIKSsP5CFLogEEmmEv	std::_Rb_tree_const_iterator<std::pair<std::basic_string<char, std::char_traits<char>, std::allocator<char> > const, CFLog*> >::operator--()	0			0x80571ba	29	0	12	no	0.0	no	no
DNFServer/ServerCommon/DNFFileLog.cpp.o	_ZNSt23_Rb_tree_const_iteratorISt4pairIKSsP5CFLogEEppEv	std::_Rb_tree_const_iterator<std::pair<std::basic_string<char, std::char_traits<char>, std::allocator<char> > const, CFLog*> >::operator++()	0			0x80571e2	29	0	12	no	0.0	no	no
DNFServer/ServerCommon/DNFFileLog.cpp.o	_ZNSt3mapISsP5CFLogSt4lessISsESaISt4pairIKSsS1_EEE11lower_boundERS5_	std::map<std::basic_string<char, std::char_traits<char>, std::allocator<char> >, CFLog*, std::less<std::basic_string<char, std::char_traits<char>, std::allocator<char> > >, std::allocator<std::pair<std::basic_string<char, std::char_traits<char>, std::allocator<char> > const, CFLog*> > >::lower_bound(std::basic_string<char, std::char_traits<char>, std::allocator<char> > const&)	0			0x805674e	44	0	16	no	0.0	no	no
DNFServer/ServerCommon/DNFFileLog.cpp.o	_ZNSt3mapISsP5CFLogSt4lessISsESaISt4pairIKSsS1_EEE3endEv	std::map<std::basic_string<char, std::char_traits<char>, std::allocator<char> >, CFLog*, std::less<std::basic_string<char, std::char_traits<char>, std::allocator<char> > >, std::allocator<std::pair<std::basic_string<char, std::char_traits<char>, std::allocator<char> > const, CFLog*> > >::end()	1	0x8056dbe	37	0x805630a	37	14	14	yes	1.0	no	no
DNFServer/ServerCommon/DNFFileLog.cpp.o	_ZNSt3mapISsP5CFLogSt4lessISsESaISt4pairIKSsS1_EEE4findERS5_	std::map<std::basic_string<char, std::char_traits<char>, std::allocator<char> >, CFLog*, std::less<std::basic_string<char, std::char_traits<char>, std::allocator<char> > >, std::allocator<std::pair<std::basic_string<char, std::char_traits<char>, std::allocator<char> > const, CFLog*> > >::find(std::basic_string<char, std::char_traits<char>, std::allocator<char> > const&)	1	0x8056d92	44	0x8056384	44	16	16	yes	1.0	no	no
DNFServer/ServerCommon/DNFFileLog.cpp.o	_ZNSt3mapISsP5CFLogSt4lessISsESaISt4pairIKSsS1_EEE5beginEv	std::map<std::basic_string<char, std::char_traits<char>, std::allocator<char> >, CFLog*, std::less<std::basic_string<char, std::char_traits<char>, std::allocator<char> > >, std::allocator<std::pair<std::basic_string<char, std::char_traits<char>, std::allocator<char> > const, CFLog*> > >::begin()	0			0x80562e4	37	0	14	no	0.0	no	no
DNFServer/ServerCommon/DNFFileLog.cpp.o	_ZNSt3mapISsP5CFLogSt4lessISsESaISt4pairIKSsS1_EEE5clearEv	std::map<std::basic_string<char, std::char_traits<char>, std::allocator<char> >, CFLog*, std::less<std::basic_string<char, std::char_traits<char>, std::allocator<char> > >, std::allocator<std::pair<std::basic_string<char, std::char_traits<char>, std::allocator<char> > const, CFLog*> > >::clear()	0			0x8056370	19	0	8	no	0.0	no	no
DNFServer/ServerCommon/DNFFileLog.cpp.o	_ZNSt3mapISsP5CFLogSt4lessISsESaISt4pairIKSsS1_EEE5eraseESt17_Rb_tree_iteratorIS6_E	std::map<std::basic_string<char, std::char_traits<char>, std::allocator<char> >, CFLog*, std::less<std::basic_string<char, std::char_traits<char>, std::allocator<char> > >, std::allocator<std::pair<std::basic_string<char, std::char_traits<char>, std::allocator<char> > const, CFLog*> > >::erase(std::_Rb_tree_iterator<std::pair<std::basic_string<char, std::char_traits<char>, std::allocator<char> > const, CFLog*> >)	1	0x8056e06	26	0x80563b0	26	10	10	yes	1.0	no	no
DNFServer/ServerCommon/DNFFileLog.cpp.o	_ZNSt3mapISsP5CFLogSt4lessISsESaISt4pairIKSsS1_EEE6insertESt17_Rb_tree_iteratorIS6_ERKS6_	std::map<std::basic_string<char, std::char_traits<char>, std::allocator<char> >, CFLog*, std::less<std::basic_string<char, std::char_traits<char>, std::allocator<char> > >, std::allocator<std::pair<std::basic_string<char, std::char_traits<char>, std::allocator<char> > const, CFLog*> > >::insert(std::_Rb_tree_iterator<std::pair<std::basic_string<char, std::char_traits<char>, std::allocator<char> > const, CFLog*> >, std::pair<std::basic_string<char, std::char_traits<char>, std::allocator<char> > const, CFLog*> const&)	0			0x80567e8	69	0	23	no	0.0	no	no
DNFServer/ServerCommon/DNFFileLog.cpp.o	_ZNSt3mapISsP5CFLogSt4lessISsESaISt4pairIKSsS1_EEEC1Ev	std::map<std::basic_string<char, std::char_traits<char>, std::allocator<char> >, CFLog*, std::less<std::basic_string<char, std::char_traits<char>, std::allocator<char> > >, std::allocator<std::pair<std::basic_string<char, std::char_traits<char>, std::allocator<char> > const, CFLog*> > >::map()	1	0x8056ce6	19	0x805626a	19	8	8	yes	1.0	no	no
DNFServer/ServerCommon/DNFFileLog.cpp.o	_ZNSt3mapISsP5CFLogSt4lessISsESaISt4pairIKSsS1_EEED1Ev	std::map<std::basic_string<char, std::char_traits<char>, std::allocator<char> >, CFLog*, std::less<std::basic_string<char, std::char_traits<char>, std::allocator<char> > >, std::allocator<std::pair<std::basic_string<char, std::char_traits<char>, std::allocator<char> > const, CFLog*> > >::~map()	1	0x8056caa	19	0x8056256	19	8	8	yes	1.0	no	no
DNFServer/ServerCommon/DNFFileLog.cpp.o	_ZNSt3mapISsP5CFLogSt4lessISsESaISt4pairIKSsS1_EEEixERS5_	std::map<std::basic_string<char, std::char_traits<char>, std::allocator<char> >, CFLog*, std::less<std::basic_string<char, std::char_traits<char>, std::allocator<char> > >, std::allocator<std::pair<std::basic_string<char, std::char_traits<char>, std::allocator<char> > const, CFLog*> > >::operator[](std::basic_string<char, std::char_traits<char>, std::allocator<char> > const&)	0			0x80563de	292	0	92	no	0.0	no	no
DNFServer/ServerCommon/DNFFileLog.cpp.o	_ZNSt4pairIKSsP5CFLogEC1ERKS3_	std::pair<std::basic_string<char, std::char_traits<char>, std::allocator<char> > const, CFLog*>::pair(std::pair<std::basic_string<char, std::char_traits<char>, std::allocator<char> > const, CFLog*> const&)	1	0x80577c2	38	0x8057352	38	14	14	yes	1.0	no	no
DNFServer/ServerCommon/DNFFileLog.cpp.o	_ZNSt4pairIKSsP5CFLogEC1ERS0_RKS2_	std::pair<std::basic_string<char, std::char_traits<char>, std::allocator<char> > const, CFLog*>::pair(std::basic_string<char, std::char_traits<char>, std::allocator<char> > const&, CFLog* const&)	0			0x80567c2	37	0	14	no	0.0	no	no
DNFServer/ServerCommon/DNFFileLog.cpp.o	_ZNSt4pairIKSsP5CFLogED1Ev	std::pair<std::basic_string<char, std::char_traits<char>, std::allocator<char> > const, CFLog*>::~pair()	1	0x8056cd2	19	0x80563ca	19	8	8	yes	1.0	no	no
DNFServer/ServerCommon/DNFFileLog.cpp.o	_ZNSt4pairISt17_Rb_tree_iteratorIS_IKSsP5CFLogEEbEC1ERKS5_RKb	std::pair<std::_Rb_tree_iterator<std::pair<std::basic_string<char, std::char_traits<char>, std::allocator<char> > const, CFLog*> >, bool>::pair(std::_Rb_tree_iterator<std::pair<std::basic_string<char, std::char_traits<char>, std::allocator<char> > const, CFLog*> > const&, bool const&)	0			0x80572ee	27	0	12	no	0.0	no	no
DNFServer/ServerCommon/DNFFileLog.cpp.o	_ZNSt8_Rb_treeISsSt4pairIKSsP5CFLogESt10_Select1stIS4_ESt4lessISsESaIS4_EE10_M_insert_EPKSt18_Rb_tree_node_baseSD_RKS4_	std::_Rb_tree<std::basic_string<char, std::char_traits<char>, std::allocator<char> >, std::pair<std::basic_string<char, std::char_traits<char>, std::allocator<char> > const, CFLog*>, std::_Select1st<std::pair<std::basic_string<char, std::char_traits<char>, std::allocator<char> > const, CFLog*> >, std::less<std::basic_string<char, std::char_traits<char>, std::allocator<char> > >, std::allocator<std::pair<std::basic_string<char, std::char_traits<char>, std::allocator<char> > const, CFLog*> > >::_M_insert_(std::_Rb_tree_node_base const*, std::_Rb_tree_node_base const*, std::pair<std::basic_string<char, std::char_traits<char>, std::allocator<char> > const, CFLog*> const&)	1	0x8057452	200	0x8056f22	200	64	64	yes	1.0	no	no
DNFServer/ServerCommon/DNFFileLog.cpp.o	_ZNSt8_Rb_treeISsSt4pairIKSsP5CFLogESt10_Select1stIS4_ESt4lessISsESaIS4_EE11_M_get_nodeEv	std::_Rb_tree<std::basic_string<char, std::char_traits<char>, std::allocator<char> >, std::pair<std::basic_string<char, std::char_traits<char>, std::allocator<char> > const, CFLog*>, std::_Select1st<std::pair<std::basic_string<char, std::char_traits<char>, std::allocator<char> > const, CFLog*> >, std::less<std::basic_string<char, std::char_traits<char>, std::allocator<char> > >, std::allocator<std::pair<std::basic_string<char, std::char_traits<char>, std::allocator<char> > const, CFLog*> > >::_M_get_node()	1	0x80576f0	35	0x805732e	35	10	10	yes	1.0	no	no
DNFServer/ServerCommon/DNFFileLog.cpp.o	_ZNSt8_Rb_treeISsSt4pairIKSsP5CFLogESt10_Select1stIS4_ESt4lessISsESaIS4_EE11_M_leftmostEv	std::_Rb_tree<std::basic_string<char, std::char_traits<char>, std::allocator<char> >, std::pair<std::basic_string<char, std::char_traits<char>, std::allocator<char> > const, CFLog*>, std::_Select1st<std::pair<std::basic_string<char, std::char_traits<char>, std::allocator<char> > const, CFLog*> >, std::less<std::basic_string<char, std::char_traits<char>, std::allocator<char> > >, std::allocator<std::pair<std::basic_string<char, std::char_traits<char>, std::allocator<char> > const, CFLog*> > >::_M_leftmost()	0			0x805692a	11	0	6	no	0.0	no	no
DNFServer/ServerCommon/DNFFileLog.cpp.o	_ZNSt8_Rb_treeISsSt4pairIKSsP5CFLogESt10_Select1stIS4_ESt4lessISsESaIS4_EE11_M_put_nodeEPSt13_Rb_tree_nodeIS4_E	std::_Rb_tree<std::basic_string<char, std::char_traits<char>, std::allocator<char> >, std::pair<std::basic_string<char, std::char_traits<char>, std::allocator<char> > const, CFLog*>, std::_Select1st<std::pair<std::basic_string<char, std::char_traits<char>, std::allocator<char> > const, CFLog*> >, std::less<std::basic_string<char, std::char_traits<char>, std::allocator<char> > >, std::allocator<std::pair<std::basic_string<char, std::char_traits<char>, std::allocator<char> > const, CFLog*> > >::_M_put_node(std::_Rb_tree_node<std::pair<std::basic_string<char, std::char_traits<char>, std::allocator<char> > const, CFLog*> >*)	1	0x805760c	34	0x8056ebe	34	11	11	yes	1.0	no	no
DNFServer/ServerCommon/DNFFileLog.cpp.o	_ZNSt8_Rb_treeISsSt4pairIKSsP5CFLogESt10_Select1stIS4_ESt4lessISsESaIS4_EE11lower_boundERS1_	std::_Rb_tree<std::basic_string<char, std::char_traits<char>, std::allocator<char> >, std::pair<std::basic_string<char, std::char_traits<char>, std::allocator<char> > const, CFLog*>, std::_Select1st<std::pair<std::basic_string<char, std::char_traits<char>, std::allocator<char> > const, CFLog*> >, std::less<std::basic_string<char, std::char_traits<char>, std::allocator<char> > >, std::allocator<std::pair<std::basic_string<char, std::char_traits<char>, std::allocator<char> > const, CFLog*> > >::lower_bound(std::basic_string<char, std::char_traits<char>, std::allocator<char> > const&)	0			0x80569ec	82	0	29	no	0.0	no	no
DNFServer/ServerCommon/DNFFileLog.cpp.o	_ZNSt8_Rb_treeISsSt4pairIKSsP5CFLogESt10_Select1stIS4_ESt4lessISsESaIS4_EE12_M_rightmostEv	std::_Rb_tree<std::basic_string<char, std::char_traits<char>, std::allocator<char> >, std::pair<std::basic_string<char, std::char_traits<char>, std::allocator<char> > const, CFLog*>, std::_Select1st<std::pair<std::basic_string<char, std::char_traits<char>, std::allocator<char> > const, CFLog*> >, std::less<std::basic_string<char, std::char_traits<char>, std::allocator<char> > >, std::allocator<std::pair<std::basic_string<char, std::char_traits<char>, std::allocator<char> > const, CFLog*> > >::_M_rightmost()	0			0x8056942	11	0	6	no	0.0	no	no
DNFServer/ServerCommon/DNFFileLog.cpp.o	_ZNSt8_Rb_treeISsSt4pairIKSsP5CFLogESt10_Select1stIS4_ESt4lessISsESaIS4_EE13_Rb_tree_implIS8_Lb0EE13_M_initializeEv	std::_Rb_tree<std::basic_string<char, std::char_traits<char>, std::allocator<char> >, std::pair<std::basic_string<char, std::char_traits<char>, std::allocator<char> > const, CFLog*>, std::_Select1st<std::pair<std::basic_string<char, std::char_traits<char>, std::allocator<char> > const, CFLog*> >, std::less<std::basic_string<char, std::char_traits<char>, std::allocator<char> > >, std::allocator<std::pair<std::basic_string<char, std::char_traits<char>, std::allocator<char> > const, CFLog*> > >::_Rb_tree_impl<std::less<std::basic_string<char, std::char_traits<char>, std::allocator<char> > >, false>::_M_initialize()	1	0x80575a8	49	0x8056e32	49	16	16	yes	1.0	no	no
DNFServer/ServerCommon/DNFFileLog.cpp.o	_ZNSt8_Rb_treeISsSt4pairIKSsP5CFLogESt10_Select1stIS4_ESt4lessISsESaIS4_EE13_Rb_tree_implIS8_Lb0EEC1Ev	std::_Rb_tree<std::basic_string<char, std::char_traits<char>, std::allocator<char> >, std::pair<std::basic_string<char, std::char_traits<char>, std::allocator<char> > const, CFLog*>, std::_Select1st<std::pair<std::basic_string<char, std::char_traits<char>, std::allocator<char> > const, CFLog*> >, std::less<std::basic_string<char, std::char_traits<char>, std::allocator<char> > >, std::allocator<std::pair<std::basic_string<char, std::char_traits<char>, std::allocator<char> > const, CFLog*> > >::_Rb_tree_impl<std::less<std::basic_string<char, std::char_traits<char>, std::allocator<char> > >, false>::_Rb_tree_impl()	1	0x8057296	80	0x805682e	80	21	21	yes	1.0	no	no
DNFServer/ServerCommon/DNFFileLog.cpp.o	_ZNSt8_Rb_treeISsSt4pairIKSsP5CFLogESt10_Select1stIS4_ESt4lessISsESaIS4_EE13_Rb_tree_implIS8_Lb0EED1Ev	std::_Rb_tree<std::basic_string<char, std::char_traits<char>, std::allocator<char> >, std::pair<std::basic_string<char, std::char_traits<char>, std::allocator<char> > const, CFLog*>, std::_Select1st<std::pair<std::basic_string<char, std::char_traits<char>, std::allocator<char> > const, CFLog*> >, std::less<std::basic_string<char, std::char_traits<char>, std::allocator<char> > >, std::allocator<std::pair<std::basic_string<char, std::char_traits<char>, std::allocator<char> > const, CFLog*> > >::_Rb_tree_impl<std::less<std::basic_string<char, std::char_traits<char>, std::allocator<char> > >, false>::~_Rb_tree_impl()	1	0x8056cfa	19	0x805627e	19	8	8	yes	1.0	no	no
DNFServer/ServerCommon/DNFFileLog.cpp.o	_ZNSt8_Rb_treeISsSt4pairIKSsP5CFLogESt10_Select1stIS4_ESt4lessISsESaIS4_EE14_M_create_nodeERKS4_	std::_Rb_tree<std::basic_string<char, std::char_traits<char>, std::allocator<char> >, std::pair<std::basic_string<char, std::char_traits<char>, std::allocator<char> > const, CFLog*>, std::_Select1st<std::pair<std::basic_string<char, std::char_traits<char>, std::allocator<char> > const, CFLog*> >, std::less<std::basic_string<char, std::char_traits<char>, std::allocator<char> > >, std::allocator<std::pair<std::basic_string<char, std::char_traits<char>, std::allocator<char> > const, CFLog*> > >::_M_create_node(std::pair<std::basic_string<char, std::char_traits<char>, std::allocator<char> > const, CFLog*> const&)	0			0x8057246	168	0	56	no	0.0	no	no
DNFServer/ServerCommon/DNFFileLog.cpp.o	_ZNSt8_Rb_treeISsSt4pairIKSsP5CFLogESt10_Select1stIS4_ESt4lessISsESaIS4_EE14_M_lower_boundEPSt13_Rb_tree_nodeIS4_ESD_RS1_	std::_Rb_tree<std::basic_string<char, std::char_traits<char>, std::allocator<char> >, std::pair<std::basic_string<char, std::char_traits<char>, std::allocator<char> > const, CFLog*>, std::_Select1st<std::pair<std::basic_string<char, std::char_traits<char>, std::allocator<char> > const, CFLog*> >, std::less<std::basic_string<char, std::char_traits<char>, std::allocator<char> > >, std::allocator<std::pair<std::basic_string<char, std::char_traits<char>, std::allocator<char> > const, CFLog*> > >::_M_lower_bound(std::_Rb_tree_node<std::pair<std::basic_string<char, std::char_traits<char>, std::allocator<char> > const, CFLog*> >*, std::_Rb_tree_node<std::pair<std::basic_string<char, std::char_traits<char>, std::allocator<char> > const, CFLog*> >*, std::basic_string<char, std::char_traits<char>, std::allocator<char> > const&)	1	0x8057342	124	0x805694e	124	42	42	yes	1.0	no	no
DNFServer/ServerCommon/DNFFileLog.cpp.o	_ZNSt8_Rb_treeISsSt4pairIKSsP5CFLogESt10_Select1stIS4_ESt4lessISsESaIS4_EE15_M_destroy_nodeEPSt13_Rb_tree_nodeIS4_E	std::_Rb_tree<std::basic_string<char, std::char_traits<char>, std::allocator<char> >, std::pair<std::basic_string<char, std::char_traits<char>, std::allocator<char> > const, CFLog*>, std::_Select1st<std::pair<std::basic_string<char, std::char_traits<char>, std::allocator<char> > const, CFLog*> >, std::less<std::basic_string<char, std::char_traits<char>, std::allocator<char> > >, std::allocator<std::pair<std::basic_string<char, std::char_traits<char>, std::allocator<char> > const, CFLog*> > >::_M_destroy_node(std::_Rb_tree_node<std::pair<std::basic_string<char, std::char_traits<char>, std::allocator<char> > const, CFLog*> >*)	1	0x8057302	52	0x805689a	118	17	41	no	0.3902439024390244	no	yes
DNFServer/ServerCommon/DNFFileLog.cpp.o	_ZNSt8_Rb_treeISsSt4pairIKSsP5CFLogESt10_Select1stIS4_ESt4lessISsESaIS4_EE16_M_insert_uniqueERKS4_	std::_Rb_tree<std::basic_string<char, std::char_traits<char>, std::allocator<char> >, std::pair<std::basic_string<char, std::char_traits<char>, std::allocator<char> > const, CFLog*>, std::_Select1st<std::pair<std::basic_string<char, std::char_traits<char>, std::allocator<char> > const, CFLog*> >, std::less<std::basic_string<char, std::char_traits<char>, std::allocator<char> > >, std::allocator<std::pair<std::basic_string<char, std::char_traits<char>, std::allocator<char> > const, CFLog*> > >::_M_insert_unique(std::pair<std::basic_string<char, std::char_traits<char>, std::allocator<char> > const, CFLog*> const&)	1	0x80570c6	463	0x8056fea	463	140	140	yes	1.0	no	no
DNFServer/ServerCommon/DNFFileLog.cpp.o	_ZNSt8_Rb_treeISsSt4pairIKSsP5CFLogESt10_Select1stIS4_ESt4lessISsESaIS4_EE17_M_insert_unique_ESt23_Rb_tree_const_iteratorIS4_ERKS4_	std::_Rb_tree<std::basic_string<char, std::char_traits<char>, std::allocator<char> >, std::pair<std::basic_string<char, std::char_traits<char>, std::allocator<char> > const, CFLog*>, std::_Select1st<std::pair<std::basic_string<char, std::char_traits<char>, std::allocator<char> > const, CFLog*> >, std::less<std::basic_string<char, std::char_traits<char>, std::allocator<char> > >, std::allocator<std::pair<std::basic_string<char, std::char_traits<char>, std::allocator<char> > const, CFLog*> > >::_M_insert_unique_(std::_Rb_tree_const_iterator<std::pair<std::basic_string<char, std::char_traits<char>, std::allocator<char> > const, CFLog*> >, std::pair<std::basic_string<char, std::char_traits<char>, std::allocator<char> > const, CFLog*> const&)	0			0x8056a58	965	0	285	no	0.0	no	no
DNFServer/ServerCommon/DNFFileLog.cpp.o	_ZNSt8_Rb_treeISsSt4pairIKSsP5CFLogESt10_Select1stIS4_ESt4lessISsESaIS4_EE3endEv	std::_Rb_tree<std::basic_string<char, std::char_traits<char>, std::allocator<char> >, std::pair<std::basic_string<char, std::char_traits<char>, std::allocator<char> > const, CFLog*>, std::_Select1st<std::pair<std::basic_string<char, std::char_traits<char>, std::allocator<char> > const, CFLog*> >, std::less<std::basic_string<char, std::char_traits<char>, std::allocator<char> > >, std::allocator<std::pair<std::basic_string<char, std::char_traits<char>, std::allocator<char> > const, CFLog*> > >::end()	1	0x8057010	38	0x80565b2	38	15	15	yes	1.0	no	no
DNFServer/ServerCommon/DNFFileLog.cpp.o	_ZNSt8_Rb_treeISsSt4pairIKSsP5CFLogESt10_Select1stIS4_ESt4lessISsESaIS4_EE4findERS1_	std::_Rb_tree<std::basic_string<char, std::char_traits<char>, std::allocator<char> >, std::pair<std::basic_string<char, std::char_traits<char>, std::allocator<char> > const, CFLog*>, std::_Select1st<std::pair<std::basic_string<char, std::char_traits<char>, std::allocator<char> > const, CFLog*> >, std::less<std::basic_string<char, std::char_traits<char>, std::allocator<char> > >, std::allocator<std::pair<std::basic_string<char, std::char_traits<char>, std::allocator<char> > const, CFLog*> > >::find(std::basic_string<char, std::char_traits<char>, std::allocator<char> > const&)	1	0x8056f52	190	0x805664e	190	62	62	yes	1.0	no	no
DNFServer/ServerCommon/DNFFileLog.cpp.o	_ZNSt8_Rb_treeISsSt4pairIKSsP5CFLogESt10_Select1stIS4_ESt4lessISsESaIS4_EE5beginEv	std::_Rb_tree<std::basic_string<char, std::char_traits<char>, std::allocator<char> >, std::pair<std::basic_string<char, std::char_traits<char>, std::allocator<char> > const, CFLog*>, std::_Select1st<std::pair<std::basic_string<char, std::char_traits<char>, std::allocator<char> > const, CFLog*> >, std::less<std::basic_string<char, std::char_traits<char>, std::allocator<char> > >, std::allocator<std::pair<std::basic_string<char, std::char_traits<char>, std::allocator<char> > const, CFLog*> > >::begin()	1	0x805742c	38	0x805658c	38	15	15	yes	1.0	no	no
DNFServer/ServerCommon/DNFFileLog.cpp.o	_ZNSt8_Rb_treeISsSt4pairIKSsP5CFLogESt10_Select1stIS4_ESt4lessISsESaIS4_EE5clearEv	std::_Rb_tree<std::basic_string<char, std::char_traits<char>, std::allocator<char> >, std::pair<std::basic_string<char, std::char_traits<char>, std::allocator<char> > const, CFLog*>, std::_Select1st<std::pair<std::basic_string<char, std::char_traits<char>, std::allocator<char> > const, CFLog*> >, std::less<std::basic_string<char, std::char_traits<char>, std::allocator<char> > >, std::allocator<std::pair<std::basic_string<char, std::char_traits<char>, std::allocator<char> > const, CFLog*> > >::clear()	0			0x80565d8	118	0	37	no	0.0	no	no
DNFServer/ServerCommon/DNFFileLog.cpp.o	_ZNSt8_Rb_treeISsSt4pairIKSsP5CFLogESt10_Select1stIS4_ESt4lessISsESaIS4_EE5eraseESt17_Rb_tree_iteratorIS4_E	std::_Rb_tree<std::basic_string<char, std::char_traits<char>, std::allocator<char> >, std::pair<std::basic_string<char, std::char_traits<char>, std::allocator<char> > const, CFLog*>, std::_Select1st<std::pair<std::basic_string<char, std::char_traits<char>, std::allocator<char> > const, CFLog*> >, std::less<std::basic_string<char, std::char_traits<char>, std::allocator<char> > >, std::allocator<std::pair<std::basic_string<char, std::char_traits<char>, std::allocator<char> > const, CFLog*> > >::erase(std::_Rb_tree_iterator<std::pair<std::basic_string<char, std::char_traits<char>, std::allocator<char> > const, CFLog*> >)	1	0x8057036	65	0x805670c	65	22	22	yes	1.0	no	no
DNFServer/ServerCommon/DNFFileLog.cpp.o	_ZNSt8_Rb_treeISsSt4pairIKSsP5CFLogESt10_Select1stIS4_ESt4lessISsESaIS4_EE6_M_endEv	std::_Rb_tree<std::basic_string<char, std::char_traits<char>, std::allocator<char> >, std::pair<std::basic_string<char, std::char_traits<char>, std::allocator<char> > const, CFLog*>, std::_Select1st<std::pair<std::basic_string<char, std::char_traits<char>, std::allocator<char> > const, CFLog*> >, std::less<std::basic_string<char, std::char_traits<char>, std::allocator<char> > >, std::allocator<std::pair<std::basic_string<char, std::char_traits<char>, std::allocator<char> > const, CFLog*> > >::_M_end()	1	0x8057336	11	0x805691e	11	6	6	yes	1.0	no	no
DNFServer/ServerCommon/DNFFileLog.cpp.o	_ZNSt8_Rb_treeISsSt4pairIKSsP5CFLogESt10_Select1stIS4_ESt4lessISsESaIS4_EE6_S_keyEPKSt13_Rb_tree_nodeIS4_E	std::_Rb_tree<std::basic_string<char, std::char_traits<char>, std::allocator<char> >, std::pair<std::basic_string<char, std::char_traits<char>, std::allocator<char> > const, CFLog*>, std::_Select1st<std::pair<std::basic_string<char, std::char_traits<char>, std::allocator<char> > const, CFLog*> >, std::less<std::basic_string<char, std::char_traits<char>, std::allocator<char> > >, std::allocator<std::pair<std::basic_string<char, std::char_traits<char>, std::allocator<char> > const, CFLog*> > >::_S_key(std::_Rb_tree_node<std::pair<std::basic_string<char, std::char_traits<char>, std::allocator<char> > const, CFLog*> > const*)	1	0x805740a	34	0x8056ee0	34	12	12	yes	1.0	no	no
DNFServer/ServerCommon/DNFFileLog.cpp.o	_ZNSt8_Rb_treeISsSt4pairIKSsP5CFLogESt10_Select1stIS4_ESt4lessISsESaIS4_EE6_S_keyEPKSt18_Rb_tree_node_base	std::_Rb_tree<std::basic_string<char, std::char_traits<char>, std::allocator<char> >, std::pair<std::basic_string<char, std::char_traits<char>, std::allocator<char> > const, CFLog*>, std::_Select1st<std::pair<std::basic_string<char, std::char_traits<char>, std::allocator<char> > const, CFLog*> >, std::less<std::basic_string<char, std::char_traits<char>, std::allocator<char> > >, std::allocator<std::pair<std::basic_string<char, std::char_traits<char>, std::allocator<char> > const, CFLog*> > >::_S_key(std::_Rb_tree_node_base const*)	1	0x80573be	34	0x80569ca	34	12	12	yes	1.0	no	no
DNFServer/ServerCommon/DNFFileLog.cpp.o	_ZNSt8_Rb_treeISsSt4pairIKSsP5CFLogESt10_Select1stIS4_ESt4lessISsESaIS4_EE7_M_rootEv	std::_Rb_tree<std::basic_string<char, std::char_traits<char>, std::allocator<char> >, std::pair<std::basic_string<char, std::char_traits<char>, std::allocator<char> > const, CFLog*>, std::_Select1st<std::pair<std::basic_string<char, std::char_traits<char>, std::allocator<char> > const, CFLog*> >, std::less<std::basic_string<char, std::char_traits<char>, std::allocator<char> > >, std::allocator<std::pair<std::basic_string<char, std::char_traits<char>, std::allocator<char> > const, CFLog*> > >::_M_root()	0			0x8056936	11	0	6	no	0.0	no	no
DNFServer/ServerCommon/DNFFileLog.cpp.o	_ZNSt8_Rb_treeISsSt4pairIKSsP5CFLogESt10_Select1stIS4_ESt4lessISsESaIS4_EE7_S_leftEPSt18_Rb_tree_node_base	std::_Rb_tree<std::basic_string<char, std::char_traits<char>, std::allocator<char> >, std::pair<std::basic_string<char, std::char_traits<char>, std::allocator<char> > const, CFLog*>, std::_Select1st<std::pair<std::basic_string<char, std::char_traits<char>, std::allocator<char> > const, CFLog*> >, std::less<std::basic_string<char, std::char_traits<char>, std::allocator<char> > >, std::allocator<std::pair<std::basic_string<char, std::char_traits<char>, std::allocator<char> > const, CFLog*> > >::_S_left(std::_Rb_tree_node_base*)	1	0x80572f6	11	0x805688e	11	6	6	yes	1.0	no	no
DNFServer/ServerCommon/DNFFileLog.cpp.o	_ZNSt8_Rb_treeISsSt4pairIKSsP5CFLogESt10_Select1stIS4_ESt4lessISsESaIS4_EE8_M_beginEv	std::_Rb_tree<std::basic_string<char, std::char_traits<char>, std::allocator<char> >, std::pair<std::basic_string<char, std::char_traits<char>, std::allocator<char> > const, CFLog*>, std::_Select1st<std::pair<std::basic_string<char, std::char_traits<char>, std::allocator<char> > const, CFLog*> >, std::less<std::basic_string<char, std::char_traits<char>, std::allocator<char> > >, std::allocator<std::pair<std::basic_string<char, std::char_traits<char>, std::allocator<char> > const, CFLog*> > >::_M_begin()	1	0x8056f46	11	0x8056580	11	6	6	yes	1.0	no	no
DNFServer/ServerCommon/DNFFileLog.cpp.o	_ZNSt8_Rb_treeISsSt4pairIKSsP5CFLogESt10_Select1stIS4_ESt4lessISsESaIS4_EE8_M_eraseEPSt13_Rb_tree_nodeIS4_E	std::_Rb_tree<std::basic_string<char, std::char_traits<char>, std::allocator<char> >, std::pair<std::basic_string<char, std::char_traits<char>, std::allocator<char> > const, CFLog*>, std::_Select1st<std::pair<std::basic_string<char, std::char_traits<char>, std::allocator<char> > const, CFLog*> >, std::less<std::basic_string<char, std::char_traits<char>, std::allocator<char> > >, std::allocator<std::pair<std::basic_string<char, std::char_traits<char>, std::allocator<char> > const, CFLog*> > >::_M_erase(std::_Rb_tree_node<std::pair<std::basic_string<char, std::char_traits<char>, std::allocator<char> > const, CFLog*> >*)	1	0x8056ef0	85	0x805652a	85	28	28	yes	1.0	no	no
DNFServer/ServerCommon/DNFFileLog.cpp.o	_ZNSt8_Rb_treeISsSt4pairIKSsP5CFLogESt10_Select1stIS4_ESt4lessISsESaIS4_EE8_S_rightEPKSt18_Rb_tree_node_base	std::_Rb_tree<std::basic_string<char, std::char_traits<char>, std::allocator<char> >, std::pair<std::basic_string<char, std::char_traits<char>, std::allocator<char> > const, CFLog*>, std::_Select1st<std::pair<std::basic_string<char, std::char_traits<char>, std::allocator<char> > const, CFLog*> >, std::less<std::basic_string<char, std::char_traits<char>, std::allocator<char> > >, std::allocator<std::pair<std::basic_string<char, std::char_traits<char>, std::allocator<char> > const, CFLog*> > >::_S_right(std::_Rb_tree_node_base const*)	0			0x80571d7	11	0	6	no	0.0	no	no
DNFServer/ServerCommon/DNFFileLog.cpp.o	_ZNSt8_Rb_treeISsSt4pairIKSsP5CFLogESt10_Select1stIS4_ESt4lessISsESaIS4_EE8_S_rightEPSt18_Rb_tree_node_base	std::_Rb_tree<std::basic_string<char, std::char_traits<char>, std::allocator<char> >, std::pair<std::basic_string<char, std::char_traits<char>, std::allocator<char> > const, CFLog*>, std::_Select1st<std::pair<std::basic_string<char, std::char_traits<char>, std::allocator<char> > const, CFLog*> >, std::less<std::basic_string<char, std::char_traits<char>, std::allocator<char> > >, std::allocator<std::pair<std::basic_string<char, std::char_traits<char>, std::allocator<char> > const, CFLog*> > >::_S_right(std::_Rb_tree_node_base*)	1	0x80572eb	11	0x8056883	11	6	6	yes	1.0	no	no
DNFServer/ServerCommon/DNFFileLog.cpp.o	_ZNSt8_Rb_treeISsSt4pairIKSsP5CFLogESt10_Select1stIS4_ESt4lessISsESaIS4_EE8_S_valueEPKSt13_Rb_tree_nodeIS4_E	std::_Rb_tree<std::basic_string<char, std::char_traits<char>, std::allocator<char> >, std::pair<std::basic_string<char, std::char_traits<char>, std::allocator<char> > const, CFLog*>, std::_Select1st<std::pair<std::basic_string<char, std::char_traits<char>, std::allocator<char> > const, CFLog*> >, std::less<std::basic_string<char, std::char_traits<char>, std::allocator<char> > >, std::allocator<std::pair<std::basic_string<char, std::char_traits<char>, std::allocator<char> > const, CFLog*> > >::_S_value(std::_Rb_tree_node<std::pair<std::basic_string<char, std::char_traits<char>, std::allocator<char> > const, CFLog*> > const*)	1	0x8057639	11	0x805723b	11	6	6	yes	1.0	no	no
DNFServer/ServerCommon/DNFFileLog.cpp.o	_ZNSt8_Rb_treeISsSt4pairIKSsP5CFLogESt10_Select1stIS4_ESt4lessISsESaIS4_EE8_S_valueEPKSt18_Rb_tree_node_base	std::_Rb_tree<std::basic_string<char, std::char_traits<char>, std::allocator<char> >, std::pair<std::basic_string<char, std::char_traits<char>, std::allocator<char> > const, CFLog*>, std::_Select1st<std::pair<std::basic_string<char, std::char_traits<char>, std::allocator<char> > const, CFLog*> >, std::less<std::basic_string<char, std::char_traits<char>, std::allocator<char> > >, std::allocator<std::pair<std::basic_string<char, std::char_traits<char>, std::allocator<char> > const, CFLog*> > >::_S_value(std::_Rb_tree_node_base const*)	1	0x805762e	11	0x8056f02	11	6	6	yes	1.0	no	no
DNFServer/ServerCommon/DNFFileLog.cpp.o	_ZNSt8_Rb_treeISsSt4pairIKSsP5CFLogESt10_Select1stIS4_ESt4lessISsESaIS4_EEC1Ev	std::_Rb_tree<std::basic_string<char, std::char_traits<char>, std::allocator<char> >, std::pair<std::basic_string<char, std::char_traits<char>, std::allocator<char> > const, CFLog*>, std::_Select1st<std::pair<std::basic_string<char, std::char_traits<char>, std::allocator<char> > const, CFLog*> >, std::less<std::basic_string<char, std::char_traits<char>, std::allocator<char> > >, std::allocator<std::pair<std::basic_string<char, std::char_traits<char>, std::allocator<char> > const, CFLog*> > >::_Rb_tree()	1	0x8056ec8	19	0x8056502	19	8	8	yes	1.0	no	no
DNFServer/ServerCommon/DNFFileLog.cpp.o	_ZNSt8_Rb_treeISsSt4pairIKSsP5CFLogESt10_Select1stIS4_ESt4lessISsESaIS4_EED1Ev	std::_Rb_tree<std::basic_string<char, std::char_traits<char>, std::allocator<char> >, std::pair<std::basic_string<char, std::char_traits<char>, std::allocator<char> > const, CFLog*>, std::_Select1st<std::pair<std::basic_string<char, std::char_traits<char>, std::allocator<char> > const, CFLog*> >, std::less<std::basic_string<char, std::char_traits<char>, std::allocator<char> > >, std::allocator<std::pair<std::basic_string<char, std::char_traits<char>, std::allocator<char> > const, CFLog*> > >::~_Rb_tree()	1	0x8056d0e	81	0x8056292	81	30	30	yes	1.0	no	no
DNFServer/ServerCommon/DNFFileLog.cpp.o	_ZStltIcSt11char_traitsIcESaIcEEbRKSbIT_T0_T1_ES8_	bool std::operator< <char, std::char_traits<char>, std::allocator<char> >(std::basic_string<char, std::char_traits<char>, std::allocator<char> > const&, std::basic_string<char, std::char_traits<char>, std::allocator<char> > const&)	1	0x804e595	29	0x804e0c2	29	11	11	yes	1.0	no	no
DNFServer/ServerCommon/DNFFileLog.cpp.o	_ZdlPvS_	operator delete(void*, void*)	1	0x804d42e	5	0x804d254	5	4	4	yes	1.0	no	no
DNFServer/ServerCommon/DNFFileLog.cpp.o	_ZnwjPv	operator new(unsigned int, void*)	1	0x804b14d	8	0x804b889	8	5	5	yes	1.0	no	no
DNFServer/ServerCommon/DNFFunctionLib.cpp.o	_GLOBAL__I__Z11timeGetTimev	global constructors keyed to timeGetTime()	1	0x80585f1	28	0x8057fed	28	8	8	yes	1.0	no	no
DNFServer/ServerCommon/DNFFunctionLib.cpp.o	_Z11timeGetTimev	timeGetTime()	1	0x8058440	10	0x805741e	10	5	5	yes	1.0	no	no
DNFServer/ServerCommon/DNFFunctionLib.cpp.o	_Z14NumberToStringji	NumberToString(unsigned int, int)	1	0x805814f	77	0x8057428	77	22	22	yes	1.0	no	yes
DNFServer/ServerCommon/DNFFunctionLib.cpp.o	_Z14NumberToStringyi	NumberToString(unsigned long long, int)	1	0x805819c	98	0x8057475	98	29	29	yes	1.0	no	yes
DNFServer/ServerCommon/DNFFunctionLib.cpp.o	_Z14PrintBackTracev	PrintBackTrace()	1	0x80580a0	175	0x80574d7	164	48	43	no	0.875	no	yes
DNFServer/ServerCommon/DNFFunctionLib.cpp.o	_Z14StringToNumberPKc	StringToNumber(char const*)	1	0x80581fe	48	0x805757b	48	14	14	yes	1.0	no	no
DNFServer/ServerCommon/DNFFunctionLib.cpp.o	_Z14checkTimeTodayli	checkTimeToday(long, int)	1	0x80582e0	109	0x80575ab	82	35	27	no	0.7428571428571429	no	yes
DNFServer/ServerCommon/DNFFunctionLib.cpp.o	_Z23GetCurrentResetBaseTimeli	GetCurrentResetBaseTime(long, int)	1	0x805822e	178	0x80575fd	134	52	39	no	0.6923076923076923	no	yes
DNFServer/ServerCommon/DNFFunctionLib.cpp.o	_Z41__static_initialization_and_destruction_0ii	__static_initialization_and_destruction_0(int, int)	1	0x80585b1	64	0x8057f57	150	16	30	no	0.5333333333333333	no	yes
DNFServer/ServerCommon/DNFFunctionLib.cpp.o	_Z8Char2HexhPc	Char2Hex(unsigned char, char*)	1	0x8057854	66	0x8057683	64	22	21	no	0.9545454545454546	no	no
DNFServer/ServerCommon/DNFFunctionLib.cpp.o	_Z8Hex2CharPKcRh	Hex2Char(char const*, unsigned char&)	1	0x8057896	225	0x80576c3	235	84	87	no	0.8850574712643678	no	yes
DNFServer/ServerCommon/DNFFunctionLib.cpp.o	_Z8SDC_RandPj	SDC_Rand(unsigned int*)	1	0x805850b	166	0x80577ae	135	48	42	no	0.7708333333333334	no	no
DNFServer/ServerCommon/DNFFunctionLib.cpp.o	_ZL12comp_by_timeRK15STGuildCargoLogS1_	comp_by_time(STGuildCargoLog const&, STGuildCargoLog const&)	1	0x805842c	20	0x8057835	23	10	11	no	0.8181818181818182	no	no
DNFServer/ServerCommon/DNFFunctionLib.cpp.o	_ZN7DNFFLib10Binary2HexEPKhiPc	DNFFLib::Binary2Hex(unsigned char const*, int, char*)	1	0x8057977	92	0x805784c	85	30	28	no	0.9	no	yes
DNFServer/ServerCommon/DNFFunctionLib.cpp.o	_ZN7DNFFLib10Hex2BinaryEPKcPhi	DNFFLib::Hex2Binary(char const*, unsigned char*, int)	1	0x80579d3	88	0x80578a2	86	29	30	no	0.8333333333333334	no	yes
DNFServer/ServerCommon/DNFFunctionLib.cpp.o	_ZN7DNFFLib12get_rand_intEi	DNFFLib::get_rand_int(int)	1	0x8057c0a	245	0x80578f8	252	73	78	no	0.8333333333333334	no	yes
DNFServer/ServerCommon/DNFFunctionLib.cpp.o	_ZN7DNFFLib13ExplodeStringEPcS0_PS0_i	DNFFLib::ExplodeString(char*, char*, char**, int)	1	0x8057acc	208	0x80579f4	232	66	72	no	0.8888888888888888	no	no
DNFServer/ServerCommon/DNFFunctionLib.cpp.o	_ZN7DNFFLib13PrintTextFileEPcS0_	DNFFLib::PrintTextFile(char*, char*)	1	0x8057a2b	65	0x8057adc	65	20	20	yes	1.0	no	yes
DNFServer/ServerCommon/DNFFunctionLib.cpp.o	_ZN7DNFFLib14fPrintTextFileEPcS0_z	DNFFLib::fPrintTextFile(char*, char*, ...)	1	0x8057a6c	96	0x8057b1e	96	24	24	yes	1.0	no	no
DNFServer/ServerCommon/DNFFunctionLib.cpp.o	_ZN7DNFFLib15CharacSetSwitchEPKcS1_PcS2_	DNFFLib::CharacSetSwitch(char const*, char const*, char*, char*)	1	0x8057cff	275	0x8057b7e	241	76	72	no	0.8947368421052632	no	yes
DNFServer/ServerCommon/DNFFunctionLib.cpp.o	_ZN7DNFFLib16ConvertGBKtoUTF8EPcS0_	DNFFLib::ConvertGBKtoUTF8(char*, char*)	1	0x8057e12	61	0x8057c70	48	18	14	no	0.6666666666666666	no	yes
DNFServer/ServerCommon/DNFFunctionLib.cpp.o	_ZN7DNFFLib16ConvertUTF8toGBKEPcS0_	DNFFLib::ConvertUTF8toGBK(char*, char*)	1	0x8057e4f	61	0x8057ca0	48	18	14	no	0.6666666666666666	no	yes
DNFServer/ServerCommon/DNFFunctionLib.cpp.o	_ZN7DNFFLib8Make_DirEPc	DNFFLib::Make_Dir(char*)	1	0x8057bdb	47	0x8057cd0	47	15	15	yes	1.0	no	no
DNFServer/ServerCommon/DNFFunctionLib.cpp.o	_ZN7DNFFLib9Sleep_ExtEii	DNFFLib::Sleep_Ext(int, int)	1	0x8057b9c	63	0x8057d00	63	16	16	yes	1.0	no	no
DNFServer/ServerCommon/DNFFunctionLib.cpp.o	_ZN8CodePage12initCodePageEv	CodePage::initCodePage()	1	0x8057e8c	68	0x8057d40	68	14	14	yes	1.0	no	yes
DNFServer/ServerCommon/DNFFunctionLib.cpp.o	_ZN8CodePage15client2DatabaseEPcS0_	CodePage::client2Database(char*, char*)	1	0x8057fd6	101	0x8057dc0	101	29	29	yes	1.0	no	yes
DNFServer/ServerCommon/DNFFunctionLib.cpp.o	_ZN8CodePage15database2ClientEPcS0_	CodePage::database2Client(char*, char*)	1	0x805803b	101	0x8057e26	101	29	29	yes	1.0	no	yes
DNFServer/ServerCommon/DNFFunctionLib.cpp.o	_ZN8CodePage15database2ScriptEPcS0_	CodePage::database2Script(char*, char*)	1	0x8057f71	101	0x8057e8c	101	29	29	yes	1.0	no	yes
DNFServer/ServerCommon/DNFFunctionLib.cpp.o	_ZN8CodePage15script2DatabaseEPcS0_	CodePage::script2Database(char*, char*)	1	0x8057f0c	101	0x8057ef2	101	29	29	yes	1.0	no	yes
DNFServer/ServerCommon/DNFFunctionLib.cpp.o	_ZN8CodePage6clientEv	CodePage::client()	1	0x8057ef8	20	0x8057d84	20	7	7	yes	1.0	no	yes
DNFServer/ServerCommon/DNFFunctionLib.cpp.o	_ZN8CodePage6scriptEv	CodePage::script()	1	0x8057ed0	20	0x8057d98	20	7	7	yes	1.0	no	yes
DNFServer/ServerCommon/DNFFunctionLib.cpp.o	_ZN8CodePage8databaseEv	CodePage::database()	1	0x8057ee4	20	0x8057dac	20	7	7	yes	1.0	no	yes
DNFServer/ServerCommon/Thread.cpp.o	_ZN6CGuardI6CMutexEC1EPS0_	CGuard<CMutex>::CGuard(CMutex*)	1	0x8056d60	27	0x8058062	29	11	12	no	0.9166666666666666	no	no
DNFServer/ServerCommon/Thread.cpp.o	_ZN6CGuardI6CMutexED1Ev	CGuard<CMutex>::~CGuard()	1	0x8056d7c	21	0x8058080	21	9	9	yes	1.0	no	no
DNFServer/ServerCommon/Thread.cpp.o	_ZN6CMutex4lockEv	CMutex::lock()	1	0x8056c82	19	0x805803a	19	8	8	yes	1.0	no	no
DNFServer/ServerCommon/Thread.cpp.o	_ZN6CMutex6unlockEv	CMutex::unlock()	1	0x8056c96	19	0x805804e	19	8	8	yes	1.0	no	no
DNFServer/ServerCommon/Thread.cpp.o	_ZN6CMutexC1Ev	CMutex::CMutex()	1	0x8056c52	27	0x805800a	27	9	9	yes	1.0	no	no
DNFServer/ServerCommon/Thread.cpp.o	_ZN6CMutexD1Ev	CMutex::~CMutex()	1	0x8056c6e	19	0x8058026	19	8	8	yes	1.0	no	no
shared/packet/src/PacketHeader.cpp.o	_ZN12PacketHeaderC1Ett	PacketHeader::PacketHeader(unsigned short, unsigned short)	1	0x805438e	62	0x8058096	70	19	21	no	0.8571428571428571	no	yes
shared/packet/src/STGameUserInfo.cpp.o	_ZN14STGameUserInfoC1Ev	STGameUserInfo::STGameUserInfo()	1	0x8054c78	109	0x80580dc	109	29	29	yes	1.0	no	no
shared/packet/src/STPvPBuddyDBInfo.cpp.o	_ZN16STPvPBuddyDBInfoC1Ev	STPvPBuddyDBInfo::STPvPBuddyDBInfo()	1	0x8054332	92	0x805814a	92	25	25	yes	1.0	no	no
shared/packet/src/STPvPBuddyDBInfo.cpp.o	_ZN16STPvPBuddyDBInfoD1Ev	STPvPBuddyDBInfo::~STPvPBuddyDBInfo()	1	0x804ba7a	5	0x80581a6	5	4	4	yes	1.0	no	no
