file	symbol	demangled	in_original	new_size_hex	orig_size_hex	new_insn_count	orig_insn_count	mnemonic_exact	mnemonic_overlap
Community/src/AbstractSocket.cpp.o	_ZN15CAbstractSocketILi4096ELi4096EE10disconnectEv	CAbstractSocket<4096, 4096>::disconnect()	1	00000035	00000035	17	17	yes	1.0000
Community/src/AbstractSocket.cpp.o	_ZN15CAbstractSocketILi4096ELi4096EE11ConnectPeerEv	CAbstractSocket<4096, 4096>::ConnectPeer()	1	0000006e	00000076	35	37	no	0.9189
Community/src/AbstractSocket.cpp.o	_ZN15CAbstractSocketILi4096ELi4096EE11GetRecvBuffEiRi	CAbstractSocket<4096, 4096>::GetRecvBuff(int, int&)	1	00000038	00000038	22	22	yes	1.0000
Community/src/AbstractSocket.cpp.o	_ZN15CAbstractSocketILi4096ELi4096EE11SetNonblockEi	CAbstractSocket<4096, 4096>::SetNonblock(int)	1	00000046	00000058	21	24	no	0.7917
Community/src/AbstractSocket.cpp.o	_ZN15CAbstractSocketILi4096ELi4096EE11recv_packetEv	CAbstractSocket<4096, 4096>::recv_packet()	1	00000156	0000015a	102	104	no	0.9615
Community/src/AbstractSocket.cpp.o	_ZN15CAbstractSocketILi4096ELi4096EE11send_packetEPKci	CAbstractSocket<4096, 4096>::send_packet(char const*, int)	1	000001b3	000001bb	116	117	no	0.9658
Community/src/AbstractSocket.cpp.o	_ZN15CAbstractSocketILi4096ELi4096EE11send_packetEv	CAbstractSocket<4096, 4096>::send_packet()	1	000001f7	00000206	135	138	no	0.9638
Community/src/AbstractSocket.cpp.o	_ZN15CAbstractSocketILi4096ELi4096EE12AcceptSocketEv	CAbstractSocket<4096, 4096>::AcceptSocket()	1	000000bc	000000ae	52	50	no	0.8846
Community/src/AbstractSocket.cpp.o	_ZN15CAbstractSocketILi4096ELi4096EE18CreateListenSocketERiiPKc	CAbstractSocket<4096, 4096>::CreateListenSocket(int&, int, char const*)	1	0000016a	0000014b	98	86	no	0.7653
Community/src/AbstractSocket.cpp.o	_ZN15CAbstractSocketILi4096ELi4096EE19SetRecvBufferOffsetEi	CAbstractSocket<4096, 4096>::SetRecvBufferOffset(int)	1	000000ef	000000f1	71	72	no	0.9722
Community/src/AbstractSocket.cpp.o	_ZN15CAbstractSocketILi4096ELi4096EE22CreateConnectionSocketEPKci	CAbstractSocket<4096, 4096>::CreateConnectionSocket(char const*, int)	1	000000c3	000000be	54	49	no	0.8519
Community/src/AbstractSocket.cpp.o	_ZN15CAbstractSocketILi4096ELi4096EE26AddTriggerSessionEventTypeEi	CAbstractSocket<4096, 4096>::AddTriggerSessionEventType(int)	1	0000001c	0000001c	10	10	yes	1.0000
Community/src/AbstractSocket.cpp.o	_ZN15CAbstractSocketILi4096ELi4096EE26GetTriggerSessionEventTypeEv	CAbstractSocket<4096, 4096>::GetTriggerSessionEventType()	1	0000000e	0000000e	6	6	yes	1.0000
Community/src/AbstractSocket.cpp.o	_ZN15CAbstractSocketILi4096ELi4096EE26SetTriggerSessionEventTypeEi	CAbstractSocket<4096, 4096>::SetTriggerSessionEventType(int)	1	00000011	00000011	7	7	yes	1.0000
Community/src/AbstractSocket.cpp.o	_ZN15CAbstractSocketILi4096ELi4096EE5ResetEv	CAbstractSocket<4096, 4096>::Reset()	1	0000008e	0000008e	33	33	yes	1.0000
Community/src/AbstractSocket.cpp.o	_ZN15CAbstractSocketILi4096ELi4096EE9GetSocketEv	CAbstractSocket<4096, 4096>::GetSocket()	1	0000000a	0000000a	6	6	yes	1.0000
Community/src/AbstractSocket.cpp.o	_ZN15CAbstractSocketILi4096ELi4096EE9SetSocketEib	CAbstractSocket<4096, 4096>::SetSocket(int, bool)	1	00000041	0000003a	23	21	no	0.9130
Community/src/AbstractSocket.cpp.o	_ZN15CAbstractSocketILi4096ELi4096EEC1Ev	CAbstractSocket<4096, 4096>::CAbstractSocket()	1	00000054	00000054	20	20	yes	1.0000
Community/src/AbstractSocket.cpp.o	_ZN15CAbstractSocketILi4096ELi4096EEC2Ev	CAbstractSocket<4096, 4096>::CAbstractSocket()	1	00000054	00000054	0	0	no	0.0000
Community/src/AbstractSocket.cpp.o	_ZN15CAbstractSocketILi4096ELi4096EED1Ev	CAbstractSocket<4096, 4096>::~CAbstractSocket()	1	00000005	00000005	4	4	yes	1.0000
Community/src/AbstractSocket.cpp.o	_ZN15CAbstractSocketILi4096ELi4096EED2Ev	CAbstractSocket<4096, 4096>::~CAbstractSocket()	1	00000005	00000005	0	0	no	0.0000
Community/src/ArchiveLog.cpp.o	_ZN10ArchiveLogC1EPKcz	ArchiveLog::ArchiveLog(char const*, ...)	1	000000e0	000000e0	50	50	yes	1.0000
Community/src/ArchiveLog.cpp.o	_ZN10ArchiveLogC2EPKcz	ArchiveLog::ArchiveLog(char const*, ...)	1	000000e0	000000e0	0	0	no	0.0000
Community/src/ArchiveLog.cpp.o	_ZN11CArchiveLog13CreateLogFileEPKc	CArchiveLog::CreateLogFile(char const*)	1	0000002e	0000002e	16	16	yes	1.0000
Community/src/ArchiveLog.cpp.o	_ZN11CArchiveLog13CreateLogFileER8DateTime	CArchiveLog::CreateLogFile(DateTime&)	1	00000089	00000089	40	40	yes	1.0000
Community/src/ArchiveLog.cpp.o	_ZN11CArchiveLog8OpenFileEPKc	CArchiveLog::OpenFile(char const*)	1	0000004b	0000004a	26	26	no	0.8462
Community/src/ArchiveLog.cpp.o	_ZN11CArchiveLog8WriteLogEPKc	CArchiveLog::WriteLog(char const*)	1	00000132	0000011b	91	84	no	0.9121
Community/src/ArchiveLog.cpp.o	_ZN11CArchiveLog9CloseFileEv	CArchiveLog::CloseFile()	1	0000002c	0000002c	16	16	yes	1.0000
Community/src/ArchiveLog.cpp.o	_ZN11CArchiveLogC1Ev	CArchiveLog::CArchiveLog()	1	0000001f	0000001f	11	11	yes	1.0000
Community/src/ArchiveLog.cpp.o	_ZN11CArchiveLogC2Ev	CArchiveLog::CArchiveLog()	1	0000001f	0000001f	0	0	no	0.0000
Community/src/ArchiveLog.cpp.o	_ZN11CArchiveLogD1Ev	CArchiveLog::~CArchiveLog()	1	00000013	00000013	8	8	yes	1.0000
Community/src/ArchiveLog.cpp.o	_ZN11CArchiveLogD2Ev	CArchiveLog::~CArchiveLog()	1	00000013	00000013	0	0	no	0.0000
Community/src/BuddyManager.cpp.o	_ZN13CBuddyManager10find_buddyEcPKc	CBuddyManager::find_buddy(char, char const*)	1	000000ed	000000ed	70	70	yes	1.0000
Community/src/BuddyManager.cpp.o	_ZN13CBuddyManager8get_sizeEv	CBuddyManager::get_size()	1	00000013	00000013	8	8	yes	1.0000
Community/src/BuddyManager.cpp.o	_ZN13CBuddyManager9add_buddyER16STPvPBuddyDBInfo	CBuddyManager::add_buddy(STPvPBuddyDBInfo&)	1	0000001a	0000001a	10	10	yes	1.0000
Community/src/BuddyManager.cpp.o	_ZN13CBuddyManager9del_buddyEcPKc	CBuddyManager::del_buddy(char, char const*)	1	00000106	00000106	76	76	yes	1.0000
Community/src/BuddyManager.cpp.o	_ZN13CBuddyManagerC1ERKS_	CBuddyManager::CBuddyManager(CBuddyManager const&)	1	0000001a	0000001a	10	10	yes	1.0000
Community/src/BuddyManager.cpp.o	_ZN13CBuddyManagerC1Ev	CBuddyManager::CBuddyManager()	1	00000013	00000013	8	8	yes	1.0000
Community/src/BuddyManager.cpp.o	_ZN13CBuddyManagerC2ERKS_	CBuddyManager::CBuddyManager(CBuddyManager const&)	1	0000001a	0000001a	0	0	no	0.0000
Community/src/BuddyManager.cpp.o	_ZN13CBuddyManagerC2Ev	CBuddyManager::CBuddyManager()	1	00000013	00000013	0	0	no	0.0000
Community/src/BuddyManager.cpp.o	_ZN9__gnu_cxx17__normal_iteratorIP16STPvPBuddyDBInfoSt6vectorIS1_SaIS1_EEEC1ERKS2_	__gnu_cxx::__normal_iterator<STPvPBuddyDBInfo*, std::vector<STPvPBuddyDBInfo, std::allocator<STPvPBuddyDBInfo> > >::__normal_iterator(STPvPBuddyDBInfo* const&)	1	0000000f	0000000f	8	8	yes	1.0000
Community/src/BuddyManager.cpp.o	_ZN9__gnu_cxx17__normal_iteratorIP16STPvPBuddyDBInfoSt6vectorIS1_SaIS1_EEEC2ERKS2_	__gnu_cxx::__normal_iterator<STPvPBuddyDBInfo*, std::vector<STPvPBuddyDBInfo, std::allocator<STPvPBuddyDBInfo> > >::__normal_iterator(STPvPBuddyDBInfo* const&)	1	0000000f	0000000f	0	0	no	0.0000
Community/src/BuddyManager.cpp.o	_ZN9__gnu_cxx17__normal_iteratorIP16STPvPBuddyDBInfoSt6vectorIS1_SaIS1_EEEppEv	__gnu_cxx::__normal_iterator<STPvPBuddyDBInfo*, std::vector<STPvPBuddyDBInfo, std::allocator<STPvPBuddyDBInfo> > >::operator++()	1	00000015	00000015	10	10	yes	1.0000
Community/src/BuddyManager.cpp.o	_ZN9__gnu_cxx17__normal_iteratorIPK16STPvPBuddyDBInfoSt6vectorIS1_SaIS1_EEEC1ERKS3_	__gnu_cxx::__normal_iterator<STPvPBuddyDBInfo const*, std::vector<STPvPBuddyDBInfo, std::allocator<STPvPBuddyDBInfo> > >::__normal_iterator(STPvPBuddyDBInfo const* const&)	1	0000000f	0000000f	8	8	yes	1.0000
Community/src/BuddyManager.cpp.o	_ZN9__gnu_cxx17__normal_iteratorIPK16STPvPBuddyDBInfoSt6vectorIS1_SaIS1_EEEC2ERKS3_	__gnu_cxx::__normal_iterator<STPvPBuddyDBInfo const*, std::vector<STPvPBuddyDBInfo, std::allocator<STPvPBuddyDBInfo> > >::__normal_iterator(STPvPBuddyDBInfo const* const&)	1	0000000f	0000000f	0	0	no	0.0000
Community/src/BuddyManager.cpp.o	_ZN9__gnu_cxx17__normal_iteratorIPK16STPvPBuddyDBInfoSt6vectorIS1_SaIS1_EEEppEv	__gnu_cxx::__normal_iterator<STPvPBuddyDBInfo const*, std::vector<STPvPBuddyDBInfo, std::allocator<STPvPBuddyDBInfo> > >::operator++()	1	00000015	00000015	10	10	yes	1.0000
Community/src/BuddyManager.cpp.o	_ZN9__gnu_cxxmiIP16STPvPBuddyDBInfoSt6vectorIS1_SaIS1_EEEENS_17__normal_iteratorIT_T0_E15difference_typeERKS9_SC_	__gnu_cxx::__normal_iterator<STPvPBuddyDBInfo*, std::vector<STPvPBuddyDBInfo, std::allocator<STPvPBuddyDBInfo> > >::difference_type __gnu_cxx::operator-<STPvPBuddyDBInfo*, std::vector<STPvPBuddyDBInfo, std::allocator<STPvPBuddyDBInfo> > >(__gnu_cxx::__normal_iterator<STPvPBuddyDBInfo*, std::vector<STPvPBuddyDBInfo, std::allocator<STPvPBuddyDBInfo> > > const&, __gnu_cxx::__normal_iterator<STPvPBuddyDBInfo*, std::vector<STPvPBuddyDBInfo, std::allocator<STPvPBuddyDBInfo> > > const&)	1	00000035	00000035	21	21	yes	1.0000
Community/src/BuddyManager.cpp.o	_ZN9__gnu_cxxneIP16STPvPBuddyDBInfoSt6vectorIS1_SaIS1_EEEEbRKNS_17__normal_iteratorIT_T0_EESB_	bool __gnu_cxx::operator!=<STPvPBuddyDBInfo*, std::vector<STPvPBuddyDBInfo, std::allocator<STPvPBuddyDBInfo> > >(__gnu_cxx::__normal_iterator<STPvPBuddyDBInfo*, std::vector<STPvPBuddyDBInfo, std::allocator<STPvPBuddyDBInfo> > > const&, __gnu_cxx::__normal_iterator<STPvPBuddyDBInfo*, std::vector<STPvPBuddyDBInfo, std::allocator<STPvPBuddyDBInfo> > > const&)	1	0000002c	0000002c	18	18	yes	1.0000
Community/src/BuddyManager.cpp.o	_ZN9__gnu_cxxneIPK16STPvPBuddyDBInfoSt6vectorIS1_SaIS1_EEEEbRKNS_17__normal_iteratorIT_T0_EESC_	bool __gnu_cxx::operator!=<STPvPBuddyDBInfo const*, std::vector<STPvPBuddyDBInfo, std::allocator<STPvPBuddyDBInfo> > >(__gnu_cxx::__normal_iterator<STPvPBuddyDBInfo const*, std::vector<STPvPBuddyDBInfo, std::allocator<STPvPBuddyDBInfo> > > const&, __gnu_cxx::__normal_iterator<STPvPBuddyDBInfo const*, std::vector<STPvPBuddyDBInfo, std::allocator<STPvPBuddyDBInfo> > > const&)	1	0000002c	0000002c	18	18	yes	1.0000
Community/src/BuddyManager.cpp.o	_ZNK9__gnu_cxx17__normal_iteratorIP16STPvPBuddyDBInfoSt6vectorIS1_SaIS1_EEE4baseEv	__gnu_cxx::__normal_iterator<STPvPBuddyDBInfo*, std::vector<STPvPBuddyDBInfo, std::allocator<STPvPBuddyDBInfo> > >::base() const	1	00000008	00000008	5	5	yes	1.0000
Community/src/BuddyManager.cpp.o	_ZNK9__gnu_cxx17__normal_iteratorIP16STPvPBuddyDBInfoSt6vectorIS1_SaIS1_EEEdeEv	__gnu_cxx::__normal_iterator<STPvPBuddyDBInfo*, std::vector<STPvPBuddyDBInfo, std::allocator<STPvPBuddyDBInfo> > >::operator*() const	1	0000000a	0000000a	6	6	yes	1.0000
Community/src/BuddyManager.cpp.o	_ZNK9__gnu_cxx17__normal_iteratorIPK16STPvPBuddyDBInfoSt6vectorIS1_SaIS1_EEE4baseEv	__gnu_cxx::__normal_iterator<STPvPBuddyDBInfo const*, std::vector<STPvPBuddyDBInfo, std::allocator<STPvPBuddyDBInfo> > >::base() const	1	00000008	00000008	5	5	yes	1.0000
Community/src/BuddyManager.cpp.o	_ZNK9__gnu_cxx17__normal_iteratorIPK16STPvPBuddyDBInfoSt6vectorIS1_SaIS1_EEEdeEv	__gnu_cxx::__normal_iterator<STPvPBuddyDBInfo const*, std::vector<STPvPBuddyDBInfo, std::allocator<STPvPBuddyDBInfo> > >::operator*() const	1	0000000a	0000000a	6	6	yes	1.0000
Community/src/BuddyManager.cpp.o	_ZNKSt12_Vector_baseI16STPvPBuddyDBInfoSaIS0_EE19_M_get_Tp_allocatorEv	std::_Vector_base<STPvPBuddyDBInfo, std::allocator<STPvPBuddyDBInfo> >::_M_get_Tp_allocator() const	1	00000008	00000008	5	5	yes	1.0000
Community/src/BuddyManager.cpp.o	_ZNKSt6vectorI16STPvPBuddyDBInfoSaIS0_EE12_M_check_lenEjPKc	std::vector<STPvPBuddyDBInfo, std::allocator<STPvPBuddyDBInfo> >::_M_check_len(unsigned int, char const*) const	1	000000a5	000000a5	56	56	yes	1.0000
Community/src/BuddyManager.cpp.o	_ZNKSt6vectorI16STPvPBuddyDBInfoSaIS0_EE3endEv	std::vector<STPvPBuddyDBInfo, std::allocator<STPvPBuddyDBInfo> >::end() const	1	0000002c	0000002c	17	17	yes	1.0000
Community/src/BuddyManager.cpp.o	_ZNKSt6vectorI16STPvPBuddyDBInfoSaIS0_EE4sizeEv	std::vector<STPvPBuddyDBInfo, std::allocator<STPvPBuddyDBInfo> >::size() const	1	0000001e	0000001e	13	13	yes	1.0000
Community/src/BuddyManager.cpp.o	_ZNKSt6vectorI16STPvPBuddyDBInfoSaIS0_EE5beginEv	std::vector<STPvPBuddyDBInfo, std::allocator<STPvPBuddyDBInfo> >::begin() const	1	0000002b	0000002b	17	17	yes	1.0000
Community/src/BuddyManager.cpp.o	_ZNKSt6vectorI16STPvPBuddyDBInfoSaIS0_EE8max_sizeEv	std::vector<STPvPBuddyDBInfo, std::allocator<STPvPBuddyDBInfo> >::max_size() const	1	0000001b	0000001b	10	10	yes	1.0000
Community/src/BuddyManager.cpp.o	_ZNSt12_Vector_baseI16STPvPBuddyDBInfoSaIS0_EE11_M_allocateEj	std::_Vector_base<STPvPBuddyDBInfo, std::allocator<STPvPBuddyDBInfo> >::_M_allocate(unsigned int)	1	0000002f	0000002f	15	15	yes	1.0000
Community/src/BuddyManager.cpp.o	_ZNSt12_Vector_baseI16STPvPBuddyDBInfoSaIS0_EE12_Vector_implC1ERKS1_	std::_Vector_base<STPvPBuddyDBInfo, std::allocator<STPvPBuddyDBInfo> >::_Vector_impl::_Vector_impl(std::allocator<STPvPBuddyDBInfo> const&)	1	00000037	00000037	16	16	yes	1.0000
Community/src/BuddyManager.cpp.o	_ZNSt12_Vector_baseI16STPvPBuddyDBInfoSaIS0_EE12_Vector_implC1Ev	std::_Vector_base<STPvPBuddyDBInfo, std::allocator<STPvPBuddyDBInfo> >::_Vector_impl::_Vector_impl()	1	00000030	00000030	14	14	yes	1.0000
Community/src/BuddyManager.cpp.o	_ZNSt12_Vector_baseI16STPvPBuddyDBInfoSaIS0_EE12_Vector_implC2ERKS1_	std::_Vector_base<STPvPBuddyDBInfo, std::allocator<STPvPBuddyDBInfo> >::_Vector_impl::_Vector_impl(std::allocator<STPvPBuddyDBInfo> const&)	1	00000037	00000037	0	0	no	0.0000
Community/src/BuddyManager.cpp.o	_ZNSt12_Vector_baseI16STPvPBuddyDBInfoSaIS0_EE12_Vector_implC2Ev	std::_Vector_base<STPvPBuddyDBInfo, std::allocator<STPvPBuddyDBInfo> >::_Vector_impl::_Vector_impl()	1	00000030	00000030	0	0	no	0.0000
Community/src/BuddyManager.cpp.o	_ZNSt12_Vector_baseI16STPvPBuddyDBInfoSaIS0_EE12_Vector_implD1Ev	std::_Vector_base<STPvPBuddyDBInfo, std::allocator<STPvPBuddyDBInfo> >::_Vector_impl::~_Vector_impl()	1	00000013	00000013	8	8	yes	1.0000
Community/src/BuddyManager.cpp.o	_ZNSt12_Vector_baseI16STPvPBuddyDBInfoSaIS0_EE12_Vector_implD2Ev	std::_Vector_base<STPvPBuddyDBInfo, std::allocator<STPvPBuddyDBInfo> >::_Vector_impl::~_Vector_impl()	1	00000013	00000013	0	0	no	0.0000
Community/src/BuddyManager.cpp.o	_ZNSt12_Vector_baseI16STPvPBuddyDBInfoSaIS0_EE13_M_deallocateEPS0_j	std::_Vector_base<STPvPBuddyDBInfo, std::allocator<STPvPBuddyDBInfo> >::_M_deallocate(STPvPBuddyDBInfo*, unsigned int)	1	00000027	00000027	14	14	yes	1.0000
Community/src/BuddyManager.cpp.o	_ZNSt12_Vector_baseI16STPvPBuddyDBInfoSaIS0_EE19_M_get_Tp_allocatorEv	std::_Vector_base<STPvPBuddyDBInfo, std::allocator<STPvPBuddyDBInfo> >::_M_get_Tp_allocator()	1	00000008	00000008	5	5	yes	1.0000
Community/src/BuddyManager.cpp.o	_ZNSt12_Vector_baseI16STPvPBuddyDBInfoSaIS0_EEC1EjRKS1_	std::_Vector_base<STPvPBuddyDBInfo, std::allocator<STPvPBuddyDBInfo> >::_Vector_base(unsigned int, std::allocator<STPvPBuddyDBInfo> const&)	1	00000071	00000071	42	42	yes	1.0000
Community/src/BuddyManager.cpp.o	_ZNSt12_Vector_baseI16STPvPBuddyDBInfoSaIS0_EEC1Ev	std::_Vector_base<STPvPBuddyDBInfo, std::allocator<STPvPBuddyDBInfo> >::_Vector_base()	1	00000013	00000013	8	8	yes	1.0000
Community/src/BuddyManager.cpp.o	_ZNSt12_Vector_baseI16STPvPBuddyDBInfoSaIS0_EEC2EjRKS1_	std::_Vector_base<STPvPBuddyDBInfo, std::allocator<STPvPBuddyDBInfo> >::_Vector_base(unsigned int, std::allocator<STPvPBuddyDBInfo> const&)	1	00000071	00000071	0	0	no	0.0000
Community/src/BuddyManager.cpp.o	_ZNSt12_Vector_baseI16STPvPBuddyDBInfoSaIS0_EEC2Ev	std::_Vector_base<STPvPBuddyDBInfo, std::allocator<STPvPBuddyDBInfo> >::_Vector_base()	1	00000013	00000013	0	0	no	0.0000
Community/src/BuddyManager.cpp.o	_ZNSt12_Vector_baseI16STPvPBuddyDBInfoSaIS0_EED1Ev	std::_Vector_base<STPvPBuddyDBInfo, std::allocator<STPvPBuddyDBInfo> >::~_Vector_base()	1	0000006a	0000006a	40	40	yes	1.0000
Community/src/BuddyManager.cpp.o	_ZNSt12_Vector_baseI16STPvPBuddyDBInfoSaIS0_EED2Ev	std::_Vector_base<STPvPBuddyDBInfo, std::allocator<STPvPBuddyDBInfo> >::~_Vector_base()	1	0000006a	0000006a	0	0	no	0.0000
Community/src/BuddyManager.cpp.o	_ZNSt6vectorI16STPvPBuddyDBInfoSaIS0_EE3endEv	std::vector<STPvPBuddyDBInfo, std::allocator<STPvPBuddyDBInfo> >::end()	1	00000026	00000026	15	15	yes	1.0000
Community/src/BuddyManager.cpp.o	_ZNSt6vectorI16STPvPBuddyDBInfoSaIS0_EE5beginEv	std::vector<STPvPBuddyDBInfo, std::allocator<STPvPBuddyDBInfo> >::begin()	1	00000023	00000023	14	14	yes	1.0000
Community/src/BuddyManager.cpp.o	_ZNSt6vectorI16STPvPBuddyDBInfoSaIS0_EE5eraseEN9__gnu_cxx17__normal_iteratorIPS0_S2_EE	std::vector<STPvPBuddyDBInfo, std::allocator<STPvPBuddyDBInfo> >::erase(__gnu_cxx::__normal_iterator<STPvPBuddyDBInfo*, std::vector<STPvPBuddyDBInfo, std::allocator<STPvPBuddyDBInfo> > >)	1	000000e5	000000e5	69	69	yes	1.0000
Community/src/BuddyManager.cpp.o	_ZNSt6vectorI16STPvPBuddyDBInfoSaIS0_EE9push_backERKS0_	std::vector<STPvPBuddyDBInfo, std::allocator<STPvPBuddyDBInfo> >::push_back(STPvPBuddyDBInfo const&)	1	00000073	00000073	38	38	yes	1.0000
Community/src/BuddyManager.cpp.o	_ZNSt6vectorI16STPvPBuddyDBInfoSaIS0_EEC1ERKS2_	std::vector<STPvPBuddyDBInfo, std::allocator<STPvPBuddyDBInfo> >::vector(std::vector<STPvPBuddyDBInfo, std::allocator<STPvPBuddyDBInfo> > const&)	1	000000b4	000000b4	59	59	yes	1.0000
Community/src/BuddyManager.cpp.o	_ZNSt6vectorI16STPvPBuddyDBInfoSaIS0_EEC1Ev	std::vector<STPvPBuddyDBInfo, std::allocator<STPvPBuddyDBInfo> >::vector()	1	00000013	00000013	8	8	yes	1.0000
Community/src/BuddyManager.cpp.o	_ZNSt6vectorI16STPvPBuddyDBInfoSaIS0_EEC2ERKS2_	std::vector<STPvPBuddyDBInfo, std::allocator<STPvPBuddyDBInfo> >::vector(std::vector<STPvPBuddyDBInfo, std::allocator<STPvPBuddyDBInfo> > const&)	1	000000b4	000000b4	0	0	no	0.0000
Community/src/BuddyManager.cpp.o	_ZNSt6vectorI16STPvPBuddyDBInfoSaIS0_EEC2Ev	std::vector<STPvPBuddyDBInfo, std::allocator<STPvPBuddyDBInfo> >::vector()	1	00000013	00000013	0	0	no	0.0000
Community/src/BuddyManager.cpp.o	_ZSt18uninitialized_copyIN9__gnu_cxx17__normal_iteratorIPK16STPvPBuddyDBInfoSt6vectorIS2_SaIS2_EEEEPS2_ET0_T_SB_SA_	STPvPBuddyDBInfo* std::uninitialized_copy<__gnu_cxx::__normal_iterator<STPvPBuddyDBInfo const*, std::vector<STPvPBuddyDBInfo, std::allocator<STPvPBuddyDBInfo> > >, STPvPBuddyDBInfo*>(__gnu_cxx::__normal_iterator<STPvPBuddyDBInfo const*, std::vector<STPvPBuddyDBInfo, std::allocator<STPvPBuddyDBInfo> > >, __gnu_cxx::__normal_iterator<STPvPBuddyDBInfo const*, std::vector<STPvPBuddyDBInfo, std::allocator<STPvPBuddyDBInfo> > >, STPvPBuddyDBInfo*)	1	00000021	00000021	12	12	yes	1.0000
Community/src/BuddyManager.cpp.o	_ZSt22__uninitialized_copy_aIN9__gnu_cxx17__normal_iteratorIPK16STPvPBuddyDBInfoSt6vectorIS2_SaIS2_EEEEPS2_S2_ET0_T_SB_SA_RSaIT1_E	STPvPBuddyDBInfo* std::__uninitialized_copy_a<__gnu_cxx::__normal_iterator<STPvPBuddyDBInfo const*, std::vector<STPvPBuddyDBInfo, std::allocator<STPvPBuddyDBInfo> > >, STPvPBuddyDBInfo*, STPvPBuddyDBInfo>(__gnu_cxx::__normal_iterator<STPvPBuddyDBInfo const*, std::vector<STPvPBuddyDBInfo, std::allocator<STPvPBuddyDBInfo> > >, __gnu_cxx::__normal_iterator<STPvPBuddyDBInfo const*, std::vector<STPvPBuddyDBInfo, std::allocator<STPvPBuddyDBInfo> > >, STPvPBuddyDBInfo*, std::allocator<STPvPBuddyDBInfo>&)	1	00000021	00000021	12	12	yes	1.0000
Community/src/BuddyManager.cpp.o	_ZSt3maxIjERKT_S2_S2_	unsigned int const& std::max<unsigned int>(unsigned int const&, unsigned int const&)	1	0000001b	0000001b	13	13	yes	1.0000
Community/src/BuddyManager.cpp.o	_ZSt3minIjERKT_S2_S2_	unsigned int const& std::min<unsigned int>(unsigned int const&, unsigned int const&)	1	0000001b	0000001b	13	13	yes	1.0000
Community/src/BuddyManager.cpp.o	_ZSt7find_ifIN9__gnu_cxx17__normal_iteratorIP16STPvPBuddyDBInfoSt6vectorIS2_SaIS2_EEEE10CFindBuddyET_S9_S9_T0_	__gnu_cxx::__normal_iterator<STPvPBuddyDBInfo*, std::vector<STPvPBuddyDBInfo, std::allocator<STPvPBuddyDBInfo> > > std::find_if<__gnu_cxx::__normal_iterator<STPvPBuddyDBInfo*, std::vector<STPvPBuddyDBInfo, std::allocator<STPvPBuddyDBInfo> > >, CFindBuddy>(__gnu_cxx::__normal_iterator<STPvPBuddyDBInfo*, std::vector<STPvPBuddyDBInfo, std::allocator<STPvPBuddyDBInfo> > >, __gnu_cxx::__normal_iterator<STPvPBuddyDBInfo*, std::vector<STPvPBuddyDBInfo, std::allocator<STPvPBuddyDBInfo> > >, CFindBuddy)	1	0000008f	0000008f	46	46	yes	1.0000
Community/src/BuddyManager.cpp.o	_ZSt8_DestroyIP16STPvPBuddyDBInfoEvT_S2_	void std::_Destroy<STPvPBuddyDBInfo*>(STPvPBuddyDBInfo*, STPvPBuddyDBInfo*)	1	0000001a	0000001a	10	10	yes	1.0000
Community/src/BuddyManager.cpp.o	_ZnwjPv	operator new(unsigned int, void*)	1	00000008	00000008	5	5	yes	1.0000
Community/src/CPacketParser.cpp.o	_ZN13CPacketParserC1Ev	CPacketParser::CPacketParser()	1	00000005	00000005	4	4	yes	1.0000
Community/src/CPacketParser.cpp.o	_ZN13CPacketParserC2Ev	CPacketParser::CPacketParser()	1	00000005	00000005	0	0	no	0.0000
Community/src/CPacketParser.cpp.o	_ZN13CPacketParserD1Ev	CPacketParser::~CPacketParser()	1	00000005	00000005	4	4	yes	1.0000
Community/src/CPacketParser.cpp.o	_ZN13CPacketParserD2Ev	CPacketParser::~CPacketParser()	1	00000005	00000005	0	0	no	0.0000
Community/src/ConfigFileReader.cpp.o	_ZN17CConfigFileReader12CheckCommandEPc	CConfigFileReader::CheckCommand(char*)	1	000000b0	000000ae	56	55	no	0.9464
Community/src/ConfigFileReader.cpp.o	_ZN17CConfigFileReader14ReadConfigFileEPKc	CConfigFileReader::ReadConfigFile(char const*)	1	000000b7	000000ac	49	52	no	0.8077
Community/src/ConfigFileReader.cpp.o	_ZN17CConfigFileReader4TrimEPc	CConfigFileReader::Trim(char*)	1	00000114	00000105	88	88	no	0.8977
Community/src/ConfigFileReader.cpp.o	_ZN17CConfigFileReader5ParseEPc	CConfigFileReader::Parse(char*)	1	000001de	000001dd	140	141	no	0.9574
Community/src/ConfigFileReader.cpp.o	_ZN17CConfigFileReader7GetLineEP8_IO_FILEPc	CConfigFileReader::GetLine(_IO_FILE*, char*)	1	000000c8	000000cd	60	62	no	0.9032
Community/src/ConfigFileReader.cpp.o	_ZN17CConfigFileReader7add_tagEPKc	CConfigFileReader::add_tag(char const*)	1	00000092	00000092	51	51	yes	1.0000
Community/src/ConfigFileReader.cpp.o	_ZN17CConfigFileReader9get_valueEPKc	CConfigFileReader::get_value(char const*)	1	00000112	0000010c	88	86	no	0.9773
Community/src/ConfigFileReader.cpp.o	_ZN9__gnu_cxx17__normal_iteratorIPSsSt6vectorISsSaISsEEEC1ERKS1_	__gnu_cxx::__normal_iterator<std::basic_string<char, std::char_traits<char>, std::allocator<char> >*, std::vector<std::basic_string<char, std::char_traits<char>, std::allocator<char> >, std::allocator<std::basic_string<char, std::char_traits<char>, std::allocator<char> > > > >::__normal_iterator(std::basic_string<char, std::char_traits<char>, std::allocator<char> >* const&)	1	0000000f	0000000f	8	8	yes	1.0000
Community/src/ConfigFileReader.cpp.o	_ZN9__gnu_cxx17__normal_iteratorIPSsSt6vectorISsSaISsEEEC2ERKS1_	__gnu_cxx::__normal_iterator<std::basic_string<char, std::char_traits<char>, std::allocator<char> >*, std::vector<std::basic_string<char, std::char_traits<char>, std::allocator<char> >, std::allocator<std::basic_string<char, std::char_traits<char>, std::allocator<char> > > > >::__normal_iterator(std::basic_string<char, std::char_traits<char>, std::allocator<char> >* const&)	1	0000000f	0000000f	0	0	no	0.0000
Community/src/ConfigFileReader.cpp.o	_ZN9__gnu_cxxmiIPSsSt6vectorISsSaISsEEEENS_17__normal_iteratorIT_T0_E15difference_typeERKS8_SB_	__gnu_cxx::__normal_iterator<std::basic_string<char, std::char_traits<char>, std::allocator<char> >*, std::vector<std::basic_string<char, std::char_traits<char>, std::allocator<char> >, std::allocator<std::basic_string<char, std::char_traits<char>, std::allocator<char> > > > >::difference_type __gnu_cxx::operator-<std::basic_string<char, std::char_traits<char>, std::allocator<char> >*, std::vector<std::basic_string<char, std::char_traits<char>, std::allocator<char> >, std::allocator<std::basic_string<char, std::char_traits<char>, std::allocator<char> > > > >(__gnu_cxx::__normal_iterator<std::basic_string<char, std::char_traits<char>, std::allocator<char> >*, std::vector<std::basic_string<char, std::char_traits<char>, std::allocator<char> >, std::allocator<std::basic_string<char, std::char_traits<char>, std::allocator<char> > > > > const&, __gnu_cxx::__normal_iterator<std::basic_string<char, std::char_traits<char>, std::allocator<char> >*, std::vector<std::basic_string<char, std::char_traits<char>, std::allocator<char> >, std::allocator<std::basic_string<char, std::char_traits<char>, std::allocator<char> > > > > const&)	1	00000032	00000032	21	21	yes	1.0000
Community/src/ConfigFileReader.cpp.o	_ZNK9__gnu_cxx17__normal_iteratorIPSsSt6vectorISsSaISsEEE4baseEv	__gnu_cxx::__normal_iterator<std::basic_string<char, std::char_traits<char>, std::allocator<char> >*, std::vector<std::basic_string<char, std::char_traits<char>, std::allocator<char> >, std::allocator<std::basic_string<char, std::char_traits<char>, std::allocator<char> > > > >::base() const	1	00000008	00000008	5	5	yes	1.0000
Community/src/ConfigFileReader.cpp.o	_ZNK9__gnu_cxx17__normal_iteratorIPSsSt6vectorISsSaISsEEEdeEv	__gnu_cxx::__normal_iterator<std::basic_string<char, std::char_traits<char>, std::allocator<char> >*, std::vector<std::basic_string<char, std::char_traits<char>, std::allocator<char> >, std::allocator<std::basic_string<char, std::char_traits<char>, std::allocator<char> > > > >::operator*() const	1	0000000a	0000000a	6	6	yes	1.0000
Community/src/ConfigFileReader.cpp.o	_ZNKSt10_Select1stISt4pairIKSsSsEEclERKS2_	std::_Select1st<std::pair<std::basic_string<char, std::char_traits<char>, std::allocator<char> > const, std::basic_string<char, std::char_traits<char>, std::allocator<char> > > >::operator()(std::pair<std::basic_string<char, std::char_traits<char>, std::allocator<char> > const, std::basic_string<char, std::char_traits<char>, std::allocator<char> > > const&) const	1	00000008	00000008	5	5	yes	1.0000
Community/src/ConfigFileReader.cpp.o	_ZNKSt12_Vector_baseISsSaISsEE19_M_get_Tp_allocatorEv	std::_Vector_base<std::basic_string<char, std::char_traits<char>, std::allocator<char> >, std::allocator<std::basic_string<char, std::char_traits<char>, std::allocator<char> > > >::_M_get_Tp_allocator() const	1	00000008	00000008	5	5	yes	1.0000
Community/src/ConfigFileReader.cpp.o	_ZNKSt4lessISsEclERKSsS2_	std::less<std::basic_string<char, std::char_traits<char>, std::allocator<char> > >::operator()(std::basic_string<char, std::char_traits<char>, std::allocator<char> > const&, std::basic_string<char, std::char_traits<char>, std::allocator<char> > const&) const	1	0000001a	0000001a	10	10	yes	1.0000
Community/src/ConfigFileReader.cpp.o	_ZNKSt6vectorISsSaISsEE12_M_check_lenEjPKc	std::vector<std::basic_string<char, std::char_traits<char>, std::allocator<char> >, std::allocator<std::basic_string<char, std::char_traits<char>, std::allocator<char> > > >::_M_check_len(unsigned int, char const*) const	1	000000a5	000000a5	56	56	yes	1.0000
Community/src/ConfigFileReader.cpp.o	_ZNKSt6vectorISsSaISsEE4sizeEv	std::vector<std::basic_string<char, std::char_traits<char>, std::allocator<char> >, std::allocator<std::basic_string<char, std::char_traits<char>, std::allocator<char> > > >::size() const	1	0000001b	0000001b	13	13	yes	1.0000
Community/src/ConfigFileReader.cpp.o	_ZNKSt6vectorISsSaISsEE8max_sizeEv	std::vector<std::basic_string<char, std::char_traits<char>, std::allocator<char> >, std::allocator<std::basic_string<char, std::char_traits<char>, std::allocator<char> > > >::max_size() const	1	0000001b	0000001b	10	10	yes	1.0000
Community/src/ConfigFileReader.cpp.o	_ZNSt12_Destroy_auxILb0EE9__destroyIPSsEEvT_S3_	void std::_Destroy_aux<false>::__destroy<std::basic_string<char, std::char_traits<char>, std::allocator<char> >*>(std::basic_string<char, std::char_traits<char>, std::allocator<char> >*, std::basic_string<char, std::char_traits<char>, std::allocator<char> >*)	1	00000026	00000026	15	15	yes	1.0000
Community/src/ConfigFileReader.cpp.o	_ZNSt12_Vector_baseISsSaISsEE11_M_allocateEj	std::_Vector_base<std::basic_string<char, std::char_traits<char>, std::allocator<char> >, std::allocator<std::basic_string<char, std::char_traits<char>, std::allocator<char> > > >::_M_allocate(unsigned int)	1	0000002f	0000002f	15	15	yes	1.0000
Community/src/ConfigFileReader.cpp.o	_ZNSt12_Vector_baseISsSaISsEE13_M_deallocateEPSsj	std::_Vector_base<std::basic_string<char, std::char_traits<char>, std::allocator<char> >, std::allocator<std::basic_string<char, std::char_traits<char>, std::allocator<char> > > >::_M_deallocate(std::basic_string<char, std::char_traits<char>, std::allocator<char> >*, unsigned int)	1	00000027	00000027	14	14	yes	1.0000
Community/src/ConfigFileReader.cpp.o	_ZNSt12_Vector_baseISsSaISsEE19_M_get_Tp_allocatorEv	std::_Vector_base<std::basic_string<char, std::char_traits<char>, std::allocator<char> >, std::allocator<std::basic_string<char, std::char_traits<char>, std::allocator<char> > > >::_M_get_Tp_allocator()	1	00000008	00000008	5	5	yes	1.0000
Community/src/ConfigFileReader.cpp.o	_ZNSt17_Rb_tree_iteratorISt4pairIKSsSsEEmmEv	std::_Rb_tree_iterator<std::pair<std::basic_string<char, std::char_traits<char>, std::allocator<char> > const, std::basic_string<char, std::char_traits<char>, std::allocator<char> > > >::operator--()	1	0000001d	0000001d	12	12	yes	1.0000
Community/src/ConfigFileReader.cpp.o	_ZNSt3mapISsSsSt4lessISsESaISt4pairIKSsSsEEE3endEv	std::map<std::basic_string<char, std::char_traits<char>, std::allocator<char> >, std::basic_string<char, std::char_traits<char>, std::allocator<char> >, std::less<std::basic_string<char, std::char_traits<char>, std::allocator<char> > >, std::allocator<std::pair<std::basic_string<char, std::char_traits<char>, std::allocator<char> > const, std::basic_string<char, std::char_traits<char>, std::allocator<char> > > > >::end()	1	00000025	00000025	14	14	yes	1.0000
Community/src/ConfigFileReader.cpp.o	_ZNSt3mapISsSsSt4lessISsESaISt4pairIKSsSsEEE4findERS3_	std::map<std::basic_string<char, std::char_traits<char>, std::allocator<char> >, std::basic_string<char, std::char_traits<char>, std::allocator<char> >, std::less<std::basic_string<char, std::char_traits<char>, std::allocator<char> > >, std::allocator<std::pair<std::basic_string<char, std::char_traits<char>, std::allocator<char> > const, std::basic_string<char, std::char_traits<char>, std::allocator<char> > > > >::find(std::basic_string<char, std::char_traits<char>, std::allocator<char> > const&)	1	0000002c	0000002c	16	16	yes	1.0000
Community/src/ConfigFileReader.cpp.o	_ZNSt3mapISsSsSt4lessISsESaISt4pairIKSsSsEEE6insertERKS4_	std::map<std::basic_string<char, std::char_traits<char>, std::allocator<char> >, std::basic_string<char, std::char_traits<char>, std::allocator<char> >, std::less<std::basic_string<char, std::char_traits<char>, std::allocator<char> > >, std::allocator<std::pair<std::basic_string<char, std::char_traits<char>, std::allocator<char> > const, std::basic_string<char, std::char_traits<char>, std::allocator<char> > > > >::insert(std::pair<std::basic_string<char, std::char_traits<char>, std::allocator<char> > const, std::basic_string<char, std::char_traits<char>, std::allocator<char> > > const&)	1	0000002c	0000002c	16	16	yes	1.0000
Community/src/ConfigFileReader.cpp.o	_ZNSt4pairIKSsSsEC1ERKS1_	std::pair<std::basic_string<char, std::char_traits<char>, std::allocator<char> > const, std::basic_string<char, std::char_traits<char>, std::allocator<char> > >::pair(std::pair<std::basic_string<char, std::char_traits<char>, std::allocator<char> > const, std::basic_string<char, std::char_traits<char>, std::allocator<char> > > const&)	1	00000056	00000056	32	32	yes	1.0000
Community/src/ConfigFileReader.cpp.o	_ZNSt4pairIKSsSsEC2ERKS1_	std::pair<std::basic_string<char, std::char_traits<char>, std::allocator<char> > const, std::basic_string<char, std::char_traits<char>, std::allocator<char> > >::pair(std::pair<std::basic_string<char, std::char_traits<char>, std::allocator<char> > const, std::basic_string<char, std::char_traits<char>, std::allocator<char> > > const&)	1	00000056	00000056	0	0	no	0.0000
Community/src/ConfigFileReader.cpp.o	_ZNSt4pairIKSsSsED1Ev	std::pair<std::basic_string<char, std::char_traits<char>, std::allocator<char> > const, std::basic_string<char, std::char_traits<char>, std::allocator<char> > >::~pair()	1	00000045	00000045	27	27	yes	1.0000
Community/src/ConfigFileReader.cpp.o	_ZNSt4pairIKSsSsED2Ev	std::pair<std::basic_string<char, std::char_traits<char>, std::allocator<char> > const, std::basic_string<char, std::char_traits<char>, std::allocator<char> > >::~pair()	1	00000045	00000045	0	0	no	0.0000
Community/src/ConfigFileReader.cpp.o	_ZNSt6vectorISsSaISsEE3endEv	std::vector<std::basic_string<char, std::char_traits<char>, std::allocator<char> >, std::allocator<std::basic_string<char, std::char_traits<char>, std::allocator<char> > > >::end()	1	00000026	00000026	15	15	yes	1.0000
Community/src/ConfigFileReader.cpp.o	_ZNSt6vectorISsSaISsEE5beginEv	std::vector<std::basic_string<char, std::char_traits<char>, std::allocator<char> >, std::allocator<std::basic_string<char, std::char_traits<char>, std::allocator<char> > > >::begin()	1	00000023	00000023	14	14	yes	1.0000
Community/src/ConfigFileReader.cpp.o	_ZNSt8_Rb_treeISsSt4pairIKSsSsESt10_Select1stIS2_ESt4lessISsESaIS2_EE11_M_get_nodeEv	std::_Rb_tree<std::basic_string<char, std::char_traits<char>, std::allocator<char> >, std::pair<std::basic_string<char, std::char_traits<char>, std::allocator<char> > const, std::basic_string<char, std::char_traits<char>, std::allocator<char> > >, std::_Select1st<std::pair<std::basic_string<char, std::char_traits<char>, std::allocator<char> > const, std::basic_string<char, std::char_traits<char>, std::allocator<char> > > >, std::less<std::basic_string<char, std::char_traits<char>, std::allocator<char> > >, std::allocator<std::pair<std::basic_string<char, std::char_traits<char>, std::allocator<char> > const, std::basic_string<char, std::char_traits<char>, std::allocator<char> > > > >::_M_get_node()	1	00000023	00000023	10	10	yes	1.0000
Community/src/ConfigFileReader.cpp.o	_ZNSt8_Rb_treeISsSt4pairIKSsSsESt10_Select1stIS2_ESt4lessISsESaIS2_EE11_M_put_nodeEPSt13_Rb_tree_nodeIS2_E	std::_Rb_tree<std::basic_string<char, std::char_traits<char>, std::allocator<char> >, std::pair<std::basic_string<char, std::char_traits<char>, std::allocator<char> > const, std::basic_string<char, std::char_traits<char>, std::allocator<char> > >, std::_Select1st<std::pair<std::basic_string<char, std::char_traits<char>, std::allocator<char> > const, std::basic_string<char, std::char_traits<char>, std::allocator<char> > > >, std::less<std::basic_string<char, std::char_traits<char>, std::allocator<char> > >, std::allocator<std::pair<std::basic_string<char, std::char_traits<char>, std::allocator<char> > const, std::basic_string<char, std::char_traits<char>, std::allocator<char> > > > >::_M_put_node(std::_Rb_tree_node<std::pair<std::basic_string<char, std::char_traits<char>, std::allocator<char> > const, std::basic_string<char, std::char_traits<char>, std::allocator<char> > > >*)	1	00000022	00000022	11	11	yes	1.0000
Community/src/ConfigFileReader.cpp.o	_ZNSt8_Rb_treeISsSt4pairIKSsSsESt10_Select1stIS2_ESt4lessISsESaIS2_EE16_M_insert_uniqueERKS2_	std::_Rb_tree<std::basic_string<char, std::char_traits<char>, std::allocator<char> >, std::pair<std::basic_string<char, std::char_traits<char>, std::allocator<char> > const, std::basic_string<char, std::char_traits<char>, std::allocator<char> > >, std::_Select1st<std::pair<std::basic_string<char, std::char_traits<char>, std::allocator<char> > const, std::basic_string<char, std::char_traits<char>, std::allocator<char> > > >, std::less<std::basic_string<char, std::char_traits<char>, std::allocator<char> > >, std::allocator<std::pair<std::basic_string<char, std::char_traits<char>, std::allocator<char> > const, std::basic_string<char, std::char_traits<char>, std::allocator<char> > > > >::_M_insert_unique(std::pair<std::basic_string<char, std::char_traits<char>, std::allocator<char> > const, std::basic_string<char, std::char_traits<char>, std::allocator<char> > > const&)	1	000001cf	000001cf	140	140	yes	1.0000
Community/src/ConfigFileReader.cpp.o	_ZNSt8_Rb_treeISsSt4pairIKSsSsESt10_Select1stIS2_ESt4lessISsESaIS2_EE21_M_get_Node_allocatorEv	std::_Rb_tree<std::basic_string<char, std::char_traits<char>, std::allocator<char> >, std::pair<std::basic_string<char, std::char_traits<char>, std::allocator<char> > const, std::basic_string<char, std::char_traits<char>, std::allocator<char> > >, std::_Select1st<std::pair<std::basic_string<char, std::char_traits<char>, std::allocator<char> > const, std::basic_string<char, std::char_traits<char>, std::allocator<char> > > >, std::less<std::basic_string<char, std::char_traits<char>, std::allocator<char> > >, std::allocator<std::pair<std::basic_string<char, std::char_traits<char>, std::allocator<char> > const, std::basic_string<char, std::char_traits<char>, std::allocator<char> > > > >::_M_get_Node_allocator()	1	00000008	00000008	5	5	yes	1.0000
Community/src/ConfigFileReader.cpp.o	_ZNSt8_Rb_treeISsSt4pairIKSsSsESt10_Select1stIS2_ESt4lessISsESaIS2_EE3endEv	std::_Rb_tree<std::basic_string<char, std::char_traits<char>, std::allocator<char> >, std::pair<std::basic_string<char, std::char_traits<char>, std::allocator<char> > const, std::basic_string<char, std::char_traits<char>, std::allocator<char> > >, std::_Select1st<std::pair<std::basic_string<char, std::char_traits<char>, std::allocator<char> > const, std::basic_string<char, std::char_traits<char>, std::allocator<char> > > >, std::less<std::basic_string<char, std::char_traits<char>, std::allocator<char> > >, std::allocator<std::pair<std::basic_string<char, std::char_traits<char>, std::allocator<char> > const, std::basic_string<char, std::char_traits<char>, std::allocator<char> > > > >::end()	1	00000026	00000026	15	15	yes	1.0000
Community/src/ConfigFileReader.cpp.o	_ZNSt8_Rb_treeISsSt4pairIKSsSsESt10_Select1stIS2_ESt4lessISsESaIS2_EE4findERS1_	std::_Rb_tree<std::basic_string<char, std::char_traits<char>, std::allocator<char> >, std::pair<std::basic_string<char, std::char_traits<char>, std::allocator<char> > const, std::basic_string<char, std::char_traits<char>, std::allocator<char> > >, std::_Select1st<std::pair<std::basic_string<char, std::char_traits<char>, std::allocator<char> > const, std::basic_string<char, std::char_traits<char>, std::allocator<char> > > >, std::less<std::basic_string<char, std::char_traits<char>, std::allocator<char> > >, std::allocator<std::pair<std::basic_string<char, std::char_traits<char>, std::allocator<char> > const, std::basic_string<char, std::char_traits<char>, std::allocator<char> > > > >::find(std::basic_string<char, std::char_traits<char>, std::allocator<char> > const&)	1	000000be	000000be	62	62	yes	1.0000
Community/src/ConfigFileReader.cpp.o	_ZNSt8_Rb_treeISsSt4pairIKSsSsESt10_Select1stIS2_ESt4lessISsESaIS2_EE5beginEv	std::_Rb_tree<std::basic_string<char, std::char_traits<char>, std::allocator<char> >, std::pair<std::basic_string<char, std::char_traits<char>, std::allocator<char> > const, std::basic_string<char, std::char_traits<char>, std::allocator<char> > >, std::_Select1st<std::pair<std::basic_string<char, std::char_traits<char>, std::allocator<char> > const, std::basic_string<char, std::char_traits<char>, std::allocator<char> > > >, std::less<std::basic_string<char, std::char_traits<char>, std::allocator<char> > >, std::allocator<std::pair<std::basic_string<char, std::char_traits<char>, std::allocator<char> > const, std::basic_string<char, std::char_traits<char>, std::allocator<char> > > > >::begin()	1	00000026	00000026	15	15	yes	1.0000
Community/src/ConfigFileReader.cpp.o	_ZNSt8_Rb_treeISsSt4pairIKSsSsESt10_Select1stIS2_ESt4lessISsESaIS2_EE6_M_endEv	std::_Rb_tree<std::basic_string<char, std::char_traits<char>, std::allocator<char> >, std::pair<std::basic_string<char, std::char_traits<char>, std::allocator<char> > const, std::basic_string<char, std::char_traits<char>, std::allocator<char> > >, std::_Select1st<std::pair<std::basic_string<char, std::char_traits<char>, std::allocator<char> > const, std::basic_string<char, std::char_traits<char>, std::allocator<char> > > >, std::less<std::basic_string<char, std::char_traits<char>, std::allocator<char> > >, std::allocator<std::pair<std::basic_string<char, std::char_traits<char>, std::allocator<char> > const, std::basic_string<char, std::char_traits<char>, std::allocator<char> > > > >::_M_end()	1	0000000b	0000000b	6	6	yes	1.0000
Community/src/ConfigFileReader.cpp.o	_ZNSt8_Rb_treeISsSt4pairIKSsSsESt10_Select1stIS2_ESt4lessISsESaIS2_EE6_S_keyEPKSt13_Rb_tree_nodeIS2_E	std::_Rb_tree<std::basic_string<char, std::char_traits<char>, std::allocator<char> >, std::pair<std::basic_string<char, std::char_traits<char>, std::allocator<char> > const, std::basic_string<char, std::char_traits<char>, std::allocator<char> > >, std::_Select1st<std::pair<std::basic_string<char, std::char_traits<char>, std::allocator<char> > const, std::basic_string<char, std::char_traits<char>, std::allocator<char> > > >, std::less<std::basic_string<char, std::char_traits<char>, std::allocator<char> > >, std::allocator<std::pair<std::basic_string<char, std::char_traits<char>, std::allocator<char> > const, std::basic_string<char, std::char_traits<char>, std::allocator<char> > > > >::_S_key(std::_Rb_tree_node<std::pair<std::basic_string<char, std::char_traits<char>, std::allocator<char> > const, std::basic_string<char, std::char_traits<char>, std::allocator<char> > > > const*)	1	00000022	00000022	12	12	yes	1.0000
Community/src/ConfigFileReader.cpp.o	_ZNSt8_Rb_treeISsSt4pairIKSsSsESt10_Select1stIS2_ESt4lessISsESaIS2_EE6_S_keyEPKSt18_Rb_tree_node_base	std::_Rb_tree<std::basic_string<char, std::char_traits<char>, std::allocator<char> >, std::pair<std::basic_string<char, std::char_traits<char>, std::allocator<char> > const, std::basic_string<char, std::char_traits<char>, std::allocator<char> > >, std::_Select1st<std::pair<std::basic_string<char, std::char_traits<char>, std::allocator<char> > const, std::basic_string<char, std::char_traits<char>, std::allocator<char> > > >, std::less<std::basic_string<char, std::char_traits<char>, std::allocator<char> > >, std::allocator<std::pair<std::basic_string<char, std::char_traits<char>, std::allocator<char> > const, std::basic_string<char, std::char_traits<char>, std::allocator<char> > > > >::_S_key(std::_Rb_tree_node_base const*)	1	00000022	00000022	12	12	yes	1.0000
Community/src/ConfigFileReader.cpp.o	_ZNSt8_Rb_treeISsSt4pairIKSsSsESt10_Select1stIS2_ESt4lessISsESaIS2_EE7_S_leftEPSt18_Rb_tree_node_base	std::_Rb_tree<std::basic_string<char, std::char_traits<char>, std::allocator<char> >, std::pair<std::basic_string<char, std::char_traits<char>, std::allocator<char> > const, std::basic_string<char, std::char_traits<char>, std::allocator<char> > >, std::_Select1st<std::pair<std::basic_string<char, std::char_traits<char>, std::allocator<char> > const, std::basic_string<char, std::char_traits<char>, std::allocator<char> > > >, std::less<std::basic_string<char, std::char_traits<char>, std::allocator<char> > >, std::allocator<std::pair<std::basic_string<char, std::char_traits<char>, std::allocator<char> > const, std::basic_string<char, std::char_traits<char>, std::allocator<char> > > > >::_S_left(std::_Rb_tree_node_base*)	1	0000000b	0000000b	6	6	yes	1.0000
Community/src/ConfigFileReader.cpp.o	_ZNSt8_Rb_treeISsSt4pairIKSsSsESt10_Select1stIS2_ESt4lessISsESaIS2_EE8_M_beginEv	std::_Rb_tree<std::basic_string<char, std::char_traits<char>, std::allocator<char> >, std::pair<std::basic_string<char, std::char_traits<char>, std::allocator<char> > const, std::basic_string<char, std::char_traits<char>, std::allocator<char> > >, std::_Select1st<std::pair<std::basic_string<char, std::char_traits<char>, std::allocator<char> > const, std::basic_string<char, std::char_traits<char>, std::allocator<char> > > >, std::less<std::basic_string<char, std::char_traits<char>, std::allocator<char> > >, std::allocator<std::pair<std::basic_string<char, std::char_traits<char>, std::allocator<char> > const, std::basic_string<char, std::char_traits<char>, std::allocator<char> > > > >::_M_begin()	1	0000000b	0000000b	6	6	yes	1.0000
Community/src/ConfigFileReader.cpp.o	_ZNSt8_Rb_treeISsSt4pairIKSsSsESt10_Select1stIS2_ESt4lessISsESaIS2_EE8_S_rightEPSt18_Rb_tree_node_base	std::_Rb_tree<std::basic_string<char, std::char_traits<char>, std::allocator<char> >, std::pair<std::basic_string<char, std::char_traits<char>, std::allocator<char> > const, std::basic_string<char, std::char_traits<char>, std::allocator<char> > >, std::_Select1st<std::pair<std::basic_string<char, std::char_traits<char>, std::allocator<char> > const, std::basic_string<char, std::char_traits<char>, std::allocator<char> > > >, std::less<std::basic_string<char, std::char_traits<char>, std::allocator<char> > >, std::allocator<std::pair<std::basic_string<char, std::char_traits<char>, std::allocator<char> > const, std::basic_string<char, std::char_traits<char>, std::allocator<char> > > > >::_S_right(std::_Rb_tree_node_base*)	1	0000000b	0000000b	6	6	yes	1.0000
Community/src/ConfigFileReader.cpp.o	_ZSt3maxIjERKT_S2_S2_	unsigned int const& std::max<unsigned int>(unsigned int const&, unsigned int const&)	1	0000001b	0000001b	13	13	yes	1.0000
Community/src/ConfigFileReader.cpp.o	_ZSt3minIjERKT_S2_S2_	unsigned int const& std::min<unsigned int>(unsigned int const&, unsigned int const&)	1	0000001b	0000001b	13	13	yes	1.0000
Community/src/ConfigFileReader.cpp.o	_ZSt8_DestroyIPSsEvT_S1_	void std::_Destroy<std::basic_string<char, std::char_traits<char>, std::allocator<char> >*>(std::basic_string<char, std::char_traits<char>, std::allocator<char> >*, std::basic_string<char, std::char_traits<char>, std::allocator<char> >*)	1	0000001a	0000001a	10	10	yes	1.0000
Community/src/ConfigFileReader.cpp.o	_ZSt8_DestroyISsEvPT_	void std::_Destroy<std::basic_string<char, std::char_traits<char>, std::allocator<char> > >(std::basic_string<char, std::char_traits<char>, std::allocator<char> >*)	1	00000013	00000013	8	8	yes	1.0000
Community/src/ConfigFileReader.cpp.o	_ZStltIcSt11char_traitsIcESaIcEEbRKSbIT_T0_T1_ES8_	bool std::operator< <char, std::char_traits<char>, std::allocator<char> >(std::basic_string<char, std::char_traits<char>, std::allocator<char> > const&, std::basic_string<char, std::char_traits<char>, std::allocator<char> > const&)	1	0000001d	0000001d	11	11	yes	1.0000
Community/src/ConfigFileReader.cpp.o	_ZdlPvS_	operator delete(void*, void*)	1	00000005	00000005	4	4	yes	1.0000
Community/src/ConfigFileReader.cpp.o	_ZnwjPv	operator new(unsigned int, void*)	1	00000008	00000008	5	5	yes	1.0000
Community/src/CoreDump.cpp.o	_Z13regist_signaliPFviE	regist_signal(int, void (*)(int))	1	0000008b	0000008f	36	38	no	0.8158
Community/src/CoreDump.cpp.o	_Z14regist_signalsv	regist_signals()	1	00000240	0000022f	136	131	no	0.9559
Community/src/CoreDump.cpp.o	_Z14signal_handleri	signal_handler(int)	1	0000007d	0000007d	31	31	no	1.0000
Community/src/CoreDump.cpp.o	_Z19omll_dump_core_filev	omll_dump_core_file()	1	0000000b	0000000b	4	4	yes	1.0000
Community/src/CoreDump.cpp.o	_ZN9CCoreDumpC1Ev	CCoreDump::CCoreDump()	1	00000049	0000004a	20	22	no	0.8182
Community/src/CoreDump.cpp.o	_ZN9CCoreDumpC2Ev	CCoreDump::CCoreDump()	1	00000049	0000004a	0	0	no	0.0000
Community/src/CoreDump.cpp.o	_ZN9CCoreDumpD1Ev	CCoreDump::~CCoreDump()	1	00000005	00000005	4	4	yes	1.0000
Community/src/CoreDump.cpp.o	_ZN9CCoreDumpD2Ev	CCoreDump::~CCoreDump()	1	00000005	00000005	0	0	no	0.0000
Community/src/DateTime.cpp.o	_ZN8DateTime7DiffDayERS_	DateTime::DiffDay(DateTime&)	1	00000018	00000018	10	10	yes	1.0000
Community/src/DateTime.cpp.o	_ZN8DateTimeC1Ev	DateTime::DateTime()	1	00000086	00000086	46	46	yes	1.0000
Community/src/DateTime.cpp.o	_ZN8DateTimeC2Ev	DateTime::DateTime()	1	00000086	00000086	0	0	no	0.0000
Community/src/Epoll.cpp.o	_ZN12socket_event6CEpollI15CNetworkSessionE12CreateEventsEi	socket_event::CEpoll<CNetworkSession>::CreateEvents(int)	1	0000008b	0000008b	44	44	yes	1.0000
Community/src/Epoll.cpp.o	_ZN12socket_event6CEpollI15CNetworkSessionE12WaitForEventEi	socket_event::CEpoll<CNetworkSession>::WaitForEvent(int)	1	0000020b	0000022b	170	177	no	0.9435
Community/src/Epoll.cpp.o	_ZN12socket_event6CEpollI15CNetworkSessionE15RegisterSessionEPS1_i	socket_event::CEpoll<CNetworkSession>::RegisterSession(CNetworkSession*, int)	1	00000064	00000066	30	30	no	0.9000
Community/src/Epoll.cpp.o	_ZN12socket_event6CEpollI15CNetworkSessionE17UnregisterSessionEPS1_	socket_event::CEpoll<CNetworkSession>::UnregisterSession(CNetworkSession*)	1	00000060	00000062	27	27	no	0.8889
Community/src/Epoll.cpp.o	_ZN12socket_event6CEpollI15CNetworkSessionED0Ev	socket_event::CEpoll<CNetworkSession>::~CEpoll()	1	0000001e	0000001e	11	11	yes	1.0000
Community/src/Epoll.cpp.o	_ZN12socket_event6CEpollI15CNetworkSessionED1Ev	socket_event::CEpoll<CNetworkSession>::~CEpoll()	1	00000051	00000051	27	27	yes	1.0000
Community/src/Epoll.cpp.o	_ZN12socket_event6CEpollI15CNetworkSessionED2Ev	socket_event::CEpoll<CNetworkSession>::~CEpoll()	1	00000051	00000051	0	0	no	0.0000
Community/src/FindBuddy.cpp.o	_ZN10CFindBuddyC1EcPKc	CFindBuddy::CFindBuddy(char, char const*)	1	00000052	00000052	23	23	yes	1.0000
Community/src/FindBuddy.cpp.o	_ZN10CFindBuddyC2EcPKc	CFindBuddy::CFindBuddy(char, char const*)	1	00000052	00000052	0	0	no	0.0000
Community/src/FindBuddy.cpp.o	_ZNK10CFindBuddyclER16STPvPBuddyDBInfo	CFindBuddy::operator()(STPvPBuddyDBInfo&) const	1	00000040	00000040	23	23	yes	1.0000
Community/src/FindUser.cpp.o	_ZN9CFindUserC1EcPKc	CFindUser::CFindUser(char, char const*)	1	00000052	00000052	23	23	yes	1.0000
Community/src/FindUser.cpp.o	_ZN9CFindUserC2EcPKc	CFindUser::CFindUser(char, char const*)	1	00000052	00000052	0	0	no	0.0000
Community/src/FindUser.cpp.o	_ZNK9CFindUserclESt4pairIj5CUserE	CFindUser::operator()(std::pair<unsigned int, CUser>) const	1	00000041	00000041	23	23	yes	1.0000
Community/src/NetworkSession.cpp.o	_ZN15CNetworkSession10DisconnectEv	CNetworkSession::Disconnect()	1	00000066	00000066	30	30	yes	1.0000
Community/src/NetworkSession.cpp.o	_ZN15CNetworkSession18CreateListenSocketEiPKc	CNetworkSession::CreateListenSocket(int, char const*)	1	000000c1	000000bf	58	58	no	0.9655
Community/src/NetworkSession.cpp.o	_ZN15CNetworkSession4SendEPKci	CNetworkSession::Send(char const*, int)	1	0000002c	00000036	16	18	no	0.7778
Community/src/NetworkSession.cpp.o	_ZN15CNetworkSession6OnRecvEv	CNetworkSession::OnRecv()	1	00000088	00000094	41	45	no	0.8667
Community/src/NetworkSession.cpp.o	_ZN15CNetworkSession6OnSendEv	CNetworkSession::OnSend()	1	00000064	00000062	31	31	no	0.9032
Community/src/NetworkSession.cpp.o	_ZN15CNetworkSession7ConnectEPKci	CNetworkSession::Connect(char const*, int)	1	00000140	00000136	92	89	no	0.9565
Community/src/NetworkSession.cpp.o	_ZN15CNetworkSession7OnErrorEv	CNetworkSession::OnError()	1	00000049	00000049	23	23	yes	1.0000
Community/src/NetworkSession.cpp.o	_ZN15CNetworkSession7ParsingEPKci	CNetworkSession::Parsing(char const*, int)	1	0000008b	0000007c	51	46	no	0.7843
Community/src/NetworkSession.cpp.o	_ZN15CNetworkSession8OnAcceptEv	CNetworkSession::OnAccept()	1	000000cc	000000cc	61	61	no	0.9836
Community/src/NetworkSession.cpp.o	_ZN15CNetworkSession8dispatchEP12PacketHeader	CNetworkSession::dispatch(PacketHeader*)	1	00000078	00000073	38	39	no	0.7949
Community/src/NetworkSession.cpp.o	_ZN15CNetworkSession8get_typeEv	CNetworkSession::get_type()	1	0000000e	0000000e	6	6	yes	1.0000
Community/src/NetworkSession.cpp.o	_ZN15CNetworkSession8set_typeE17ENUM_SESSION_TYPE	CNetworkSession::set_type(ENUM_SESSION_TYPE)	1	00000011	00000011	7	7	yes	1.0000
Community/src/NetworkSession.cpp.o	_ZN15CNetworkSession9OnConnectEv	CNetworkSession::OnConnect()	1	00000035	0000002f	16	14	no	0.8750
Community/src/NetworkSession.cpp.o	_ZN15CNetworkSessionC1Ev	CNetworkSession::CNetworkSession()	1	00000013	00000013	8	8	yes	1.0000
Community/src/NetworkSession.cpp.o	_ZN15CNetworkSessionC2Ev	CNetworkSession::CNetworkSession()	1	00000013	00000013	0	0	no	0.0000
Community/src/NetworkSession.cpp.o	_ZN15CNetworkSessionD1Ev	CNetworkSession::~CNetworkSession()	1	00000013	00000013	8	8	yes	1.0000
Community/src/NetworkSession.cpp.o	_ZN15CNetworkSessionD2Ev	CNetworkSession::~CNetworkSession()	1	00000013	00000013	0	0	no	0.0000
Community/src/NetworkSession.cpp.o	_ZN15CNetworkSessiondlEPvj	CNetworkSession::operator delete(void*, unsigned int)	1	0000001b	0000001b	9	9	yes	1.0000
Community/src/NetworkSession.cpp.o	_ZN15CNetworkSessionnwEj	CNetworkSession::operator new(unsigned int)	1	00000014	00000014	7	7	yes	1.0000
Community/src/PacketDispatcher.cpp.o	_ZN17CPacketDispatcher14get_dispatcherEt	CPacketDispatcher::get_dispatcher(unsigned short)	1	0000006b	0000006b	34	34	yes	1.0000
Community/src/PacketDispatcher.cpp.o	_ZN17CPacketDispatcher15register_packetEtPFiP15ISessionManagerP15CNetworkSessionP12PacketHeaderE	CPacketDispatcher::register_packet(unsigned short, int (*)(ISessionManager*, CNetworkSession*, PacketHeader*))	1	00000059	00000059	28	28	yes	1.0000
Community/src/PacketDispatcher.cpp.o	_ZnwjPv	operator new(unsigned int, void*)	1	00000008	00000008	5	5	yes	1.0000
Community/src/ProcessManager.cpp.o	_ZN15CProcessManager13check_pidfileEPKc	CProcessManager::check_pidfile(char const*)	1	00000065	00000070	26	30	no	0.8333
Community/src/ProcessManager.cpp.o	_ZN15CProcessManager18SendShutdownSignalEPKc	CProcessManager::SendShutdownSignal(char const*)	1	0000010c	0000010c	67	67	yes	1.0000
Community/src/ProcessManager.cpp.o	_ZN15CProcessManager6DaemonEv	CProcessManager::Daemon()	1	00000051	00000051	21	21	yes	1.0000
Community/src/ProcessManager.cpp.o	_ZN15CProcessManager8WritePIDEPKc	CProcessManager::WritePID(char const*)	1	0000010e	00000105	64	59	no	0.8750
Community/src/ProcessManager.cpp.o	_ZN15CProcessManager8_makeDirEPc	CProcessManager::_makeDir(char*)	1	0000002f	0000002f	15	15	yes	1.0000
Community/src/ProcessManager.cpp.o	_ZN15CProcessManagerC1Ev	CProcessManager::CProcessManager()	1	00000005	00000005	4	4	yes	1.0000
Community/src/ProcessManager.cpp.o	_ZN15CProcessManagerC2Ev	CProcessManager::CProcessManager()	1	00000005	00000005	0	0	no	0.0000
Community/src/ProcessManager.cpp.o	_ZN15CProcessManagerD1Ev	CProcessManager::~CProcessManager()	1	00000005	00000005	4	4	yes	1.0000
Community/src/ProcessManager.cpp.o	_ZN15CProcessManagerD2Ev	CProcessManager::~CProcessManager()	1	00000005	00000005	0	0	no	0.0000
Community/src/SessionManager.cpp.o	_ZN12socket_event6CEpollI15CNetworkSessionEC1Ev	socket_event::CEpoll<CNetworkSession>::CEpoll()	1	00000022	00000022	10	10	yes	1.0000
Community/src/SessionManager.cpp.o	_ZN12socket_event6CEpollI15CNetworkSessionEC2Ev	socket_event::CEpoll<CNetworkSession>::CEpoll()	1	00000022	00000022	0	0	no	0.0000
Community/src/SessionManager.cpp.o	_ZN14network_engine13CSessionProxyI15CNetworkSessionN12socket_event6CEpollEEC1Ev	network_engine::CSessionProxy<CNetworkSession, socket_event::CEpoll>::CSessionProxy()	1	0000001c	0000001c	10	10	yes	1.0000
Community/src/SessionManager.cpp.o	_ZN14network_engine13CSessionProxyI15CNetworkSessionN12socket_event6CEpollEEC2Ev	network_engine::CSessionProxy<CNetworkSession, socket_event::CEpoll>::CSessionProxy()	1	0000001c	0000001c	0	0	no	0.0000
Community/src/SessionManager.cpp.o	_ZN15CSessionManager13SendHeartbeatEPKci	CSessionManager::SendHeartbeat(char const*, int)	1	0000000a	0000000a	5	5	yes	1.0000
Community/src/SessionManager.cpp.o	_ZN15CSessionManager15RegisterSessionEP15CNetworkSession17ENUM_SESSION_TYPE	CSessionManager::RegisterSession(CNetworkSession*, ENUM_SESSION_TYPE)	1	00000019	00000019	10	10	yes	1.0000
Community/src/SessionManager.cpp.o	_ZN15CSessionManager17UnregisterSessionEP15CNetworkSession17ENUM_SESSION_TYPE	CSessionManager::UnregisterSession(CNetworkSession*, ENUM_SESSION_TYPE)	1	00000038	00000038	17	17	yes	1.0000
Community/src/SessionManager.cpp.o	_ZN15CSessionManager19GetPacketDispatcherEv	CSessionManager::GetPacketDispatcher()	1	0000000b	0000000b	6	6	yes	1.0000
Community/src/SessionManager.cpp.o	_ZN15CSessionManager29SendPacketToConnectingSessionEPKciS1_i	CSessionManager::SendPacketToConnectingSession(char const*, int, char const*, int)	1	000000b2	000000b0	56	56	no	0.9464
Community/src/SessionManager.cpp.o	_ZN15CSessionManagerC1Ev	CSessionManager::CSessionManager()	1	0000010d	0000010d	87	87	yes	1.0000
Community/src/SessionManager.cpp.o	_ZN15CSessionManagerC2Ev	CSessionManager::CSessionManager()	1	0000010d	0000010d	0	0	no	0.0000
Community/src/SessionManager.cpp.o	_ZN15CSessionManagerD0Ev	CSessionManager::~CSessionManager()	1	0000001e	0000001e	11	11	yes	1.0000
Community/src/SessionManager.cpp.o	_ZN15CSessionManagerD1Ev	CSessionManager::~CSessionManager()	1	0000009a	0000009a	53	53	yes	1.0000
Community/src/SessionManager.cpp.o	_ZN15CSessionManagerD2Ev	CSessionManager::~CSessionManager()	1	0000009a	0000009a	0	0	no	0.0000
Community/src/SessionManager.cpp.o	_ZN15ISessionManagerC1Ev	ISessionManager::ISessionManager()	1	0000000e	0000000e	6	6	yes	1.0000
Community/src/SessionManager.cpp.o	_ZN15ISessionManagerC2Ev	ISessionManager::ISessionManager()	1	0000000e	0000000e	0	0	no	0.0000
Community/src/SessionManager.cpp.o	_ZN17CPacketDispatcherC1Ev	CPacketDispatcher::CPacketDispatcher()	1	00000013	00000013	8	8	yes	1.0000
Community/src/SessionManager.cpp.o	_ZN17CPacketDispatcherC2Ev	CPacketDispatcher::CPacketDispatcher()	1	00000013	00000013	0	0	no	0.0000
Community/src/SessionManager.cpp.o	_ZN17CPacketDispatcherD1Ev	CPacketDispatcher::~CPacketDispatcher()	1	00000013	00000013	8	8	yes	1.0000
Community/src/SessionManager.cpp.o	_ZN17CPacketDispatcherD2Ev	CPacketDispatcher::~CPacketDispatcher()	1	00000013	00000013	0	0	no	0.0000
Community/src/SessionManager.cpp.o	_ZThn4_N15CSessionManagerD0Ev	non-virtual thunk to CSessionManager::~CSessionManager()	1	00000007	00000007	2	2	yes	1.0000
Community/src/SessionManager.cpp.o	_ZThn4_N15CSessionManagerD1Ev	non-virtual thunk to CSessionManager::~CSessionManager()	1	0000000a	0000000a	2	2	yes	1.0000
Community/src/SessionManager.cpp.o	_ZnwjPv	operator new(unsigned int, void*)	1	00000008	00000008	5	5	yes	1.0000
Community/src/SessionProxy.cpp.o	_ZN14network_engine13CSessionProxyI15CNetworkSessionN12socket_event6CEpollEE10TryConnectEPKci	network_engine::CSessionProxy<CNetworkSession, socket_event::CEpoll>::TryConnect(char const*, int)	1	0000006a	0000006a	31	31	yes	1.0000
Community/src/SessionProxy.cpp.o	_ZN14network_engine13CSessionProxyI15CNetworkSessionN12socket_event6CEpollEE12CreateEventsEi	network_engine::CSessionProxy<CNetworkSession, socket_event::CEpoll>::CreateEvents(int)	1	0000001a	0000001a	10	10	yes	1.0000
Community/src/SessionProxy.cpp.o	_ZN14network_engine13CSessionProxyI15CNetworkSessionN12socket_event6CEpollEE13TryDisconnectEPS1_	network_engine::CSessionProxy<CNetworkSession, socket_event::CEpoll>::TryDisconnect(CNetworkSession*)	1	00000025	00000025	13	13	yes	1.0000
Community/src/SessionProxy.cpp.o	_ZN14network_engine13CSessionProxyI15CNetworkSessionN12socket_event6CEpollEE19WaitForSessionEventEi	network_engine::CSessionProxy<CNetworkSession, socket_event::CEpoll>::WaitForSessionEvent(int)	1	0000001a	0000001a	10	10	yes	1.0000
Community/src/SessionProxy.cpp.o	_ZN14network_engine13CSessionProxyI15CNetworkSessionN12socket_event6CEpollEE9TryListenEPKci	network_engine::CSessionProxy<CNetworkSession, socket_event::CEpoll>::TryListen(char const*, int)	1	0000004e	00000050	24	24	no	0.8333
Community/src/SessionProxy.cpp.o	_ZN14network_engine13CSessionProxyI15CNetworkSessionN12socket_event6CEpollEED0Ev	network_engine::CSessionProxy<CNetworkSession, socket_event::CEpoll>::~CSessionProxy()	1	0000001e	0000001e	11	11	yes	1.0000
Community/src/SessionProxy.cpp.o	_ZN14network_engine13CSessionProxyI15CNetworkSessionN12socket_event6CEpollEED1Ev	network_engine::CSessionProxy<CNetworkSession, socket_event::CEpoll>::~CSessionProxy()	1	00000030	00000030	16	16	yes	1.0000
Community/src/SessionProxy.cpp.o	_ZN14network_engine13CSessionProxyI15CNetworkSessionN12socket_event6CEpollEED2Ev	network_engine::CSessionProxy<CNetworkSession, socket_event::CEpoll>::~CSessionProxy()	1	00000030	00000030	0	0	no	0.0000
Community/src/User.cpp.o	_ZN12PvPBuddyInfoC1Ev	PvPBuddyInfo::PvPBuddyInfo()	1	00000060	00000060	27	27	no	1.0000
Community/src/User.cpp.o	_ZN12PvPBuddyInfoC2Ev	PvPBuddyInfo::PvPBuddyInfo()	1	00000060	00000060	0	0	no	0.0000
Community/src/User.cpp.o	_ZN13CBuddyManagerD1Ev	CBuddyManager::~CBuddyManager()	1	00000042	00000042	26	26	yes	1.0000
Community/src/User.cpp.o	_ZN13CBuddyManagerD2Ev	CBuddyManager::~CBuddyManager()	1	00000042	00000042	0	0	no	0.0000
Community/src/User.cpp.o	_ZN23Packet_Delete_PvP_BuddyC1Ev	Packet_Delete_PvP_Buddy::Packet_Delete_PvP_Buddy()	1	00000045	00000045	18	18	yes	1.0000
Community/src/User.cpp.o	_ZN23Packet_Delete_PvP_BuddyC2Ev	Packet_Delete_PvP_Buddy::Packet_Delete_PvP_Buddy()	1	00000045	00000045	0	0	no	0.0000
Community/src/User.cpp.o	_ZN23Packet_Insert_PvP_BuddyC1Ev	Packet_Insert_PvP_Buddy::Packet_Insert_PvP_Buddy()	1	0000003f	0000003f	18	18	yes	1.0000
Community/src/User.cpp.o	_ZN23Packet_Insert_PvP_BuddyC2Ev	Packet_Insert_PvP_Buddy::Packet_Insert_PvP_Buddy()	1	0000003f	0000003f	0	0	no	0.0000
Community/src/User.cpp.o	_ZN23Packet_Update_PvP_BuddyC1Ev	Packet_Update_PvP_Buddy::Packet_Update_PvP_Buddy()	1	00000042	00000042	18	18	yes	1.0000
Community/src/User.cpp.o	_ZN23Packet_Update_PvP_BuddyC2Ev	Packet_Update_PvP_Buddy::Packet_Update_PvP_Buddy()	1	00000042	00000042	0	0	no	0.0000
Community/src/User.cpp.o	_ZN30Packet_Notice_PvP_Buddy_In_OutC1Ev	Packet_Notice_PvP_Buddy_In_Out::Packet_Notice_PvP_Buddy_In_Out()	1	0000006a	0000006a	26	26	yes	1.0000
Community/src/User.cpp.o	_ZN30Packet_Notice_PvP_Buddy_In_OutC2Ev	Packet_Notice_PvP_Buddy_In_Out::Packet_Notice_PvP_Buddy_In_Out()	1	0000006a	0000006a	0	0	no	0.0000
Community/src/User.cpp.o	_ZN32Packet_Response_Remove_PvP_BuddyC1Ev	Packet_Response_Remove_PvP_Buddy::Packet_Response_Remove_PvP_Buddy()	1	00000063	00000063	24	24	yes	1.0000
Community/src/User.cpp.o	_ZN32Packet_Response_Remove_PvP_BuddyC2Ev	Packet_Response_Remove_PvP_Buddy::Packet_Response_Remove_PvP_Buddy()	1	00000063	00000063	0	0	no	0.0000
Community/src/User.cpp.o	_ZN34Packet_Notice_Add_PvP_Buddy_ResultC1Ev	Packet_Notice_Add_PvP_Buddy_Result::Packet_Notice_Add_PvP_Buddy_Result()	1	0000006a	0000006a	26	26	yes	1.0000
Community/src/User.cpp.o	_ZN34Packet_Notice_Add_PvP_Buddy_ResultC2Ev	Packet_Notice_Add_PvP_Buddy_Result::Packet_Notice_Add_PvP_Buddy_Result()	1	0000006a	0000006a	0	0	no	0.0000
Community/src/User.cpp.o	_ZN35Packet_Notice_Request_Add_PvP_BuddyC1Ev	Packet_Notice_Request_Add_PvP_Buddy::Packet_Notice_Request_Add_PvP_Buddy()	1	0000005c	0000005c	22	22	yes	1.0000
Community/src/User.cpp.o	_ZN35Packet_Notice_Request_Add_PvP_BuddyC2Ev	Packet_Notice_Request_Add_PvP_Buddy::Packet_Notice_Request_Add_PvP_Buddy()	1	0000005c	0000005c	0	0	no	0.0000
Community/src/User.cpp.o	_ZN35Packet_Response_PvP_Buddy_Conn_ListC1Ev	Packet_Response_PvP_Buddy_Conn_List::Packet_Response_PvP_Buddy_Conn_List()	1	0000008d	0000008d	40	40	no	1.0000
Community/src/User.cpp.o	_ZN35Packet_Response_PvP_Buddy_Conn_ListC2Ev	Packet_Response_PvP_Buddy_Conn_List::Packet_Response_PvP_Buddy_Conn_List()	1	0000008d	0000008d	0	0	no	0.0000
Community/src/User.cpp.o	_ZN40Packet_Monitor_Other_Channel_Chat_ToUserC1Ev	Packet_Monitor_Other_Channel_Chat_ToUser::Packet_Monitor_Other_Channel_Chat_ToUser()	1	00000088	00000088	32	32	yes	1.0000
Community/src/User.cpp.o	_ZN40Packet_Monitor_Other_Channel_Chat_ToUserC2Ev	Packet_Monitor_Other_Channel_Chat_ToUser::Packet_Monitor_Other_Channel_Chat_ToUser()	1	00000088	00000088	0	0	no	0.0000
Community/src/User.cpp.o	_ZN51Packet_Monitor_Other_Channel_Chat_ToUser_Hyper_LinkC1Ev	Packet_Monitor_Other_Channel_Chat_ToUser_Hyper_Link::Packet_Monitor_Other_Channel_Chat_ToUser_Hyper_Link()	1	000000b2	000000b2	40	40	yes	1.0000
Community/src/User.cpp.o	_ZN51Packet_Monitor_Other_Channel_Chat_ToUser_Hyper_LinkC2Ev	Packet_Monitor_Other_Channel_Chat_ToUser_Hyper_Link::Packet_Monitor_Other_Channel_Chat_ToUser_Hyper_Link()	1	000000b2	000000b2	0	0	no	0.0000
Community/src/User.cpp.o	_ZN5CUser12check_myselfEv	CUser::check_myself()	1	00000140	0000013b	94	93	no	0.9468
Community/src/User.cpp.o	_ZN5CUser13get_user_infoEv	CUser::get_user_info()	1	0000000b	0000000b	6	6	yes	1.0000
Community/src/User.cpp.o	_ZN5CUser13req_add_buddyEPS_	CUser::req_add_buddy(CUser*)	1	0000006e	0000006e	34	34	yes	1.0000
Community/src/User.cpp.o	_ZN5CUser13res_add_buddyEPS_	CUser::res_add_buddy(CUser*)	1	00000127	00000127	85	85	no	0.9765
Community/src/User.cpp.o	_ZN5CUser15db_delete_buddyEcj	CUser::db_delete_buddy(char, unsigned int)	1	00000058	00000058	29	29	no	1.0000
Community/src/User.cpp.o	_ZN5CUser15db_insert_buddyEP16STPvPBuddyDBInfoS1_	CUser::db_insert_buddy(STPvPBuddyDBInfo*, STPvPBuddyDBInfo*)	1	0000006c	0000006c	31	31	yes	1.0000
Community/src/User.cpp.o	_ZN5CUser15db_update_buddyEv	CUser::db_update_buddy()	1	00000059	00000059	29	29	yes	1.0000
Community/src/User.cpp.o	_ZN5CUser15send_buddy_listEv	CUser::send_buddy_list()	1	000002f0	00000307	233	238	no	0.9664
Community/src/User.cpp.o	_ZN5CUser16req_remove_buddyEcPKc	CUser::req_remove_buddy(char, char const*)	1	00000165	00000167	102	103	no	0.9903
Community/src/User.cpp.o	_ZN5CUser17get_buddy_managerEv	CUser::get_buddy_manager()	1	0000000b	0000000b	6	6	yes	1.0000
Community/src/User.cpp.o	_ZN5CUser19notice_login_logoutENS_9eLoginoutE	CUser::notice_login_logout(CUser::eLoginout)	1	00000117	00000117	83	83	yes	1.0000
Community/src/User.cpp.o	_ZN5CUser21notice_add_buddy_failEch	CUser::notice_add_buddy_fail(char, unsigned char)	1	0000005e	0000005e	31	31	yes	1.0000
Community/src/User.cpp.o	_ZN5CUser23get_user_info_for_buddyER16STPvPBuddyDBInfo	CUser::get_user_info_for_buddy(STPvPBuddyDBInfo&)	1	00000080	00000080	41	41	yes	1.0000
Community/src/User.cpp.o	_ZN5CUser23send_other_channel_chatEP33Packet_Monitor_Other_Channel_ChatPS_	CUser::send_other_channel_chat(Packet_Monitor_Other_Channel_Chat*, CUser*)	1	000000c8	000000c8	51	51	no	0.9804
Community/src/User.cpp.o	_ZN5CUser24notice_add_buddy_successEcPS_	CUser::notice_add_buddy_success(char, CUser*)	1	0000007f	0000007f	39	39	no	1.0000
Community/src/User.cpp.o	_ZN5CUser24notice_remove_buddy_failEh	CUser::notice_remove_buddy_fail(unsigned char)	1	00000051	00000051	27	27	yes	1.0000
Community/src/User.cpp.o	_ZN5CUser26check_variable_charac_infoEcPKccc	CUser::check_variable_charac_info(char, char const*, char, char)	1	0000006b	0000006b	35	35	yes	1.0000
Community/src/User.cpp.o	_ZN5CUser27notice_remove_buddy_successEcPKc	CUser::notice_remove_buddy_success(char, char const*)	1	00000072	00000072	35	35	yes	1.0000
Community/src/User.cpp.o	_ZN5CUser27update_variable_charac_infoEcPKccc	CUser::update_variable_charac_info(char, char const*, char, char)	1	00000054	00000057	28	30	no	0.9333
Community/src/User.cpp.o	_ZN5CUser30send_other_channel_chat_resultEP33Packet_Monitor_Other_Channel_Chat18ENUM_MONITOR_ERROR	CUser::send_other_channel_chat_result(Packet_Monitor_Other_Channel_Chat*, ENUM_MONITOR_ERROR)	1	000000c4	000000c4	50	50	no	0.9800
Community/src/User.cpp.o	_ZN5CUser34send_other_channel_chat_hyper_linkEP44Packet_Monitor_Other_Channel_Chat_Hyper_LinkPS_	CUser::send_other_channel_chat_hyper_link(Packet_Monitor_Other_Channel_Chat_Hyper_Link*, CUser*)	1	00000136	00000138	79	79	no	0.9494
Community/src/User.cpp.o	_ZN5CUser41send_other_channel_chat_result_hyper_linkEP44Packet_Monitor_Other_Channel_Chat_Hyper_Link18ENUM_MONITOR_ERROR	CUser::send_other_channel_chat_result_hyper_link(Packet_Monitor_Other_Channel_Chat_Hyper_Link*, ENUM_MONITOR_ERROR)	1	00000132	00000134	78	78	no	0.9487
Community/src/User.cpp.o	_ZN5CUserC1EP15CNetworkSessionR14STGameUserInfoiP16STPvPBuddyDBInfo	CUser::CUser(CNetworkSession*, STGameUserInfo&, int, STPvPBuddyDBInfo*)	1	000000d5	000000d5	74	74	yes	1.0000
Community/src/User.cpp.o	_ZN5CUserC1ERKS_	CUser::CUser(CUser const&)	1	00000078	00000078	42	42	yes	1.0000
Community/src/User.cpp.o	_ZN5CUserC2EP15CNetworkSessionR14STGameUserInfoiP16STPvPBuddyDBInfo	CUser::CUser(CNetworkSession*, STGameUserInfo&, int, STPvPBuddyDBInfo*)	1	000000d5	000000d5	0	0	no	0.0000
Community/src/User.cpp.o	_ZN5CUserC2ERKS_	CUser::CUser(CUser const&)	1	00000078	00000078	0	0	no	0.0000
Community/src/User.cpp.o	_ZN9__gnu_cxx17__normal_iteratorIP16STPvPBuddyDBInfoSt6vectorIS1_SaIS1_EEEC1ERKS2_	__gnu_cxx::__normal_iterator<STPvPBuddyDBInfo*, std::vector<STPvPBuddyDBInfo, std::allocator<STPvPBuddyDBInfo> > >::__normal_iterator(STPvPBuddyDBInfo* const&)	1	0000000f	0000000f	8	8	yes	1.0000
Community/src/User.cpp.o	_ZN9__gnu_cxx17__normal_iteratorIP16STPvPBuddyDBInfoSt6vectorIS1_SaIS1_EEEC2ERKS2_	__gnu_cxx::__normal_iterator<STPvPBuddyDBInfo*, std::vector<STPvPBuddyDBInfo, std::allocator<STPvPBuddyDBInfo> > >::__normal_iterator(STPvPBuddyDBInfo* const&)	1	0000000f	0000000f	0	0	no	0.0000
Community/src/User.cpp.o	_ZN9__gnu_cxx17__normal_iteratorIP16STPvPBuddyDBInfoSt6vectorIS1_SaIS1_EEEppEv	__gnu_cxx::__normal_iterator<STPvPBuddyDBInfo*, std::vector<STPvPBuddyDBInfo, std::allocator<STPvPBuddyDBInfo> > >::operator++()	1	00000015	00000015	10	10	yes	1.0000
Community/src/User.cpp.o	_ZN9__gnu_cxx17__normal_iteratorIPK16STPvPBuddyDBInfoSt6vectorIS1_SaIS1_EEEC1ERKS3_	__gnu_cxx::__normal_iterator<STPvPBuddyDBInfo const*, std::vector<STPvPBuddyDBInfo, std::allocator<STPvPBuddyDBInfo> > >::__normal_iterator(STPvPBuddyDBInfo const* const&)	1	0000000f	0000000f	8	8	yes	1.0000
Community/src/User.cpp.o	_ZN9__gnu_cxx17__normal_iteratorIPK16STPvPBuddyDBInfoSt6vectorIS1_SaIS1_EEEC2ERKS3_	__gnu_cxx::__normal_iterator<STPvPBuddyDBInfo const*, std::vector<STPvPBuddyDBInfo, std::allocator<STPvPBuddyDBInfo> > >::__normal_iterator(STPvPBuddyDBInfo const* const&)	1	0000000f	0000000f	0	0	no	0.0000
Community/src/User.cpp.o	_ZN9__gnu_cxx17__normal_iteratorIPK16STPvPBuddyDBInfoSt6vectorIS1_SaIS1_EEEppEv	__gnu_cxx::__normal_iterator<STPvPBuddyDBInfo const*, std::vector<STPvPBuddyDBInfo, std::allocator<STPvPBuddyDBInfo> > >::operator++()	1	00000015	00000015	10	10	yes	1.0000
Community/src/User.cpp.o	_ZN9__gnu_cxxneIP16STPvPBuddyDBInfoSt6vectorIS1_SaIS1_EEEEbRKNS_17__normal_iteratorIT_T0_EESB_	bool __gnu_cxx::operator!=<STPvPBuddyDBInfo*, std::vector<STPvPBuddyDBInfo, std::allocator<STPvPBuddyDBInfo> > >(__gnu_cxx::__normal_iterator<STPvPBuddyDBInfo*, std::vector<STPvPBuddyDBInfo, std::allocator<STPvPBuddyDBInfo> > > const&, __gnu_cxx::__normal_iterator<STPvPBuddyDBInfo*, std::vector<STPvPBuddyDBInfo, std::allocator<STPvPBuddyDBInfo> > > const&)	1	0000002c	0000002c	18	18	yes	1.0000
Community/src/User.cpp.o	_ZN9__gnu_cxxneIPK16STPvPBuddyDBInfoSt6vectorIS1_SaIS1_EEEEbRKNS_17__normal_iteratorIT_T0_EESC_	bool __gnu_cxx::operator!=<STPvPBuddyDBInfo const*, std::vector<STPvPBuddyDBInfo, std::allocator<STPvPBuddyDBInfo> > >(__gnu_cxx::__normal_iterator<STPvPBuddyDBInfo const*, std::vector<STPvPBuddyDBInfo, std::allocator<STPvPBuddyDBInfo> > > const&, __gnu_cxx::__normal_iterator<STPvPBuddyDBInfo const*, std::vector<STPvPBuddyDBInfo, std::allocator<STPvPBuddyDBInfo> > > const&)	1	0000002c	0000002c	18	18	yes	1.0000
Community/src/User.cpp.o	_ZNK9__gnu_cxx17__normal_iteratorIP16STPvPBuddyDBInfoSt6vectorIS1_SaIS1_EEE4baseEv	__gnu_cxx::__normal_iterator<STPvPBuddyDBInfo*, std::vector<STPvPBuddyDBInfo, std::allocator<STPvPBuddyDBInfo> > >::base() const	1	00000008	00000008	5	5	yes	1.0000
Community/src/User.cpp.o	_ZNK9__gnu_cxx17__normal_iteratorIP16STPvPBuddyDBInfoSt6vectorIS1_SaIS1_EEEdeEv	__gnu_cxx::__normal_iterator<STPvPBuddyDBInfo*, std::vector<STPvPBuddyDBInfo, std::allocator<STPvPBuddyDBInfo> > >::operator*() const	1	0000000a	0000000a	6	6	yes	1.0000
Community/src/User.cpp.o	_ZNK9__gnu_cxx17__normal_iteratorIPK16STPvPBuddyDBInfoSt6vectorIS1_SaIS1_EEE4baseEv	__gnu_cxx::__normal_iterator<STPvPBuddyDBInfo const*, std::vector<STPvPBuddyDBInfo, std::allocator<STPvPBuddyDBInfo> > >::base() const	1	00000008	00000008	5	5	yes	1.0000
Community/src/User.cpp.o	_ZNK9__gnu_cxx17__normal_iteratorIPK16STPvPBuddyDBInfoSt6vectorIS1_SaIS1_EEEdeEv	__gnu_cxx::__normal_iterator<STPvPBuddyDBInfo const*, std::vector<STPvPBuddyDBInfo, std::allocator<STPvPBuddyDBInfo> > >::operator*() const	1	0000000a	0000000a	6	6	yes	1.0000
Community/src/User.cpp.o	_ZNKSt6vectorI16STPvPBuddyDBInfoSaIS0_EE3endEv	std::vector<STPvPBuddyDBInfo, std::allocator<STPvPBuddyDBInfo> >::end() const	1	0000002c	0000002c	17	17	yes	1.0000
Community/src/User.cpp.o	_ZNKSt6vectorI16STPvPBuddyDBInfoSaIS0_EE4sizeEv	std::vector<STPvPBuddyDBInfo, std::allocator<STPvPBuddyDBInfo> >::size() const	1	0000001e	0000001e	13	13	yes	1.0000
Community/src/User.cpp.o	_ZNKSt6vectorI16STPvPBuddyDBInfoSaIS0_EE5beginEv	std::vector<STPvPBuddyDBInfo, std::allocator<STPvPBuddyDBInfo> >::begin() const	1	0000002b	0000002b	17	17	yes	1.0000
Community/src/User.cpp.o	_ZNSt12_Vector_baseI16STPvPBuddyDBInfoSaIS0_EE11_M_allocateEj	std::_Vector_base<STPvPBuddyDBInfo, std::allocator<STPvPBuddyDBInfo> >::_M_allocate(unsigned int)	1	0000002f	0000002f	15	15	yes	1.0000
Community/src/User.cpp.o	_ZNSt12_Vector_baseI16STPvPBuddyDBInfoSaIS0_EE12_Vector_implD1Ev	std::_Vector_base<STPvPBuddyDBInfo, std::allocator<STPvPBuddyDBInfo> >::_Vector_impl::~_Vector_impl()	1	00000013	00000013	8	8	yes	1.0000
Community/src/User.cpp.o	_ZNSt12_Vector_baseI16STPvPBuddyDBInfoSaIS0_EE12_Vector_implD2Ev	std::_Vector_base<STPvPBuddyDBInfo, std::allocator<STPvPBuddyDBInfo> >::_Vector_impl::~_Vector_impl()	1	00000013	00000013	0	0	no	0.0000
Community/src/User.cpp.o	_ZNSt12_Vector_baseI16STPvPBuddyDBInfoSaIS0_EE13_M_deallocateEPS0_j	std::_Vector_base<STPvPBuddyDBInfo, std::allocator<STPvPBuddyDBInfo> >::_M_deallocate(STPvPBuddyDBInfo*, unsigned int)	1	00000027	00000027	14	14	yes	1.0000
Community/src/User.cpp.o	_ZNSt12_Vector_baseI16STPvPBuddyDBInfoSaIS0_EE19_M_get_Tp_allocatorEv	std::_Vector_base<STPvPBuddyDBInfo, std::allocator<STPvPBuddyDBInfo> >::_M_get_Tp_allocator()	1	00000008	00000008	5	5	yes	1.0000
Community/src/User.cpp.o	_ZNSt12_Vector_baseI16STPvPBuddyDBInfoSaIS0_EED1Ev	std::_Vector_base<STPvPBuddyDBInfo, std::allocator<STPvPBuddyDBInfo> >::~_Vector_base()	1	0000006a	0000006a	40	40	yes	1.0000
Community/src/User.cpp.o	_ZNSt12_Vector_baseI16STPvPBuddyDBInfoSaIS0_EED2Ev	std::_Vector_base<STPvPBuddyDBInfo, std::allocator<STPvPBuddyDBInfo> >::~_Vector_base()	1	0000006a	0000006a	0	0	no	0.0000
Community/src/User.cpp.o	_ZNSt6vectorI16STPvPBuddyDBInfoSaIS0_EE3endEv	std::vector<STPvPBuddyDBInfo, std::allocator<STPvPBuddyDBInfo> >::end()	1	00000026	00000026	15	15	yes	1.0000
Community/src/User.cpp.o	_ZNSt6vectorI16STPvPBuddyDBInfoSaIS0_EE5beginEv	std::vector<STPvPBuddyDBInfo, std::allocator<STPvPBuddyDBInfo> >::begin()	1	00000023	00000023	14	14	yes	1.0000
Community/src/User.cpp.o	_ZNSt6vectorI16STPvPBuddyDBInfoSaIS0_EED1Ev	std::vector<STPvPBuddyDBInfo, std::allocator<STPvPBuddyDBInfo> >::~vector()	1	0000005d	0000005d	34	34	yes	1.0000
Community/src/User.cpp.o	_ZNSt6vectorI16STPvPBuddyDBInfoSaIS0_EED2Ev	std::vector<STPvPBuddyDBInfo, std::allocator<STPvPBuddyDBInfo> >::~vector()	1	0000005d	0000005d	0	0	no	0.0000
Community/src/User.cpp.o	_ZSt18uninitialized_copyIN9__gnu_cxx17__normal_iteratorIPK16STPvPBuddyDBInfoSt6vectorIS2_SaIS2_EEEEPS2_ET0_T_SB_SA_	STPvPBuddyDBInfo* std::uninitialized_copy<__gnu_cxx::__normal_iterator<STPvPBuddyDBInfo const*, std::vector<STPvPBuddyDBInfo, std::allocator<STPvPBuddyDBInfo> > >, STPvPBuddyDBInfo*>(__gnu_cxx::__normal_iterator<STPvPBuddyDBInfo const*, std::vector<STPvPBuddyDBInfo, std::allocator<STPvPBuddyDBInfo> > >, __gnu_cxx::__normal_iterator<STPvPBuddyDBInfo const*, std::vector<STPvPBuddyDBInfo, std::allocator<STPvPBuddyDBInfo> > >, STPvPBuddyDBInfo*)	1	00000021	00000021	12	12	yes	1.0000
Community/src/User.cpp.o	_ZSt22__uninitialized_copy_aIN9__gnu_cxx17__normal_iteratorIPK16STPvPBuddyDBInfoSt6vectorIS2_SaIS2_EEEEPS2_S2_ET0_T_SB_SA_RSaIT1_E	STPvPBuddyDBInfo* std::__uninitialized_copy_a<__gnu_cxx::__normal_iterator<STPvPBuddyDBInfo const*, std::vector<STPvPBuddyDBInfo, std::allocator<STPvPBuddyDBInfo> > >, STPvPBuddyDBInfo*, STPvPBuddyDBInfo>(__gnu_cxx::__normal_iterator<STPvPBuddyDBInfo const*, std::vector<STPvPBuddyDBInfo, std::allocator<STPvPBuddyDBInfo> > >, __gnu_cxx::__normal_iterator<STPvPBuddyDBInfo const*, std::vector<STPvPBuddyDBInfo, std::allocator<STPvPBuddyDBInfo> > >, STPvPBuddyDBInfo*, std::allocator<STPvPBuddyDBInfo>&)	1	00000021	00000021	12	12	yes	1.0000
Community/src/User.cpp.o	_ZSt8_DestroyIP16STPvPBuddyDBInfoEvT_S2_	void std::_Destroy<STPvPBuddyDBInfo*>(STPvPBuddyDBInfo*, STPvPBuddyDBInfo*)	1	0000001a	0000001a	10	10	yes	1.0000
Community/src/User.cpp.o	_ZnwjPv	operator new(unsigned int, void*)	1	00000008	00000008	5	5	yes	1.0000
Community/src/UserManager.cpp.o	_ZN12CUserManager10enter_userEjP15CNetworkSessionR14STGameUserInfoiP16STPvPBuddyDBInfo	CUserManager::enter_user(unsigned int, CNetworkSession*, STGameUserInfo&, int, STPvPBuddyDBInfo*)	1	0000010f	00000125	79	86	no	0.9186
Community/src/UserManager.cpp.o	_ZN12CUserManager10leave_userEP15CNetworkSession	CUserManager::leave_user(CNetworkSession*)	1	000000b6	000000a6	55	51	no	0.8727
Community/src/UserManager.cpp.o	_ZN12CUserManager10leave_userEj	CUserManager::leave_user(unsigned int)	1	0000006d	0000006d	34	34	no	1.0000
Community/src/UserManager.cpp.o	_ZN12CUserManager9find_userEcPKc	CUserManager::find_user(char, char const*)	1	000000f0	000000f0	71	71	no	1.0000
Community/src/UserManager.cpp.o	_ZN12CUserManager9find_userEj	CUserManager::find_user(unsigned int)	1	00000088	0000008e	42	44	no	0.9545
Community/src/UserManager.cpp.o	_ZN12CUserManagerC1Ev	CUserManager::CUserManager()	1	00000013	00000013	8	8	yes	1.0000
Community/src/UserManager.cpp.o	_ZN12CUserManagerC2Ev	CUserManager::CUserManager()	1	00000013	00000013	0	0	no	0.0000
Community/src/UserManager.cpp.o	_ZN12CUserManagerD1Ev	CUserManager::~CUserManager()	1	00000013	00000013	8	8	yes	1.0000
Community/src/UserManager.cpp.o	_ZN12CUserManagerD2Ev	CUserManager::~CUserManager()	1	00000013	00000013	0	0	no	0.0000
Community/src/UserManager.cpp.o	_ZN13CBuddyManagerD1Ev	CBuddyManager::~CBuddyManager()	1	00000042	00000042	26	26	yes	1.0000
Community/src/UserManager.cpp.o	_ZN13CBuddyManagerD2Ev	CBuddyManager::~CBuddyManager()	1	00000042	00000042	0	0	no	0.0000
Community/src/UserManager.cpp.o	_ZN5CUserD1Ev	CUser::~CUser()	1	00000016	00000016	9	9	yes	1.0000
Community/src/UserManager.cpp.o	_ZN5CUserD2Ev	CUser::~CUser()	1	00000016	00000016	0	0	no	0.0000
Community/src/UserManager.cpp.o	_ZNKSt10_Select1stISt4pairIKj5CUserEEclERKS3_	std::_Select1st<std::pair<unsigned int const, CUser> >::operator()(std::pair<unsigned int const, CUser> const&) const	1	00000008	00000008	5	5	yes	1.0000
Community/src/UserManager.cpp.o	_ZNKSt17_Rb_tree_iteratorISt4pairIKj5CUserEEdeEv	std::_Rb_tree_iterator<std::pair<unsigned int const, CUser> >::operator*() const	1	0000000d	0000000d	7	7	yes	1.0000
Community/src/UserManager.cpp.o	_ZNKSt17_Rb_tree_iteratorISt4pairIKj5CUserEEptEv	std::_Rb_tree_iterator<std::pair<unsigned int const, CUser> >::operator->() const	1	0000000d	0000000d	7	7	yes	1.0000
Community/src/UserManager.cpp.o	_ZNKSt4lessIjEclERKjS2_	std::less<unsigned int>::operator()(unsigned int const&, unsigned int const&) const	1	00000014	00000014	10	10	yes	1.0000
Community/src/UserManager.cpp.o	_ZNSt12_Vector_baseI16STPvPBuddyDBInfoSaIS0_EE12_Vector_implD1Ev	std::_Vector_base<STPvPBuddyDBInfo, std::allocator<STPvPBuddyDBInfo> >::_Vector_impl::~_Vector_impl()	1	00000013	00000013	8	8	yes	1.0000
Community/src/UserManager.cpp.o	_ZNSt12_Vector_baseI16STPvPBuddyDBInfoSaIS0_EE12_Vector_implD2Ev	std::_Vector_base<STPvPBuddyDBInfo, std::allocator<STPvPBuddyDBInfo> >::_Vector_impl::~_Vector_impl()	1	00000013	00000013	0	0	no	0.0000
Community/src/UserManager.cpp.o	_ZNSt12_Vector_baseI16STPvPBuddyDBInfoSaIS0_EE13_M_deallocateEPS0_j	std::_Vector_base<STPvPBuddyDBInfo, std::allocator<STPvPBuddyDBInfo> >::_M_deallocate(STPvPBuddyDBInfo*, unsigned int)	1	00000027	00000027	14	14	yes	1.0000
Community/src/UserManager.cpp.o	_ZNSt12_Vector_baseI16STPvPBuddyDBInfoSaIS0_EE19_M_get_Tp_allocatorEv	std::_Vector_base<STPvPBuddyDBInfo, std::allocator<STPvPBuddyDBInfo> >::_M_get_Tp_allocator()	1	00000008	00000008	5	5	yes	1.0000
Community/src/UserManager.cpp.o	_ZNSt12_Vector_baseI16STPvPBuddyDBInfoSaIS0_EED1Ev	std::_Vector_base<STPvPBuddyDBInfo, std::allocator<STPvPBuddyDBInfo> >::~_Vector_base()	1	0000006a	0000006a	40	40	yes	1.0000
Community/src/UserManager.cpp.o	_ZNSt12_Vector_baseI16STPvPBuddyDBInfoSaIS0_EED2Ev	std::_Vector_base<STPvPBuddyDBInfo, std::allocator<STPvPBuddyDBInfo> >::~_Vector_base()	1	0000006a	0000006a	0	0	no	0.0000
Community/src/UserManager.cpp.o	_ZNSt17_Rb_tree_iteratorISt4pairIKj5CUserEEmmEv	std::_Rb_tree_iterator<std::pair<unsigned int const, CUser> >::operator--()	1	0000001d	0000001d	12	12	yes	1.0000
Community/src/UserManager.cpp.o	_ZNSt17_Rb_tree_iteratorISt4pairIKj5CUserEEppEi	std::_Rb_tree_iterator<std::pair<unsigned int const, CUser> >::operator++(int)	1	0000003d	0000003d	21	21	yes	1.0000
Community/src/UserManager.cpp.o	_ZNSt17_Rb_tree_iteratorISt4pairIKj5CUserEEppEv	std::_Rb_tree_iterator<std::pair<unsigned int const, CUser> >::operator++()	1	0000001d	0000001d	12	12	yes	1.0000
Community/src/UserManager.cpp.o	_ZNSt23_Rb_tree_const_iteratorISt4pairIKj5CUserEEC1ERKSt17_Rb_tree_iteratorIS3_E	std::_Rb_tree_const_iterator<std::pair<unsigned int const, CUser> >::_Rb_tree_const_iterator(std::_Rb_tree_iterator<std::pair<unsigned int const, CUser> > const&)	1	0000000f	0000000f	8	8	yes	1.0000
Community/src/UserManager.cpp.o	_ZNSt23_Rb_tree_const_iteratorISt4pairIKj5CUserEEC2ERKSt17_Rb_tree_iteratorIS3_E	std::_Rb_tree_const_iterator<std::pair<unsigned int const, CUser> >::_Rb_tree_const_iterator(std::_Rb_tree_iterator<std::pair<unsigned int const, CUser> > const&)	1	0000000f	0000000f	0	0	no	0.0000
Community/src/UserManager.cpp.o	_ZNSt3mapIj5CUserSt4lessIjESaISt4pairIKjS0_EEE3endEv	std::map<unsigned int, CUser, std::less<unsigned int>, std::allocator<std::pair<unsigned int const, CUser> > >::end()	1	00000025	00000025	14	14	yes	1.0000
Community/src/UserManager.cpp.o	_ZNSt3mapIj5CUserSt4lessIjESaISt4pairIKjS0_EEE4findERS4_	std::map<unsigned int, CUser, std::less<unsigned int>, std::allocator<std::pair<unsigned int const, CUser> > >::find(unsigned int const&)	1	0000002c	0000002c	16	16	yes	1.0000
Community/src/UserManager.cpp.o	_ZNSt3mapIj5CUserSt4lessIjESaISt4pairIKjS0_EEE5beginEv	std::map<unsigned int, CUser, std::less<unsigned int>, std::allocator<std::pair<unsigned int const, CUser> > >::begin()	1	00000025	00000025	14	14	yes	1.0000
Community/src/UserManager.cpp.o	_ZNSt3mapIj5CUserSt4lessIjESaISt4pairIKjS0_EEE5eraseESt17_Rb_tree_iteratorIS5_E	std::map<unsigned int, CUser, std::less<unsigned int>, std::allocator<std::pair<unsigned int const, CUser> > >::erase(std::_Rb_tree_iterator<std::pair<unsigned int const, CUser> >)	1	0000001a	0000001a	10	10	yes	1.0000
Community/src/UserManager.cpp.o	_ZNSt3mapIj5CUserSt4lessIjESaISt4pairIKjS0_EEE6insertERKS5_	std::map<unsigned int, CUser, std::less<unsigned int>, std::allocator<std::pair<unsigned int const, CUser> > >::insert(std::pair<unsigned int const, CUser> const&)	1	0000002c	0000002c	16	16	yes	1.0000
Community/src/UserManager.cpp.o	_ZNSt3mapIj5CUserSt4lessIjESaISt4pairIKjS0_EEEC1Ev	std::map<unsigned int, CUser, std::less<unsigned int>, std::allocator<std::pair<unsigned int const, CUser> > >::map()	1	00000013	00000013	8	8	yes	1.0000
Community/src/UserManager.cpp.o	_ZNSt3mapIj5CUserSt4lessIjESaISt4pairIKjS0_EEEC2Ev	std::map<unsigned int, CUser, std::less<unsigned int>, std::allocator<std::pair<unsigned int const, CUser> > >::map()	1	00000013	00000013	0	0	no	0.0000
Community/src/UserManager.cpp.o	_ZNSt3mapIj5CUserSt4lessIjESaISt4pairIKjS0_EEED1Ev	std::map<unsigned int, CUser, std::less<unsigned int>, std::allocator<std::pair<unsigned int const, CUser> > >::~map()	1	00000013	00000013	8	8	yes	1.0000
Community/src/UserManager.cpp.o	_ZNSt3mapIj5CUserSt4lessIjESaISt4pairIKjS0_EEED2Ev	std::map<unsigned int, CUser, std::less<unsigned int>, std::allocator<std::pair<unsigned int const, CUser> > >::~map()	1	00000013	00000013	0	0	no	0.0000
Community/src/UserManager.cpp.o	_ZNSt4pairIKj5CUserEC1ERKS2_	std::pair<unsigned int const, CUser>::pair(std::pair<unsigned int const, CUser> const&)	1	0000002a	0000002a	16	16	yes	1.0000
Community/src/UserManager.cpp.o	_ZNSt4pairIKj5CUserEC2ERKS2_	std::pair<unsigned int const, CUser>::pair(std::pair<unsigned int const, CUser> const&)	1	0000002a	0000002a	0	0	no	0.0000
Community/src/UserManager.cpp.o	_ZNSt4pairIKj5CUserED1Ev	std::pair<unsigned int const, CUser>::~pair()	1	00000016	00000016	9	9	yes	1.0000
Community/src/UserManager.cpp.o	_ZNSt4pairIKj5CUserED2Ev	std::pair<unsigned int const, CUser>::~pair()	1	00000016	00000016	0	0	no	0.0000
Community/src/UserManager.cpp.o	_ZNSt4pairIj5CUserEC1IKjS0_EERKS_IT_T0_E	std::pair<unsigned int, CUser>::pair<unsigned int const, CUser>(std::pair<unsigned int const, CUser> const&)	1	0000002a	0000002a	16	16	yes	1.0000
Community/src/UserManager.cpp.o	_ZNSt4pairIj5CUserEC2IKjS0_EERKS_IT_T0_E	std::pair<unsigned int, CUser>::pair<unsigned int const, CUser>(std::pair<unsigned int const, CUser> const&)	1	0000002a	0000002a	0	0	no	0.0000
Community/src/UserManager.cpp.o	_ZNSt4pairIj5CUserED1Ev	std::pair<unsigned int, CUser>::~pair()	1	00000016	00000016	9	9	yes	1.0000
Community/src/UserManager.cpp.o	_ZNSt4pairIj5CUserED2Ev	std::pair<unsigned int, CUser>::~pair()	1	00000016	00000016	0	0	no	0.0000
Community/src/UserManager.cpp.o	_ZNSt6vectorI16STPvPBuddyDBInfoSaIS0_EED1Ev	std::vector<STPvPBuddyDBInfo, std::allocator<STPvPBuddyDBInfo> >::~vector()	1	0000005d	0000005d	34	34	yes	1.0000
Community/src/UserManager.cpp.o	_ZNSt6vectorI16STPvPBuddyDBInfoSaIS0_EED2Ev	std::vector<STPvPBuddyDBInfo, std::allocator<STPvPBuddyDBInfo> >::~vector()	1	0000005d	0000005d	0	0	no	0.0000
Community/src/UserManager.cpp.o	_ZNSt8_Rb_treeIjSt4pairIKj5CUserESt10_Select1stIS3_ESt4lessIjESaIS3_EE11_M_get_nodeEv	std::_Rb_tree<unsigned int, std::pair<unsigned int const, CUser>, std::_Select1st<std::pair<unsigned int const, CUser> >, std::less<unsigned int>, std::allocator<std::pair<unsigned int const, CUser> > >::_M_get_node()	1	00000023	00000023	10	10	yes	1.0000
Community/src/UserManager.cpp.o	_ZNSt8_Rb_treeIjSt4pairIKj5CUserESt10_Select1stIS3_ESt4lessIjESaIS3_EE11_M_put_nodeEPSt13_Rb_tree_nodeIS3_E	std::_Rb_tree<unsigned int, std::pair<unsigned int const, CUser>, std::_Select1st<std::pair<unsigned int const, CUser> >, std::less<unsigned int>, std::allocator<std::pair<unsigned int const, CUser> > >::_M_put_node(std::_Rb_tree_node<std::pair<unsigned int const, CUser> >*)	1	00000022	00000022	11	11	yes	1.0000
Community/src/UserManager.cpp.o	_ZNSt8_Rb_treeIjSt4pairIKj5CUserESt10_Select1stIS3_ESt4lessIjESaIS3_EE13_Rb_tree_implIS7_Lb0EEC1Ev	std::_Rb_tree<unsigned int, std::pair<unsigned int const, CUser>, std::_Select1st<std::pair<unsigned int const, CUser> >, std::less<unsigned int>, std::allocator<std::pair<unsigned int const, CUser> > >::_Rb_tree_impl<std::less<unsigned int>, false>::_Rb_tree_impl()	1	00000050	00000050	21	21	yes	1.0000
Community/src/UserManager.cpp.o	_ZNSt8_Rb_treeIjSt4pairIKj5CUserESt10_Select1stIS3_ESt4lessIjESaIS3_EE13_Rb_tree_implIS7_Lb0EEC2Ev	std::_Rb_tree<unsigned int, std::pair<unsigned int const, CUser>, std::_Select1st<std::pair<unsigned int const, CUser> >, std::less<unsigned int>, std::allocator<std::pair<unsigned int const, CUser> > >::_Rb_tree_impl<std::less<unsigned int>, false>::_Rb_tree_impl()	1	00000050	00000050	0	0	no	0.0000
Community/src/UserManager.cpp.o	_ZNSt8_Rb_treeIjSt4pairIKj5CUserESt10_Select1stIS3_ESt4lessIjESaIS3_EE13_Rb_tree_implIS7_Lb0EED1Ev	std::_Rb_tree<unsigned int, std::pair<unsigned int const, CUser>, std::_Select1st<std::pair<unsigned int const, CUser> >, std::less<unsigned int>, std::allocator<std::pair<unsigned int const, CUser> > >::_Rb_tree_impl<std::less<unsigned int>, false>::~_Rb_tree_impl()	1	00000013	00000013	8	8	yes	1.0000
Community/src/UserManager.cpp.o	_ZNSt8_Rb_treeIjSt4pairIKj5CUserESt10_Select1stIS3_ESt4lessIjESaIS3_EE13_Rb_tree_implIS7_Lb0EED2Ev	std::_Rb_tree<unsigned int, std::pair<unsigned int const, CUser>, std::_Select1st<std::pair<unsigned int const, CUser> >, std::less<unsigned int>, std::allocator<std::pair<unsigned int const, CUser> > >::_Rb_tree_impl<std::less<unsigned int>, false>::~_Rb_tree_impl()	1	00000013	00000013	0	0	no	0.0000
Community/src/UserManager.cpp.o	_ZNSt8_Rb_treeIjSt4pairIKj5CUserESt10_Select1stIS3_ESt4lessIjESaIS3_EE15_M_destroy_nodeEPSt13_Rb_tree_nodeIS3_E	std::_Rb_tree<unsigned int, std::pair<unsigned int const, CUser>, std::_Select1st<std::pair<unsigned int const, CUser> >, std::less<unsigned int>, std::allocator<std::pair<unsigned int const, CUser> > >::_M_destroy_node(std::_Rb_tree_node<std::pair<unsigned int const, CUser> >*)	1	00000034	00000034	17	17	yes	1.0000
Community/src/UserManager.cpp.o	_ZNSt8_Rb_treeIjSt4pairIKj5CUserESt10_Select1stIS3_ESt4lessIjESaIS3_EE16_M_insert_uniqueERKS3_	std::_Rb_tree<unsigned int, std::pair<unsigned int const, CUser>, std::_Select1st<std::pair<unsigned int const, CUser> >, std::less<unsigned int>, std::allocator<std::pair<unsigned int const, CUser> > >::_M_insert_unique(std::pair<unsigned int const, CUser> const&)	1	000001cf	000001cf	140	140	yes	1.0000
Community/src/UserManager.cpp.o	_ZNSt8_Rb_treeIjSt4pairIKj5CUserESt10_Select1stIS3_ESt4lessIjESaIS3_EE21_M_get_Node_allocatorEv	std::_Rb_tree<unsigned int, std::pair<unsigned int const, CUser>, std::_Select1st<std::pair<unsigned int const, CUser> >, std::less<unsigned int>, std::allocator<std::pair<unsigned int const, CUser> > >::_M_get_Node_allocator()	1	00000008	00000008	5	5	yes	1.0000
Community/src/UserManager.cpp.o	_ZNSt8_Rb_treeIjSt4pairIKj5CUserESt10_Select1stIS3_ESt4lessIjESaIS3_EE3endEv	std::_Rb_tree<unsigned int, std::pair<unsigned int const, CUser>, std::_Select1st<std::pair<unsigned int const, CUser> >, std::less<unsigned int>, std::allocator<std::pair<unsigned int const, CUser> > >::end()	1	00000026	00000026	15	15	yes	1.0000
Community/src/UserManager.cpp.o	_ZNSt8_Rb_treeIjSt4pairIKj5CUserESt10_Select1stIS3_ESt4lessIjESaIS3_EE4findERS1_	std::_Rb_tree<unsigned int, std::pair<unsigned int const, CUser>, std::_Select1st<std::pair<unsigned int const, CUser> >, std::less<unsigned int>, std::allocator<std::pair<unsigned int const, CUser> > >::find(unsigned int const&)	1	000000be	000000be	62	62	yes	1.0000
Community/src/UserManager.cpp.o	_ZNSt8_Rb_treeIjSt4pairIKj5CUserESt10_Select1stIS3_ESt4lessIjESaIS3_EE5beginEv	std::_Rb_tree<unsigned int, std::pair<unsigned int const, CUser>, std::_Select1st<std::pair<unsigned int const, CUser> >, std::less<unsigned int>, std::allocator<std::pair<unsigned int const, CUser> > >::begin()	1	00000026	00000026	15	15	yes	1.0000
Community/src/UserManager.cpp.o	_ZNSt8_Rb_treeIjSt4pairIKj5CUserESt10_Select1stIS3_ESt4lessIjESaIS3_EE5eraseESt17_Rb_tree_iteratorIS3_E	std::_Rb_tree<unsigned int, std::pair<unsigned int const, CUser>, std::_Select1st<std::pair<unsigned int const, CUser> >, std::less<unsigned int>, std::allocator<std::pair<unsigned int const, CUser> > >::erase(std::_Rb_tree_iterator<std::pair<unsigned int const, CUser> >)	1	00000041	00000041	22	22	yes	1.0000
Community/src/UserManager.cpp.o	_ZNSt8_Rb_treeIjSt4pairIKj5CUserESt10_Select1stIS3_ESt4lessIjESaIS3_EE6_M_endEv	std::_Rb_tree<unsigned int, std::pair<unsigned int const, CUser>, std::_Select1st<std::pair<unsigned int const, CUser> >, std::less<unsigned int>, std::allocator<std::pair<unsigned int const, CUser> > >::_M_end()	1	0000000b	0000000b	6	6	yes	1.0000
Community/src/UserManager.cpp.o	_ZNSt8_Rb_treeIjSt4pairIKj5CUserESt10_Select1stIS3_ESt4lessIjESaIS3_EE6_S_keyEPKSt13_Rb_tree_nodeIS3_E	std::_Rb_tree<unsigned int, std::pair<unsigned int const, CUser>, std::_Select1st<std::pair<unsigned int const, CUser> >, std::less<unsigned int>, std::allocator<std::pair<unsigned int const, CUser> > >::_S_key(std::_Rb_tree_node<std::pair<unsigned int const, CUser> > const*)	1	00000022	00000022	12	12	yes	1.0000
Community/src/UserManager.cpp.o	_ZNSt8_Rb_treeIjSt4pairIKj5CUserESt10_Select1stIS3_ESt4lessIjESaIS3_EE6_S_keyEPKSt18_Rb_tree_node_base	std::_Rb_tree<unsigned int, std::pair<unsigned int const, CUser>, std::_Select1st<std::pair<unsigned int const, CUser> >, std::less<unsigned int>, std::allocator<std::pair<unsigned int const, CUser> > >::_S_key(std::_Rb_tree_node_base const*)	1	00000022	00000022	12	12	yes	1.0000
Community/src/UserManager.cpp.o	_ZNSt8_Rb_treeIjSt4pairIKj5CUserESt10_Select1stIS3_ESt4lessIjESaIS3_EE7_S_leftEPSt18_Rb_tree_node_base	std::_Rb_tree<unsigned int, std::pair<unsigned int const, CUser>, std::_Select1st<std::pair<unsigned int const, CUser> >, std::less<unsigned int>, std::allocator<std::pair<unsigned int const, CUser> > >::_S_left(std::_Rb_tree_node_base*)	1	0000000b	0000000b	6	6	yes	1.0000
Community/src/UserManager.cpp.o	_ZNSt8_Rb_treeIjSt4pairIKj5CUserESt10_Select1stIS3_ESt4lessIjESaIS3_EE8_M_beginEv	std::_Rb_tree<unsigned int, std::pair<unsigned int const, CUser>, std::_Select1st<std::pair<unsigned int const, CUser> >, std::less<unsigned int>, std::allocator<std::pair<unsigned int const, CUser> > >::_M_begin()	1	0000000b	0000000b	6	6	yes	1.0000
Community/src/UserManager.cpp.o	_ZNSt8_Rb_treeIjSt4pairIKj5CUserESt10_Select1stIS3_ESt4lessIjESaIS3_EE8_M_eraseEPSt13_Rb_tree_nodeIS3_E	std::_Rb_tree<unsigned int, std::pair<unsigned int const, CUser>, std::_Select1st<std::pair<unsigned int const, CUser> >, std::less<unsigned int>, std::allocator<std::pair<unsigned int const, CUser> > >::_M_erase(std::_Rb_tree_node<std::pair<unsigned int const, CUser> >*)	1	00000055	00000055	28	28	yes	1.0000
Community/src/UserManager.cpp.o	_ZNSt8_Rb_treeIjSt4pairIKj5CUserESt10_Select1stIS3_ESt4lessIjESaIS3_EE8_S_rightEPSt18_Rb_tree_node_base	std::_Rb_tree<unsigned int, std::pair<unsigned int const, CUser>, std::_Select1st<std::pair<unsigned int const, CUser> >, std::less<unsigned int>, std::allocator<std::pair<unsigned int const, CUser> > >::_S_right(std::_Rb_tree_node_base*)	1	0000000b	0000000b	6	6	yes	1.0000
Community/src/UserManager.cpp.o	_ZNSt8_Rb_treeIjSt4pairIKj5CUserESt10_Select1stIS3_ESt4lessIjESaIS3_EEC1Ev	std::_Rb_tree<unsigned int, std::pair<unsigned int const, CUser>, std::_Select1st<std::pair<unsigned int const, CUser> >, std::less<unsigned int>, std::allocator<std::pair<unsigned int const, CUser> > >::_Rb_tree()	1	00000013	00000013	8	8	yes	1.0000
Community/src/UserManager.cpp.o	_ZNSt8_Rb_treeIjSt4pairIKj5CUserESt10_Select1stIS3_ESt4lessIjESaIS3_EEC2Ev	std::_Rb_tree<unsigned int, std::pair<unsigned int const, CUser>, std::_Select1st<std::pair<unsigned int const, CUser> >, std::less<unsigned int>, std::allocator<std::pair<unsigned int const, CUser> > >::_Rb_tree()	1	00000013	00000013	0	0	no	0.0000
Community/src/UserManager.cpp.o	_ZNSt8_Rb_treeIjSt4pairIKj5CUserESt10_Select1stIS3_ESt4lessIjESaIS3_EED1Ev	std::_Rb_tree<unsigned int, std::pair<unsigned int const, CUser>, std::_Select1st<std::pair<unsigned int const, CUser> >, std::less<unsigned int>, std::allocator<std::pair<unsigned int const, CUser> > >::~_Rb_tree()	1	00000051	00000051	30	30	yes	1.0000
Community/src/UserManager.cpp.o	_ZNSt8_Rb_treeIjSt4pairIKj5CUserESt10_Select1stIS3_ESt4lessIjESaIS3_EED2Ev	std::_Rb_tree<unsigned int, std::pair<unsigned int const, CUser>, std::_Select1st<std::pair<unsigned int const, CUser> >, std::less<unsigned int>, std::allocator<std::pair<unsigned int const, CUser> > >::~_Rb_tree()	1	00000051	00000051	0	0	no	0.0000
Community/src/UserManager.cpp.o	_ZSt7find_ifISt17_Rb_tree_iteratorISt4pairIKj5CUserEE9CFindUserET_S7_S7_T0_	std::_Rb_tree_iterator<std::pair<unsigned int const, CUser> > std::find_if<std::_Rb_tree_iterator<std::pair<unsigned int const, CUser> >, CFindUser>(std::_Rb_tree_iterator<std::pair<unsigned int const, CUser> >, std::_Rb_tree_iterator<std::pair<unsigned int const, CUser> >, CFindUser)	1	0000008f	0000008f	46	46	yes	1.0000
Community/src/UserManager.cpp.o	_ZSt8_DestroyIP16STPvPBuddyDBInfoEvT_S2_	void std::_Destroy<STPvPBuddyDBInfo*>(STPvPBuddyDBInfo*, STPvPBuddyDBInfo*)	1	0000001a	0000001a	10	10	yes	1.0000
Community/src/UserManager.cpp.o	_ZdlPvS_	operator delete(void*, void*)	1	00000005	00000005	4	4	yes	1.0000
Community/src/UserManager.cpp.o	_ZnwjPv	operator new(unsigned int, void*)	1	00000008	00000008	5	5	yes	1.0000
Community/src/global.cpp.o	_Z16get_packet_tablev	get_packet_table()	1	0000000a	0000000a	5	5	yes	1.0000
Community/src/global.cpp.o	_Z21get_packet_table_sizev	get_packet_table_size()	1	0000000a	0000000a	5	5	yes	1.0000
Community/src/global.cpp.o	_ZN11packet_proc13OnReqAddBuddyEP15ISessionManagerP15CNetworkSessionP12PacketHeader	packet_proc::OnReqAddBuddy(ISessionManager*, CNetworkSession*, PacketHeader*)	1	00000228	00000219	150	147	no	0.9333
Community/src/global.cpp.o	_ZN11packet_proc13OnResAddBuddyEP15ISessionManagerP15CNetworkSessionP12PacketHeader	packet_proc::OnResAddBuddy(ISessionManager*, CNetworkSession*, PacketHeader*)	1	000001e8	000001df	126	126	no	0.9524
Community/src/global.cpp.o	_ZN11packet_proc14OnBuddyChatMsgEP15ISessionManagerP15CNetworkSessionP12PacketHeader	packet_proc::OnBuddyChatMsg(ISessionManager*, CNetworkSession*, PacketHeader*)	1	0000009a	0000009a	44	44	no	0.9773
Community/src/global.cpp.o	_ZN11packet_proc14OnReqBuddyListEP15ISessionManagerP15CNetworkSessionP12PacketHeader	packet_proc::OnReqBuddyList(ISessionManager*, CNetworkSession*, PacketHeader*)	1	0000005b	00000065	29	32	no	0.9062
Community/src/global.cpp.o	_ZN11packet_proc16OnReqRemoveBuddyEP15ISessionManagerP15CNetworkSessionP12PacketHeader	packet_proc::OnReqRemoveBuddy(ISessionManager*, CNetworkSession*, PacketHeader*)	1	0000009a	0000009a	46	46	yes	1.0000
Community/src/global.cpp.o	_ZN11packet_proc23OnBuddyChatMsgHyperLinkEP15ISessionManagerP15CNetworkSessionP12PacketHeader	packet_proc::OnBuddyChatMsgHyperLink(ISessionManager*, CNetworkSession*, PacketHeader*)	1	0000009a	0000009a	44	44	no	0.9773
Community/src/global.cpp.o	_ZN11packet_proc7OnLoginEP15ISessionManagerP15CNetworkSessionP12PacketHeader	packet_proc::OnLogin(ISessionManager*, CNetworkSession*, PacketHeader*)	1	00000126	00000128	84	85	no	0.9765
Community/src/global.cpp.o	_ZN11packet_proc8OnLogoutEP15ISessionManagerP15CNetworkSessionP12PacketHeader	packet_proc::OnLogout(ISessionManager*, CNetworkSession*, PacketHeader*)	1	000000a1	000000ae	46	50	no	0.9200
Community/src/global.cpp.o	_ZN15global_function5sleepEi	global_function::sleep(int)	1	00000019	00000019	9	9	yes	1.0000
Community/src/main.cpp.o	_Z7commandPKcS0_	command(char const*, char const*)	1	00000101	000000f3	75	73	no	0.9067
Community/src/main.cpp.o	_ZN17CConfigFileReaderC1Ev	CConfigFileReader::CConfigFileReader()	1	00000045	00000045	27	27	yes	1.0000
Community/src/main.cpp.o	_ZN17CConfigFileReaderC2Ev	CConfigFileReader::CConfigFileReader()	1	00000045	00000045	0	0	no	0.0000
Community/src/main.cpp.o	_ZN17CConfigFileReaderD1Ev	CConfigFileReader::~CConfigFileReader()	1	00000045	00000045	27	27	yes	1.0000
Community/src/main.cpp.o	_ZN17CConfigFileReaderD2Ev	CConfigFileReader::~CConfigFileReader()	1	00000045	00000045	0	0	no	0.0000
Community/src/main.cpp.o	_ZNSt12_Destroy_auxILb0EE9__destroyIPSsEEvT_S3_	void std::_Destroy_aux<false>::__destroy<std::basic_string<char, std::char_traits<char>, std::allocator<char> >*>(std::basic_string<char, std::char_traits<char>, std::allocator<char> >*, std::basic_string<char, std::char_traits<char>, std::allocator<char> >*)	1	00000026	00000026	15	15	yes	1.0000
Community/src/main.cpp.o	_ZNSt12_Vector_baseISsSaISsEE12_Vector_implC1Ev	std::_Vector_base<std::basic_string<char, std::char_traits<char>, std::allocator<char> >, std::allocator<std::basic_string<char, std::char_traits<char>, std::allocator<char> > > >::_Vector_impl::_Vector_impl()	1	00000030	00000030	14	14	yes	1.0000
Community/src/main.cpp.o	_ZNSt12_Vector_baseISsSaISsEE12_Vector_implC2Ev	std::_Vector_base<std::basic_string<char, std::char_traits<char>, std::allocator<char> >, std::allocator<std::basic_string<char, std::char_traits<char>, std::allocator<char> > > >::_Vector_impl::_Vector_impl()	1	00000030	00000030	0	0	no	0.0000
Community/src/main.cpp.o	_ZNSt12_Vector_baseISsSaISsEE12_Vector_implD1Ev	std::_Vector_base<std::basic_string<char, std::char_traits<char>, std::allocator<char> >, std::allocator<std::basic_string<char, std::char_traits<char>, std::allocator<char> > > >::_Vector_impl::~_Vector_impl()	1	00000013	00000013	8	8	yes	1.0000
Community/src/main.cpp.o	_ZNSt12_Vector_baseISsSaISsEE12_Vector_implD2Ev	std::_Vector_base<std::basic_string<char, std::char_traits<char>, std::allocator<char> >, std::allocator<std::basic_string<char, std::char_traits<char>, std::allocator<char> > > >::_Vector_impl::~_Vector_impl()	1	00000013	00000013	0	0	no	0.0000
Community/src/main.cpp.o	_ZNSt12_Vector_baseISsSaISsEE13_M_deallocateEPSsj	std::_Vector_base<std::basic_string<char, std::char_traits<char>, std::allocator<char> >, std::allocator<std::basic_string<char, std::char_traits<char>, std::allocator<char> > > >::_M_deallocate(std::basic_string<char, std::char_traits<char>, std::allocator<char> >*, unsigned int)	1	00000027	00000027	14	14	yes	1.0000
Community/src/main.cpp.o	_ZNSt12_Vector_baseISsSaISsEE19_M_get_Tp_allocatorEv	std::_Vector_base<std::basic_string<char, std::char_traits<char>, std::allocator<char> >, std::allocator<std::basic_string<char, std::char_traits<char>, std::allocator<char> > > >::_M_get_Tp_allocator()	1	00000008	00000008	5	5	yes	1.0000
Community/src/main.cpp.o	_ZNSt12_Vector_baseISsSaISsEEC1Ev	std::_Vector_base<std::basic_string<char, std::char_traits<char>, std::allocator<char> >, std::allocator<std::basic_string<char, std::char_traits<char>, std::allocator<char> > > >::_Vector_base()	1	00000013	00000013	8	8	yes	1.0000
Community/src/main.cpp.o	_ZNSt12_Vector_baseISsSaISsEEC2Ev	std::_Vector_base<std::basic_string<char, std::char_traits<char>, std::allocator<char> >, std::allocator<std::basic_string<char, std::char_traits<char>, std::allocator<char> > > >::_Vector_base()	1	00000013	00000013	0	0	no	0.0000
Community/src/main.cpp.o	_ZNSt12_Vector_baseISsSaISsEED1Ev	std::_Vector_base<std::basic_string<char, std::char_traits<char>, std::allocator<char> >, std::allocator<std::basic_string<char, std::char_traits<char>, std::allocator<char> > > >::~_Vector_base()	1	00000067	00000067	40	40	yes	1.0000
Community/src/main.cpp.o	_ZNSt12_Vector_baseISsSaISsEED2Ev	std::_Vector_base<std::basic_string<char, std::char_traits<char>, std::allocator<char> >, std::allocator<std::basic_string<char, std::char_traits<char>, std::allocator<char> > > >::~_Vector_base()	1	00000067	00000067	0	0	no	0.0000
Community/src/main.cpp.o	_ZNSt3mapISsSsSt4lessISsESaISt4pairIKSsSsEEEC1Ev	std::map<std::basic_string<char, std::char_traits<char>, std::allocator<char> >, std::basic_string<char, std::char_traits<char>, std::allocator<char> >, std::less<std::basic_string<char, std::char_traits<char>, std::allocator<char> > >, std::allocator<std::pair<std::basic_string<char, std::char_traits<char>, std::allocator<char> > const, std::basic_string<char, std::char_traits<char>, std::allocator<char> > > > >::map()	1	00000013	00000013	8	8	yes	1.0000
Community/src/main.cpp.o	_ZNSt3mapISsSsSt4lessISsESaISt4pairIKSsSsEEEC2Ev	std::map<std::basic_string<char, std::char_traits<char>, std::allocator<char> >, std::basic_string<char, std::char_traits<char>, std::allocator<char> >, std::less<std::basic_string<char, std::char_traits<char>, std::allocator<char> > >, std::allocator<std::pair<std::basic_string<char, std::char_traits<char>, std::allocator<char> > const, std::basic_string<char, std::char_traits<char>, std::allocator<char> > > > >::map()	1	00000013	00000013	0	0	no	0.0000
Community/src/main.cpp.o	_ZNSt3mapISsSsSt4lessISsESaISt4pairIKSsSsEEED1Ev	std::map<std::basic_string<char, std::char_traits<char>, std::allocator<char> >, std::basic_string<char, std::char_traits<char>, std::allocator<char> >, std::less<std::basic_string<char, std::char_traits<char>, std::allocator<char> > >, std::allocator<std::pair<std::basic_string<char, std::char_traits<char>, std::allocator<char> > const, std::basic_string<char, std::char_traits<char>, std::allocator<char> > > > >::~map()	1	00000013	00000013	8	8	yes	1.0000
Community/src/main.cpp.o	_ZNSt3mapISsSsSt4lessISsESaISt4pairIKSsSsEEED2Ev	std::map<std::basic_string<char, std::char_traits<char>, std::allocator<char> >, std::basic_string<char, std::char_traits<char>, std::allocator<char> >, std::less<std::basic_string<char, std::char_traits<char>, std::allocator<char> > >, std::allocator<std::pair<std::basic_string<char, std::char_traits<char>, std::allocator<char> > const, std::basic_string<char, std::char_traits<char>, std::allocator<char> > > > >::~map()	1	00000013	00000013	0	0	no	0.0000
Community/src/main.cpp.o	_ZNSt4pairIKSsSsED1Ev	std::pair<std::basic_string<char, std::char_traits<char>, std::allocator<char> > const, std::basic_string<char, std::char_traits<char>, std::allocator<char> > >::~pair()	1	00000045	00000045	27	27	yes	1.0000
Community/src/main.cpp.o	_ZNSt4pairIKSsSsED2Ev	std::pair<std::basic_string<char, std::char_traits<char>, std::allocator<char> > const, std::basic_string<char, std::char_traits<char>, std::allocator<char> > >::~pair()	1	00000045	00000045	0	0	no	0.0000
Community/src/main.cpp.o	_ZNSt6vectorISsSaISsEEC1Ev	std::vector<std::basic_string<char, std::char_traits<char>, std::allocator<char> >, std::allocator<std::basic_string<char, std::char_traits<char>, std::allocator<char> > > >::vector()	1	00000013	00000013	8	8	yes	1.0000
Community/src/main.cpp.o	_ZNSt6vectorISsSaISsEEC2Ev	std::vector<std::basic_string<char, std::char_traits<char>, std::allocator<char> >, std::allocator<std::basic_string<char, std::char_traits<char>, std::allocator<char> > > >::vector()	1	00000013	00000013	0	0	no	0.0000
Community/src/main.cpp.o	_ZNSt6vectorISsSaISsEED1Ev	std::vector<std::basic_string<char, std::char_traits<char>, std::allocator<char> >, std::allocator<std::basic_string<char, std::char_traits<char>, std::allocator<char> > > >::~vector()	1	0000005d	0000005d	34	34	yes	1.0000
Community/src/main.cpp.o	_ZNSt6vectorISsSaISsEED2Ev	std::vector<std::basic_string<char, std::char_traits<char>, std::allocator<char> >, std::allocator<std::basic_string<char, std::char_traits<char>, std::allocator<char> > > >::~vector()	1	0000005d	0000005d	0	0	no	0.0000
Community/src/main.cpp.o	_ZNSt8_Rb_treeISsSt4pairIKSsSsESt10_Select1stIS2_ESt4lessISsESaIS2_EE11_M_put_nodeEPSt13_Rb_tree_nodeIS2_E	std::_Rb_tree<std::basic_string<char, std::char_traits<char>, std::allocator<char> >, std::pair<std::basic_string<char, std::char_traits<char>, std::allocator<char> > const, std::basic_string<char, std::char_traits<char>, std::allocator<char> > >, std::_Select1st<std::pair<std::basic_string<char, std::char_traits<char>, std::allocator<char> > const, std::basic_string<char, std::char_traits<char>, std::allocator<char> > > >, std::less<std::basic_string<char, std::char_traits<char>, std::allocator<char> > >, std::allocator<std::pair<std::basic_string<char, std::char_traits<char>, std::allocator<char> > const, std::basic_string<char, std::char_traits<char>, std::allocator<char> > > > >::_M_put_node(std::_Rb_tree_node<std::pair<std::basic_string<char, std::char_traits<char>, std::allocator<char> > const, std::basic_string<char, std::char_traits<char>, std::allocator<char> > > >*)	1	00000022	00000022	11	11	yes	1.0000
Community/src/main.cpp.o	_ZNSt8_Rb_treeISsSt4pairIKSsSsESt10_Select1stIS2_ESt4lessISsESaIS2_EE13_Rb_tree_implIS6_Lb0EEC1Ev	std::_Rb_tree<std::basic_string<char, std::char_traits<char>, std::allocator<char> >, std::pair<std::basic_string<char, std::char_traits<char>, std::allocator<char> > const, std::basic_string<char, std::char_traits<char>, std::allocator<char> > >, std::_Select1st<std::pair<std::basic_string<char, std::char_traits<char>, std::allocator<char> > const, std::basic_string<char, std::char_traits<char>, std::allocator<char> > > >, std::less<std::basic_string<char, std::char_traits<char>, std::allocator<char> > >, std::allocator<std::pair<std::basic_string<char, std::char_traits<char>, std::allocator<char> > const, std::basic_string<char, std::char_traits<char>, std::allocator<char> > > > >::_Rb_tree_impl<std::less<std::basic_string<char, std::char_traits<char>, std::allocator<char> > >, false>::_Rb_tree_impl()	1	00000050	00000050	21	21	yes	1.0000
Community/src/main.cpp.o	_ZNSt8_Rb_treeISsSt4pairIKSsSsESt10_Select1stIS2_ESt4lessISsESaIS2_EE13_Rb_tree_implIS6_Lb0EEC2Ev	std::_Rb_tree<std::basic_string<char, std::char_traits<char>, std::allocator<char> >, std::pair<std::basic_string<char, std::char_traits<char>, std::allocator<char> > const, std::basic_string<char, std::char_traits<char>, std::allocator<char> > >, std::_Select1st<std::pair<std::basic_string<char, std::char_traits<char>, std::allocator<char> > const, std::basic_string<char, std::char_traits<char>, std::allocator<char> > > >, std::less<std::basic_string<char, std::char_traits<char>, std::allocator<char> > >, std::allocator<std::pair<std::basic_string<char, std::char_traits<char>, std::allocator<char> > const, std::basic_string<char, std::char_traits<char>, std::allocator<char> > > > >::_Rb_tree_impl<std::less<std::basic_string<char, std::char_traits<char>, std::allocator<char> > >, false>::_Rb_tree_impl()	1	00000050	00000050	0	0	no	0.0000
Community/src/main.cpp.o	_ZNSt8_Rb_treeISsSt4pairIKSsSsESt10_Select1stIS2_ESt4lessISsESaIS2_EE13_Rb_tree_implIS6_Lb0EED1Ev	std::_Rb_tree<std::basic_string<char, std::char_traits<char>, std::allocator<char> >, std::pair<std::basic_string<char, std::char_traits<char>, std::allocator<char> > const, std::basic_string<char, std::char_traits<char>, std::allocator<char> > >, std::_Select1st<std::pair<std::basic_string<char, std::char_traits<char>, std::allocator<char> > const, std::basic_string<char, std::char_traits<char>, std::allocator<char> > > >, std::less<std::basic_string<char, std::char_traits<char>, std::allocator<char> > >, std::allocator<std::pair<std::basic_string<char, std::char_traits<char>, std::allocator<char> > const, std::basic_string<char, std::char_traits<char>, std::allocator<char> > > > >::_Rb_tree_impl<std::less<std::basic_string<char, std::char_traits<char>, std::allocator<char> > >, false>::~_Rb_tree_impl()	1	00000013	00000013	8	8	yes	1.0000
Community/src/main.cpp.o	_ZNSt8_Rb_treeISsSt4pairIKSsSsESt10_Select1stIS2_ESt4lessISsESaIS2_EE13_Rb_tree_implIS6_Lb0EED2Ev	std::_Rb_tree<std::basic_string<char, std::char_traits<char>, std::allocator<char> >, std::pair<std::basic_string<char, std::char_traits<char>, std::allocator<char> > const, std::basic_string<char, std::char_traits<char>, std::allocator<char> > >, std::_Select1st<std::pair<std::basic_string<char, std::char_traits<char>, std::allocator<char> > const, std::basic_string<char, std::char_traits<char>, std::allocator<char> > > >, std::less<std::basic_string<char, std::char_traits<char>, std::allocator<char> > >, std::allocator<std::pair<std::basic_string<char, std::char_traits<char>, std::allocator<char> > const, std::basic_string<char, std::char_traits<char>, std::allocator<char> > > > >::_Rb_tree_impl<std::less<std::basic_string<char, std::char_traits<char>, std::allocator<char> > >, false>::~_Rb_tree_impl()	1	00000013	00000013	0	0	no	0.0000
Community/src/main.cpp.o	_ZNSt8_Rb_treeISsSt4pairIKSsSsESt10_Select1stIS2_ESt4lessISsESaIS2_EE15_M_destroy_nodeEPSt13_Rb_tree_nodeIS2_E	std::_Rb_tree<std::basic_string<char, std::char_traits<char>, std::allocator<char> >, std::pair<std::basic_string<char, std::char_traits<char>, std::allocator<char> > const, std::basic_string<char, std::char_traits<char>, std::allocator<char> > >, std::_Select1st<std::pair<std::basic_string<char, std::char_traits<char>, std::allocator<char> > const, std::basic_string<char, std::char_traits<char>, std::allocator<char> > > >, std::less<std::basic_string<char, std::char_traits<char>, std::allocator<char> > >, std::allocator<std::pair<std::basic_string<char, std::char_traits<char>, std::allocator<char> > const, std::basic_string<char, std::char_traits<char>, std::allocator<char> > > > >::_M_destroy_node(std::_Rb_tree_node<std::pair<std::basic_string<char, std::char_traits<char>, std::allocator<char> > const, std::basic_string<char, std::char_traits<char>, std::allocator<char> > > >*)	1	00000034	00000034	17	17	yes	1.0000
Community/src/main.cpp.o	_ZNSt8_Rb_treeISsSt4pairIKSsSsESt10_Select1stIS2_ESt4lessISsESaIS2_EE21_M_get_Node_allocatorEv	std::_Rb_tree<std::basic_string<char, std::char_traits<char>, std::allocator<char> >, std::pair<std::basic_string<char, std::char_traits<char>, std::allocator<char> > const, std::basic_string<char, std::char_traits<char>, std::allocator<char> > >, std::_Select1st<std::pair<std::basic_string<char, std::char_traits<char>, std::allocator<char> > const, std::basic_string<char, std::char_traits<char>, std::allocator<char> > > >, std::less<std::basic_string<char, std::char_traits<char>, std::allocator<char> > >, std::allocator<std::pair<std::basic_string<char, std::char_traits<char>, std::allocator<char> > const, std::basic_string<char, std::char_traits<char>, std::allocator<char> > > > >::_M_get_Node_allocator()	1	00000008	00000008	5	5	yes	1.0000
Community/src/main.cpp.o	_ZNSt8_Rb_treeISsSt4pairIKSsSsESt10_Select1stIS2_ESt4lessISsESaIS2_EE7_S_leftEPSt18_Rb_tree_node_base	std::_Rb_tree<std::basic_string<char, std::char_traits<char>, std::allocator<char> >, std::pair<std::basic_string<char, std::char_traits<char>, std::allocator<char> > const, std::basic_string<char, std::char_traits<char>, std::allocator<char> > >, std::_Select1st<std::pair<std::basic_string<char, std::char_traits<char>, std::allocator<char> > const, std::basic_string<char, std::char_traits<char>, std::allocator<char> > > >, std::less<std::basic_string<char, std::char_traits<char>, std::allocator<char> > >, std::allocator<std::pair<std::basic_string<char, std::char_traits<char>, std::allocator<char> > const, std::basic_string<char, std::char_traits<char>, std::allocator<char> > > > >::_S_left(std::_Rb_tree_node_base*)	1	0000000b	0000000b	6	6	yes	1.0000
Community/src/main.cpp.o	_ZNSt8_Rb_treeISsSt4pairIKSsSsESt10_Select1stIS2_ESt4lessISsESaIS2_EE8_M_beginEv	std::_Rb_tree<std::basic_string<char, std::char_traits<char>, std::allocator<char> >, std::pair<std::basic_string<char, std::char_traits<char>, std::allocator<char> > const, std::basic_string<char, std::char_traits<char>, std::allocator<char> > >, std::_Select1st<std::pair<std::basic_string<char, std::char_traits<char>, std::allocator<char> > const, std::basic_string<char, std::char_traits<char>, std::allocator<char> > > >, std::less<std::basic_string<char, std::char_traits<char>, std::allocator<char> > >, std::allocator<std::pair<std::basic_string<char, std::char_traits<char>, std::allocator<char> > const, std::basic_string<char, std::char_traits<char>, std::allocator<char> > > > >::_M_begin()	1	0000000b	0000000b	6	6	yes	1.0000
Community/src/main.cpp.o	_ZNSt8_Rb_treeISsSt4pairIKSsSsESt10_Select1stIS2_ESt4lessISsESaIS2_EE8_M_eraseEPSt13_Rb_tree_nodeIS2_E	std::_Rb_tree<std::basic_string<char, std::char_traits<char>, std::allocator<char> >, std::pair<std::basic_string<char, std::char_traits<char>, std::allocator<char> > const, std::basic_string<char, std::char_traits<char>, std::allocator<char> > >, std::_Select1st<std::pair<std::basic_string<char, std::char_traits<char>, std::allocator<char> > const, std::basic_string<char, std::char_traits<char>, std::allocator<char> > > >, std::less<std::basic_string<char, std::char_traits<char>, std::allocator<char> > >, std::allocator<std::pair<std::basic_string<char, std::char_traits<char>, std::allocator<char> > const, std::basic_string<char, std::char_traits<char>, std::allocator<char> > > > >::_M_erase(std::_Rb_tree_node<std::pair<std::basic_string<char, std::char_traits<char>, std::allocator<char> > const, std::basic_string<char, std::char_traits<char>, std::allocator<char> > > >*)	1	00000055	00000055	28	28	yes	1.0000
Community/src/main.cpp.o	_ZNSt8_Rb_treeISsSt4pairIKSsSsESt10_Select1stIS2_ESt4lessISsESaIS2_EE8_S_rightEPSt18_Rb_tree_node_base	std::_Rb_tree<std::basic_string<char, std::char_traits<char>, std::allocator<char> >, std::pair<std::basic_string<char, std::char_traits<char>, std::allocator<char> > const, std::basic_string<char, std::char_traits<char>, std::allocator<char> > >, std::_Select1st<std::pair<std::basic_string<char, std::char_traits<char>, std::allocator<char> > const, std::basic_string<char, std::char_traits<char>, std::allocator<char> > > >, std::less<std::basic_string<char, std::char_traits<char>, std::allocator<char> > >, std::allocator<std::pair<std::basic_string<char, std::char_traits<char>, std::allocator<char> > const, std::basic_string<char, std::char_traits<char>, std::allocator<char> > > > >::_S_right(std::_Rb_tree_node_base*)	1	0000000b	0000000b	6	6	yes	1.0000
Community/src/main.cpp.o	_ZNSt8_Rb_treeISsSt4pairIKSsSsESt10_Select1stIS2_ESt4lessISsESaIS2_EEC1Ev	std::_Rb_tree<std::basic_string<char, std::char_traits<char>, std::allocator<char> >, std::pair<std::basic_string<char, std::char_traits<char>, std::allocator<char> > const, std::basic_string<char, std::char_traits<char>, std::allocator<char> > >, std::_Select1st<std::pair<std::basic_string<char, std::char_traits<char>, std::allocator<char> > const, std::basic_string<char, std::char_traits<char>, std::allocator<char> > > >, std::less<std::basic_string<char, std::char_traits<char>, std::allocator<char> > >, std::allocator<std::pair<std::basic_string<char, std::char_traits<char>, std::allocator<char> > const, std::basic_string<char, std::char_traits<char>, std::allocator<char> > > > >::_Rb_tree()	1	00000013	00000013	8	8	yes	1.0000
Community/src/main.cpp.o	_ZNSt8_Rb_treeISsSt4pairIKSsSsESt10_Select1stIS2_ESt4lessISsESaIS2_EEC2Ev	std::_Rb_tree<std::basic_string<char, std::char_traits<char>, std::allocator<char> >, std::pair<std::basic_string<char, std::char_traits<char>, std::allocator<char> > const, std::basic_string<char, std::char_traits<char>, std::allocator<char> > >, std::_Select1st<std::pair<std::basic_string<char, std::char_traits<char>, std::allocator<char> > const, std::basic_string<char, std::char_traits<char>, std::allocator<char> > > >, std::less<std::basic_string<char, std::char_traits<char>, std::allocator<char> > >, std::allocator<std::pair<std::basic_string<char, std::char_traits<char>, std::allocator<char> > const, std::basic_string<char, std::char_traits<char>, std::allocator<char> > > > >::_Rb_tree()	1	00000013	00000013	0	0	no	0.0000
Community/src/main.cpp.o	_ZNSt8_Rb_treeISsSt4pairIKSsSsESt10_Select1stIS2_ESt4lessISsESaIS2_EED1Ev	std::_Rb_tree<std::basic_string<char, std::char_traits<char>, std::allocator<char> >, std::pair<std::basic_string<char, std::char_traits<char>, std::allocator<char> > const, std::basic_string<char, std::char_traits<char>, std::allocator<char> > >, std::_Select1st<std::pair<std::basic_string<char, std::char_traits<char>, std::allocator<char> > const, std::basic_string<char, std::char_traits<char>, std::allocator<char> > > >, std::less<std::basic_string<char, std::char_traits<char>, std::allocator<char> > >, std::allocator<std::pair<std::basic_string<char, std::char_traits<char>, std::allocator<char> > const, std::basic_string<char, std::char_traits<char>, std::allocator<char> > > > >::~_Rb_tree()	1	00000051	00000051	30	30	yes	1.0000
Community/src/main.cpp.o	_ZNSt8_Rb_treeISsSt4pairIKSsSsESt10_Select1stIS2_ESt4lessISsESaIS2_EED2Ev	std::_Rb_tree<std::basic_string<char, std::char_traits<char>, std::allocator<char> >, std::pair<std::basic_string<char, std::char_traits<char>, std::allocator<char> > const, std::basic_string<char, std::char_traits<char>, std::allocator<char> > >, std::_Select1st<std::pair<std::basic_string<char, std::char_traits<char>, std::allocator<char> > const, std::basic_string<char, std::char_traits<char>, std::allocator<char> > > >, std::less<std::basic_string<char, std::char_traits<char>, std::allocator<char> > >, std::allocator<std::pair<std::basic_string<char, std::char_traits<char>, std::allocator<char> > const, std::basic_string<char, std::char_traits<char>, std::allocator<char> > > > >::~_Rb_tree()	1	00000051	00000051	0	0	no	0.0000
Community/src/main.cpp.o	_ZSt8_DestroyIPSsEvT_S1_	void std::_Destroy<std::basic_string<char, std::char_traits<char>, std::allocator<char> >*>(std::basic_string<char, std::char_traits<char>, std::allocator<char> >*, std::basic_string<char, std::char_traits<char>, std::allocator<char> >*)	1	0000001a	0000001a	10	10	yes	1.0000
Community/src/main.cpp.o	_ZSt8_DestroyISsEvPT_	void std::_Destroy<std::basic_string<char, std::char_traits<char>, std::allocator<char> > >(std::basic_string<char, std::char_traits<char>, std::allocator<char> >*)	1	00000013	00000013	8	8	yes	1.0000
Community/src/main.cpp.o	main	main	1	000005ea	00000537	328	320	no	0.9116
DNFServer/ServerCommon/DNFFileLog.cpp.o	_Z22CFileLogWriterInstancev	CFileLogWriterInstance()	1	00000093	00000093	44	44	yes	1.0000
DNFServer/ServerCommon/DNFFileLog.cpp.o	_ZN10CMyFileLogC1EPKci	CMyFileLog::CMyFileLog(char const*, int)	1	00000016	00000016	10	10	yes	1.0000
DNFServer/ServerCommon/DNFFileLog.cpp.o	_ZN10CMyFileLogC2EPKci	CMyFileLog::CMyFileLog(char const*, int)	1	00000016	00000016	0	0	no	0.0000
DNFServer/ServerCommon/DNFFileLog.cpp.o	_ZN10CMyFileLogclEPKcS1_z	CMyFileLog::operator()(char const*, char const*, ...)	1	000000ac	000000ad	43	45	no	0.9111
DNFServer/ServerCommon/DNFFileLog.cpp.o	_ZN12CToolFileLogC1EPKci	CToolFileLog::CToolFileLog(char const*, int)	1	00000016	00000016	10	10	yes	1.0000
DNFServer/ServerCommon/DNFFileLog.cpp.o	_ZN12CToolFileLogC2EPKci	CToolFileLog::CToolFileLog(char const*, int)	1	00000016	00000016	0	0	no	0.0000
DNFServer/ServerCommon/DNFFileLog.cpp.o	_ZN12CToolFileLogclEPKciS1_z	CToolFileLog::operator()(char const*, int, char const*, ...)	1	00000149	00000149	80	82	no	0.9390
DNFServer/ServerCommon/DNFFileLog.cpp.o	_ZN13CMyRawFileLogclEPKcS1_z	CMyRawFileLog::operator()(char const*, char const*, ...)	1	0000006f	0000006a	28	27	no	0.9643
DNFServer/ServerCommon/DNFFileLog.cpp.o	_ZN14CFileLogWriter11writeRawLogEPKcS1_z	CFileLogWriter::writeRawLog(char const*, char const*, ...)	1	00000410	000003ef	311	303	no	0.9678
DNFServer/ServerCommon/DNFFileLog.cpp.o	_ZN14CFileLogWriter8writeLogEPKcS1_z	CFileLogWriter::writeLog(char const*, char const*, ...)	1	00000424	000003fd	315	307	no	0.9619
DNFServer/ServerCommon/DNFFileLog.cpp.o	_ZN14CFileLogWriterC1Ev	CFileLogWriter::CFileLogWriter()	1	00000054	0000002d	31	15	no	0.4516
DNFServer/ServerCommon/DNFFileLog.cpp.o	_ZN14CFileLogWriterC2Ev	CFileLogWriter::CFileLogWriter()	1	00000054	0000002d	0	0	no	0.0000
DNFServer/ServerCommon/DNFFileLog.cpp.o	_ZN14CFileLogWriterD0Ev	CFileLogWriter::~CFileLogWriter()	1	0000001e	0000001e	11	11	yes	1.0000
DNFServer/ServerCommon/DNFFileLog.cpp.o	_ZN14CFileLogWriterD1Ev	CFileLogWriter::~CFileLogWriter()	1	00000068	00000041	37	21	no	0.5405
DNFServer/ServerCommon/DNFFileLog.cpp.o	_ZN14CFileLogWriterD2Ev	CFileLogWriter::~CFileLogWriter()	1	00000068	00000041	0	0	no	0.0000
DNFServer/ServerCommon/DNFFileLog.cpp.o	_ZN5CFLog8writeLogEP2tmPKcPc	CFLog::writeLog(tm*, char const*, char*)	1	000000ab	000000ab	47	47	yes	1.0000
DNFServer/ServerCommon/DNFFileLog.cpp.o	_ZN5CFLog8writeLogEPKcPc	CFLog::writeLog(char const*, char*)	1	00000062	00000062	29	29	yes	1.0000
DNFServer/ServerCommon/DNFFileLog.cpp.o	_ZN5CFLogC1ERSs	CFLog::CFLog(std::basic_string<char, std::char_traits<char>, std::allocator<char> >&)	1	0000009f	00000097	51	50	no	0.9216
DNFServer/ServerCommon/DNFFileLog.cpp.o	_ZN5CFLogC2ERSs	CFLog::CFLog(std::basic_string<char, std::char_traits<char>, std::allocator<char> >&)	1	0000009f	00000097	0	0	no	0.0000
DNFServer/ServerCommon/DNFFileLog.cpp.o	_ZN5CFLogD0Ev	CFLog::~CFLog()	1	0000001e	0000001e	11	11	yes	1.0000
DNFServer/ServerCommon/DNFFileLog.cpp.o	_ZN5CFLogD1Ev	CFLog::~CFLog()	1	00000068	00000068	37	37	yes	1.0000
DNFServer/ServerCommon/DNFFileLog.cpp.o	_ZN5CFLogD2Ev	CFLog::~CFLog()	1	00000068	00000068	0	0	no	0.0000
DNFServer/ServerCommon/DNFFileLog.cpp.o	_ZNKSt10_Select1stISt4pairIKSsP5CFLogEEclERKS4_	std::_Select1st<std::pair<std::basic_string<char, std::char_traits<char>, std::allocator<char> > const, CFLog*> >::operator()(std::pair<std::basic_string<char, std::char_traits<char>, std::allocator<char> > const, CFLog*> const&) const	1	00000008	00000008	5	5	yes	1.0000
DNFServer/ServerCommon/DNFFileLog.cpp.o	_ZNKSt17_Rb_tree_iteratorISt4pairIKSsP5CFLogEEptEv	std::_Rb_tree_iterator<std::pair<std::basic_string<char, std::char_traits<char>, std::allocator<char> > const, CFLog*> >::operator->() const	1	0000000d	0000000d	7	7	yes	1.0000
DNFServer/ServerCommon/DNFFileLog.cpp.o	_ZNKSt4lessISsEclERKSsS2_	std::less<std::basic_string<char, std::char_traits<char>, std::allocator<char> > >::operator()(std::basic_string<char, std::char_traits<char>, std::allocator<char> > const&, std::basic_string<char, std::char_traits<char>, std::allocator<char> > const&) const	1	0000001a	0000001a	10	10	yes	1.0000
DNFServer/ServerCommon/DNFFileLog.cpp.o	_ZNSt17_Rb_tree_iteratorISt4pairIKSsP5CFLogEEmmEv	std::_Rb_tree_iterator<std::pair<std::basic_string<char, std::char_traits<char>, std::allocator<char> > const, CFLog*> >::operator--()	1	0000001d	0000001d	12	12	yes	1.0000
DNFServer/ServerCommon/DNFFileLog.cpp.o	_ZNSt3mapISsP5CFLogSt4lessISsESaISt4pairIKSsS1_EEE3endEv	std::map<std::basic_string<char, std::char_traits<char>, std::allocator<char> >, CFLog*, std::less<std::basic_string<char, std::char_traits<char>, std::allocator<char> > >, std::allocator<std::pair<std::basic_string<char, std::char_traits<char>, std::allocator<char> > const, CFLog*> > >::end()	1	00000025	00000025	14	14	yes	1.0000
DNFServer/ServerCommon/DNFFileLog.cpp.o	_ZNSt3mapISsP5CFLogSt4lessISsESaISt4pairIKSsS1_EEE4findERS5_	std::map<std::basic_string<char, std::char_traits<char>, std::allocator<char> >, CFLog*, std::less<std::basic_string<char, std::char_traits<char>, std::allocator<char> > >, std::allocator<std::pair<std::basic_string<char, std::char_traits<char>, std::allocator<char> > const, CFLog*> > >::find(std::basic_string<char, std::char_traits<char>, std::allocator<char> > const&)	1	0000002c	0000002c	16	16	yes	1.0000
DNFServer/ServerCommon/DNFFileLog.cpp.o	_ZNSt3mapISsP5CFLogSt4lessISsESaISt4pairIKSsS1_EEE5eraseESt17_Rb_tree_iteratorIS6_E	std::map<std::basic_string<char, std::char_traits<char>, std::allocator<char> >, CFLog*, std::less<std::basic_string<char, std::char_traits<char>, std::allocator<char> > >, std::allocator<std::pair<std::basic_string<char, std::char_traits<char>, std::allocator<char> > const, CFLog*> > >::erase(std::_Rb_tree_iterator<std::pair<std::basic_string<char, std::char_traits<char>, std::allocator<char> > const, CFLog*> >)	1	0000001a	0000001a	10	10	yes	1.0000
DNFServer/ServerCommon/DNFFileLog.cpp.o	_ZNSt3mapISsP5CFLogSt4lessISsESaISt4pairIKSsS1_EEEC1Ev	std::map<std::basic_string<char, std::char_traits<char>, std::allocator<char> >, CFLog*, std::less<std::basic_string<char, std::char_traits<char>, std::allocator<char> > >, std::allocator<std::pair<std::basic_string<char, std::char_traits<char>, std::allocator<char> > const, CFLog*> > >::map()	1	00000013	00000013	8	8	yes	1.0000
DNFServer/ServerCommon/DNFFileLog.cpp.o	_ZNSt3mapISsP5CFLogSt4lessISsESaISt4pairIKSsS1_EEEC2Ev	std::map<std::basic_string<char, std::char_traits<char>, std::allocator<char> >, CFLog*, std::less<std::basic_string<char, std::char_traits<char>, std::allocator<char> > >, std::allocator<std::pair<std::basic_string<char, std::char_traits<char>, std::allocator<char> > const, CFLog*> > >::map()	1	00000013	00000013	0	0	no	0.0000
DNFServer/ServerCommon/DNFFileLog.cpp.o	_ZNSt3mapISsP5CFLogSt4lessISsESaISt4pairIKSsS1_EEED1Ev	std::map<std::basic_string<char, std::char_traits<char>, std::allocator<char> >, CFLog*, std::less<std::basic_string<char, std::char_traits<char>, std::allocator<char> > >, std::allocator<std::pair<std::basic_string<char, std::char_traits<char>, std::allocator<char> > const, CFLog*> > >::~map()	1	00000013	00000013	8	8	yes	1.0000
DNFServer/ServerCommon/DNFFileLog.cpp.o	_ZNSt3mapISsP5CFLogSt4lessISsESaISt4pairIKSsS1_EEED2Ev	std::map<std::basic_string<char, std::char_traits<char>, std::allocator<char> >, CFLog*, std::less<std::basic_string<char, std::char_traits<char>, std::allocator<char> > >, std::allocator<std::pair<std::basic_string<char, std::char_traits<char>, std::allocator<char> > const, CFLog*> > >::~map()	1	00000013	00000013	0	0	no	0.0000
DNFServer/ServerCommon/DNFFileLog.cpp.o	_ZNSt4pairIKSsP5CFLogEC1ERKS3_	std::pair<std::basic_string<char, std::char_traits<char>, std::allocator<char> > const, CFLog*>::pair(std::pair<std::basic_string<char, std::char_traits<char>, std::allocator<char> > const, CFLog*> const&)	1	00000026	00000026	14	14	yes	1.0000
DNFServer/ServerCommon/DNFFileLog.cpp.o	_ZNSt4pairIKSsP5CFLogEC2ERKS3_	std::pair<std::basic_string<char, std::char_traits<char>, std::allocator<char> > const, CFLog*>::pair(std::pair<std::basic_string<char, std::char_traits<char>, std::allocator<char> > const, CFLog*> const&)	1	00000026	00000026	0	0	no	0.0000
DNFServer/ServerCommon/DNFFileLog.cpp.o	_ZNSt4pairIKSsP5CFLogED1Ev	std::pair<std::basic_string<char, std::char_traits<char>, std::allocator<char> > const, CFLog*>::~pair()	1	00000013	00000013	8	8	yes	1.0000
DNFServer/ServerCommon/DNFFileLog.cpp.o	_ZNSt4pairIKSsP5CFLogED2Ev	std::pair<std::basic_string<char, std::char_traits<char>, std::allocator<char> > const, CFLog*>::~pair()	1	00000013	00000013	0	0	no	0.0000
DNFServer/ServerCommon/DNFFileLog.cpp.o	_ZNSt8_Rb_treeISsSt4pairIKSsP5CFLogESt10_Select1stIS4_ESt4lessISsESaIS4_EE11_M_get_nodeEv	std::_Rb_tree<std::basic_string<char, std::char_traits<char>, std::allocator<char> >, std::pair<std::basic_string<char, std::char_traits<char>, std::allocator<char> > const, CFLog*>, std::_Select1st<std::pair<std::basic_string<char, std::char_traits<char>, std::allocator<char> > const, CFLog*> >, std::less<std::basic_string<char, std::char_traits<char>, std::allocator<char> > >, std::allocator<std::pair<std::basic_string<char, std::char_traits<char>, std::allocator<char> > const, CFLog*> > >::_M_get_node()	1	00000023	00000023	10	10	yes	1.0000
DNFServer/ServerCommon/DNFFileLog.cpp.o	_ZNSt8_Rb_treeISsSt4pairIKSsP5CFLogESt10_Select1stIS4_ESt4lessISsESaIS4_EE11_M_put_nodeEPSt13_Rb_tree_nodeIS4_E	std::_Rb_tree<std::basic_string<char, std::char_traits<char>, std::allocator<char> >, std::pair<std::basic_string<char, std::char_traits<char>, std::allocator<char> > const, CFLog*>, std::_Select1st<std::pair<std::basic_string<char, std::char_traits<char>, std::allocator<char> > const, CFLog*> >, std::less<std::basic_string<char, std::char_traits<char>, std::allocator<char> > >, std::allocator<std::pair<std::basic_string<char, std::char_traits<char>, std::allocator<char> > const, CFLog*> > >::_M_put_node(std::_Rb_tree_node<std::pair<std::basic_string<char, std::char_traits<char>, std::allocator<char> > const, CFLog*> >*)	1	00000022	00000022	11	11	yes	1.0000
DNFServer/ServerCommon/DNFFileLog.cpp.o	_ZNSt8_Rb_treeISsSt4pairIKSsP5CFLogESt10_Select1stIS4_ESt4lessISsESaIS4_EE13_Rb_tree_implIS8_Lb0EEC1Ev	std::_Rb_tree<std::basic_string<char, std::char_traits<char>, std::allocator<char> >, std::pair<std::basic_string<char, std::char_traits<char>, std::allocator<char> > const, CFLog*>, std::_Select1st<std::pair<std::basic_string<char, std::char_traits<char>, std::allocator<char> > const, CFLog*> >, std::less<std::basic_string<char, std::char_traits<char>, std::allocator<char> > >, std::allocator<std::pair<std::basic_string<char, std::char_traits<char>, std::allocator<char> > const, CFLog*> > >::_Rb_tree_impl<std::less<std::basic_string<char, std::char_traits<char>, std::allocator<char> > >, false>::_Rb_tree_impl()	1	00000050	00000050	21	21	yes	1.0000
DNFServer/ServerCommon/DNFFileLog.cpp.o	_ZNSt8_Rb_treeISsSt4pairIKSsP5CFLogESt10_Select1stIS4_ESt4lessISsESaIS4_EE13_Rb_tree_implIS8_Lb0EEC2Ev	std::_Rb_tree<std::basic_string<char, std::char_traits<char>, std::allocator<char> >, std::pair<std::basic_string<char, std::char_traits<char>, std::allocator<char> > const, CFLog*>, std::_Select1st<std::pair<std::basic_string<char, std::char_traits<char>, std::allocator<char> > const, CFLog*> >, std::less<std::basic_string<char, std::char_traits<char>, std::allocator<char> > >, std::allocator<std::pair<std::basic_string<char, std::char_traits<char>, std::allocator<char> > const, CFLog*> > >::_Rb_tree_impl<std::less<std::basic_string<char, std::char_traits<char>, std::allocator<char> > >, false>::_Rb_tree_impl()	1	00000050	00000050	0	0	no	0.0000
DNFServer/ServerCommon/DNFFileLog.cpp.o	_ZNSt8_Rb_treeISsSt4pairIKSsP5CFLogESt10_Select1stIS4_ESt4lessISsESaIS4_EE13_Rb_tree_implIS8_Lb0EED1Ev	std::_Rb_tree<std::basic_string<char, std::char_traits<char>, std::allocator<char> >, std::pair<std::basic_string<char, std::char_traits<char>, std::allocator<char> > const, CFLog*>, std::_Select1st<std::pair<std::basic_string<char, std::char_traits<char>, std::allocator<char> > const, CFLog*> >, std::less<std::basic_string<char, std::char_traits<char>, std::allocator<char> > >, std::allocator<std::pair<std::basic_string<char, std::char_traits<char>, std::allocator<char> > const, CFLog*> > >::_Rb_tree_impl<std::less<std::basic_string<char, std::char_traits<char>, std::allocator<char> > >, false>::~_Rb_tree_impl()	1	00000013	00000013	8	8	yes	1.0000
DNFServer/ServerCommon/DNFFileLog.cpp.o	_ZNSt8_Rb_treeISsSt4pairIKSsP5CFLogESt10_Select1stIS4_ESt4lessISsESaIS4_EE13_Rb_tree_implIS8_Lb0EED2Ev	std::_Rb_tree<std::basic_string<char, std::char_traits<char>, std::allocator<char> >, std::pair<std::basic_string<char, std::char_traits<char>, std::allocator<char> > const, CFLog*>, std::_Select1st<std::pair<std::basic_string<char, std::char_traits<char>, std::allocator<char> > const, CFLog*> >, std::less<std::basic_string<char, std::char_traits<char>, std::allocator<char> > >, std::allocator<std::pair<std::basic_string<char, std::char_traits<char>, std::allocator<char> > const, CFLog*> > >::_Rb_tree_impl<std::less<std::basic_string<char, std::char_traits<char>, std::allocator<char> > >, false>::~_Rb_tree_impl()	1	00000013	00000013	0	0	no	0.0000
DNFServer/ServerCommon/DNFFileLog.cpp.o	_ZNSt8_Rb_treeISsSt4pairIKSsP5CFLogESt10_Select1stIS4_ESt4lessISsESaIS4_EE15_M_destroy_nodeEPSt13_Rb_tree_nodeIS4_E	std::_Rb_tree<std::basic_string<char, std::char_traits<char>, std::allocator<char> >, std::pair<std::basic_string<char, std::char_traits<char>, std::allocator<char> > const, CFLog*>, std::_Select1st<std::pair<std::basic_string<char, std::char_traits<char>, std::allocator<char> > const, CFLog*> >, std::less<std::basic_string<char, std::char_traits<char>, std::allocator<char> > >, std::allocator<std::pair<std::basic_string<char, std::char_traits<char>, std::allocator<char> > const, CFLog*> > >::_M_destroy_node(std::_Rb_tree_node<std::pair<std::basic_string<char, std::char_traits<char>, std::allocator<char> > const, CFLog*> >*)	1	00000034	00000034	17	17	yes	1.0000
DNFServer/ServerCommon/DNFFileLog.cpp.o	_ZNSt8_Rb_treeISsSt4pairIKSsP5CFLogESt10_Select1stIS4_ESt4lessISsESaIS4_EE21_M_get_Node_allocatorEv	std::_Rb_tree<std::basic_string<char, std::char_traits<char>, std::allocator<char> >, std::pair<std::basic_string<char, std::char_traits<char>, std::allocator<char> > const, CFLog*>, std::_Select1st<std::pair<std::basic_string<char, std::char_traits<char>, std::allocator<char> > const, CFLog*> >, std::less<std::basic_string<char, std::char_traits<char>, std::allocator<char> > >, std::allocator<std::pair<std::basic_string<char, std::char_traits<char>, std::allocator<char> > const, CFLog*> > >::_M_get_Node_allocator()	1	00000008	00000008	5	5	yes	1.0000
DNFServer/ServerCommon/DNFFileLog.cpp.o	_ZNSt8_Rb_treeISsSt4pairIKSsP5CFLogESt10_Select1stIS4_ESt4lessISsESaIS4_EE3endEv	std::_Rb_tree<std::basic_string<char, std::char_traits<char>, std::allocator<char> >, std::pair<std::basic_string<char, std::char_traits<char>, std::allocator<char> > const, CFLog*>, std::_Select1st<std::pair<std::basic_string<char, std::char_traits<char>, std::allocator<char> > const, CFLog*> >, std::less<std::basic_string<char, std::char_traits<char>, std::allocator<char> > >, std::allocator<std::pair<std::basic_string<char, std::char_traits<char>, std::allocator<char> > const, CFLog*> > >::end()	1	00000026	00000026	15	15	yes	1.0000
DNFServer/ServerCommon/DNFFileLog.cpp.o	_ZNSt8_Rb_treeISsSt4pairIKSsP5CFLogESt10_Select1stIS4_ESt4lessISsESaIS4_EE4findERS1_	std::_Rb_tree<std::basic_string<char, std::char_traits<char>, std::allocator<char> >, std::pair<std::basic_string<char, std::char_traits<char>, std::allocator<char> > const, CFLog*>, std::_Select1st<std::pair<std::basic_string<char, std::char_traits<char>, std::allocator<char> > const, CFLog*> >, std::less<std::basic_string<char, std::char_traits<char>, std::allocator<char> > >, std::allocator<std::pair<std::basic_string<char, std::char_traits<char>, std::allocator<char> > const, CFLog*> > >::find(std::basic_string<char, std::char_traits<char>, std::allocator<char> > const&)	1	000000be	000000be	62	62	yes	1.0000
DNFServer/ServerCommon/DNFFileLog.cpp.o	_ZNSt8_Rb_treeISsSt4pairIKSsP5CFLogESt10_Select1stIS4_ESt4lessISsESaIS4_EE5beginEv	std::_Rb_tree<std::basic_string<char, std::char_traits<char>, std::allocator<char> >, std::pair<std::basic_string<char, std::char_traits<char>, std::allocator<char> > const, CFLog*>, std::_Select1st<std::pair<std::basic_string<char, std::char_traits<char>, std::allocator<char> > const, CFLog*> >, std::less<std::basic_string<char, std::char_traits<char>, std::allocator<char> > >, std::allocator<std::pair<std::basic_string<char, std::char_traits<char>, std::allocator<char> > const, CFLog*> > >::begin()	1	00000026	00000026	15	15	yes	1.0000
DNFServer/ServerCommon/DNFFileLog.cpp.o	_ZNSt8_Rb_treeISsSt4pairIKSsP5CFLogESt10_Select1stIS4_ESt4lessISsESaIS4_EE5eraseESt17_Rb_tree_iteratorIS4_E	std::_Rb_tree<std::basic_string<char, std::char_traits<char>, std::allocator<char> >, std::pair<std::basic_string<char, std::char_traits<char>, std::allocator<char> > const, CFLog*>, std::_Select1st<std::pair<std::basic_string<char, std::char_traits<char>, std::allocator<char> > const, CFLog*> >, std::less<std::basic_string<char, std::char_traits<char>, std::allocator<char> > >, std::allocator<std::pair<std::basic_string<char, std::char_traits<char>, std::allocator<char> > const, CFLog*> > >::erase(std::_Rb_tree_iterator<std::pair<std::basic_string<char, std::char_traits<char>, std::allocator<char> > const, CFLog*> >)	1	00000041	00000041	22	22	yes	1.0000
DNFServer/ServerCommon/DNFFileLog.cpp.o	_ZNSt8_Rb_treeISsSt4pairIKSsP5CFLogESt10_Select1stIS4_ESt4lessISsESaIS4_EE6_M_endEv	std::_Rb_tree<std::basic_string<char, std::char_traits<char>, std::allocator<char> >, std::pair<std::basic_string<char, std::char_traits<char>, std::allocator<char> > const, CFLog*>, std::_Select1st<std::pair<std::basic_string<char, std::char_traits<char>, std::allocator<char> > const, CFLog*> >, std::less<std::basic_string<char, std::char_traits<char>, std::allocator<char> > >, std::allocator<std::pair<std::basic_string<char, std::char_traits<char>, std::allocator<char> > const, CFLog*> > >::_M_end()	1	0000000b	0000000b	6	6	yes	1.0000
DNFServer/ServerCommon/DNFFileLog.cpp.o	_ZNSt8_Rb_treeISsSt4pairIKSsP5CFLogESt10_Select1stIS4_ESt4lessISsESaIS4_EE6_S_keyEPKSt13_Rb_tree_nodeIS4_E	std::_Rb_tree<std::basic_string<char, std::char_traits<char>, std::allocator<char> >, std::pair<std::basic_string<char, std::char_traits<char>, std::allocator<char> > const, CFLog*>, std::_Select1st<std::pair<std::basic_string<char, std::char_traits<char>, std::allocator<char> > const, CFLog*> >, std::less<std::basic_string<char, std::char_traits<char>, std::allocator<char> > >, std::allocator<std::pair<std::basic_string<char, std::char_traits<char>, std::allocator<char> > const, CFLog*> > >::_S_key(std::_Rb_tree_node<std::pair<std::basic_string<char, std::char_traits<char>, std::allocator<char> > const, CFLog*> > const*)	1	00000022	00000022	12	12	yes	1.0000
DNFServer/ServerCommon/DNFFileLog.cpp.o	_ZNSt8_Rb_treeISsSt4pairIKSsP5CFLogESt10_Select1stIS4_ESt4lessISsESaIS4_EE6_S_keyEPKSt18_Rb_tree_node_base	std::_Rb_tree<std::basic_string<char, std::char_traits<char>, std::allocator<char> >, std::pair<std::basic_string<char, std::char_traits<char>, std::allocator<char> > const, CFLog*>, std::_Select1st<std::pair<std::basic_string<char, std::char_traits<char>, std::allocator<char> > const, CFLog*> >, std::less<std::basic_string<char, std::char_traits<char>, std::allocator<char> > >, std::allocator<std::pair<std::basic_string<char, std::char_traits<char>, std::allocator<char> > const, CFLog*> > >::_S_key(std::_Rb_tree_node_base const*)	1	00000022	00000022	12	12	yes	1.0000
DNFServer/ServerCommon/DNFFileLog.cpp.o	_ZNSt8_Rb_treeISsSt4pairIKSsP5CFLogESt10_Select1stIS4_ESt4lessISsESaIS4_EE7_S_leftEPSt18_Rb_tree_node_base	std::_Rb_tree<std::basic_string<char, std::char_traits<char>, std::allocator<char> >, std::pair<std::basic_string<char, std::char_traits<char>, std::allocator<char> > const, CFLog*>, std::_Select1st<std::pair<std::basic_string<char, std::char_traits<char>, std::allocator<char> > const, CFLog*> >, std::less<std::basic_string<char, std::char_traits<char>, std::allocator<char> > >, std::allocator<std::pair<std::basic_string<char, std::char_traits<char>, std::allocator<char> > const, CFLog*> > >::_S_left(std::_Rb_tree_node_base*)	1	0000000b	0000000b	6	6	yes	1.0000
DNFServer/ServerCommon/DNFFileLog.cpp.o	_ZNSt8_Rb_treeISsSt4pairIKSsP5CFLogESt10_Select1stIS4_ESt4lessISsESaIS4_EE8_M_beginEv	std::_Rb_tree<std::basic_string<char, std::char_traits<char>, std::allocator<char> >, std::pair<std::basic_string<char, std::char_traits<char>, std::allocator<char> > const, CFLog*>, std::_Select1st<std::pair<std::basic_string<char, std::char_traits<char>, std::allocator<char> > const, CFLog*> >, std::less<std::basic_string<char, std::char_traits<char>, std::allocator<char> > >, std::allocator<std::pair<std::basic_string<char, std::char_traits<char>, std::allocator<char> > const, CFLog*> > >::_M_begin()	1	0000000b	0000000b	6	6	yes	1.0000
DNFServer/ServerCommon/DNFFileLog.cpp.o	_ZNSt8_Rb_treeISsSt4pairIKSsP5CFLogESt10_Select1stIS4_ESt4lessISsESaIS4_EE8_M_eraseEPSt13_Rb_tree_nodeIS4_E	std::_Rb_tree<std::basic_string<char, std::char_traits<char>, std::allocator<char> >, std::pair<std::basic_string<char, std::char_traits<char>, std::allocator<char> > const, CFLog*>, std::_Select1st<std::pair<std::basic_string<char, std::char_traits<char>, std::allocator<char> > const, CFLog*> >, std::less<std::basic_string<char, std::char_traits<char>, std::allocator<char> > >, std::allocator<std::pair<std::basic_string<char, std::char_traits<char>, std::allocator<char> > const, CFLog*> > >::_M_erase(std::_Rb_tree_node<std::pair<std::basic_string<char, std::char_traits<char>, std::allocator<char> > const, CFLog*> >*)	1	00000055	00000055	28	28	yes	1.0000
DNFServer/ServerCommon/DNFFileLog.cpp.o	_ZNSt8_Rb_treeISsSt4pairIKSsP5CFLogESt10_Select1stIS4_ESt4lessISsESaIS4_EE8_S_rightEPSt18_Rb_tree_node_base	std::_Rb_tree<std::basic_string<char, std::char_traits<char>, std::allocator<char> >, std::pair<std::basic_string<char, std::char_traits<char>, std::allocator<char> > const, CFLog*>, std::_Select1st<std::pair<std::basic_string<char, std::char_traits<char>, std::allocator<char> > const, CFLog*> >, std::less<std::basic_string<char, std::char_traits<char>, std::allocator<char> > >, std::allocator<std::pair<std::basic_string<char, std::char_traits<char>, std::allocator<char> > const, CFLog*> > >::_S_right(std::_Rb_tree_node_base*)	1	0000000b	0000000b	6	6	yes	1.0000
DNFServer/ServerCommon/DNFFileLog.cpp.o	_ZNSt8_Rb_treeISsSt4pairIKSsP5CFLogESt10_Select1stIS4_ESt4lessISsESaIS4_EEC1Ev	std::_Rb_tree<std::basic_string<char, std::char_traits<char>, std::allocator<char> >, std::pair<std::basic_string<char, std::char_traits<char>, std::allocator<char> > const, CFLog*>, std::_Select1st<std::pair<std::basic_string<char, std::char_traits<char>, std::allocator<char> > const, CFLog*> >, std::less<std::basic_string<char, std::char_traits<char>, std::allocator<char> > >, std::allocator<std::pair<std::basic_string<char, std::char_traits<char>, std::allocator<char> > const, CFLog*> > >::_Rb_tree()	1	00000013	00000013	8	8	yes	1.0000
DNFServer/ServerCommon/DNFFileLog.cpp.o	_ZNSt8_Rb_treeISsSt4pairIKSsP5CFLogESt10_Select1stIS4_ESt4lessISsESaIS4_EEC2Ev	std::_Rb_tree<std::basic_string<char, std::char_traits<char>, std::allocator<char> >, std::pair<std::basic_string<char, std::char_traits<char>, std::allocator<char> > const, CFLog*>, std::_Select1st<std::pair<std::basic_string<char, std::char_traits<char>, std::allocator<char> > const, CFLog*> >, std::less<std::basic_string<char, std::char_traits<char>, std::allocator<char> > >, std::allocator<std::pair<std::basic_string<char, std::char_traits<char>, std::allocator<char> > const, CFLog*> > >::_Rb_tree()	1	00000013	00000013	0	0	no	0.0000
DNFServer/ServerCommon/DNFFileLog.cpp.o	_ZNSt8_Rb_treeISsSt4pairIKSsP5CFLogESt10_Select1stIS4_ESt4lessISsESaIS4_EED1Ev	std::_Rb_tree<std::basic_string<char, std::char_traits<char>, std::allocator<char> >, std::pair<std::basic_string<char, std::char_traits<char>, std::allocator<char> > const, CFLog*>, std::_Select1st<std::pair<std::basic_string<char, std::char_traits<char>, std::allocator<char> > const, CFLog*> >, std::less<std::basic_string<char, std::char_traits<char>, std::allocator<char> > >, std::allocator<std::pair<std::basic_string<char, std::char_traits<char>, std::allocator<char> > const, CFLog*> > >::~_Rb_tree()	1	00000051	00000051	30	30	yes	1.0000
DNFServer/ServerCommon/DNFFileLog.cpp.o	_ZNSt8_Rb_treeISsSt4pairIKSsP5CFLogESt10_Select1stIS4_ESt4lessISsESaIS4_EED2Ev	std::_Rb_tree<std::basic_string<char, std::char_traits<char>, std::allocator<char> >, std::pair<std::basic_string<char, std::char_traits<char>, std::allocator<char> > const, CFLog*>, std::_Select1st<std::pair<std::basic_string<char, std::char_traits<char>, std::allocator<char> > const, CFLog*> >, std::less<std::basic_string<char, std::char_traits<char>, std::allocator<char> > >, std::allocator<std::pair<std::basic_string<char, std::char_traits<char>, std::allocator<char> > const, CFLog*> > >::~_Rb_tree()	1	00000051	00000051	0	0	no	0.0000
DNFServer/ServerCommon/DNFFileLog.cpp.o	_ZStltIcSt11char_traitsIcESaIcEEbRKSbIT_T0_T1_ES8_	bool std::operator< <char, std::char_traits<char>, std::allocator<char> >(std::basic_string<char, std::char_traits<char>, std::allocator<char> > const&, std::basic_string<char, std::char_traits<char>, std::allocator<char> > const&)	1	0000001d	0000001d	11	11	yes	1.0000
DNFServer/ServerCommon/DNFFileLog.cpp.o	_ZdlPvS_	operator delete(void*, void*)	1	00000005	00000005	4	4	yes	1.0000
DNFServer/ServerCommon/DNFFileLog.cpp.o	_ZnwjPv	operator new(unsigned int, void*)	1	00000008	00000008	5	5	yes	1.0000
DNFServer/ServerCommon/DNFFunctionLib.cpp.o	_Z11timeGetTimev	timeGetTime()	1	0000000a	0000000a	5	5	yes	1.0000
DNFServer/ServerCommon/DNFFunctionLib.cpp.o	_Z14NumberToStringji	NumberToString(unsigned int, int)	1	0000004d	0000004d	22	22	yes	1.0000
DNFServer/ServerCommon/DNFFunctionLib.cpp.o	_Z14NumberToStringyi	NumberToString(unsigned long long, int)	1	00000062	00000062	29	29	yes	1.0000
DNFServer/ServerCommon/DNFFunctionLib.cpp.o	_Z14PrintBackTracev	PrintBackTrace()	1	000000a4	000000af	43	48	no	0.8750
DNFServer/ServerCommon/DNFFunctionLib.cpp.o	_Z14StringToNumberPKc	StringToNumber(char const*)	1	00000030	00000030	14	14	yes	1.0000
DNFServer/ServerCommon/DNFFunctionLib.cpp.o	_Z14checkTimeTodayli	checkTimeToday(long, int)	1	00000066	0000006d	33	35	no	0.8571
DNFServer/ServerCommon/DNFFunctionLib.cpp.o	_Z23GetCurrentResetBaseTimeli	GetCurrentResetBaseTime(long, int)	1	000000a5	000000b2	49	52	no	0.9231
DNFServer/ServerCommon/DNFFunctionLib.cpp.o	_Z8Char2HexhPc	Char2Hex(unsigned char, char*)	1	00000040	00000042	21	22	no	0.9545
DNFServer/ServerCommon/DNFFunctionLib.cpp.o	_Z8Hex2CharPKcRh	Hex2Char(char const*, unsigned char&)	1	000000eb	000000e1	87	84	no	0.8851
DNFServer/ServerCommon/DNFFunctionLib.cpp.o	_Z8SDC_RandPj	SDC_Rand(unsigned int*)	1	00000087	000000a6	42	48	no	0.7708
DNFServer/ServerCommon/DNFFunctionLib.cpp.o	_ZL12comp_by_timeRK15STGuildCargoLogS1_	comp_by_time(STGuildCargoLog const&, STGuildCargoLog const&)	1	00000017	00000014	11	10	no	0.8182
DNFServer/ServerCommon/DNFFunctionLib.cpp.o	_ZN7DNFFLib10Binary2HexEPKhiPc	DNFFLib::Binary2Hex(unsigned char const*, int, char*)	1	00000055	0000005c	28	30	no	0.9000
DNFServer/ServerCommon/DNFFunctionLib.cpp.o	_ZN7DNFFLib10Hex2BinaryEPKcPhi	DNFFLib::Hex2Binary(char const*, unsigned char*, int)	1	0000005a	00000058	30	29	no	0.9000
DNFServer/ServerCommon/DNFFunctionLib.cpp.o	_ZN7DNFFLib12get_rand_intEi	DNFFLib::get_rand_int(int)	1	000000fc	000000f5	78	73	no	0.8333
DNFServer/ServerCommon/DNFFunctionLib.cpp.o	_ZN7DNFFLib13ExplodeStringEPcS0_PS0_i	DNFFLib::ExplodeString(char*, char*, char**, int)	1	000000e8	000000d0	72	66	no	0.8889
DNFServer/ServerCommon/DNFFunctionLib.cpp.o	_ZN7DNFFLib13PrintTextFileEPcS0_	DNFFLib::PrintTextFile(char*, char*)	1	00000041	00000041	20	20	yes	1.0000
DNFServer/ServerCommon/DNFFunctionLib.cpp.o	_ZN7DNFFLib14fPrintTextFileEPcS0_z	DNFFLib::fPrintTextFile(char*, char*, ...)	1	00000060	00000060	24	24	yes	1.0000
DNFServer/ServerCommon/DNFFunctionLib.cpp.o	_ZN7DNFFLib15CharacSetSwitchEPKcS1_PcS2_	DNFFLib::CharacSetSwitch(char const*, char const*, char*, char*)	1	00000124	00000113	79	76	no	0.8987
DNFServer/ServerCommon/DNFFunctionLib.cpp.o	_ZN7DNFFLib16ConvertGBKtoUTF8EPcS0_	DNFFLib::ConvertGBKtoUTF8(char*, char*)	1	00000034	0000003d	15	18	no	0.7222
DNFServer/ServerCommon/DNFFunctionLib.cpp.o	_ZN7DNFFLib16ConvertUTF8toGBKEPcS0_	DNFFLib::ConvertUTF8toGBK(char*, char*)	1	00000034	0000003d	15	18	no	0.7222
DNFServer/ServerCommon/DNFFunctionLib.cpp.o	_ZN7DNFFLib8Make_DirEPc	DNFFLib::Make_Dir(char*)	1	0000002f	0000002f	15	15	yes	1.0000
DNFServer/ServerCommon/DNFFunctionLib.cpp.o	_ZN7DNFFLib9Sleep_ExtEii	DNFFLib::Sleep_Ext(int, int)	1	0000003f	0000003f	16	16	yes	1.0000
DNFServer/ServerCommon/DNFFunctionLib.cpp.o	_ZN8CodePage12initCodePageEv	CodePage::initCodePage()	1	00000044	00000044	14	14	yes	1.0000
DNFServer/ServerCommon/DNFFunctionLib.cpp.o	_ZN8CodePage15client2DatabaseEPcS0_	CodePage::client2Database(char*, char*)	1	00000065	00000065	29	29	yes	1.0000
DNFServer/ServerCommon/DNFFunctionLib.cpp.o	_ZN8CodePage15database2ClientEPcS0_	CodePage::database2Client(char*, char*)	1	00000065	00000065	29	29	yes	1.0000
DNFServer/ServerCommon/DNFFunctionLib.cpp.o	_ZN8CodePage15database2ScriptEPcS0_	CodePage::database2Script(char*, char*)	1	00000065	00000065	29	29	yes	1.0000
DNFServer/ServerCommon/DNFFunctionLib.cpp.o	_ZN8CodePage15script2DatabaseEPcS0_	CodePage::script2Database(char*, char*)	1	00000065	00000065	29	29	yes	1.0000
DNFServer/ServerCommon/DNFFunctionLib.cpp.o	_ZN8CodePage6clientEv	CodePage::client()	1	00000014	00000014	7	7	yes	1.0000
DNFServer/ServerCommon/DNFFunctionLib.cpp.o	_ZN8CodePage6scriptEv	CodePage::script()	1	00000014	00000014	7	7	yes	1.0000
DNFServer/ServerCommon/DNFFunctionLib.cpp.o	_ZN8CodePage8databaseEv	CodePage::database()	1	00000014	00000014	7	7	yes	1.0000
DNFServer/ServerCommon/Thread.cpp.o	_ZN6CGuardI6CMutexEC1EPS0_	CGuard<CMutex>::CGuard(CMutex*)	1	0000001b	0000001b	11	11	yes	1.0000
DNFServer/ServerCommon/Thread.cpp.o	_ZN6CGuardI6CMutexEC2EPS0_	CGuard<CMutex>::CGuard(CMutex*)	1	0000001b	0000001b	0	0	no	0.0000
DNFServer/ServerCommon/Thread.cpp.o	_ZN6CGuardI6CMutexED1Ev	CGuard<CMutex>::~CGuard()	1	00000015	00000015	9	9	yes	1.0000
DNFServer/ServerCommon/Thread.cpp.o	_ZN6CGuardI6CMutexED2Ev	CGuard<CMutex>::~CGuard()	1	00000015	00000015	0	0	no	0.0000
DNFServer/ServerCommon/Thread.cpp.o	_ZN6CMutex4lockEv	CMutex::lock()	1	00000013	00000013	8	8	yes	1.0000
DNFServer/ServerCommon/Thread.cpp.o	_ZN6CMutex6unlockEv	CMutex::unlock()	1	00000013	00000013	8	8	yes	1.0000
DNFServer/ServerCommon/Thread.cpp.o	_ZN6CMutexC1Ev	CMutex::CMutex()	1	0000001b	0000001b	9	9	yes	1.0000
DNFServer/ServerCommon/Thread.cpp.o	_ZN6CMutexC2Ev	CMutex::CMutex()	1	0000001b	0000001b	0	0	no	0.0000
DNFServer/ServerCommon/Thread.cpp.o	_ZN6CMutexD1Ev	CMutex::~CMutex()	1	00000013	00000013	8	8	yes	1.0000
DNFServer/ServerCommon/Thread.cpp.o	_ZN6CMutexD2Ev	CMutex::~CMutex()	1	00000013	00000013	0	0	no	0.0000
shared/packet/src/PacketHeader.cpp.o	_ZN12PacketHeaderC1Ett	PacketHeader::PacketHeader(unsigned short, unsigned short)	1	0000003e	0000003e	19	19	yes	1.0000
shared/packet/src/PacketHeader.cpp.o	_ZN12PacketHeaderC2Ett	PacketHeader::PacketHeader(unsigned short, unsigned short)	1	0000003e	0000003e	0	0	no	0.0000
shared/packet/src/STGameUserInfo.cpp.o	_ZN14STGameUserInfoC1Ev	STGameUserInfo::STGameUserInfo()	1	0000006d	0000006d	29	29	yes	1.0000
shared/packet/src/STGameUserInfo.cpp.o	_ZN14STGameUserInfoC2Ev	STGameUserInfo::STGameUserInfo()	1	0000006d	0000006d	0	0	no	0.0000
shared/packet/src/STPvPBuddyDBInfo.cpp.o	_ZN16STPvPBuddyDBInfoC1Ev	STPvPBuddyDBInfo::STPvPBuddyDBInfo()	1	0000005c	0000005c	25	25	yes	1.0000
shared/packet/src/STPvPBuddyDBInfo.cpp.o	_ZN16STPvPBuddyDBInfoC2Ev	STPvPBuddyDBInfo::STPvPBuddyDBInfo()	1	0000005c	0000005c	0	0	no	0.0000
shared/packet/src/STPvPBuddyDBInfo.cpp.o	_ZN16STPvPBuddyDBInfoD1Ev	STPvPBuddyDBInfo::~STPvPBuddyDBInfo()	1	00000005	00000005	4	4	yes	1.0000
shared/packet/src/STPvPBuddyDBInfo.cpp.o	_ZN16STPvPBuddyDBInfoD2Ev	STPvPBuddyDBInfo::~STPvPBuddyDBInfo()	1	00000005	00000005	0	0	no	0.0000
