name	demangled	orig_type	orig_size	new_size	class	overlap	origin	in_orig
_GLOBAL__I__Z11timeGetTimev	global constructors keyed to timeGetTime()	t	28	28	NEAR	1.0000	libstdcxx/system	1
_GLOBAL__I__Z22CFileLogWriterInstancev	global constructors keyed to CFileLogWriterInstance()	t	28	28	NEAR	1.0000	libstdcxx/system	1
_GLOBAL__I__Z7commandPKcS0_	global constructors keyed to command(char const*, char const*)	t	28	28	NEAR	1.0000	libstdcxx/system	1
_GLOBAL__I__Z8Char2HexhPc	global constructors keyed to Char2Hex(unsigned char, char*)	t	28	28	NEAR	1.0000	libstdcxx/system	1
_GLOBAL__I__ZN10ArchiveLogC2EPKcz	global constructors keyed to ArchiveLog::ArchiveLog(char const*, ...)	t	28	28	NEAR	1.0000	libstdcxx/system	1
_GLOBAL__I__ZN12CUserManager10enter_userEjP15CNetworkSessionR14STGameUserInfoiP16STPvPBuddyDBInfo	global constructors keyed to CUserManager::enter_user(unsigned int, CNetworkSession*, STGameUserInfo&, int, STPvPBuddyDBInfo*)	t	28	28	NEAR	1.0000	libstdcxx/system	1
_GLOBAL__I__ZN13CBuddyManager9add_buddyER16STPvPBuddyDBInfo	global constructors keyed to CBuddyManager::add_buddy(STPvPBuddyDBInfo&)	t	28	28	NEAR	1.0000	libstdcxx/system	1
_GLOBAL__I__ZN13CPacketParserC2Ev	global constructors keyed to CPacketParser::CPacketParser()	t	28	28	NEAR	1.0000	libstdcxx/system	1
_GLOBAL__I__ZN15CProcessManagerC2Ev	global constructors keyed to CProcessManager::CProcessManager()	t	28	28	NEAR	1.0000	libstdcxx/system	1
_GLOBAL__I__ZN15CSessionManagerC2Ev	global constructors keyed to CSessionManager::CSessionManager()	t	28	28	NEAR	1.0000	libstdcxx/system	1
_GLOBAL__I__ZN15global_function5sleepEi	global constructors keyed to global_function::sleep(int)	t	28	28	NEAR	1.0000	libstdcxx/system	1
_GLOBAL__I__ZN15global_instance12current_timeE	global constructors keyed to global_instance::current_time	t	28	28	NEAR	1.0000	libstdcxx/system	1
_GLOBAL__I__ZN17CConfigFileReaderC2Ev	global constructors keyed to CConfigFileReader::CConfigFileReader()	t	28	28	NEAR	1.0000	libstdcxx/system	1
_GLOBAL__I__ZN17CPacketDispatcherC2Ev	global constructors keyed to CPacketDispatcher::CPacketDispatcher()	t	28	28	NEAR	1.0000	libstdcxx/system	1
_GLOBAL__I__ZN5CUser12check_myselfEv	global constructors keyed to CUser::check_myself()	t	28	28	NEAR	1.0000	libstdcxx/system	1
_GLOBAL__I__ZN9CCoreDumpC2Ev	global constructors keyed to CCoreDump::CCoreDump()	t	28	28	NEAR	1.0000	libstdcxx/system	1
_GLOBAL__I__ZNSt10ctype_base5spaceE	global constructors keyed to std::ctype_base::space	t	5	5	IDENTICAL	1.0000	libstdcxx/system	1
_GLOBAL__I__ZNSt7codecvtIcc11__mbstate_tE2idE	global constructors keyed to std::codecvt<char, char, __mbstate_t>::id	t	5	5	IDENTICAL	1.0000	libstdcxx/system	1
_GLOBAL__I__ZSt15system_categoryv	global constructors keyed to std::system_category()	t	84	85	DIFF	0.9333	libstdcxx/system	1
_GLOBAL__I_eh_alloc.cc	global constructors keyed to eh_alloc.cc	t	134	142	DIFF	0.6486	libstdcxx/system	1
_GLOBAL__I_g_network_session_pool	global constructors keyed to g_network_session_pool	t	28	28	NEAR	1.0000	libstdcxx/system	1
_GLOBAL__I_g_user_manager	global constructors keyed to g_user_manager	t	28	28	NEAR	1.0000	libstdcxx/system	1
_GLOBAL__I_locale_inst.cc	global constructors keyed to locale_inst.cc	t	197	197	DIFF	1.0000	libstdcxx/system	1
_GLOBAL__I_wlocale_inst.cc	global constructors keyed to wlocale_inst.cc	t	197	197	DIFF	1.0000	libstdcxx/system	1
_Unwind_Backtrace	_Unwind_Backtrace	T	178	178	DIFF	0.9455	libstdcxx/system	1
_Unwind_DebugHook	_Unwind_DebugHook	t	5	5	IDENTICAL	1.0000	libstdcxx/system	1
_Unwind_DeleteException	_Unwind_DeleteException	T	31	31	NEAR	1.0000	libstdcxx/system	1
_Unwind_FindEnclosingFunction	_Unwind_FindEnclosingFunction	T	55	55	DIFF	0.8000	libstdcxx/system	1
_Unwind_Find_FDE	_Unwind_Find_FDE	T	478	478	NEAR	1.0000	libstdcxx/system	1
_Unwind_ForcedUnwind	_Unwind_ForcedUnwind	T	262	262	NEAR	1.0000	libstdcxx/system	1
_Unwind_ForcedUnwind_Phase2	_Unwind_ForcedUnwind_Phase2	t	282	290	DIFF	0.9744	libstdcxx/system	1
_Unwind_GetCFA	_Unwind_GetCFA	T	11	11	IDENTICAL	1.0000	libstdcxx/system	1
_Unwind_GetDataRelBase	_Unwind_GetDataRelBase	T	11	11	IDENTICAL	1.0000	libstdcxx/system	1
_Unwind_GetGR	_Unwind_GetGR	T	105	105	NEAR	1.0000	libstdcxx/system	1
_Unwind_GetIP	_Unwind_GetIP	T	11	11	IDENTICAL	1.0000	libstdcxx/system	1
_Unwind_GetIPInfo	_Unwind_GetIPInfo	T	22	22	IDENTICAL	1.0000	libstdcxx/system	1
_Unwind_GetLanguageSpecificData	_Unwind_GetLanguageSpecificData	T	11	11	IDENTICAL	1.0000	libstdcxx/system	1
_Unwind_GetRegionStart	_Unwind_GetRegionStart	T	11	11	IDENTICAL	1.0000	libstdcxx/system	1
_Unwind_GetTextRelBase	_Unwind_GetTextRelBase	T	11	11	IDENTICAL	1.0000	libstdcxx/system	1
_Unwind_IteratePhdrCallback	_Unwind_IteratePhdrCallback	t	1251	1251	NEAR	1.0000	libstdcxx/system	1
_Unwind_RaiseException	_Unwind_RaiseException	T	396	396	NEAR	1.0000	libstdcxx/system	1
_Unwind_RaiseException_Phase2	_Unwind_RaiseException_Phase2	t	190	190	NEAR	1.0000	libstdcxx/system	1
_Unwind_Resume	_Unwind_Resume	T	248	248	NEAR	1.0000	libstdcxx/system	1
_Unwind_Resume_or_Rethrow	_Unwind_Resume_or_Rethrow	T	259	259	NEAR	1.0000	libstdcxx/system	1
_Unwind_SetGR	_Unwind_SetGR	T	109	109	NEAR	1.0000	libstdcxx/system	1
_Unwind_SetIP	_Unwind_SetIP	T	14	14	IDENTICAL	1.0000	libstdcxx/system	1
_Unwind_SetSpColumn	_Unwind_SetSpColumn	t	61	61	NEAR	1.0000	libstdcxx/system	1
_Z11timeGetTimev	timeGetTime()	T	10	10	IDENTICAL	1.0000	project	1
_Z13regist_signaliPFviE	regist_signal(int, void (*)(int))	T	143	143	NEAR	1.0000	project	1
_Z14NumberToStringji	NumberToString(unsigned int, int)	T	77	76	DIFF	0.9545	project	1
_Z14NumberToStringyi	NumberToString(unsigned long long, int)	T	98	96	DIFF	0.9655	project	1
_Z14PrintBackTracev	PrintBackTrace()	T	175	170	DIFF	0.8750	project	1
_Z14StringToNumberPKc	StringToNumber(char const*)	T	48	48	NEAR	1.0000	project	1
_Z14checkTimeTodayli	checkTimeToday(long, int)	T	109	109	NEAR	1.0000	project	1
_Z14regist_signalsv	regist_signals()	T	559	559	NEAR	1.0000	project	1
_Z14signal_handleri	signal_handler(int)	T	125	125	NEAR	1.0000	project	1
_Z16get_packet_tablev	get_packet_table()	T	10	10	NEAR	1.0000	project	1
_Z19omll_dump_core_filev	omll_dump_core_file()	T	11	11	NEAR	1.0000	project	1
_Z21get_packet_table_sizev	get_packet_table_size()	T	10	10	IDENTICAL	1.0000	project	1
_Z22CFileLogWriterInstancev	CFileLogWriterInstance()	T	147	147	NEAR	1.0000	project	1
_Z23GetCurrentResetBaseTimeli	GetCurrentResetBaseTime(long, int)	T	178	178	NEAR	1.0000	project	1
_Z41__static_initialization_and_destruction_0ii	__static_initialization_and_destruction_0(int, int)	t	64	195	DIFF	0.4324	libstdcxx/system	1
_Z6Rand_rPj	Rand_r(unsigned int*)	T	193	167	DIFF	0.7778	libstdcxx/system	1
_Z7commandPKcS0_	command(char const*, char const*)	T	243	243	NEAR	1.0000	project	1
_Z8Char2HexhPc	Char2Hex(unsigned char, char*)	T	66	64	DIFF	0.9545	project	1
_Z8Hex2CharPKcRh	Hex2Char(char const*, unsigned char&)	T	225	225	NEAR	1.0000	project	1
_Z8SDC_RandPj	SDC_Rand(unsigned int*)	T	166	147	DIFF	0.8750	project	1
_ZL12comp_by_timeRK15STGuildCargoLogS1_	comp_by_time(STGuildCargoLog const&, STGuildCargoLog const&)	t	20	20	IDENTICAL	1.0000	project	1
_ZL15get_ttype_entryP16lsda_header_infom	get_ttype_entry(lsda_header_info*, unsigned long)	t	140	140	DIFF	0.9811	libstdcxx/system	1
_ZL16get_adjusted_ptrPKSt9type_infoS1_PPv	get_adjusted_ptr(std::type_info const*, std::type_info const*, void**)	t	95	97	DIFF	0.9474	libstdcxx/system	1
_ZL17parse_lsda_headerP15_Unwind_ContextPKhP16lsda_header_info	parse_lsda_header(_Unwind_Context*, unsigned char const*, lsda_header_info*)	t	260	260	DIFF	0.9130	libstdcxx/system	1
_ZL20check_exception_specP16lsda_header_infoPKSt9type_infoPvl	check_exception_spec(lsda_header_info*, std::type_info const*, void*, long)	t	132	133	DIFF	0.8868	libstdcxx/system	1
_ZL21base_of_encoded_valuehP15_Unwind_Context	base_of_encoded_value(unsigned char, _Unwind_Context*)	t	126	127	DIFF	0.8868	libstdcxx/system	1
_ZL23__gxx_exception_cleanup19_Unwind_Reason_CodeP17_Unwind_Exception	__gxx_exception_cleanup(_Unwind_Reason_Code, _Unwind_Exception*)	t	96	97	DIFF	0.9688	libstdcxx/system	1
_ZL28read_encoded_value_with_basehjPKhPj	read_encoded_value_with_base(unsigned char, unsigned int, unsigned char const*, unsigned int*)	t	363	328	DIFF	0.8031	libstdcxx/system	1
_ZN10ArchiveLogC1EPKcz	ArchiveLog::ArchiveLog(char const*, ...)	T	224	224	NEAR	1.0000	project	1
_ZN10ArchiveLogC2EPKcz	ArchiveLog::ArchiveLog(char const*, ...)	T	224	224	NEAR	1.0000	project	1
_ZN10CFindBuddyC1EcPKc	CFindBuddy::CFindBuddy(char, char const*)	W	82	82	NEAR	1.0000	project	1
_ZN10CFindBuddyC2EcPKc	CFindBuddy::CFindBuddy(char, char const*)	W	82	82	NEAR	1.0000	project	1
_ZN10CMyFileLogC1EPKci	CMyFileLog::CMyFileLog(char const*, int)	T	22	22	IDENTICAL	1.0000	project	1
_ZN10CMyFileLogC2EPKci	CMyFileLog::CMyFileLog(char const*, int)	T	22	22	IDENTICAL	1.0000	project	1
_ZN10CMyFileLogclEPKcS1_z	CMyFileLog::operator()(char const*, char const*, ...)	T	173	172	DIFF	0.9556	project	1
_ZN10__cxxabiv111__terminateEPFvvE	__cxxabiv1::__terminate(void (*)())	T	36	37	DIFF	0.9091	libstdcxx/system	1
_ZN10__cxxabiv112__unexpectedEPFvvE	__cxxabiv1::__unexpected(void (*)())	T	26	27	DIFF	0.8750	libstdcxx/system	1
_ZN10__cxxabiv115__forced_unwindD0Ev	__cxxabiv1::__forced_unwind::~__forced_unwind()	T	52	53	DIFF	0.9412	libstdcxx/system	1
_ZN10__cxxabiv115__forced_unwindD1Ev	__cxxabiv1::__forced_unwind::~__forced_unwind()	T	30	30	NEAR	1.0000	libstdcxx/system	1
_ZN10__cxxabiv115__forced_unwindD2Ev	__cxxabiv1::__forced_unwind::~__forced_unwind()	T	30	30	NEAR	1.0000	libstdcxx/system	1
_ZN10__cxxabiv117__class_type_infoD0Ev	__cxxabiv1::__class_type_info::~__class_type_info()	T	52	53	DIFF	0.9412	libstdcxx/system	1
_ZN10__cxxabiv117__class_type_infoD1Ev	__cxxabiv1::__class_type_info::~__class_type_info()	T	46	48	DIFF	0.8750	libstdcxx/system	1
_ZN10__cxxabiv117__class_type_infoD2Ev	__cxxabiv1::__class_type_info::~__class_type_info()	T	46	48	DIFF	0.8750	libstdcxx/system	1
_ZN10__cxxabiv119__foreign_exceptionD0Ev	__cxxabiv1::__foreign_exception::~__foreign_exception()	T	52	53	DIFF	0.9412	libstdcxx/system	1
_ZN10__cxxabiv119__foreign_exceptionD1Ev	__cxxabiv1::__foreign_exception::~__foreign_exception()	T	30	30	NEAR	1.0000	libstdcxx/system	1
_ZN10__cxxabiv119__foreign_exceptionD2Ev	__cxxabiv1::__foreign_exception::~__foreign_exception()	T	30	30	NEAR	1.0000	libstdcxx/system	1
_ZN10__cxxabiv120__si_class_type_infoD0Ev	__cxxabiv1::__si_class_type_info::~__si_class_type_info()	T	52	53	DIFF	0.9412	libstdcxx/system	1
_ZN10__cxxabiv120__si_class_type_infoD1Ev	__cxxabiv1::__si_class_type_info::~__si_class_type_info()	T	46	48	DIFF	0.8750	libstdcxx/system	1
_ZN10__cxxabiv120__si_class_type_infoD2Ev	__cxxabiv1::__si_class_type_info::~__si_class_type_info()	T	46	48	DIFF	0.8750	libstdcxx/system	1
_ZN10__cxxabiv121__vmi_class_type_infoD0Ev	__cxxabiv1::__vmi_class_type_info::~__vmi_class_type_info()	T	52	53	DIFF	0.9412	libstdcxx/system	1
_ZN10__cxxabiv121__vmi_class_type_infoD1Ev	__cxxabiv1::__vmi_class_type_info::~__vmi_class_type_info()	T	46	48	DIFF	0.8750	libstdcxx/system	1
_ZN10__cxxabiv121__vmi_class_type_infoD2Ev	__cxxabiv1::__vmi_class_type_info::~__vmi_class_type_info()	T	46	48	DIFF	0.8750	libstdcxx/system	1
_ZN11CArchiveLog13CreateLogFileEPKc	CArchiveLog::CreateLogFile(char const*)	T	46	46	NEAR	1.0000	project	1
_ZN11CArchiveLog13CreateLogFileER8DateTime	CArchiveLog::CreateLogFile(DateTime&)	T	137	137	NEAR	1.0000	project	1
_ZN11CArchiveLog8OpenFileEPKc	CArchiveLog::OpenFile(char const*)	T	74	74	NEAR	1.0000	project	1
_ZN11CArchiveLog8WriteLogEPKc	CArchiveLog::WriteLog(char const*)	T	283	289	DIFF	0.9651	project	1
_ZN11CArchiveLog9CloseFileEv	CArchiveLog::CloseFile()	T	44	44	NEAR	1.0000	project	1
_ZN11CArchiveLogC1Ev	CArchiveLog::CArchiveLog()	T	31	31	NEAR	1.0000	project	1
_ZN11CArchiveLogC2Ev	CArchiveLog::CArchiveLog()	T	31	31	NEAR	1.0000	project	1
_ZN11CArchiveLogD1Ev	CArchiveLog::~CArchiveLog()	T	19	19	NEAR	1.0000	project	1
_ZN11CArchiveLogD2Ev	CArchiveLog::~CArchiveLog()	T	19	19	NEAR	1.0000	project	1
_ZN11packet_proc13OnReqAddBuddyEP15ISessionManagerP15CNetworkSessionP12PacketHeader	packet_proc::OnReqAddBuddy(ISessionManager*, CNetworkSession*, PacketHeader*)	T	537	537	NEAR	1.0000	project	1
_ZN11packet_proc13OnResAddBuddyEP15ISessionManagerP15CNetworkSessionP12PacketHeader	packet_proc::OnResAddBuddy(ISessionManager*, CNetworkSession*, PacketHeader*)	T	479	479	NEAR	1.0000	project	1
_ZN11packet_proc14OnBuddyChatMsgEP15ISessionManagerP15CNetworkSessionP12PacketHeader	packet_proc::OnBuddyChatMsg(ISessionManager*, CNetworkSession*, PacketHeader*)	T	154	154	NEAR	1.0000	project	1
_ZN11packet_proc14OnReqBuddyListEP15ISessionManagerP15CNetworkSessionP12PacketHeader	packet_proc::OnReqBuddyList(ISessionManager*, CNetworkSession*, PacketHeader*)	T	101	101	NEAR	1.0000	project	1
_ZN11packet_proc16OnReqRemoveBuddyEP15ISessionManagerP15CNetworkSessionP12PacketHeader	packet_proc::OnReqRemoveBuddy(ISessionManager*, CNetworkSession*, PacketHeader*)	T	154	154	NEAR	1.0000	project	1
_ZN11packet_proc23OnBuddyChatMsgHyperLinkEP15ISessionManagerP15CNetworkSessionP12PacketHeader	packet_proc::OnBuddyChatMsgHyperLink(ISessionManager*, CNetworkSession*, PacketHeader*)	T	154	154	NEAR	1.0000	project	1
_ZN11packet_proc7OnLoginEP15ISessionManagerP15CNetworkSessionP12PacketHeader	packet_proc::OnLogin(ISessionManager*, CNetworkSession*, PacketHeader*)	T	296	296	NEAR	1.0000	project	1
_ZN11packet_proc8OnLogoutEP15ISessionManagerP15CNetworkSessionP12PacketHeader	packet_proc::OnLogout(ISessionManager*, CNetworkSession*, PacketHeader*)	T	174	174	NEAR	1.0000	project	1
_ZN12CToolFileLogC1EPKci	CToolFileLog::CToolFileLog(char const*, int)	T	22	22	IDENTICAL	1.0000	project	1
_ZN12CToolFileLogC2EPKci	CToolFileLog::CToolFileLog(char const*, int)	T	22	22	IDENTICAL	1.0000	project	1
_ZN12CToolFileLogclEPKciS1_z	CToolFileLog::operator()(char const*, int, char const*, ...)	T	329	327	DIFF	0.9390	project	1
_ZN12CUserManager10enter_userEjP15CNetworkSessionR14STGameUserInfoiP16STPvPBuddyDBInfo	CUserManager::enter_user(unsigned int, CNetworkSession*, STGameUserInfo&, int, STPvPBuddyDBInfo*)	T	293	293	NEAR	1.0000	project	1
_ZN12CUserManager10leave_userEP15CNetworkSession	CUserManager::leave_user(CNetworkSession*)	T	166	166	NEAR	1.0000	project	1
_ZN12CUserManager10leave_userEj	CUserManager::leave_user(unsigned int)	T	109	109	NEAR	1.0000	project	1
_ZN12CUserManager9find_userEcPKc	CUserManager::find_user(char, char const*)	T	240	240	NEAR	1.0000	project	1
_ZN12CUserManager9find_userEj	CUserManager::find_user(unsigned int)	T	142	142	NEAR	1.0000	project	1
_ZN12CUserManagerC1Ev	CUserManager::CUserManager()	W	19	19	NEAR	1.0000	project	1
_ZN12CUserManagerC2Ev	CUserManager::CUserManager()	W	19	19	NEAR	1.0000	project	1
_ZN12CUserManagerD1Ev	CUserManager::~CUserManager()	W	19	19	NEAR	1.0000	project	1
_ZN12CUserManagerD2Ev	CUserManager::~CUserManager()	W	19	19	NEAR	1.0000	project	1
_ZN12PacketHeaderC1Ett	PacketHeader::PacketHeader(unsigned short, unsigned short)	W	62	62	IDENTICAL	1.0000	project	1
_ZN12PacketHeaderC2Ett	PacketHeader::PacketHeader(unsigned short, unsigned short)	W	62	62	IDENTICAL	1.0000	project	1
_ZN12PvPBuddyInfoC1Ev	PvPBuddyInfo::PvPBuddyInfo()	W	96	96	NEAR	1.0000	project	1
_ZN12PvPBuddyInfoC2Ev	PvPBuddyInfo::PvPBuddyInfo()	W	96	96	NEAR	1.0000	project	1
_ZN12_GLOBAL__N_116get_locale_mutexEv	(anonymous namespace)::get_locale_mutex()	t	163	175	DIFF	0.6364	libstdcxx/system	1
_ZN12_GLOBAL__N_121system_error_categoryD0Ev	(anonymous namespace)::system_error_category::~system_error_category()	t	21	22	DIFF	0.8571	libstdcxx/system	1
_ZN12_GLOBAL__N_121system_error_categoryD1Ev	(anonymous namespace)::system_error_category::~system_error_category()	t	14	14	NEAR	1.0000	libstdcxx/system	1
_ZN12_GLOBAL__N_121system_error_categoryD2Ev	(anonymous namespace)::system_error_category::~system_error_category()	t	14	14	NEAR	1.0000	libstdcxx/system	1
_ZN12_GLOBAL__N_122generic_error_categoryD0Ev	(anonymous namespace)::generic_error_category::~generic_error_category()	t	21	22	DIFF	0.8571	libstdcxx/system	1
_ZN12_GLOBAL__N_122generic_error_categoryD1Ev	(anonymous namespace)::generic_error_category::~generic_error_category()	t	14	14	NEAR	1.0000	libstdcxx/system	1
_ZN12_GLOBAL__N_122generic_error_categoryD2Ev	(anonymous namespace)::generic_error_category::~generic_error_category()	t	14	14	NEAR	1.0000	libstdcxx/system	1
_ZN12_GLOBAL__N_1L6xwriteEiPKci	(anonymous namespace)::xwrite(int, char const*, int)	t	74	76	DIFF	0.9062	libstdcxx/system	1
_ZN12socket_event6CEpollI15CNetworkSessionE12CreateEventsEi	socket_event::CEpoll<CNetworkSession>::CreateEvents(int)	W	139	139	NEAR	1.0000	project	1
_ZN12socket_event6CEpollI15CNetworkSessionE12WaitForEventEi	socket_event::CEpoll<CNetworkSession>::WaitForEvent(int)	W	555	534	DIFF	0.9661	project	1
_ZN12socket_event6CEpollI15CNetworkSessionE15RegisterSessionEPS1_i	socket_event::CEpoll<CNetworkSession>::RegisterSession(CNetworkSession*, int)	W	102	102	NEAR	1.0000	project	1
_ZN12socket_event6CEpollI15CNetworkSessionE17UnregisterSessionEPS1_	socket_event::CEpoll<CNetworkSession>::UnregisterSession(CNetworkSession*)	W	98	98	NEAR	1.0000	project	1
_ZN12socket_event6CEpollI15CNetworkSessionEC1Ev	socket_event::CEpoll<CNetworkSession>::CEpoll()	W	34	34	NEAR	1.0000	project	1
_ZN12socket_event6CEpollI15CNetworkSessionEC2Ev	socket_event::CEpoll<CNetworkSession>::CEpoll()	W	34	34	NEAR	1.0000	project	1
_ZN12socket_event6CEpollI15CNetworkSessionED0Ev	socket_event::CEpoll<CNetworkSession>::~CEpoll()	W	30	30	NEAR	1.0000	project	1
_ZN12socket_event6CEpollI15CNetworkSessionED1Ev	socket_event::CEpoll<CNetworkSession>::~CEpoll()	W	81	81	NEAR	1.0000	project	1
_ZN12socket_event6CEpollI15CNetworkSessionED2Ev	socket_event::CEpoll<CNetworkSession>::~CEpoll()	W	81	81	NEAR	1.0000	project	1
_ZN13CBuddyManager10find_buddyEcPKc	CBuddyManager::find_buddy(char, char const*)	T	237	237	NEAR	1.0000	project	1
_ZN13CBuddyManager8get_sizeEv	CBuddyManager::get_size()	W	19	19	NEAR	1.0000	project	1
_ZN13CBuddyManager9add_buddyER16STPvPBuddyDBInfo	CBuddyManager::add_buddy(STPvPBuddyDBInfo&)	T	26	26	NEAR	1.0000	project	1
_ZN13CBuddyManager9del_buddyEcPKc	CBuddyManager::del_buddy(char, char const*)	T	262	262	NEAR	1.0000	project	1
_ZN13CBuddyManagerC1ERKS_	CBuddyManager::CBuddyManager(CBuddyManager const&)	W	26	26	NEAR	1.0000	project	1
_ZN13CBuddyManagerC1Ev	CBuddyManager::CBuddyManager()	W	19	19	NEAR	1.0000	project	1
_ZN13CBuddyManagerC2ERKS_	CBuddyManager::CBuddyManager(CBuddyManager const&)	W	26	26	NEAR	1.0000	project	1
_ZN13CBuddyManagerC2Ev	CBuddyManager::CBuddyManager()	W	19	19	NEAR	1.0000	project	1
_ZN13CBuddyManagerD1Ev	CBuddyManager::~CBuddyManager()	W	66	66	NEAR	1.0000	project	1
_ZN13CBuddyManagerD2Ev	CBuddyManager::~CBuddyManager()	W	66	66	NEAR	1.0000	project	1
_ZN13CMyRawFileLogclEPKcS1_z	CMyRawFileLog::operator()(char const*, char const*, ...)	T	106	105	DIFF	0.9259	project	1
_ZN13CPacketParserC1Ev	CPacketParser::CPacketParser()	T	5	5	IDENTICAL	1.0000	project	1
_ZN13CPacketParserC2Ev	CPacketParser::CPacketParser()	T	5	5	IDENTICAL	1.0000	project	1
_ZN13CPacketParserD1Ev	CPacketParser::~CPacketParser()	T	5	5	IDENTICAL	1.0000	project	1
_ZN13CPacketParserD2Ev	CPacketParser::~CPacketParser()	T	5	5	IDENTICAL	1.0000	project	1
_ZN14CFileLogWriter11writeRawLogEPKcS1_z	CFileLogWriter::writeRawLog(char const*, char const*, ...)	T	1007	1020	DIFF	0.9802	project	1
_ZN14CFileLogWriter8writeLogEPKcS1_z	CFileLogWriter::writeLog(char const*, char const*, ...)	T	1021	1040	DIFF	0.9739	project	1
_ZN14CFileLogWriterC1Ev	CFileLogWriter::CFileLogWriter()	T	45	45	NEAR	1.0000	project	1
_ZN14CFileLogWriterC2Ev	CFileLogWriter::CFileLogWriter()	T	45	45	NEAR	1.0000	project	1
_ZN14CFileLogWriterD0Ev	CFileLogWriter::~CFileLogWriter()	T	30	30	NEAR	1.0000	project	1
_ZN14CFileLogWriterD1Ev	CFileLogWriter::~CFileLogWriter()	T	65	65	NEAR	1.0000	project	1
_ZN14CFileLogWriterD2Ev	CFileLogWriter::~CFileLogWriter()	T	65	65	NEAR	1.0000	project	1
_ZN14STGameUserInfoC1Ev	STGameUserInfo::STGameUserInfo()	W	109	109	NEAR	1.0000	project	1
_ZN14STGameUserInfoC2Ev	STGameUserInfo::STGameUserInfo()	W	109	109	NEAR	1.0000	project	1
_ZN14network_engine13CSessionProxyI15CNetworkSessionN12socket_event6CEpollEE10TryConnectEPKci	network_engine::CSessionProxy<CNetworkSession, socket_event::CEpoll>::TryConnect(char const*, int)	W	106	106	NEAR	1.0000	project	1
_ZN14network_engine13CSessionProxyI15CNetworkSessionN12socket_event6CEpollEE12CreateEventsEi	network_engine::CSessionProxy<CNetworkSession, socket_event::CEpoll>::CreateEvents(int)	W	26	26	NEAR	1.0000	project	1
_ZN14network_engine13CSessionProxyI15CNetworkSessionN12socket_event6CEpollEE13TryDisconnectEPS1_	network_engine::CSessionProxy<CNetworkSession, socket_event::CEpoll>::TryDisconnect(CNetworkSession*)	W	37	37	NEAR	1.0000	project	1
_ZN14network_engine13CSessionProxyI15CNetworkSessionN12socket_event6CEpollEE19WaitForSessionEventEi	network_engine::CSessionProxy<CNetworkSession, socket_event::CEpoll>::WaitForSessionEvent(int)	W	26	26	NEAR	1.0000	project	1
_ZN14network_engine13CSessionProxyI15CNetworkSessionN12socket_event6CEpollEE9TryListenEPKci	network_engine::CSessionProxy<CNetworkSession, socket_event::CEpoll>::TryListen(char const*, int)	W	80	80	NEAR	1.0000	project	1
_ZN14network_engine13CSessionProxyI15CNetworkSessionN12socket_event6CEpollEEC1Ev	network_engine::CSessionProxy<CNetworkSession, socket_event::CEpoll>::CSessionProxy()	W	28	28	NEAR	1.0000	project	1
_ZN14network_engine13CSessionProxyI15CNetworkSessionN12socket_event6CEpollEEC2Ev	network_engine::CSessionProxy<CNetworkSession, socket_event::CEpoll>::CSessionProxy()	W	28	28	NEAR	1.0000	project	1
_ZN14network_engine13CSessionProxyI15CNetworkSessionN12socket_event6CEpollEED0Ev	network_engine::CSessionProxy<CNetworkSession, socket_event::CEpoll>::~CSessionProxy()	W	30	30	NEAR	1.0000	project	1
_ZN14network_engine13CSessionProxyI15CNetworkSessionN12socket_event6CEpollEED1Ev	network_engine::CSessionProxy<CNetworkSession, socket_event::CEpoll>::~CSessionProxy()	W	48	48	NEAR	1.0000	project	1
_ZN14network_engine13CSessionProxyI15CNetworkSessionN12socket_event6CEpollEED2Ev	network_engine::CSessionProxy<CNetworkSession, socket_event::CEpoll>::~CSessionProxy()	W	48	48	NEAR	1.0000	project	1
_ZN15CAbstractSocketILi4096ELi4096EE10disconnectEv	CAbstractSocket<4096, 4096>::disconnect()	W	53	53	NEAR	1.0000	project	1
_ZN15CAbstractSocketILi4096ELi4096EE11ConnectPeerEv	CAbstractSocket<4096, 4096>::ConnectPeer()	W	118	118	NEAR	1.0000	project	1
_ZN15CAbstractSocketILi4096ELi4096EE11GetRecvBuffEiRi	CAbstractSocket<4096, 4096>::GetRecvBuff(int, int&)	W	56	56	IDENTICAL	1.0000	project	1
_ZN15CAbstractSocketILi4096ELi4096EE11SetNonblockEi	CAbstractSocket<4096, 4096>::SetNonblock(int)	W	88	88	NEAR	1.0000	project	1
_ZN15CAbstractSocketILi4096ELi4096EE11recv_packetEv	CAbstractSocket<4096, 4096>::recv_packet()	W	346	342	DIFF	0.9615	project	1
_ZN15CAbstractSocketILi4096ELi4096EE11send_packetEPKci	CAbstractSocket<4096, 4096>::send_packet(char const*, int)	W	443	447	DIFF	0.9915	project	1
_ZN15CAbstractSocketILi4096ELi4096EE11send_packetEv	CAbstractSocket<4096, 4096>::send_packet()	W	518	510	DIFF	0.9710	project	1
_ZN15CAbstractSocketILi4096ELi4096EE12AcceptSocketEv	CAbstractSocket<4096, 4096>::AcceptSocket()	W	174	174	DIFF	1.0000	project	1
_ZN15CAbstractSocketILi4096ELi4096EE18CreateListenSocketERiiPKc	CAbstractSocket<4096, 4096>::CreateListenSocket(int&, int, char const*)	W	331	331	NEAR	1.0000	project	1
_ZN15CAbstractSocketILi4096ELi4096EE19SetRecvBufferOffsetEi	CAbstractSocket<4096, 4096>::SetRecvBufferOffset(int)	W	241	241	NEAR	1.0000	project	1
_ZN15CAbstractSocketILi4096ELi4096EE22CreateConnectionSocketEPKci	CAbstractSocket<4096, 4096>::CreateConnectionSocket(char const*, int)	W	190	183	DIFF	0.9796	project	1
_ZN15CAbstractSocketILi4096ELi4096EE26AddTriggerSessionEventTypeEi	CAbstractSocket<4096, 4096>::AddTriggerSessionEventType(int)	W	28	28	IDENTICAL	1.0000	project	1
_ZN15CAbstractSocketILi4096ELi4096EE26GetTriggerSessionEventTypeEv	CAbstractSocket<4096, 4096>::GetTriggerSessionEventType()	W	14	14	IDENTICAL	1.0000	project	1
_ZN15CAbstractSocketILi4096ELi4096EE26SetTriggerSessionEventTypeEi	CAbstractSocket<4096, 4096>::SetTriggerSessionEventType(int)	W	17	17	IDENTICAL	1.0000	project	1
_ZN15CAbstractSocketILi4096ELi4096EE5ResetEv	CAbstractSocket<4096, 4096>::Reset()	W	142	142	NEAR	1.0000	project	1
_ZN15CAbstractSocketILi4096ELi4096EE9GetSocketEv	CAbstractSocket<4096, 4096>::GetSocket()	W	10	10	IDENTICAL	1.0000	project	1
_ZN15CAbstractSocketILi4096ELi4096EE9SetSocketEib	CAbstractSocket<4096, 4096>::SetSocket(int, bool)	W	58	58	NEAR	1.0000	project	1
_ZN15CAbstractSocketILi4096ELi4096EEC1Ev	CAbstractSocket<4096, 4096>::CAbstractSocket()	W	84	84	NEAR	1.0000	project	1
_ZN15CAbstractSocketILi4096ELi4096EEC2Ev	CAbstractSocket<4096, 4096>::CAbstractSocket()	W	84	84	NEAR	1.0000	project	1
_ZN15CAbstractSocketILi4096ELi4096EED1Ev	CAbstractSocket<4096, 4096>::~CAbstractSocket()	W	5	5	IDENTICAL	1.0000	project	1
_ZN15CAbstractSocketILi4096ELi4096EED2Ev	CAbstractSocket<4096, 4096>::~CAbstractSocket()	W	5	5	IDENTICAL	1.0000	project	1
_ZN15CNetworkSession10DisconnectEv	CNetworkSession::Disconnect()	T	102	102	NEAR	1.0000	project	1
_ZN15CNetworkSession18CreateListenSocketEiPKc	CNetworkSession::CreateListenSocket(int, char const*)	T	191	191	NEAR	1.0000	project	1
_ZN15CNetworkSession4SendEPKci	CNetworkSession::Send(char const*, int)	T	54	54	NEAR	1.0000	project	1
_ZN15CNetworkSession6OnRecvEv	CNetworkSession::OnRecv()	T	148	148	NEAR	1.0000	project	1
_ZN15CNetworkSession6OnSendEv	CNetworkSession::OnSend()	T	98	98	NEAR	1.0000	project	1
_ZN15CNetworkSession7ConnectEPKci	CNetworkSession::Connect(char const*, int)	T	310	309	DIFF	0.9888	project	1
_ZN15CNetworkSession7OnErrorEv	CNetworkSession::OnError()	T	73	73	NEAR	1.0000	project	1
_ZN15CNetworkSession7ParsingEPKci	CNetworkSession::Parsing(char const*, int)	T	124	131	DIFF	0.9388	project	1
_ZN15CNetworkSession8OnAcceptEv	CNetworkSession::OnAccept()	T	204	204	NEAR	1.0000	project	1
_ZN15CNetworkSession8dispatchEP12PacketHeader	CNetworkSession::dispatch(PacketHeader*)	T	115	121	DIFF	0.8974	project	1
_ZN15CNetworkSession8get_typeEv	CNetworkSession::get_type()	W	14	14	IDENTICAL	1.0000	project	1
_ZN15CNetworkSession8set_typeE17ENUM_SESSION_TYPE	CNetworkSession::set_type(ENUM_SESSION_TYPE)	W	17	17	IDENTICAL	1.0000	project	1
_ZN15CNetworkSession9OnConnectEv	CNetworkSession::OnConnect()	T	47	47	NEAR	1.0000	project	1
_ZN15CNetworkSessionC1Ev	CNetworkSession::CNetworkSession()	T	19	19	NEAR	1.0000	project	1
_ZN15CNetworkSessionC2Ev	CNetworkSession::CNetworkSession()	T	19	19	NEAR	1.0000	project	1
_ZN15CNetworkSessionD1Ev	CNetworkSession::~CNetworkSession()	T	19	19	NEAR	1.0000	project	1
_ZN15CNetworkSessionD2Ev	CNetworkSession::~CNetworkSession()	T	19	19	NEAR	1.0000	project	1
_ZN15CNetworkSessiondlEPvj	CNetworkSession::operator delete(void*, unsigned int)	T	27	27	NEAR	1.0000	project	1
_ZN15CNetworkSessionnwEj	CNetworkSession::operator new(unsigned int)	T	20	20	NEAR	1.0000	project	1
_ZN15CProcessManager13check_pidfileEPKc	CProcessManager::check_pidfile(char const*)	T	112	112	NEAR	1.0000	project	1
_ZN15CProcessManager18SendShutdownSignalEPKc	CProcessManager::SendShutdownSignal(char const*)	T	268	268	NEAR	1.0000	project	1
_ZN15CProcessManager6DaemonEv	CProcessManager::Daemon()	T	81	81	NEAR	1.0000	project	1
_ZN15CProcessManager8WritePIDEPKc	CProcessManager::WritePID(char const*)	T	261	261	NEAR	1.0000	project	1
_ZN15CProcessManager8_makeDirEPc	CProcessManager::_makeDir(char*)	T	47	47	NEAR	1.0000	project	1
_ZN15CProcessManagerC1Ev	CProcessManager::CProcessManager()	T	5	5	IDENTICAL	1.0000	project	1
_ZN15CProcessManagerC2Ev	CProcessManager::CProcessManager()	T	5	5	IDENTICAL	1.0000	project	1
_ZN15CProcessManagerD1Ev	CProcessManager::~CProcessManager()	T	5	5	IDENTICAL	1.0000	project	1
_ZN15CProcessManagerD2Ev	CProcessManager::~CProcessManager()	T	5	5	IDENTICAL	1.0000	project	1
_ZN15CSessionManager13SendHeartbeatEPKci	CSessionManager::SendHeartbeat(char const*, int)	T	10	10	IDENTICAL	1.0000	project	1
_ZN15CSessionManager15RegisterSessionEP15CNetworkSession17ENUM_SESSION_TYPE	CSessionManager::RegisterSession(CNetworkSession*, ENUM_SESSION_TYPE)	T	25	25	NEAR	1.0000	project	1
_ZN15CSessionManager17UnregisterSessionEP15CNetworkSession17ENUM_SESSION_TYPE	CSessionManager::UnregisterSession(CNetworkSession*, ENUM_SESSION_TYPE)	T	56	56	NEAR	1.0000	project	1
_ZN15CSessionManager19GetPacketDispatcherEv	CSessionManager::GetPacketDispatcher()	W	11	11	IDENTICAL	1.0000	project	1
_ZN15CSessionManager29SendPacketToConnectingSessionEPKciS1_i	CSessionManager::SendPacketToConnectingSession(char const*, int, char const*, int)	T	176	176	NEAR	1.0000	project	1
_ZN15CSessionManagerC1Ev	CSessionManager::CSessionManager()	T	269	269	NEAR	1.0000	project	1
_ZN15CSessionManagerC2Ev	CSessionManager::CSessionManager()	T	269	269	NEAR	1.0000	project	1
_ZN15CSessionManagerD0Ev	CSessionManager::~CSessionManager()	T	30	30	NEAR	1.0000	project	1
_ZN15CSessionManagerD1Ev	CSessionManager::~CSessionManager()	T	154	154	NEAR	1.0000	project	1
_ZN15CSessionManagerD2Ev	CSessionManager::~CSessionManager()	T	154	154	NEAR	1.0000	project	1
_ZN15ISessionManagerC1Ev	ISessionManager::ISessionManager()	W	14	14	NEAR	1.0000	project	1
_ZN15ISessionManagerC2Ev	ISessionManager::ISessionManager()	W	14	14	NEAR	1.0000	project	1
_ZN15global_function5sleepEi	global_function::sleep(int)	T	25	25	NEAR	1.0000	project	1
_ZN16STPvPBuddyDBInfoC1Ev	STPvPBuddyDBInfo::STPvPBuddyDBInfo()	W	92	92	NEAR	1.0000	project	1
_ZN16STPvPBuddyDBInfoC2Ev	STPvPBuddyDBInfo::STPvPBuddyDBInfo()	W	92	92	NEAR	1.0000	project	1
_ZN16STPvPBuddyDBInfoD1Ev	STPvPBuddyDBInfo::~STPvPBuddyDBInfo()	W	5	5	IDENTICAL	1.0000	project	1
_ZN16STPvPBuddyDBInfoD2Ev	STPvPBuddyDBInfo::~STPvPBuddyDBInfo()	W	5	5	IDENTICAL	1.0000	project	1
_ZN17CConfigFileReader12CheckCommandEPc	CConfigFileReader::CheckCommand(char*)	T	174	174	NEAR	1.0000	project	1
_ZN17CConfigFileReader14ReadConfigFileEPKc	CConfigFileReader::ReadConfigFile(char const*)	T	172	172	NEAR	1.0000	project	1
_ZN17CConfigFileReader4TrimEPc	CConfigFileReader::Trim(char*)	T	261	246	DIFF	0.8750	project	1
_ZN17CConfigFileReader5ParseEPc	CConfigFileReader::Parse(char*)	T	477	477	NEAR	1.0000	project	1
_ZN17CConfigFileReader7GetLineEP8_IO_FILEPc	CConfigFileReader::GetLine(_IO_FILE*, char*)	T	205	205	NEAR	1.0000	project	1
_ZN17CConfigFileReader7add_tagEPKc	CConfigFileReader::add_tag(char const*)	T	146	146	NEAR	1.0000	project	1
_ZN17CConfigFileReader9get_valueEPKc	CConfigFileReader::get_value(char const*)	T	268	262	DIFF	0.9767	project	1
_ZN17CConfigFileReaderC1Ev	CConfigFileReader::CConfigFileReader()	T	69	69	NEAR	1.0000	project	1
_ZN17CConfigFileReaderC2Ev	CConfigFileReader::CConfigFileReader()	T	69	69	NEAR	1.0000	project	1
_ZN17CConfigFileReaderD1Ev	CConfigFileReader::~CConfigFileReader()	T	69	69	NEAR	1.0000	project	1
_ZN17CConfigFileReaderD2Ev	CConfigFileReader::~CConfigFileReader()	T	69	69	NEAR	1.0000	project	1
_ZN17CPacketDispatcher14get_dispatcherEt	CPacketDispatcher::get_dispatcher(unsigned short)	W	107	107	NEAR	1.0000	project	1
_ZN17CPacketDispatcher15register_packetEtPFiP15ISessionManagerP15CNetworkSessionP12PacketHeaderE	CPacketDispatcher::register_packet(unsigned short, int (*)(ISessionManager*, CNetworkSession*, PacketHeader*))	W	89	89	NEAR	1.0000	project	1
_ZN17CPacketDispatcherC1Ev	CPacketDispatcher::CPacketDispatcher()	T	19	19	NEAR	1.0000	project	1
_ZN17CPacketDispatcherC2Ev	CPacketDispatcher::CPacketDispatcher()	T	19	19	NEAR	1.0000	project	1
_ZN17CPacketDispatcherD1Ev	CPacketDispatcher::~CPacketDispatcher()	T	19	19	NEAR	1.0000	project	1
_ZN17CPacketDispatcherD2Ev	CPacketDispatcher::~CPacketDispatcher()	T	19	19	NEAR	1.0000	project	1
_ZN23Packet_Delete_PvP_BuddyC1Ev	Packet_Delete_PvP_Buddy::Packet_Delete_PvP_Buddy()	W	69	69	NEAR	1.0000	project	1
_ZN23Packet_Delete_PvP_BuddyC2Ev	Packet_Delete_PvP_Buddy::Packet_Delete_PvP_Buddy()	W	69	69	NEAR	1.0000	project	1
_ZN23Packet_Insert_PvP_BuddyC1Ev	Packet_Insert_PvP_Buddy::Packet_Insert_PvP_Buddy()	W	63	63	NEAR	1.0000	project	1
_ZN23Packet_Insert_PvP_BuddyC2Ev	Packet_Insert_PvP_Buddy::Packet_Insert_PvP_Buddy()	W	63	63	NEAR	1.0000	project	1
_ZN23Packet_Update_PvP_BuddyC1Ev	Packet_Update_PvP_Buddy::Packet_Update_PvP_Buddy()	W	66	66	NEAR	1.0000	project	1
_ZN23Packet_Update_PvP_BuddyC2Ev	Packet_Update_PvP_Buddy::Packet_Update_PvP_Buddy()	W	66	66	NEAR	1.0000	project	1
_ZN30Packet_Notice_PvP_Buddy_In_OutC1Ev	Packet_Notice_PvP_Buddy_In_Out::Packet_Notice_PvP_Buddy_In_Out()	W	106	106	NEAR	1.0000	project	1
_ZN30Packet_Notice_PvP_Buddy_In_OutC2Ev	Packet_Notice_PvP_Buddy_In_Out::Packet_Notice_PvP_Buddy_In_Out()	W	106	106	NEAR	1.0000	project	1
_ZN32Packet_Response_Remove_PvP_BuddyC1Ev	Packet_Response_Remove_PvP_Buddy::Packet_Response_Remove_PvP_Buddy()	W	99	99	NEAR	1.0000	project	1
_ZN32Packet_Response_Remove_PvP_BuddyC2Ev	Packet_Response_Remove_PvP_Buddy::Packet_Response_Remove_PvP_Buddy()	W	99	99	NEAR	1.0000	project	1
_ZN34Packet_Notice_Add_PvP_Buddy_ResultC1Ev	Packet_Notice_Add_PvP_Buddy_Result::Packet_Notice_Add_PvP_Buddy_Result()	W	106	106	NEAR	1.0000	project	1
_ZN34Packet_Notice_Add_PvP_Buddy_ResultC2Ev	Packet_Notice_Add_PvP_Buddy_Result::Packet_Notice_Add_PvP_Buddy_Result()	W	106	106	NEAR	1.0000	project	1
_ZN35Packet_Notice_Request_Add_PvP_BuddyC1Ev	Packet_Notice_Request_Add_PvP_Buddy::Packet_Notice_Request_Add_PvP_Buddy()	W	92	92	NEAR	1.0000	project	1
_ZN35Packet_Notice_Request_Add_PvP_BuddyC2Ev	Packet_Notice_Request_Add_PvP_Buddy::Packet_Notice_Request_Add_PvP_Buddy()	W	92	92	NEAR	1.0000	project	1
_ZN35Packet_Response_PvP_Buddy_Conn_ListC1Ev	Packet_Response_PvP_Buddy_Conn_List::Packet_Response_PvP_Buddy_Conn_List()	W	141	141	NEAR	1.0000	project	1
_ZN35Packet_Response_PvP_Buddy_Conn_ListC2Ev	Packet_Response_PvP_Buddy_Conn_List::Packet_Response_PvP_Buddy_Conn_List()	W	141	141	NEAR	1.0000	project	1
_ZN40Packet_Monitor_Other_Channel_Chat_ToUserC1Ev	Packet_Monitor_Other_Channel_Chat_ToUser::Packet_Monitor_Other_Channel_Chat_ToUser()	W	136	136	NEAR	1.0000	project	1
_ZN40Packet_Monitor_Other_Channel_Chat_ToUserC2Ev	Packet_Monitor_Other_Channel_Chat_ToUser::Packet_Monitor_Other_Channel_Chat_ToUser()	W	136	136	NEAR	1.0000	project	1
_ZN51Packet_Monitor_Other_Channel_Chat_ToUser_Hyper_LinkC1Ev	Packet_Monitor_Other_Channel_Chat_ToUser_Hyper_Link::Packet_Monitor_Other_Channel_Chat_ToUser_Hyper_Link()	W	178	178	NEAR	1.0000	project	1
_ZN51Packet_Monitor_Other_Channel_Chat_ToUser_Hyper_LinkC2Ev	Packet_Monitor_Other_Channel_Chat_ToUser_Hyper_Link::Packet_Monitor_Other_Channel_Chat_ToUser_Hyper_Link()	W	178	178	NEAR	1.0000	project	1
_ZN5CFLog8writeLogEP2tmPKcPc	CFLog::writeLog(tm*, char const*, char*)	T	171	171	NEAR	1.0000	project	1
_ZN5CFLog8writeLogEPKcPc	CFLog::writeLog(char const*, char*)	T	98	98	NEAR	1.0000	project	1
_ZN5CFLogC1ERSs	CFLog::CFLog(std::basic_string<char, std::char_traits<char>, std::allocator<char> >&)	T	151	151	NEAR	1.0000	project	1
_ZN5CFLogC2ERSs	CFLog::CFLog(std::basic_string<char, std::char_traits<char>, std::allocator<char> >&)	T	151	151	NEAR	1.0000	project	1
_ZN5CFLogD0Ev	CFLog::~CFLog()	T	30	30	NEAR	1.0000	project	1
_ZN5CFLogD1Ev	CFLog::~CFLog()	T	104	104	NEAR	1.0000	project	1
_ZN5CFLogD2Ev	CFLog::~CFLog()	T	104	104	NEAR	1.0000	project	1
_ZN5CUser12check_myselfEv	CUser::check_myself()	T	315	315	NEAR	1.0000	project	1
_ZN5CUser13get_user_infoEv	CUser::get_user_info()	W	11	11	IDENTICAL	1.0000	project	1
_ZN5CUser13req_add_buddyEPS_	CUser::req_add_buddy(CUser*)	T	110	110	NEAR	1.0000	project	1
_ZN5CUser13res_add_buddyEPS_	CUser::res_add_buddy(CUser*)	T	295	295	NEAR	1.0000	project	1
_ZN5CUser15db_delete_buddyEcj	CUser::db_delete_buddy(char, unsigned int)	T	88	88	NEAR	1.0000	project	1
_ZN5CUser15db_insert_buddyEP16STPvPBuddyDBInfoS1_	CUser::db_insert_buddy(STPvPBuddyDBInfo*, STPvPBuddyDBInfo*)	T	108	108	NEAR	1.0000	project	1
_ZN5CUser15db_update_buddyEv	CUser::db_update_buddy()	T	89	89	NEAR	1.0000	project	1
_ZN5CUser15send_buddy_listEv	CUser::send_buddy_list()	T	775	745	DIFF	0.9622	project	1
_ZN5CUser16req_remove_buddyEcPKc	CUser::req_remove_buddy(char, char const*)	T	359	359	DIFF	1.0000	project	1
_ZN5CUser17get_buddy_managerEv	CUser::get_buddy_manager()	W	11	11	IDENTICAL	1.0000	project	1
_ZN5CUser19notice_login_logoutENS_9eLoginoutE	CUser::notice_login_logout(CUser::eLoginout)	T	279	279	NEAR	1.0000	project	1
_ZN5CUser21notice_add_buddy_failEch	CUser::notice_add_buddy_fail(char, unsigned char)	T	94	94	NEAR	1.0000	project	1
_ZN5CUser23get_user_info_for_buddyER16STPvPBuddyDBInfo	CUser::get_user_info_for_buddy(STPvPBuddyDBInfo&)	T	128	128	NEAR	1.0000	project	1
_ZN5CUser23send_other_channel_chatEP33Packet_Monitor_Other_Channel_ChatPS_	CUser::send_other_channel_chat(Packet_Monitor_Other_Channel_Chat*, CUser*)	T	200	200	NEAR	1.0000	project	1
_ZN5CUser24notice_add_buddy_successEcPS_	CUser::notice_add_buddy_success(char, CUser*)	T	127	127	NEAR	1.0000	project	1
_ZN5CUser24notice_remove_buddy_failEh	CUser::notice_remove_buddy_fail(unsigned char)	T	81	81	NEAR	1.0000	project	1
_ZN5CUser26check_variable_charac_infoEcPKccc	CUser::check_variable_charac_info(char, char const*, char, char)	T	107	107	NEAR	1.0000	project	1
_ZN5CUser27notice_remove_buddy_successEcPKc	CUser::notice_remove_buddy_success(char, char const*)	T	114	114	NEAR	1.0000	project	1
_ZN5CUser27update_variable_charac_infoEcPKccc	CUser::update_variable_charac_info(char, char const*, char, char)	T	87	87	NEAR	1.0000	project	1
_ZN5CUser30send_other_channel_chat_resultEP33Packet_Monitor_Other_Channel_Chat18ENUM_MONITOR_ERROR	CUser::send_other_channel_chat_result(Packet_Monitor_Other_Channel_Chat*, ENUM_MONITOR_ERROR)	T	196	196	NEAR	1.0000	project	1
_ZN5CUser34send_other_channel_chat_hyper_linkEP44Packet_Monitor_Other_Channel_Chat_Hyper_LinkPS_	CUser::send_other_channel_chat_hyper_link(Packet_Monitor_Other_Channel_Chat_Hyper_Link*, CUser*)	T	312	310	DIFF	0.9747	project	1
_ZN5CUser41send_other_channel_chat_result_hyper_linkEP44Packet_Monitor_Other_Channel_Chat_Hyper_Link18ENUM_MONITOR_ERROR	CUser::send_other_channel_chat_result_hyper_link(Packet_Monitor_Other_Channel_Chat_Hyper_Link*, ENUM_MONITOR_ERROR)	T	308	306	DIFF	0.9744	project	1
_ZN5CUserC1EP15CNetworkSessionR14STGameUserInfoiP16STPvPBuddyDBInfo	CUser::CUser(CNetworkSession*, STGameUserInfo&, int, STPvPBuddyDBInfo*)	W	213	213	NEAR	1.0000	project	1
_ZN5CUserC1ERKS_	CUser::CUser(CUser const&)	W	120	120	NEAR	1.0000	project	1
_ZN5CUserC2EP15CNetworkSessionR14STGameUserInfoiP16STPvPBuddyDBInfo	CUser::CUser(CNetworkSession*, STGameUserInfo&, int, STPvPBuddyDBInfo*)	W	213	213	NEAR	1.0000	project	1
_ZN5CUserC2ERKS_	CUser::CUser(CUser const&)	W	120	120	NEAR	1.0000	project	1
_ZN5CUserD1Ev	CUser::~CUser()	W	22	22	NEAR	1.0000	project	1
_ZN5CUserD2Ev	CUser::~CUser()	W	22	22	NEAR	1.0000	project	1
_ZN5boost11object_poolI15CNetworkSessionNS_33default_user_allocator_new_deleteEE4freeEPS1_	boost::object_pool<CNetworkSession, boost::default_user_allocator_new_delete>::free(CNetworkSession*)	W	34	34	NEAR	1.0000	libstdcxx/system	1
_ZN5boost11object_poolI15CNetworkSessionNS_33default_user_allocator_new_deleteEE5storeEv	boost::object_pool<CNetworkSession, boost::default_user_allocator_new_delete>::store()	W	8	8	IDENTICAL	1.0000	libstdcxx/system	1
_ZN5boost11object_poolI15CNetworkSessionNS_33default_user_allocator_new_deleteEE6mallocEv	boost::object_pool<CNetworkSession, boost::default_user_allocator_new_delete>::malloc()	W	27	27	NEAR	1.0000	libstdcxx/system	1
_ZN5boost11object_poolI15CNetworkSessionNS_33default_user_allocator_new_deleteEE6nextofEPv	boost::object_pool<CNetworkSession, boost::default_user_allocator_new_delete>::nextof(void*)	W	8	8	IDENTICAL	1.0000	libstdcxx/system	1
_ZN5boost11object_poolI15CNetworkSessionNS_33default_user_allocator_new_deleteEEC1Ejj	boost::object_pool<CNetworkSession, boost::default_user_allocator_new_delete>::object_pool(unsigned int, unsigned int)	W	41	41	NEAR	1.0000	libstdcxx/system	1
_ZN5boost11object_poolI15CNetworkSessionNS_33default_user_allocator_new_deleteEEC2Ejj	boost::object_pool<CNetworkSession, boost::default_user_allocator_new_delete>::object_pool(unsigned int, unsigned int)	W	41	41	NEAR	1.0000	libstdcxx/system	1
_ZN5boost11object_poolI15CNetworkSessionNS_33default_user_allocator_new_deleteEED1Ev	boost::object_pool<CNetworkSession, boost::default_user_allocator_new_delete>::~object_pool()	W	313	313	NEAR	1.0000	libstdcxx/system	1
_ZN5boost11object_poolI15CNetworkSessionNS_33default_user_allocator_new_deleteEED2Ev	boost::object_pool<CNetworkSession, boost::default_user_allocator_new_delete>::~object_pool()	W	313	313	NEAR	1.0000	libstdcxx/system	1
_ZN5boost25simple_segregated_storageIjE12ordered_freeEPv	boost::simple_segregated_storage<unsigned int>::ordered_free(void*)	W	104	104	NEAR	1.0000	libstdcxx/system	1
_ZN5boost25simple_segregated_storageIjE17add_ordered_blockEPvjj	boost::simple_segregated_storage<unsigned int>::add_ordered_block(void*, unsigned int, unsigned int)	W	131	131	NEAR	1.0000	libstdcxx/system	1
_ZN5boost25simple_segregated_storageIjE4freeEPv	boost::simple_segregated_storage<unsigned int>::free(void*)	W	34	34	NEAR	1.0000	libstdcxx/system	1
_ZN5boost25simple_segregated_storageIjE6mallocEv	boost::simple_segregated_storage<unsigned int>::malloc()	W	39	39	NEAR	1.0000	libstdcxx/system	1
_ZN5boost25simple_segregated_storageIjE6nextofEPv	boost::simple_segregated_storage<unsigned int>::nextof(void*)	W	8	8	IDENTICAL	1.0000	libstdcxx/system	1
_ZN5boost25simple_segregated_storageIjE9add_blockEPvjj	boost::simple_segregated_storage<unsigned int>::add_block(void*, unsigned int, unsigned int)	W	47	47	NEAR	1.0000	libstdcxx/system	1
_ZN5boost25simple_segregated_storageIjE9find_prevEPv	boost::simple_segregated_storage<unsigned int>::find_prev(void*)	W	170	170	NEAR	1.0000	libstdcxx/system	1
_ZN5boost25simple_segregated_storageIjE9segregateEPvjjS2_	boost::simple_segregated_storage<unsigned int>::segregate(void*, unsigned int, unsigned int, void*)	W	150	150	NEAR	1.0000	libstdcxx/system	1
_ZN5boost25simple_segregated_storageIjEC1Ev	boost::simple_segregated_storage<unsigned int>::simple_segregated_storage()	W	14	14	IDENTICAL	1.0000	libstdcxx/system	1
_ZN5boost25simple_segregated_storageIjEC2Ev	boost::simple_segregated_storage<unsigned int>::simple_segregated_storage()	W	14	14	IDENTICAL	1.0000	libstdcxx/system	1
_ZN5boost33default_user_allocator_new_delete4freeEPc	boost::default_user_allocator_new_delete::free(char*)	W	25	25	NEAR	1.0000	libstdcxx/system	1
_ZN5boost33default_user_allocator_new_delete6mallocEj	boost::default_user_allocator_new_delete::malloc(unsigned int)	W	27	27	NEAR	1.0000	libstdcxx/system	1
_ZN5boost4poolINS_33default_user_allocator_new_deleteEE12ordered_freeEPv	boost::pool<boost::default_user_allocator_new_delete>::ordered_free(void*)	W	34	34	NEAR	1.0000	libstdcxx/system	1
_ZN5boost4poolINS_33default_user_allocator_new_deleteEE12purge_memoryEv	boost::pool<boost::default_user_allocator_new_delete>::purge_memory()	W	157	157	NEAR	1.0000	libstdcxx/system	1
_ZN5boost4poolINS_33default_user_allocator_new_deleteEE14ordered_mallocEv	boost::pool<boost::default_user_allocator_new_delete>::ordered_malloc()	W	66	66	NEAR	1.0000	libstdcxx/system	1
_ZN5boost4poolINS_33default_user_allocator_new_deleteEE26ordered_malloc_need_resizeEv	boost::pool<boost::default_user_allocator_new_delete>::ordered_malloc_need_resize()	W	728	726	DIFF	0.9913	libstdcxx/system	1
_ZN5boost4poolINS_33default_user_allocator_new_deleteEE5storeEv	boost::pool<boost::default_user_allocator_new_delete>::store()	W	8	8	IDENTICAL	1.0000	libstdcxx/system	1
_ZN5boost4poolINS_33default_user_allocator_new_deleteEEC1Ejjj	boost::pool<boost::default_user_allocator_new_delete>::pool(unsigned int, unsigned int, unsigned int)	W	85	85	NEAR	1.0000	libstdcxx/system	1
_ZN5boost4poolINS_33default_user_allocator_new_deleteEEC2Ejjj	boost::pool<boost::default_user_allocator_new_delete>::pool(unsigned int, unsigned int, unsigned int)	W	85	85	NEAR	1.0000	libstdcxx/system	1
_ZN5boost4poolINS_33default_user_allocator_new_deleteEED1Ev	boost::pool<boost::default_user_allocator_new_delete>::~pool()	W	19	19	NEAR	1.0000	libstdcxx/system	1
_ZN5boost4poolINS_33default_user_allocator_new_deleteEED2Ev	boost::pool<boost::default_user_allocator_new_delete>::~pool()	W	19	19	NEAR	1.0000	libstdcxx/system	1
_ZN5boost7details6PODptrIjE10invalidateEv	boost::details::PODptr<unsigned int>::invalidate()	W	25	25	NEAR	1.0000	libstdcxx/system	1
_ZN5boost7details6PODptrIjE5beginEv	boost::details::PODptr<unsigned int>::begin()	W	8	8	IDENTICAL	1.0000	libstdcxx/system	1
_ZN5boost7details6PODptrIjEC1EPcj	boost::details::PODptr<unsigned int>::PODptr(char*, unsigned int)	W	22	22	IDENTICAL	1.0000	libstdcxx/system	1
_ZN5boost7details6PODptrIjEC2EPcj	boost::details::PODptr<unsigned int>::PODptr(char*, unsigned int)	W	22	22	IDENTICAL	1.0000	libstdcxx/system	1
_ZN6CGuardI6CMutexEC1EPS0_	CGuard<CMutex>::CGuard(CMutex*)	W	27	27	NEAR	1.0000	project	1
_ZN6CGuardI6CMutexEC2EPS0_	CGuard<CMutex>::CGuard(CMutex*)	W	27	27	NEAR	1.0000	project	1
_ZN6CGuardI6CMutexED1Ev	CGuard<CMutex>::~CGuard()	W	21	21	NEAR	1.0000	project	1
_ZN6CGuardI6CMutexED2Ev	CGuard<CMutex>::~CGuard()	W	21	21	NEAR	1.0000	project	1
_ZN6CMutex4lockEv	CMutex::lock()	W	19	19	NEAR	1.0000	project	1
_ZN6CMutex6unlockEv	CMutex::unlock()	W	19	19	NEAR	1.0000	project	1
_ZN6CMutexC1Ev	CMutex::CMutex()	W	27	27	NEAR	1.0000	project	1
_ZN6CMutexC2Ev	CMutex::CMutex()	W	27	27	NEAR	1.0000	project	1
_ZN6CMutexD1Ev	CMutex::~CMutex()	W	19	19	NEAR	1.0000	project	1
_ZN6CMutexD2Ev	CMutex::~CMutex()	W	19	19	NEAR	1.0000	project	1
_ZN7DNFFLib10Binary2HexEPKhiPc	DNFFLib::Binary2Hex(unsigned char const*, int, char*)	T	92	92	NEAR	1.0000	project	1
_ZN7DNFFLib10Hex2BinaryEPKcPhi	DNFFLib::Hex2Binary(char const*, unsigned char*, int)	T	88	88	NEAR	1.0000	project	1
_ZN7DNFFLib12get_rand_intEi	DNFFLib::get_rand_int(int)	T	245	253	DIFF	0.9600	project	1
_ZN7DNFFLib13ExplodeStringEPcS0_PS0_i	DNFFLib::ExplodeString(char*, char*, char**, int)	T	208	208	NEAR	1.0000	project	1
_ZN7DNFFLib13PrintTextFileEPcS0_	DNFFLib::PrintTextFile(char*, char*)	T	65	65	NEAR	1.0000	project	1
_ZN7DNFFLib14fPrintTextFileEPcS0_z	DNFFLib::fPrintTextFile(char*, char*, ...)	T	96	96	NEAR	1.0000	project	1
_ZN7DNFFLib15CharacSetSwitchEPKcS1_PcS2_	DNFFLib::CharacSetSwitch(char const*, char const*, char*, char*)	T	275	275	NEAR	1.0000	project	1
_ZN7DNFFLib16ConvertGBKtoUTF8EPcS0_	DNFFLib::ConvertGBKtoUTF8(char*, char*)	T	61	61	NEAR	1.0000	project	1
_ZN7DNFFLib16ConvertUTF8toGBKEPcS0_	DNFFLib::ConvertUTF8toGBK(char*, char*)	T	61	61	NEAR	1.0000	project	1
_ZN7DNFFLib8Make_DirEPc	DNFFLib::Make_Dir(char*)	T	47	47	NEAR	1.0000	project	1
_ZN7DNFFLib9Sleep_ExtEii	DNFFLib::Sleep_Ext(int, int)	T	63	63	NEAR	1.0000	project	1
_ZN8CodePage12initCodePageEv	CodePage::initCodePage()	T	68	68	NEAR	1.0000	project	1
_ZN8CodePage15client2DatabaseEPcS0_	CodePage::client2Database(char*, char*)	T	101	101	NEAR	1.0000	project	1
_ZN8CodePage15database2ClientEPcS0_	CodePage::database2Client(char*, char*)	T	101	101	NEAR	1.0000	project	1
_ZN8CodePage15database2ScriptEPcS0_	CodePage::database2Script(char*, char*)	T	101	101	NEAR	1.0000	project	1
_ZN8CodePage15script2DatabaseEPcS0_	CodePage::script2Database(char*, char*)	T	101	101	NEAR	1.0000	project	1
_ZN8CodePage6clientEv	CodePage::client()	T	20	20	NEAR	1.0000	project	1
_ZN8CodePage6scriptEv	CodePage::script()	T	20	20	NEAR	1.0000	project	1
_ZN8CodePage8databaseEv	CodePage::database()	T	20	20	NEAR	1.0000	project	1
_ZN8DateTime7DiffDayERS_	DateTime::DiffDay(DateTime&)	T	24	24	IDENTICAL	1.0000	project	1
_ZN8DateTimeC1Ev	DateTime::DateTime()	T	134	134	NEAR	1.0000	project	1
_ZN8DateTimeC2Ev	DateTime::DateTime()	T	134	134	NEAR	1.0000	project	1
_ZN9CCoreDumpC1Ev	CCoreDump::CCoreDump()	T	74	74	NEAR	1.0000	project	1
_ZN9CCoreDumpC2Ev	CCoreDump::CCoreDump()	T	74	74	NEAR	1.0000	project	1
_ZN9CCoreDumpD1Ev	CCoreDump::~CCoreDump()	T	5	5	IDENTICAL	1.0000	project	1
_ZN9CCoreDumpD2Ev	CCoreDump::~CCoreDump()	T	5	5	IDENTICAL	1.0000	project	1
_ZN9CFindUserC1EcPKc	CFindUser::CFindUser(char, char const*)	W	82	82	NEAR	1.0000	project	1
_ZN9CFindUserC2EcPKc	CFindUser::CFindUser(char, char const*)	W	82	82	NEAR	1.0000	project	1
_ZN9__gnu_cxx13__scoped_lockD1Ev	__gnu_cxx::__scoped_lock::~__scoped_lock()	W	123	125	DIFF	0.9444	libstdcxx/system	1
_ZN9__gnu_cxx13__scoped_lockD2Ev	__gnu_cxx::__scoped_lock::~__scoped_lock()	W	123	125	DIFF	0.9444	libstdcxx/system	1
_ZN9__gnu_cxx13new_allocatorI16STPvPBuddyDBInfoE10deallocateEPS1_j	__gnu_cxx::new_allocator<STPvPBuddyDBInfo>::deallocate(STPvPBuddyDBInfo*, unsigned int)	W	19	19	NEAR	1.0000	libstdcxx/system	1
_ZN9__gnu_cxx13new_allocatorI16STPvPBuddyDBInfoE7destroyEPS1_	__gnu_cxx::new_allocator<STPvPBuddyDBInfo>::destroy(STPvPBuddyDBInfo*)	W	19	19	NEAR	1.0000	libstdcxx/system	1
_ZN9__gnu_cxx13new_allocatorI16STPvPBuddyDBInfoE8allocateEjPKv	__gnu_cxx::new_allocator<STPvPBuddyDBInfo>::allocate(unsigned int, void const*)	W	56	56	NEAR	1.0000	libstdcxx/system	1
_ZN9__gnu_cxx13new_allocatorI16STPvPBuddyDBInfoE9constructEPS1_RKS1_	__gnu_cxx::new_allocator<STPvPBuddyDBInfo>::construct(STPvPBuddyDBInfo*, STPvPBuddyDBInfo const&)	W	109	109	NEAR	1.0000	libstdcxx/system	1
_ZN9__gnu_cxx13new_allocatorI16STPvPBuddyDBInfoE9constructIIS1_EEEvPS1_DpOT_	void __gnu_cxx::new_allocator<STPvPBuddyDBInfo>::construct<STPvPBuddyDBInfo>(STPvPBuddyDBInfo*, STPvPBuddyDBInfo&&)	W	124	124	NEAR	1.0000	libstdcxx/system	1
_ZN9__gnu_cxx13new_allocatorI16STPvPBuddyDBInfoEC1ERKS2_	__gnu_cxx::new_allocator<STPvPBuddyDBInfo>::new_allocator(__gnu_cxx::new_allocator<STPvPBuddyDBInfo> const&)	W	5	5	IDENTICAL	1.0000	libstdcxx/system	1
_ZN9__gnu_cxx13new_allocatorI16STPvPBuddyDBInfoEC1Ev	__gnu_cxx::new_allocator<STPvPBuddyDBInfo>::new_allocator()	W	5	5	IDENTICAL	1.0000	libstdcxx/system	1
_ZN9__gnu_cxx13new_allocatorI16STPvPBuddyDBInfoEC2ERKS2_	__gnu_cxx::new_allocator<STPvPBuddyDBInfo>::new_allocator(__gnu_cxx::new_allocator<STPvPBuddyDBInfo> const&)	W	5	5	IDENTICAL	1.0000	libstdcxx/system	1
_ZN9__gnu_cxx13new_allocatorI16STPvPBuddyDBInfoEC2Ev	__gnu_cxx::new_allocator<STPvPBuddyDBInfo>::new_allocator()	W	5	5	IDENTICAL	1.0000	libstdcxx/system	1
_ZN9__gnu_cxx13new_allocatorI16STPvPBuddyDBInfoED1Ev	__gnu_cxx::new_allocator<STPvPBuddyDBInfo>::~new_allocator()	W	5	5	IDENTICAL	1.0000	libstdcxx/system	1
_ZN9__gnu_cxx13new_allocatorI16STPvPBuddyDBInfoED2Ev	__gnu_cxx::new_allocator<STPvPBuddyDBInfo>::~new_allocator()	W	5	5	IDENTICAL	1.0000	libstdcxx/system	1
_ZN9__gnu_cxx13new_allocatorISsE10deallocateEPSsj	__gnu_cxx::new_allocator<std::basic_string<char, std::char_traits<char>, std::allocator<char> > >::deallocate(std::basic_string<char, std::char_traits<char>, std::allocator<char> >*, unsigned int)	W	19	19	NEAR	1.0000	libstdcxx/system	1
_ZN9__gnu_cxx13new_allocatorISsE7destroyEPSs	__gnu_cxx::new_allocator<std::basic_string<char, std::char_traits<char>, std::allocator<char> > >::destroy(std::basic_string<char, std::char_traits<char>, std::allocator<char> >*)	W	19	19	NEAR	1.0000	libstdcxx/system	1
_ZN9__gnu_cxx13new_allocatorISsE8allocateEjPKv	__gnu_cxx::new_allocator<std::basic_string<char, std::char_traits<char>, std::allocator<char> > >::allocate(unsigned int, void const*)	W	56	56	NEAR	1.0000	libstdcxx/system	1
_ZN9__gnu_cxx13new_allocatorISsE9constructIISsEEEvPSsDpOT_	void __gnu_cxx::new_allocator<std::basic_string<char, std::char_traits<char>, std::allocator<char> > >::construct<std::basic_string<char, std::char_traits<char>, std::allocator<char> > >(std::basic_string<char, std::char_traits<char>, std::allocator<char> >*, std::basic_string<char, std::char_traits<char>, std::allocator<char> >&&)	W	103	103	NEAR	1.0000	libstdcxx/system	1
_ZN9__gnu_cxx13new_allocatorISsEC1Ev	__gnu_cxx::new_allocator<std::basic_string<char, std::char_traits<char>, std::allocator<char> > >::new_allocator()	W	5	5	IDENTICAL	1.0000	libstdcxx/system	1
_ZN9__gnu_cxx13new_allocatorISsEC2Ev	__gnu_cxx::new_allocator<std::basic_string<char, std::char_traits<char>, std::allocator<char> > >::new_allocator()	W	5	5	IDENTICAL	1.0000	libstdcxx/system	1
_ZN9__gnu_cxx13new_allocatorISsED1Ev	__gnu_cxx::new_allocator<std::basic_string<char, std::char_traits<char>, std::allocator<char> > >::~new_allocator()	W	5	5	IDENTICAL	1.0000	libstdcxx/system	1
_ZN9__gnu_cxx13new_allocatorISsED2Ev	__gnu_cxx::new_allocator<std::basic_string<char, std::char_traits<char>, std::allocator<char> > >::~new_allocator()	W	5	5	IDENTICAL	1.0000	libstdcxx/system	1
_ZN9__gnu_cxx13new_allocatorISt13_Rb_tree_nodeISt4pairIKSsP5CFLogEEE10deallocateEPS7_j	__gnu_cxx::new_allocator<std::_Rb_tree_node<std::pair<std::basic_string<char, std::char_traits<char>, std::allocator<char> > const, CFLog*> > >::deallocate(std::_Rb_tree_node<std::pair<std::basic_string<char, std::char_traits<char>, std::allocator<char> > const, CFLog*> >*, unsigned int)	W	19	19	NEAR	1.0000	libstdcxx/system	1
_ZN9__gnu_cxx13new_allocatorISt13_Rb_tree_nodeISt4pairIKSsP5CFLogEEE7destroyEPS7_	__gnu_cxx::new_allocator<std::_Rb_tree_node<std::pair<std::basic_string<char, std::char_traits<char>, std::allocator<char> > const, CFLog*> > >::destroy(std::_Rb_tree_node<std::pair<std::basic_string<char, std::char_traits<char>, std::allocator<char> > const, CFLog*> >*)	W	19	19	NEAR	1.0000	libstdcxx/system	1
_ZN9__gnu_cxx13new_allocatorISt13_Rb_tree_nodeISt4pairIKSsP5CFLogEEE8allocateEjPKv	__gnu_cxx::new_allocator<std::_Rb_tree_node<std::pair<std::basic_string<char, std::char_traits<char>, std::allocator<char> > const, CFLog*> > >::allocate(unsigned int, void const*)	W	62	62	NEAR	1.0000	libstdcxx/system	1
_ZN9__gnu_cxx13new_allocatorISt13_Rb_tree_nodeISt4pairIKSsP5CFLogEEE9constructIIRKS6_EEEvPS7_DpOT_	void __gnu_cxx::new_allocator<std::_Rb_tree_node<std::pair<std::basic_string<char, std::char_traits<char>, std::allocator<char> > const, CFLog*> > >::construct<std::pair<std::basic_string<char, std::char_traits<char>, std::allocator<char> > const, CFLog*> const&>(std::_Rb_tree_node<std::pair<std::basic_string<char, std::char_traits<char>, std::allocator<char> > const, CFLog*> >*, std::pair<std::basic_string<char, std::char_traits<char>, std::allocator<char> > const, CFLog*> const&)	W	103	103	NEAR	1.0000	libstdcxx/system	1
_ZN9__gnu_cxx13new_allocatorISt13_Rb_tree_nodeISt4pairIKSsP5CFLogEEEC1Ev	__gnu_cxx::new_allocator<std::_Rb_tree_node<std::pair<std::basic_string<char, std::char_traits<char>, std::allocator<char> > const, CFLog*> > >::new_allocator()	W	5	5	IDENTICAL	1.0000	libstdcxx/system	1
_ZN9__gnu_cxx13new_allocatorISt13_Rb_tree_nodeISt4pairIKSsP5CFLogEEEC2Ev	__gnu_cxx::new_allocator<std::_Rb_tree_node<std::pair<std::basic_string<char, std::char_traits<char>, std::allocator<char> > const, CFLog*> > >::new_allocator()	W	5	5	IDENTICAL	1.0000	libstdcxx/system	1
_ZN9__gnu_cxx13new_allocatorISt13_Rb_tree_nodeISt4pairIKSsP5CFLogEEED1Ev	__gnu_cxx::new_allocator<std::_Rb_tree_node<std::pair<std::basic_string<char, std::char_traits<char>, std::allocator<char> > const, CFLog*> > >::~new_allocator()	W	5	5	IDENTICAL	1.0000	libstdcxx/system	1
_ZN9__gnu_cxx13new_allocatorISt13_Rb_tree_nodeISt4pairIKSsP5CFLogEEED2Ev	__gnu_cxx::new_allocator<std::_Rb_tree_node<std::pair<std::basic_string<char, std::char_traits<char>, std::allocator<char> > const, CFLog*> > >::~new_allocator()	W	5	5	IDENTICAL	1.0000	libstdcxx/system	1
_ZN9__gnu_cxx13new_allocatorISt13_Rb_tree_nodeISt4pairIKSsSsEEE10deallocateEPS5_j	__gnu_cxx::new_allocator<std::_Rb_tree_node<std::pair<std::basic_string<char, std::char_traits<char>, std::allocator<char> > const, std::basic_string<char, std::char_traits<char>, std::allocator<char> > > > >::deallocate(std::_Rb_tree_node<std::pair<std::basic_string<char, std::char_traits<char>, std::allocator<char> > const, std::basic_string<char, std::char_traits<char>, std::allocator<char> > > >*, unsigned int)	W	19	19	NEAR	1.0000	libstdcxx/system	1
_ZN9__gnu_cxx13new_allocatorISt13_Rb_tree_nodeISt4pairIKSsSsEEE7destroyEPS5_	__gnu_cxx::new_allocator<std::_Rb_tree_node<std::pair<std::basic_string<char, std::char_traits<char>, std::allocator<char> > const, std::basic_string<char, std::char_traits<char>, std::allocator<char> > > > >::destroy(std::_Rb_tree_node<std::pair<std::basic_string<char, std::char_traits<char>, std::allocator<char> > const, std::basic_string<char, std::char_traits<char>, std::allocator<char> > > >*)	W	19	19	NEAR	1.0000	libstdcxx/system	1
_ZN9__gnu_cxx13new_allocatorISt13_Rb_tree_nodeISt4pairIKSsSsEEE8allocateEjPKv	__gnu_cxx::new_allocator<std::_Rb_tree_node<std::pair<std::basic_string<char, std::char_traits<char>, std::allocator<char> > const, std::basic_string<char, std::char_traits<char>, std::allocator<char> > > > >::allocate(unsigned int, void const*)	W	62	62	NEAR	1.0000	libstdcxx/system	1
_ZN9__gnu_cxx13new_allocatorISt13_Rb_tree_nodeISt4pairIKSsSsEEE9constructIIRKS4_EEEvPS5_DpOT_	void __gnu_cxx::new_allocator<std::_Rb_tree_node<std::pair<std::basic_string<char, std::char_traits<char>, std::allocator<char> > const, std::basic_string<char, std::char_traits<char>, std::allocator<char> > > > >::construct<std::pair<std::basic_string<char, std::char_traits<char>, std::allocator<char> > const, std::basic_string<char, std::char_traits<char>, std::allocator<char> > > const&>(std::_Rb_tree_node<std::pair<std::basic_string<char, std::char_traits<char>, std::allocator<char> > const, std::basic_string<char, std::char_traits<char>, std::allocator<char> > > >*, std::pair<std::basic_string<char, std::char_traits<char>, std::allocator<char> > const, std::basic_string<char, std::char_traits<char>, std::allocator<char> > > const&)	W	103	103	NEAR	1.0000	libstdcxx/system	1
_ZN9__gnu_cxx13new_allocatorISt13_Rb_tree_nodeISt4pairIKSsSsEEEC1Ev	__gnu_cxx::new_allocator<std::_Rb_tree_node<std::pair<std::basic_string<char, std::char_traits<char>, std::allocator<char> > const, std::basic_string<char, std::char_traits<char>, std::allocator<char> > > > >::new_allocator()	W	5	5	IDENTICAL	1.0000	libstdcxx/system	1
_ZN9__gnu_cxx13new_allocatorISt13_Rb_tree_nodeISt4pairIKSsSsEEEC2Ev	__gnu_cxx::new_allocator<std::_Rb_tree_node<std::pair<std::basic_string<char, std::char_traits<char>, std::allocator<char> > const, std::basic_string<char, std::char_traits<char>, std::allocator<char> > > > >::new_allocator()	W	5	5	IDENTICAL	1.0000	libstdcxx/system	1
_ZN9__gnu_cxx13new_allocatorISt13_Rb_tree_nodeISt4pairIKSsSsEEED1Ev	__gnu_cxx::new_allocator<std::_Rb_tree_node<std::pair<std::basic_string<char, std::char_traits<char>, std::allocator<char> > const, std::basic_string<char, std::char_traits<char>, std::allocator<char> > > > >::~new_allocator()	W	5	5	IDENTICAL	1.0000	libstdcxx/system	1
_ZN9__gnu_cxx13new_allocatorISt13_Rb_tree_nodeISt4pairIKSsSsEEED2Ev	__gnu_cxx::new_allocator<std::_Rb_tree_node<std::pair<std::basic_string<char, std::char_traits<char>, std::allocator<char> > const, std::basic_string<char, std::char_traits<char>, std::allocator<char> > > > >::~new_allocator()	W	5	5	IDENTICAL	1.0000	libstdcxx/system	1
_ZN9__gnu_cxx13new_allocatorISt13_Rb_tree_nodeISt4pairIKi13stSessionInfoEEE10deallocateEPS6_j	__gnu_cxx::new_allocator<std::_Rb_tree_node<std::pair<int const, stSessionInfo> > >::deallocate(std::_Rb_tree_node<std::pair<int const, stSessionInfo> >*, unsigned int)	W	19	19	NEAR	1.0000	libstdcxx/system	1
_ZN9__gnu_cxx13new_allocatorISt13_Rb_tree_nodeISt4pairIKi13stSessionInfoEEE7destroyEPS6_	__gnu_cxx::new_allocator<std::_Rb_tree_node<std::pair<int const, stSessionInfo> > >::destroy(std::_Rb_tree_node<std::pair<int const, stSessionInfo> >*)	W	19	19	NEAR	1.0000	libstdcxx/system	1
_ZN9__gnu_cxx13new_allocatorISt13_Rb_tree_nodeISt4pairIKi13stSessionInfoEEEC1Ev	__gnu_cxx::new_allocator<std::_Rb_tree_node<std::pair<int const, stSessionInfo> > >::new_allocator()	W	5	5	IDENTICAL	1.0000	libstdcxx/system	1
_ZN9__gnu_cxx13new_allocatorISt13_Rb_tree_nodeISt4pairIKi13stSessionInfoEEEC2Ev	__gnu_cxx::new_allocator<std::_Rb_tree_node<std::pair<int const, stSessionInfo> > >::new_allocator()	W	5	5	IDENTICAL	1.0000	libstdcxx/system	1
_ZN9__gnu_cxx13new_allocatorISt13_Rb_tree_nodeISt4pairIKi13stSessionInfoEEED1Ev	__gnu_cxx::new_allocator<std::_Rb_tree_node<std::pair<int const, stSessionInfo> > >::~new_allocator()	W	5	5	IDENTICAL	1.0000	libstdcxx/system	1
_ZN9__gnu_cxx13new_allocatorISt13_Rb_tree_nodeISt4pairIKi13stSessionInfoEEED2Ev	__gnu_cxx::new_allocator<std::_Rb_tree_node<std::pair<int const, stSessionInfo> > >::~new_allocator()	W	5	5	IDENTICAL	1.0000	libstdcxx/system	1
_ZN9__gnu_cxx13new_allocatorISt13_Rb_tree_nodeISt4pairIKj5CUserEEE10deallocateEPS6_j	__gnu_cxx::new_allocator<std::_Rb_tree_node<std::pair<unsigned int const, CUser> > >::deallocate(std::_Rb_tree_node<std::pair<unsigned int const, CUser> >*, unsigned int)	W	19	19	NEAR	1.0000	libstdcxx/system	1
_ZN9__gnu_cxx13new_allocatorISt13_Rb_tree_nodeISt4pairIKj5CUserEEE7destroyEPS6_	__gnu_cxx::new_allocator<std::_Rb_tree_node<std::pair<unsigned int const, CUser> > >::destroy(std::_Rb_tree_node<std::pair<unsigned int const, CUser> >*)	W	19	19	NEAR	1.0000	libstdcxx/system	1
_ZN9__gnu_cxx13new_allocatorISt13_Rb_tree_nodeISt4pairIKj5CUserEEE8allocateEjPKv	__gnu_cxx::new_allocator<std::_Rb_tree_node<std::pair<unsigned int const, CUser> > >::allocate(unsigned int, void const*)	W	56	56	NEAR	1.0000	libstdcxx/system	1
_ZN9__gnu_cxx13new_allocatorISt13_Rb_tree_nodeISt4pairIKj5CUserEEE9constructIIRKS5_EEEvPS6_DpOT_	void __gnu_cxx::new_allocator<std::_Rb_tree_node<std::pair<unsigned int const, CUser> > >::construct<std::pair<unsigned int const, CUser> const&>(std::_Rb_tree_node<std::pair<unsigned int const, CUser> >*, std::pair<unsigned int const, CUser> const&)	W	103	103	NEAR	1.0000	libstdcxx/system	1
_ZN9__gnu_cxx13new_allocatorISt13_Rb_tree_nodeISt4pairIKj5CUserEEEC1Ev	__gnu_cxx::new_allocator<std::_Rb_tree_node<std::pair<unsigned int const, CUser> > >::new_allocator()	W	5	5	IDENTICAL	1.0000	libstdcxx/system	1
_ZN9__gnu_cxx13new_allocatorISt13_Rb_tree_nodeISt4pairIKj5CUserEEEC2Ev	__gnu_cxx::new_allocator<std::_Rb_tree_node<std::pair<unsigned int const, CUser> > >::new_allocator()	W	5	5	IDENTICAL	1.0000	libstdcxx/system	1
_ZN9__gnu_cxx13new_allocatorISt13_Rb_tree_nodeISt4pairIKj5CUserEEED1Ev	__gnu_cxx::new_allocator<std::_Rb_tree_node<std::pair<unsigned int const, CUser> > >::~new_allocator()	W	5	5	IDENTICAL	1.0000	libstdcxx/system	1
_ZN9__gnu_cxx13new_allocatorISt13_Rb_tree_nodeISt4pairIKj5CUserEEED2Ev	__gnu_cxx::new_allocator<std::_Rb_tree_node<std::pair<unsigned int const, CUser> > >::~new_allocator()	W	5	5	IDENTICAL	1.0000	libstdcxx/system	1
_ZN9__gnu_cxx13new_allocatorISt13_Rb_tree_nodeISt4pairIKtPFiP15ISessionManagerP15CNetworkSessionP12PacketHeaderEEEE10deallocateEPSD_j	__gnu_cxx::new_allocator<std::_Rb_tree_node<std::pair<unsigned short const, int (*)(ISessionManager*, CNetworkSession*, PacketHeader*)> > >::deallocate(std::_Rb_tree_node<std::pair<unsigned short const, int (*)(ISessionManager*, CNetworkSession*, PacketHeader*)> >*, unsigned int)	W	19	19	NEAR	1.0000	libstdcxx/system	1
_ZN9__gnu_cxx13new_allocatorISt13_Rb_tree_nodeISt4pairIKtPFiP15ISessionManagerP15CNetworkSessionP12PacketHeaderEEEE7destroyEPSD_	__gnu_cxx::new_allocator<std::_Rb_tree_node<std::pair<unsigned short const, int (*)(ISessionManager*, CNetworkSession*, PacketHeader*)> > >::destroy(std::_Rb_tree_node<std::pair<unsigned short const, int (*)(ISessionManager*, CNetworkSession*, PacketHeader*)> >*)	W	19	19	NEAR	1.0000	libstdcxx/system	1
_ZN9__gnu_cxx13new_allocatorISt13_Rb_tree_nodeISt4pairIKtPFiP15ISessionManagerP15CNetworkSessionP12PacketHeaderEEEE8allocateEjPKv	__gnu_cxx::new_allocator<std::_Rb_tree_node<std::pair<unsigned short const, int (*)(ISessionManager*, CNetworkSession*, PacketHeader*)> > >::allocate(unsigned int, void const*)	W	62	62	NEAR	1.0000	libstdcxx/system	1
_ZN9__gnu_cxx13new_allocatorISt13_Rb_tree_nodeISt4pairIKtPFiP15ISessionManagerP15CNetworkSessionP12PacketHeaderEEEE9constructIIRKSC_EEEvPSD_DpOT_	void __gnu_cxx::new_allocator<std::_Rb_tree_node<std::pair<unsigned short const, int (*)(ISessionManager*, CNetworkSession*, PacketHeader*)> > >::construct<std::pair<unsigned short const, int (*)(ISessionManager*, CNetworkSession*, PacketHeader*)> const&>(std::_Rb_tree_node<std::pair<unsigned short const, int (*)(ISessionManager*, CNetworkSession*, PacketHeader*)> >*, std::pair<unsigned short const, int (*)(ISessionManager*, CNetworkSession*, PacketHeader*)> const&)	W	63	63	NEAR	1.0000	libstdcxx/system	1
_ZN9__gnu_cxx13new_allocatorISt13_Rb_tree_nodeISt4pairIKtPFiP15ISessionManagerP15CNetworkSessionP12PacketHeaderEEEEC1Ev	__gnu_cxx::new_allocator<std::_Rb_tree_node<std::pair<unsigned short const, int (*)(ISessionManager*, CNetworkSession*, PacketHeader*)> > >::new_allocator()	W	5	5	IDENTICAL	1.0000	libstdcxx/system	1
_ZN9__gnu_cxx13new_allocatorISt13_Rb_tree_nodeISt4pairIKtPFiP15ISessionManagerP15CNetworkSessionP12PacketHeaderEEEEC2Ev	__gnu_cxx::new_allocator<std::_Rb_tree_node<std::pair<unsigned short const, int (*)(ISessionManager*, CNetworkSession*, PacketHeader*)> > >::new_allocator()	W	5	5	IDENTICAL	1.0000	libstdcxx/system	1
_ZN9__gnu_cxx13new_allocatorISt13_Rb_tree_nodeISt4pairIKtPFiP15ISessionManagerP15CNetworkSessionP12PacketHeaderEEEED1Ev	__gnu_cxx::new_allocator<std::_Rb_tree_node<std::pair<unsigned short const, int (*)(ISessionManager*, CNetworkSession*, PacketHeader*)> > >::~new_allocator()	W	5	5	IDENTICAL	1.0000	libstdcxx/system	1
_ZN9__gnu_cxx13new_allocatorISt13_Rb_tree_nodeISt4pairIKtPFiP15ISessionManagerP15CNetworkSessionP12PacketHeaderEEEED2Ev	__gnu_cxx::new_allocator<std::_Rb_tree_node<std::pair<unsigned short const, int (*)(ISessionManager*, CNetworkSession*, PacketHeader*)> > >::~new_allocator()	W	5	5	IDENTICAL	1.0000	libstdcxx/system	1
_ZN9__gnu_cxx13stdio_filebufIcSt11char_traitsIcEE2fdEv	__gnu_cxx::stdio_filebuf<char, std::char_traits<char> >::fd()	W	16	17	DIFF	0.8333	libstdcxx/system	1
_ZN9__gnu_cxx13stdio_filebufIcSt11char_traitsIcEE4fileEv	__gnu_cxx::stdio_filebuf<char, std::char_traits<char> >::file()	W	16	17	DIFF	0.8333	libstdcxx/system	1
_ZN9__gnu_cxx13stdio_filebufIcSt11char_traitsIcEEC1EP8_IO_FILESt13_Ios_Openmodej	__gnu_cxx::stdio_filebuf<char, std::char_traits<char> >::stdio_filebuf(_IO_FILE*, std::_Ios_Openmode, unsigned int)	W	194	194	DIFF	0.9667	libstdcxx/system	1
_ZN9__gnu_cxx13stdio_filebufIcSt11char_traitsIcEEC1EiSt13_Ios_Openmodej	__gnu_cxx::stdio_filebuf<char, std::char_traits<char> >::stdio_filebuf(int, std::_Ios_Openmode, unsigned int)	W	194	194	DIFF	0.9667	libstdcxx/system	1
_ZN9__gnu_cxx13stdio_filebufIcSt11char_traitsIcEEC1Ev	__gnu_cxx::stdio_filebuf<char, std::char_traits<char> >::stdio_filebuf()	W	30	32	DIFF	0.8333	libstdcxx/system	1
_ZN9__gnu_cxx13stdio_filebufIcSt11char_traitsIcEEC2EP8_IO_FILESt13_Ios_Openmodej	__gnu_cxx::stdio_filebuf<char, std::char_traits<char> >::stdio_filebuf(_IO_FILE*, std::_Ios_Openmode, unsigned int)	W	194	194	DIFF	0.9667	libstdcxx/system	1
_ZN9__gnu_cxx13stdio_filebufIcSt11char_traitsIcEEC2EiSt13_Ios_Openmodej	__gnu_cxx::stdio_filebuf<char, std::char_traits<char> >::stdio_filebuf(int, std::_Ios_Openmode, unsigned int)	W	194	194	DIFF	0.9667	libstdcxx/system	1
_ZN9__gnu_cxx13stdio_filebufIcSt11char_traitsIcEEC2Ev	__gnu_cxx::stdio_filebuf<char, std::char_traits<char> >::stdio_filebuf()	W	30	32	DIFF	0.8333	libstdcxx/system	1
_ZN9__gnu_cxx13stdio_filebufIcSt11char_traitsIcEED0Ev	__gnu_cxx::stdio_filebuf<char, std::char_traits<char> >::~stdio_filebuf()	W	31	33	DIFF	0.8333	libstdcxx/system	1
_ZN9__gnu_cxx13stdio_filebufIcSt11char_traitsIcEED1Ev	__gnu_cxx::stdio_filebuf<char, std::char_traits<char> >::~stdio_filebuf()	W	99	100	DIFF	0.9333	libstdcxx/system	1
_ZN9__gnu_cxx13stdio_filebufIcSt11char_traitsIcEED2Ev	__gnu_cxx::stdio_filebuf<char, std::char_traits<char> >::~stdio_filebuf()	W	99	100	DIFF	0.9333	libstdcxx/system	1
_ZN9__gnu_cxx13stdio_filebufIwSt11char_traitsIwEE2fdEv	__gnu_cxx::stdio_filebuf<wchar_t, std::char_traits<wchar_t> >::fd()	W	16	17	DIFF	0.8333	libstdcxx/system	1
_ZN9__gnu_cxx13stdio_filebufIwSt11char_traitsIwEE4fileEv	__gnu_cxx::stdio_filebuf<wchar_t, std::char_traits<wchar_t> >::file()	W	16	17	DIFF	0.8333	libstdcxx/system	1
_ZN9__gnu_cxx13stdio_filebufIwSt11char_traitsIwEEC1EP8_IO_FILESt13_Ios_Openmodej	__gnu_cxx::stdio_filebuf<wchar_t, std::char_traits<wchar_t> >::stdio_filebuf(_IO_FILE*, std::_Ios_Openmode, unsigned int)	W	194	194	DIFF	0.9667	libstdcxx/system	1
_ZN9__gnu_cxx13stdio_filebufIwSt11char_traitsIwEEC1EiSt13_Ios_Openmodej	__gnu_cxx::stdio_filebuf<wchar_t, std::char_traits<wchar_t> >::stdio_filebuf(int, std::_Ios_Openmode, unsigned int)	W	194	194	DIFF	0.9667	libstdcxx/system	1
_ZN9__gnu_cxx13stdio_filebufIwSt11char_traitsIwEEC1Ev	__gnu_cxx::stdio_filebuf<wchar_t, std::char_traits<wchar_t> >::stdio_filebuf()	W	30	32	DIFF	0.8333	libstdcxx/system	1
_ZN9__gnu_cxx13stdio_filebufIwSt11char_traitsIwEEC2EP8_IO_FILESt13_Ios_Openmodej	__gnu_cxx::stdio_filebuf<wchar_t, std::char_traits<wchar_t> >::stdio_filebuf(_IO_FILE*, std::_Ios_Openmode, unsigned int)	W	194	194	DIFF	0.9667	libstdcxx/system	1
_ZN9__gnu_cxx13stdio_filebufIwSt11char_traitsIwEEC2EiSt13_Ios_Openmodej	__gnu_cxx::stdio_filebuf<wchar_t, std::char_traits<wchar_t> >::stdio_filebuf(int, std::_Ios_Openmode, unsigned int)	W	194	194	DIFF	0.9667	libstdcxx/system	1
_ZN9__gnu_cxx13stdio_filebufIwSt11char_traitsIwEEC2Ev	__gnu_cxx::stdio_filebuf<wchar_t, std::char_traits<wchar_t> >::stdio_filebuf()	W	30	32	DIFF	0.8333	libstdcxx/system	1
_ZN9__gnu_cxx13stdio_filebufIwSt11char_traitsIwEED0Ev	__gnu_cxx::stdio_filebuf<wchar_t, std::char_traits<wchar_t> >::~stdio_filebuf()	W	31	33	DIFF	0.8333	libstdcxx/system	1
_ZN9__gnu_cxx13stdio_filebufIwSt11char_traitsIwEED1Ev	__gnu_cxx::stdio_filebuf<wchar_t, std::char_traits<wchar_t> >::~stdio_filebuf()	W	99	100	DIFF	0.9333	libstdcxx/system	1
_ZN9__gnu_cxx13stdio_filebufIwSt11char_traitsIwEED2Ev	__gnu_cxx::stdio_filebuf<wchar_t, std::char_traits<wchar_t> >::~stdio_filebuf()	W	99	100	DIFF	0.9333	libstdcxx/system	1
_ZN9__gnu_cxx17__normal_iteratorIP16STPvPBuddyDBInfoSt6vectorIS1_SaIS1_EEEC1ERKS2_	__gnu_cxx::__normal_iterator<STPvPBuddyDBInfo*, std::vector<STPvPBuddyDBInfo, std::allocator<STPvPBuddyDBInfo> > >::__normal_iterator(STPvPBuddyDBInfo* const&)	W	15	15	IDENTICAL	1.0000	project	1
_ZN9__gnu_cxx17__normal_iteratorIP16STPvPBuddyDBInfoSt6vectorIS1_SaIS1_EEEC2ERKS2_	__gnu_cxx::__normal_iterator<STPvPBuddyDBInfo*, std::vector<STPvPBuddyDBInfo, std::allocator<STPvPBuddyDBInfo> > >::__normal_iterator(STPvPBuddyDBInfo* const&)	W	15	15	IDENTICAL	1.0000	project	1
_ZN9__gnu_cxx17__normal_iteratorIP16STPvPBuddyDBInfoSt6vectorIS1_SaIS1_EEEppEv	__gnu_cxx::__normal_iterator<STPvPBuddyDBInfo*, std::vector<STPvPBuddyDBInfo, std::allocator<STPvPBuddyDBInfo> > >::operator++()	W	21	21	IDENTICAL	1.0000	project	1
_ZN9__gnu_cxx17__normal_iteratorIPK16STPvPBuddyDBInfoSt6vectorIS1_SaIS1_EEEC1ERKS3_	__gnu_cxx::__normal_iterator<STPvPBuddyDBInfo const*, std::vector<STPvPBuddyDBInfo, std::allocator<STPvPBuddyDBInfo> > >::__normal_iterator(STPvPBuddyDBInfo const* const&)	W	15	15	IDENTICAL	1.0000	project	1
_ZN9__gnu_cxx17__normal_iteratorIPK16STPvPBuddyDBInfoSt6vectorIS1_SaIS1_EEEC2ERKS3_	__gnu_cxx::__normal_iterator<STPvPBuddyDBInfo const*, std::vector<STPvPBuddyDBInfo, std::allocator<STPvPBuddyDBInfo> > >::__normal_iterator(STPvPBuddyDBInfo const* const&)	W	15	15	IDENTICAL	1.0000	project	1
_ZN9__gnu_cxx17__normal_iteratorIPK16STPvPBuddyDBInfoSt6vectorIS1_SaIS1_EEEppEv	__gnu_cxx::__normal_iterator<STPvPBuddyDBInfo const*, std::vector<STPvPBuddyDBInfo, std::allocator<STPvPBuddyDBInfo> > >::operator++()	W	21	21	IDENTICAL	1.0000	project	1
_ZN9__gnu_cxx17__normal_iteratorIPKSsSt6vectorISsSaISsEEEC1IPSsEERKNS0_IT_NS_11__enable_ifIXsrSt10__are_sameIS9_S8_E7__valueES5_E6__typeEEE	__gnu_cxx::__normal_iterator<std::basic_string<char, std::char_traits<char>, std::allocator<char> > const*, std::vector<std::basic_string<char, std::char_traits<char>, std::allocator<char> >, std::allocator<std::basic_string<char, std::char_traits<char>, std::allocator<char> > > > >::__normal_iterator<std::basic_string<char, std::char_traits<char>, std::allocator<char> >*>(__gnu_cxx::__normal_iterator<std::basic_string<char, std::char_traits<char>, std::allocator<char> >*, __gnu_cxx::__enable_if<std::__are_same<std::basic_string<char, std::char_traits<char>, std::allocator<char> >*, std::basic_string<char, std::char_traits<char>, std::allocator<char> >*>::__value, std::vector<std::basic_string<char, std::char_traits<char>, std::allocator<char> >, std::allocator<std::basic_string<char, std::char_traits<char>, std::allocator<char> > > > >::__type> const&)	W	26	26	NEAR	1.0000	libstdcxx/system	1
_ZN9__gnu_cxx17__normal_iteratorIPKSsSt6vectorISsSaISsEEEC2IPSsEERKNS0_IT_NS_11__enable_ifIXsrSt10__are_sameIS9_S8_E7__valueES5_E6__typeEEE	__gnu_cxx::__normal_iterator<std::basic_string<char, std::char_traits<char>, std::allocator<char> > const*, std::vector<std::basic_string<char, std::char_traits<char>, std::allocator<char> >, std::allocator<std::basic_string<char, std::char_traits<char>, std::allocator<char> > > > >::__normal_iterator<std::basic_string<char, std::char_traits<char>, std::allocator<char> >*>(__gnu_cxx::__normal_iterator<std::basic_string<char, std::char_traits<char>, std::allocator<char> >*, __gnu_cxx::__enable_if<std::__are_same<std::basic_string<char, std::char_traits<char>, std::allocator<char> >*, std::basic_string<char, std::char_traits<char>, std::allocator<char> >*>::__value, std::vector<std::basic_string<char, std::char_traits<char>, std::allocator<char> >, std::allocator<std::basic_string<char, std::char_traits<char>, std::allocator<char> > > > >::__type> const&)	W	26	26	NEAR	1.0000	libstdcxx/system	1
_ZN9__gnu_cxx17__normal_iteratorIPKSsSt6vectorISsSaISsEEEppEv	__gnu_cxx::__normal_iterator<std::basic_string<char, std::char_traits<char>, std::allocator<char> > const*, std::vector<std::basic_string<char, std::char_traits<char>, std::allocator<char> >, std::allocator<std::basic_string<char, std::char_traits<char>, std::allocator<char> > > > >::operator++()	W	21	21	IDENTICAL	1.0000	libstdcxx/system	1
_ZN9__gnu_cxx17__normal_iteratorIPSsSt6vectorISsSaISsEEEC1ERKS1_	__gnu_cxx::__normal_iterator<std::basic_string<char, std::char_traits<char>, std::allocator<char> >*, std::vector<std::basic_string<char, std::char_traits<char>, std::allocator<char> >, std::allocator<std::basic_string<char, std::char_traits<char>, std::allocator<char> > > > >::__normal_iterator(std::basic_string<char, std::char_traits<char>, std::allocator<char> >* const&)	W	15	15	IDENTICAL	1.0000	project	1
_ZN9__gnu_cxx17__normal_iteratorIPSsSt6vectorISsSaISsEEEC2ERKS1_	__gnu_cxx::__normal_iterator<std::basic_string<char, std::char_traits<char>, std::allocator<char> >*, std::vector<std::basic_string<char, std::char_traits<char>, std::allocator<char> >, std::allocator<std::basic_string<char, std::char_traits<char>, std::allocator<char> > > > >::__normal_iterator(std::basic_string<char, std::char_traits<char>, std::allocator<char> >* const&)	W	15	15	IDENTICAL	1.0000	project	1
_ZN9__gnu_cxx18stdio_sync_filebufIcSt11char_traitsIcEE4fileEv	__gnu_cxx::stdio_sync_filebuf<char, std::char_traits<char> >::file()	W	11	11	IDENTICAL	1.0000	libstdcxx/system	1
_ZN9__gnu_cxx18stdio_sync_filebufIcSt11char_traitsIcEE4syncEv	__gnu_cxx::stdio_sync_filebuf<char, std::char_traits<char> >::sync()	W	21	22	DIFF	0.8750	libstdcxx/system	1
_ZN9__gnu_cxx18stdio_sync_filebufIcSt11char_traitsIcEE5uflowEv	__gnu_cxx::stdio_sync_filebuf<char, std::char_traits<char> >::uflow()	W	30	32	DIFF	0.8462	libstdcxx/system	1
_ZN9__gnu_cxx18stdio_sync_filebufIcSt11char_traitsIcEE6xsgetnEPci	__gnu_cxx::stdio_sync_filebuf<char, std::char_traits<char> >::xsgetn(char*, int)	W	89	89	DIFF	0.9333	libstdcxx/system	1
_ZN9__gnu_cxx18stdio_sync_filebufIcSt11char_traitsIcEE6xsputnEPKci	__gnu_cxx::stdio_sync_filebuf<char, std::char_traits<char> >::xsputn(char const*, int)	W	44	45	DIFF	0.9286	libstdcxx/system	1
_ZN9__gnu_cxx18stdio_sync_filebufIcSt11char_traitsIcEE7seekoffExSt12_Ios_SeekdirSt13_Ios_Openmode	__gnu_cxx::stdio_sync_filebuf<char, std::char_traits<char> >::seekoff(long long, std::_Ios_Seekdir, std::_Ios_Openmode)	W	194	196	DIFF	0.9661	libstdcxx/system	1
_ZN9__gnu_cxx18stdio_sync_filebufIcSt11char_traitsIcEE7seekposESt4fposI11__mbstate_tESt13_Ios_Openmode	__gnu_cxx::stdio_sync_filebuf<char, std::char_traits<char> >::seekpos(std::fpos<__mbstate_t>, std::_Ios_Openmode)	W	82	83	DIFF	0.9630	libstdcxx/system	1
_ZN9__gnu_cxx18stdio_sync_filebufIcSt11char_traitsIcEE8overflowEi	__gnu_cxx::stdio_sync_filebuf<char, std::char_traits<char> >::overflow(int)	W	52	60	DIFF	0.9048	libstdcxx/system	1
_ZN9__gnu_cxx18stdio_sync_filebufIcSt11char_traitsIcEE9pbackfailEi	__gnu_cxx::stdio_sync_filebuf<char, std::char_traits<char> >::pbackfail(int)	W	84	85	DIFF	0.8667	libstdcxx/system	1
_ZN9__gnu_cxx18stdio_sync_filebufIcSt11char_traitsIcEE9underflowEv	__gnu_cxx::stdio_sync_filebuf<char, std::char_traits<char> >::underflow()	W	42	44	DIFF	0.8750	libstdcxx/system	1
_ZN9__gnu_cxx18stdio_sync_filebufIcSt11char_traitsIcEEC1EP8_IO_FILE	__gnu_cxx::stdio_sync_filebuf<char, std::char_traits<char> >::stdio_sync_filebuf(_IO_FILE*)	W	94	96	DIFF	0.9130	libstdcxx/system	1
_ZN9__gnu_cxx18stdio_sync_filebufIcSt11char_traitsIcEEC2EP8_IO_FILE	__gnu_cxx::stdio_sync_filebuf<char, std::char_traits<char> >::stdio_sync_filebuf(_IO_FILE*)	W	94	96	DIFF	0.9130	libstdcxx/system	1
_ZN9__gnu_cxx18stdio_sync_filebufIcSt11char_traitsIcEED0Ev	__gnu_cxx::stdio_sync_filebuf<char, std::char_traits<char> >::~stdio_sync_filebuf()	W	40	42	DIFF	0.8571	libstdcxx/system	1
_ZN9__gnu_cxx18stdio_sync_filebufIcSt11char_traitsIcEED1Ev	__gnu_cxx::stdio_sync_filebuf<char, std::char_traits<char> >::~stdio_sync_filebuf()	W	27	28	DIFF	0.8889	libstdcxx/system	1
_ZN9__gnu_cxx18stdio_sync_filebufIcSt11char_traitsIcEED2Ev	__gnu_cxx::stdio_sync_filebuf<char, std::char_traits<char> >::~stdio_sync_filebuf()	W	27	28	DIFF	0.8889	libstdcxx/system	1
_ZN9__gnu_cxx18stdio_sync_filebufIwSt11char_traitsIwEE4fileEv	__gnu_cxx::stdio_sync_filebuf<wchar_t, std::char_traits<wchar_t> >::file()	W	11	11	IDENTICAL	1.0000	libstdcxx/system	1
_ZN9__gnu_cxx18stdio_sync_filebufIwSt11char_traitsIwEE4syncEv	__gnu_cxx::stdio_sync_filebuf<wchar_t, std::char_traits<wchar_t> >::sync()	W	21	22	DIFF	0.8750	libstdcxx/system	1
_ZN9__gnu_cxx18stdio_sync_filebufIwSt11char_traitsIwEE5uflowEv	__gnu_cxx::stdio_sync_filebuf<wchar_t, std::char_traits<wchar_t> >::uflow()	W	30	32	DIFF	0.8462	libstdcxx/system	1
_ZN9__gnu_cxx18stdio_sync_filebufIwSt11char_traitsIwEE6xsgetnEPwi	__gnu_cxx::stdio_sync_filebuf<wchar_t, std::char_traits<wchar_t> >::xsgetn(wchar_t*, int)	W	100	101	DIFF	0.8889	libstdcxx/system	1
_ZN9__gnu_cxx18stdio_sync_filebufIwSt11char_traitsIwEE6xsputnEPKwi	__gnu_cxx::stdio_sync_filebuf<wchar_t, std::char_traits<wchar_t> >::xsputn(wchar_t const*, int)	W	78	79	DIFF	0.8824	libstdcxx/system	1
_ZN9__gnu_cxx18stdio_sync_filebufIwSt11char_traitsIwEE7seekoffExSt12_Ios_SeekdirSt13_Ios_Openmode	__gnu_cxx::stdio_sync_filebuf<wchar_t, std::char_traits<wchar_t> >::seekoff(long long, std::_Ios_Seekdir, std::_Ios_Openmode)	W	194	196	DIFF	0.9661	libstdcxx/system	1
_ZN9__gnu_cxx18stdio_sync_filebufIwSt11char_traitsIwEE7seekposESt4fposI11__mbstate_tESt13_Ios_Openmode	__gnu_cxx::stdio_sync_filebuf<wchar_t, std::char_traits<wchar_t> >::seekpos(std::fpos<__mbstate_t>, std::_Ios_Openmode)	W	82	83	DIFF	0.9630	libstdcxx/system	1
_ZN9__gnu_cxx18stdio_sync_filebufIwSt11char_traitsIwEE8overflowEj	__gnu_cxx::stdio_sync_filebuf<wchar_t, std::char_traits<wchar_t> >::overflow(unsigned int)	W	52	60	DIFF	0.9048	libstdcxx/system	1
_ZN9__gnu_cxx18stdio_sync_filebufIwSt11char_traitsIwEE9pbackfailEj	__gnu_cxx::stdio_sync_filebuf<wchar_t, std::char_traits<wchar_t> >::pbackfail(unsigned int)	W	84	85	DIFF	0.8667	libstdcxx/system	1
_ZN9__gnu_cxx18stdio_sync_filebufIwSt11char_traitsIwEE9underflowEv	__gnu_cxx::stdio_sync_filebuf<wchar_t, std::char_traits<wchar_t> >::underflow()	W	42	44	DIFF	0.8750	libstdcxx/system	1
_ZN9__gnu_cxx18stdio_sync_filebufIwSt11char_traitsIwEEC1EP8_IO_FILE	__gnu_cxx::stdio_sync_filebuf<wchar_t, std::char_traits<wchar_t> >::stdio_sync_filebuf(_IO_FILE*)	W	94	96	DIFF	0.9130	libstdcxx/system	1
_ZN9__gnu_cxx18stdio_sync_filebufIwSt11char_traitsIwEEC2EP8_IO_FILE	__gnu_cxx::stdio_sync_filebuf<wchar_t, std::char_traits<wchar_t> >::stdio_sync_filebuf(_IO_FILE*)	W	94	96	DIFF	0.9130	libstdcxx/system	1
_ZN9__gnu_cxx18stdio_sync_filebufIwSt11char_traitsIwEED0Ev	__gnu_cxx::stdio_sync_filebuf<wchar_t, std::char_traits<wchar_t> >::~stdio_sync_filebuf()	W	40	42	DIFF	0.8571	libstdcxx/system	1
_ZN9__gnu_cxx18stdio_sync_filebufIwSt11char_traitsIwEED1Ev	__gnu_cxx::stdio_sync_filebuf<wchar_t, std::char_traits<wchar_t> >::~stdio_sync_filebuf()	W	27	28	DIFF	0.8889	libstdcxx/system	1
_ZN9__gnu_cxx18stdio_sync_filebufIwSt11char_traitsIwEED2Ev	__gnu_cxx::stdio_sync_filebuf<wchar_t, std::char_traits<wchar_t> >::~stdio_sync_filebuf()	W	27	28	DIFF	0.8889	libstdcxx/system	1
_ZN9__gnu_cxx20recursive_init_errorD0Ev	__gnu_cxx::recursive_init_error::~recursive_init_error()	T	52	53	DIFF	0.9412	libstdcxx/system	1
_ZN9__gnu_cxx20recursive_init_errorD1Ev	__gnu_cxx::recursive_init_error::~recursive_init_error()	T	46	48	DIFF	0.8750	libstdcxx/system	1
_ZN9__gnu_cxx20recursive_init_errorD2Ev	__gnu_cxx::recursive_init_error::~recursive_init_error()	T	46	48	DIFF	0.8750	libstdcxx/system	1
_ZN9__gnu_cxx24__concurrence_lock_errorD0Ev	__gnu_cxx::__concurrence_lock_error::~__concurrence_lock_error()	W	37	39	DIFF	0.8462	libstdcxx/system	1
_ZN9__gnu_cxx24__concurrence_lock_errorD1Ev	__gnu_cxx::__concurrence_lock_error::~__concurrence_lock_error()	W	21	22	DIFF	0.8571	libstdcxx/system	1
_ZN9__gnu_cxx24__concurrence_lock_errorD2Ev	__gnu_cxx::__concurrence_lock_error::~__concurrence_lock_error()	W	21	22	DIFF	0.8571	libstdcxx/system	1
_ZN9__gnu_cxx26__concurrence_unlock_errorD0Ev	__gnu_cxx::__concurrence_unlock_error::~__concurrence_unlock_error()	W	37	39	DIFF	0.8462	libstdcxx/system	1
_ZN9__gnu_cxx26__concurrence_unlock_errorD1Ev	__gnu_cxx::__concurrence_unlock_error::~__concurrence_unlock_error()	W	21	22	DIFF	0.8571	libstdcxx/system	1
_ZN9__gnu_cxx26__concurrence_unlock_errorD2Ev	__gnu_cxx::__concurrence_unlock_error::~__concurrence_unlock_error()	W	21	22	DIFF	0.8571	libstdcxx/system	1
_ZN9__gnu_cxx27__verbose_terminate_handlerEv	__gnu_cxx::__verbose_terminate_handler()	T	484	484	DIFF	0.9831	libstdcxx/system	1
_ZN9__gnu_cxx4ropeIcSaIcEE8_S_fetchEPNS_13_Rope_RopeRepIcS1_EEj	__gnu_cxx::rope<char, std::allocator<char> >::_S_fetch(__gnu_cxx::_Rope_RopeRep<char, std::allocator<char> >*, unsigned int)	W	109	109	DIFF	0.8864	libstdcxx/system	1
_ZN9__gnu_cxx4ropeIwSaIwEE8_S_fetchEPNS_13_Rope_RopeRepIwS1_EEj	__gnu_cxx::rope<wchar_t, std::allocator<wchar_t> >::_S_fetch(__gnu_cxx::_Rope_RopeRep<wchar_t, std::allocator<wchar_t> >*, unsigned int)	W	109	109	DIFF	0.9318	libstdcxx/system	1
_ZN9__gnu_cxxeqIPKSsSt6vectorISsSaISsEEEEbRKNS_17__normal_iteratorIT_T0_EESB_	bool __gnu_cxx::operator==<std::basic_string<char, std::char_traits<char>, std::allocator<char> > const*, std::vector<std::basic_string<char, std::char_traits<char>, std::allocator<char> >, std::allocator<std::basic_string<char, std::char_traits<char>, std::allocator<char> > > > >(__gnu_cxx::__normal_iterator<std::basic_string<char, std::char_traits<char>, std::allocator<char> > const*, std::vector<std::basic_string<char, std::char_traits<char>, std::allocator<char> >, std::allocator<std::basic_string<char, std::char_traits<char>, std::allocator<char> > > > > const&, __gnu_cxx::__normal_iterator<std::basic_string<char, std::char_traits<char>, std::allocator<char> > const*, std::vector<std::basic_string<char, std::char_traits<char>, std::allocator<char> >, std::allocator<std::basic_string<char, std::char_traits<char>, std::allocator<char> > > > > const&)	W	44	44	NEAR	1.0000	libstdcxx/system	1
_ZN9__gnu_cxxeqIPKcSsEEbRKNS_17__normal_iteratorIT_T0_EES8_	bool __gnu_cxx::operator==<char const*, std::basic_string<char, std::char_traits<char>, std::allocator<char> > >(__gnu_cxx::__normal_iterator<char const*, std::basic_string<char, std::char_traits<char>, std::allocator<char> > > const&, __gnu_cxx::__normal_iterator<char const*, std::basic_string<char, std::char_traits<char>, std::allocator<char> > > const&)	W	18	18	IDENTICAL	1.0000	libstdcxx/system	1
_ZN9__gnu_cxxeqIPKwSbIwSt11char_traitsIwESaIwEEEEbRKNS_17__normal_iteratorIT_T0_EESC_	bool __gnu_cxx::operator==<wchar_t const*, std::basic_string<wchar_t, std::char_traits<wchar_t>, std::allocator<wchar_t> > >(__gnu_cxx::__normal_iterator<wchar_t const*, std::basic_string<wchar_t, std::char_traits<wchar_t>, std::allocator<wchar_t> > > const&, __gnu_cxx::__normal_iterator<wchar_t const*, std::basic_string<wchar_t, std::char_traits<wchar_t>, std::allocator<wchar_t> > > const&)	W	18	18	IDENTICAL	1.0000	libstdcxx/system	1
_ZN9__gnu_cxxeqIPcSsEEbRKNS_17__normal_iteratorIT_T0_EES7_	bool __gnu_cxx::operator==<char*, std::basic_string<char, std::char_traits<char>, std::allocator<char> > >(__gnu_cxx::__normal_iterator<char*, std::basic_string<char, std::char_traits<char>, std::allocator<char> > > const&, __gnu_cxx::__normal_iterator<char*, std::basic_string<char, std::char_traits<char>, std::allocator<char> > > const&)	W	18	18	IDENTICAL	1.0000	libstdcxx/system	1
_ZN9__gnu_cxxeqIPwSbIwSt11char_traitsIwESaIwEEEEbRKNS_17__normal_iteratorIT_T0_EESB_	bool __gnu_cxx::operator==<wchar_t*, std::basic_string<wchar_t, std::char_traits<wchar_t>, std::allocator<wchar_t> > >(__gnu_cxx::__normal_iterator<wchar_t*, std::basic_string<wchar_t, std::char_traits<wchar_t>, std::allocator<wchar_t> > > const&, __gnu_cxx::__normal_iterator<wchar_t*, std::basic_string<wchar_t, std::char_traits<wchar_t>, std::allocator<wchar_t> > > const&)	W	18	18	IDENTICAL	1.0000	libstdcxx/system	1
_ZN9__gnu_cxxmiIP16STPvPBuddyDBInfoSt6vectorIS1_SaIS1_EEEENS_17__normal_iteratorIT_T0_E15difference_typeERKS9_SC_	__gnu_cxx::__normal_iterator<STPvPBuddyDBInfo*, std::vector<STPvPBuddyDBInfo, std::allocator<STPvPBuddyDBInfo> > >::difference_type __gnu_cxx::operator-<STPvPBuddyDBInfo*, std::vector<STPvPBuddyDBInfo, std::allocator<STPvPBuddyDBInfo> > >(__gnu_cxx::__normal_iterator<STPvPBuddyDBInfo*, std::vector<STPvPBuddyDBInfo, std::allocator<STPvPBuddyDBInfo> > > const&, __gnu_cxx::__normal_iterator<STPvPBuddyDBInfo*, std::vector<STPvPBuddyDBInfo, std::allocator<STPvPBuddyDBInfo> > > const&)	W	53	53	NEAR	1.0000	project	1
_ZN9__gnu_cxxmiIPSsSt6vectorISsSaISsEEEENS_17__normal_iteratorIT_T0_E15difference_typeERKS8_SB_	__gnu_cxx::__normal_iterator<std::basic_string<char, std::char_traits<char>, std::allocator<char> >*, std::vector<std::basic_string<char, std::char_traits<char>, std::allocator<char> >, std::allocator<std::basic_string<char, std::char_traits<char>, std::allocator<char> > > > >::difference_type __gnu_cxx::operator-<std::basic_string<char, std::char_traits<char>, std::allocator<char> >*, std::vector<std::basic_string<char, std::char_traits<char>, std::allocator<char> >, std::allocator<std::basic_string<char, std::char_traits<char>, std::allocator<char> > > > >(__gnu_cxx::__normal_iterator<std::basic_string<char, std::char_traits<char>, std::allocator<char> >*, std::vector<std::basic_string<char, std::char_traits<char>, std::allocator<char> >, std::allocator<std::basic_string<char, std::char_traits<char>, std::allocator<char> > > > > const&, __gnu_cxx::__normal_iterator<std::basic_string<char, std::char_traits<char>, std::allocator<char> >*, std::vector<std::basic_string<char, std::char_traits<char>, std::allocator<char> >, std::allocator<std::basic_string<char, std::char_traits<char>, std::allocator<char> > > > > const&)	W	50	50	NEAR	1.0000	project	1
_ZN9__gnu_cxxneIP16STPvPBuddyDBInfoSt6vectorIS1_SaIS1_EEEEbRKNS_17__normal_iteratorIT_T0_EESB_	bool __gnu_cxx::operator!=<STPvPBuddyDBInfo*, std::vector<STPvPBuddyDBInfo, std::allocator<STPvPBuddyDBInfo> > >(__gnu_cxx::__normal_iterator<STPvPBuddyDBInfo*, std::vector<STPvPBuddyDBInfo, std::allocator<STPvPBuddyDBInfo> > > const&, __gnu_cxx::__normal_iterator<STPvPBuddyDBInfo*, std::vector<STPvPBuddyDBInfo, std::allocator<STPvPBuddyDBInfo> > > const&)	W	44	44	NEAR	1.0000	project	1
_ZN9__gnu_cxxneIPK16STPvPBuddyDBInfoSt6vectorIS1_SaIS1_EEEEbRKNS_17__normal_iteratorIT_T0_EESC_	bool __gnu_cxx::operator!=<STPvPBuddyDBInfo const*, std::vector<STPvPBuddyDBInfo, std::allocator<STPvPBuddyDBInfo> > >(__gnu_cxx::__normal_iterator<STPvPBuddyDBInfo const*, std::vector<STPvPBuddyDBInfo, std::allocator<STPvPBuddyDBInfo> > > const&, __gnu_cxx::__normal_iterator<STPvPBuddyDBInfo const*, std::vector<STPvPBuddyDBInfo, std::allocator<STPvPBuddyDBInfo> > > const&)	W	44	44	NEAR	1.0000	project	1
_ZN9__gnu_cxxneIPKSsSt6vectorISsSaISsEEEEbRKNS_17__normal_iteratorIT_T0_EESB_	bool __gnu_cxx::operator!=<std::basic_string<char, std::char_traits<char>, std::allocator<char> > const*, std::vector<std::basic_string<char, std::char_traits<char>, std::allocator<char> >, std::allocator<std::basic_string<char, std::char_traits<char>, std::allocator<char> > > > >(__gnu_cxx::__normal_iterator<std::basic_string<char, std::char_traits<char>, std::allocator<char> > const*, std::vector<std::basic_string<char, std::char_traits<char>, std::allocator<char> >, std::allocator<std::basic_string<char, std::char_traits<char>, std::allocator<char> > > > > const&, __gnu_cxx::__normal_iterator<std::basic_string<char, std::char_traits<char>, std::allocator<char> > const*, std::vector<std::basic_string<char, std::char_traits<char>, std::allocator<char> >, std::allocator<std::basic_string<char, std::char_traits<char>, std::allocator<char> > > > > const&)	W	44	44	NEAR	1.0000	libstdcxx/system	1
_ZNK10CFindBuddyclER16STPvPBuddyDBInfo	CFindBuddy::operator()(STPvPBuddyDBInfo&) const	W	64	64	NEAR	1.0000	project	1
_ZNK10__cxxabiv117__class_type_info10__do_catchEPKSt9type_infoPPvj	__cxxabiv1::__class_type_info::__do_catch(std::type_info const*, void**, unsigned int) const	T	144	144	DIFF	0.9804	libstdcxx/system	1
_ZNK10__cxxabiv117__class_type_info11__do_upcastEPKS0_PKvRNS0_15__upcast_resultE	__cxxabiv1::__class_type_info::__do_upcast(__cxxabiv1::__class_type_info const*, void const*, __cxxabiv1::__class_type_info::__upcast_result&) const	T	114	114	DIFF	0.9487	libstdcxx/system	1
_ZNK10__cxxabiv117__class_type_info11__do_upcastEPKS0_PPv	__cxxabiv1::__class_type_info::__do_upcast(__cxxabiv1::__class_type_info const*, void**) const	T	98	100	DIFF	0.9355	libstdcxx/system	1
_ZNK10__cxxabiv117__class_type_info12__do_dyncastEiNS0_10__sub_kindEPKS0_PKvS3_S5_RNS0_16__dyncast_resultE	__cxxabiv1::__class_type_info::__do_dyncast(int, __cxxabiv1::__class_type_info::__sub_kind, __cxxabiv1::__class_type_info const*, void const*, __cxxabiv1::__class_type_info const*, void const*, __cxxabiv1::__class_type_info::__dyncast_result&) const	T	156	156	DIFF	0.9636	libstdcxx/system	1
_ZNK10__cxxabiv117__class_type_info20__do_find_public_srcEiPKvPKS0_S2_	__cxxabiv1::__class_type_info::__do_find_public_src(int, void const*, __cxxabiv1::__class_type_info const*, void const*) const	T	21	21	DIFF	1.0000	libstdcxx/system	1
_ZNK10__cxxabiv120__si_class_type_info11__do_upcastEPKNS_17__class_type_infoEPKvRNS1_15__upcast_resultE	__cxxabiv1::__si_class_type_info::__do_upcast(__cxxabiv1::__class_type_info const*, void const*, __cxxabiv1::__class_type_info::__upcast_result&) const	T	111	112	DIFF	0.9722	libstdcxx/system	1
_ZNK10__cxxabiv120__si_class_type_info12__do_dyncastEiNS_17__class_type_info10__sub_kindEPKS1_PKvS4_S6_RNS1_16__dyncast_resultE	__cxxabiv1::__si_class_type_info::__do_dyncast(int, __cxxabiv1::__class_type_info::__sub_kind, __cxxabiv1::__class_type_info const*, void const*, __cxxabiv1::__class_type_info const*, void const*, __cxxabiv1::__class_type_info::__dyncast_result&) const	T	300	300	DIFF	0.9806	libstdcxx/system	1
_ZNK10__cxxabiv120__si_class_type_info20__do_find_public_srcEiPKvPKNS_17__class_type_infoES2_	__cxxabiv1::__si_class_type_info::__do_find_public_src(int, void const*, __cxxabiv1::__class_type_info const*, void const*) const	T	154	154	DIFF	0.9808	libstdcxx/system	1
_ZNK10__cxxabiv121__vmi_class_type_info11__do_upcastEPKNS_17__class_type_infoEPKvRNS1_15__upcast_resultE	__cxxabiv1::__vmi_class_type_info::__do_upcast(__cxxabiv1::__class_type_info const*, void const*, __cxxabiv1::__class_type_info::__upcast_result&) const	T	557	558	DIFF	0.9677	libstdcxx/system	1
_ZNK10__cxxabiv121__vmi_class_type_info12__do_dyncastEiNS_17__class_type_info10__sub_kindEPKS1_PKvS4_S6_RNS1_16__dyncast_resultE	__cxxabiv1::__vmi_class_type_info::__do_dyncast(int, __cxxabiv1::__class_type_info::__sub_kind, __cxxabiv1::__class_type_info const*, void const*, __cxxabiv1::__class_type_info const*, void const*, __cxxabiv1::__class_type_info::__dyncast_result&) const	T	1490	1506	DIFF	0.9524	libstdcxx/system	1
_ZNK10__cxxabiv121__vmi_class_type_info20__do_find_public_srcEiPKvPKNS_17__class_type_infoES2_	__cxxabiv1::__vmi_class_type_info::__do_find_public_src(int, void const*, __cxxabiv1::__class_type_info const*, void const*) const	T	232	237	DIFF	0.9080	libstdcxx/system	1
_ZNK12_GLOBAL__N_121system_error_category4nameEv	(anonymous namespace)::system_error_category::name() const	t	10	10	NEAR	1.0000	libstdcxx/system	1
_ZNK12_GLOBAL__N_121system_error_category7messageEi	(anonymous namespace)::system_error_category::message(int) const	t	58	60	DIFF	0.9000	libstdcxx/system	1
_ZNK12_GLOBAL__N_122generic_error_category4nameEv	(anonymous namespace)::generic_error_category::name() const	t	10	10	NEAR	1.0000	libstdcxx/system	1
_ZNK12_GLOBAL__N_122generic_error_category7messageEi	(anonymous namespace)::generic_error_category::message(int) const	t	58	60	DIFF	0.9000	libstdcxx/system	1
_ZNK5boost25simple_segregated_storageIjE5emptyEv	boost::simple_segregated_storage<unsigned int>::empty() const	W	15	15	IDENTICAL	1.0000	libstdcxx/system	1
_ZNK5boost4poolINS_33default_user_allocator_new_deleteEE10alloc_sizeEv	boost::pool<boost::default_user_allocator_new_delete>::alloc_size() const	W	71	71	NEAR	1.0000	libstdcxx/system	1
_ZNK5boost7details6PODptrIjE10total_sizeEv	boost::details::PODptr<unsigned int>::total_size() const	W	11	11	IDENTICAL	1.0000	libstdcxx/system	1
_ZNK5boost7details6PODptrIjE12element_sizeEv	boost::details::PODptr<unsigned int>::element_size() const	W	14	14	IDENTICAL	1.0000	libstdcxx/system	1
_ZNK5boost7details6PODptrIjE12ptr_next_ptrEv	boost::details::PODptr<unsigned int>::ptr_next_ptr() const	W	22	22	NEAR	1.0000	libstdcxx/system	1
_ZNK5boost7details6PODptrIjE13ptr_next_sizeEv	boost::details::PODptr<unsigned int>::ptr_next_size() const	W	22	22	IDENTICAL	1.0000	libstdcxx/system	1
_ZNK5boost7details6PODptrIjE3endEv	boost::details::PODptr<unsigned int>::end() const	W	19	19	NEAR	1.0000	libstdcxx/system	1
_ZNK5boost7details6PODptrIjE4nextERKS2_	boost::details::PODptr<unsigned int>::next(boost::details::PODptr<unsigned int> const&) const	W	65	65	NEAR	1.0000	libstdcxx/system	1
_ZNK5boost7details6PODptrIjE4nextEv	boost::details::PODptr<unsigned int>::next() const	W	64	64	NEAR	1.0000	libstdcxx/system	1
_ZNK5boost7details6PODptrIjE5beginEv	boost::details::PODptr<unsigned int>::begin() const	W	10	10	IDENTICAL	1.0000	libstdcxx/system	1
_ZNK5boost7details6PODptrIjE5validEv	boost::details::PODptr<unsigned int>::valid() const	W	24	24	NEAR	1.0000	libstdcxx/system	1
_ZNK5boost7details6PODptrIjE8next_ptrEv	boost::details::PODptr<unsigned int>::next_ptr() const	W	19	19	NEAR	1.0000	libstdcxx/system	1
_ZNK5boost7details6PODptrIjE9next_sizeEv	boost::details::PODptr<unsigned int>::next_size() const	W	19	19	NEAR	1.0000	libstdcxx/system	1
_ZNK9CFindUserclESt4pairIj5CUserE	CFindUser::operator()(std::pair<unsigned int, CUser>) const	W	65	65	NEAR	1.0000	project	1
_ZNK9__gnu_cxx13new_allocatorI16STPvPBuddyDBInfoE8max_sizeEv	__gnu_cxx::new_allocator<STPvPBuddyDBInfo>::max_size() const	W	10	10	IDENTICAL	1.0000	libstdcxx/system	1
_ZNK9__gnu_cxx13new_allocatorISsE8max_sizeEv	__gnu_cxx::new_allocator<std::basic_string<char, std::char_traits<char>, std::allocator<char> > >::max_size() const	W	10	10	IDENTICAL	1.0000	libstdcxx/system	1
_ZNK9__gnu_cxx13new_allocatorISt13_Rb_tree_nodeISt4pairIKSsP5CFLogEEE8max_sizeEv	__gnu_cxx::new_allocator<std::_Rb_tree_node<std::pair<std::basic_string<char, std::char_traits<char>, std::allocator<char> > const, CFLog*> > >::max_size() const	W	10	10	IDENTICAL	1.0000	libstdcxx/system	1
_ZNK9__gnu_cxx13new_allocatorISt13_Rb_tree_nodeISt4pairIKSsSsEEE8max_sizeEv	__gnu_cxx::new_allocator<std::_Rb_tree_node<std::pair<std::basic_string<char, std::char_traits<char>, std::allocator<char> > const, std::basic_string<char, std::char_traits<char>, std::allocator<char> > > > >::max_size() const	W	10	10	IDENTICAL	1.0000	libstdcxx/system	1
_ZNK9__gnu_cxx13new_allocatorISt13_Rb_tree_nodeISt4pairIKj5CUserEEE8max_sizeEv	__gnu_cxx::new_allocator<std::_Rb_tree_node<std::pair<unsigned int const, CUser> > >::max_size() const	W	10	10	IDENTICAL	1.0000	libstdcxx/system	1
_ZNK9__gnu_cxx13new_allocatorISt13_Rb_tree_nodeISt4pairIKtPFiP15ISessionManagerP15CNetworkSessionP12PacketHeaderEEEE8max_sizeEv	__gnu_cxx::new_allocator<std::_Rb_tree_node<std::pair<unsigned short const, int (*)(ISessionManager*, CNetworkSession*, PacketHeader*)> > >::max_size() const	W	10	10	IDENTICAL	1.0000	libstdcxx/system	1
_ZNK9__gnu_cxx17__normal_iteratorIP16STPvPBuddyDBInfoSt6vectorIS1_SaIS1_EEE4baseEv	__gnu_cxx::__normal_iterator<STPvPBuddyDBInfo*, std::vector<STPvPBuddyDBInfo, std::allocator<STPvPBuddyDBInfo> > >::base() const	W	8	8	IDENTICAL	1.0000	project	1
_ZNK9__gnu_cxx17__normal_iteratorIP16STPvPBuddyDBInfoSt6vectorIS1_SaIS1_EEEdeEv	__gnu_cxx::__normal_iterator<STPvPBuddyDBInfo*, std::vector<STPvPBuddyDBInfo, std::allocator<STPvPBuddyDBInfo> > >::operator*() const	W	10	10	IDENTICAL	1.0000	project	1
_ZNK9__gnu_cxx17__normal_iteratorIP16STPvPBuddyDBInfoSt6vectorIS1_SaIS1_EEEplERKi	__gnu_cxx::__normal_iterator<STPvPBuddyDBInfo*, std::vector<STPvPBuddyDBInfo, std::allocator<STPvPBuddyDBInfo> > >::operator+(int const&) const	W	54	54	NEAR	1.0000	libstdcxx/system	1
_ZNK9__gnu_cxx17__normal_iteratorIPK16STPvPBuddyDBInfoSt6vectorIS1_SaIS1_EEE4baseEv	__gnu_cxx::__normal_iterator<STPvPBuddyDBInfo const*, std::vector<STPvPBuddyDBInfo, std::allocator<STPvPBuddyDBInfo> > >::base() const	W	8	8	IDENTICAL	1.0000	project	1
_ZNK9__gnu_cxx17__normal_iteratorIPK16STPvPBuddyDBInfoSt6vectorIS1_SaIS1_EEEdeEv	__gnu_cxx::__normal_iterator<STPvPBuddyDBInfo const*, std::vector<STPvPBuddyDBInfo, std::allocator<STPvPBuddyDBInfo> > >::operator*() const	W	10	10	IDENTICAL	1.0000	project	1
_ZNK9__gnu_cxx17__normal_iteratorIPKSsSt6vectorISsSaISsEEE4baseEv	__gnu_cxx::__normal_iterator<std::basic_string<char, std::char_traits<char>, std::allocator<char> > const*, std::vector<std::basic_string<char, std::char_traits<char>, std::allocator<char> >, std::allocator<std::basic_string<char, std::char_traits<char>, std::allocator<char> > > > >::base() const	W	8	8	IDENTICAL	1.0000	libstdcxx/system	1
_ZNK9__gnu_cxx17__normal_iteratorIPKSsSt6vectorISsSaISsEEEdeEv	__gnu_cxx::__normal_iterator<std::basic_string<char, std::char_traits<char>, std::allocator<char> > const*, std::vector<std::basic_string<char, std::char_traits<char>, std::allocator<char> >, std::allocator<std::basic_string<char, std::char_traits<char>, std::allocator<char> > > > >::operator*() const	W	10	10	IDENTICAL	1.0000	libstdcxx/system	1
_ZNK9__gnu_cxx17__normal_iteratorIPSsSt6vectorISsSaISsEEE4baseEv	__gnu_cxx::__normal_iterator<std::basic_string<char, std::char_traits<char>, std::allocator<char> >*, std::vector<std::basic_string<char, std::char_traits<char>, std::allocator<char> >, std::allocator<std::basic_string<char, std::char_traits<char>, std::allocator<char> > > > >::base() const	W	8	8	IDENTICAL	1.0000	project	1
_ZNK9__gnu_cxx17__normal_iteratorIPSsSt6vectorISsSaISsEEEdeEv	__gnu_cxx::__normal_iterator<std::basic_string<char, std::char_traits<char>, std::allocator<char> >*, std::vector<std::basic_string<char, std::char_traits<char>, std::allocator<char> >, std::allocator<std::basic_string<char, std::char_traits<char>, std::allocator<char> > > > >::operator*() const	W	10	10	IDENTICAL	1.0000	project	1
_ZNK9__gnu_cxx24__concurrence_lock_error4whatEv	__gnu_cxx::__concurrence_lock_error::what() const	W	10	10	NEAR	1.0000	libstdcxx/system	1
_ZNK9__gnu_cxx26__concurrence_unlock_error4whatEv	__gnu_cxx::__concurrence_unlock_error::what() const	W	10	10	NEAR	1.0000	libstdcxx/system	1
_ZNKSbIwSt11char_traitsIwESaIwEE11_M_disjunctEPKw	std::basic_string<wchar_t, std::char_traits<wchar_t>, std::allocator<wchar_t> >::_M_disjunct(wchar_t const*) const	W	33	33	NEAR	1.0000	libstdcxx/system	1
_ZNKSbIwSt11char_traitsIwESaIwEE12find_last_ofEPKwj	std::basic_string<wchar_t, std::char_traits<wchar_t>, std::allocator<wchar_t> >::find_last_of(wchar_t const*, unsigned int) const	W	50	52	DIFF	0.8889	libstdcxx/system	1
_ZNKSbIwSt11char_traitsIwESaIwEE12find_last_ofEPKwjj	std::basic_string<wchar_t, std::char_traits<wchar_t>, std::allocator<wchar_t> >::find_last_of(wchar_t const*, unsigned int, unsigned int) const	W	96	97	DIFF	0.8500	libstdcxx/system	1
_ZNKSbIwSt11char_traitsIwESaIwEE12find_last_ofERKS2_j	std::basic_string<wchar_t, std::char_traits<wchar_t>, std::allocator<wchar_t> >::find_last_of(std::basic_string<wchar_t, std::char_traits<wchar_t>, std::allocator<wchar_t> > const&, unsigned int) const	W	42	43	DIFF	0.9333	libstdcxx/system	1
_ZNKSbIwSt11char_traitsIwESaIwEE12find_last_ofEwj	std::basic_string<wchar_t, std::char_traits<wchar_t>, std::allocator<wchar_t> >::find_last_of(wchar_t, unsigned int) const	W	12	13	DIFF	0.8000	libstdcxx/system	1
_ZNKSbIwSt11char_traitsIwESaIwEE13find_first_ofEPKwj	std::basic_string<wchar_t, std::char_traits<wchar_t>, std::allocator<wchar_t> >::find_first_of(wchar_t const*, unsigned int) const	W	50	52	DIFF	0.8889	libstdcxx/system	1
_ZNKSbIwSt11char_traitsIwESaIwEE13find_first_ofEPKwjj	std::basic_string<wchar_t, std::char_traits<wchar_t>, std::allocator<wchar_t> >::find_first_of(wchar_t const*, unsigned int, unsigned int) const	W	86	87	DIFF	0.8919	libstdcxx/system	1
_ZNKSbIwSt11char_traitsIwESaIwEE13find_first_ofERKS2_j	std::basic_string<wchar_t, std::char_traits<wchar_t>, std::allocator<wchar_t> >::find_first_of(std::basic_string<wchar_t, std::char_traits<wchar_t>, std::allocator<wchar_t> > const&, unsigned int) const	W	42	43	DIFF	0.9333	libstdcxx/system	1
_ZNKSbIwSt11char_traitsIwESaIwEE13find_first_ofEwj	std::basic_string<wchar_t, std::char_traits<wchar_t>, std::allocator<wchar_t> >::find_first_of(wchar_t, unsigned int) const	W	12	13	DIFF	0.8000	libstdcxx/system	1
_ZNKSbIwSt11char_traitsIwESaIwEE13get_allocatorEv	std::basic_string<wchar_t, std::char_traits<wchar_t>, std::allocator<wchar_t> >::get_allocator() const	W	10	10	IDENTICAL	1.0000	libstdcxx/system	1
_ZNKSbIwSt11char_traitsIwESaIwEE15_M_check_lengthEjjPKc	std::basic_string<wchar_t, std::char_traits<wchar_t>, std::allocator<wchar_t> >::_M_check_length(unsigned int, unsigned int, char const*) const	W	40	41	DIFF	0.9333	libstdcxx/system	1
_ZNKSbIwSt11char_traitsIwESaIwEE16find_last_not_ofEPKwj	std::basic_string<wchar_t, std::char_traits<wchar_t>, std::allocator<wchar_t> >::find_last_not_of(wchar_t const*, unsigned int) const	W	50	52	DIFF	0.8889	libstdcxx/system	1
_ZNKSbIwSt11char_traitsIwESaIwEE16find_last_not_ofEPKwjj	std::basic_string<wchar_t, std::char_traits<wchar_t>, std::allocator<wchar_t> >::find_last_not_of(wchar_t const*, unsigned int, unsigned int) const	W	88	89	DIFF	0.8421	libstdcxx/system	1
_ZNKSbIwSt11char_traitsIwESaIwEE16find_last_not_ofERKS2_j	std::basic_string<wchar_t, std::char_traits<wchar_t>, std::allocator<wchar_t> >::find_last_not_of(std::basic_string<wchar_t, std::char_traits<wchar_t>, std::allocator<wchar_t> > const&, unsigned int) const	W	42	43	DIFF	0.9333	libstdcxx/system	1
_ZNKSbIwSt11char_traitsIwESaIwEE16find_last_not_ofEwj	std::basic_string<wchar_t, std::char_traits<wchar_t>, std::allocator<wchar_t> >::find_last_not_of(wchar_t, unsigned int) const	W	60	52	DIFF	0.8800	libstdcxx/system	1
_ZNKSbIwSt11char_traitsIwESaIwEE17find_first_not_ofEPKwj	std::basic_string<wchar_t, std::char_traits<wchar_t>, std::allocator<wchar_t> >::find_first_not_of(wchar_t const*, unsigned int) const	W	50	52	DIFF	0.8889	libstdcxx/system	1
_ZNKSbIwSt11char_traitsIwESaIwEE17find_first_not_ofEPKwjj	std::basic_string<wchar_t, std::char_traits<wchar_t>, std::allocator<wchar_t> >::find_first_not_of(wchar_t const*, unsigned int, unsigned int) const	W	95	104	DIFF	0.8837	libstdcxx/system	1
_ZNKSbIwSt11char_traitsIwESaIwEE17find_first_not_ofERKS2_j	std::basic_string<wchar_t, std::char_traits<wchar_t>, std::allocator<wchar_t> >::find_first_not_of(std::basic_string<wchar_t, std::char_traits<wchar_t>, std::allocator<wchar_t> > const&, unsigned int) const	W	42	43	DIFF	0.9333	libstdcxx/system	1
_ZNKSbIwSt11char_traitsIwESaIwEE17find_first_not_ofEwj	std::basic_string<wchar_t, std::char_traits<wchar_t>, std::allocator<wchar_t> >::find_first_not_of(wchar_t, unsigned int) const	W	48	48	DIFF	0.9583	libstdcxx/system	1
_ZNKSbIwSt11char_traitsIwESaIwEE2atEj	std::basic_string<wchar_t, std::char_traits<wchar_t>, std::allocator<wchar_t> >::at(unsigned int) const	W	36	37	DIFF	0.9231	libstdcxx/system	1
_ZNKSbIwSt11char_traitsIwESaIwEE3endEv	std::basic_string<wchar_t, std::char_traits<wchar_t>, std::allocator<wchar_t> >::end() const	W	23	23	IDENTICAL	1.0000	libstdcxx/system	1
_ZNKSbIwSt11char_traitsIwESaIwEE4_Rep12_M_is_leakedEv	std::basic_string<wchar_t, std::char_traits<wchar_t>, std::allocator<wchar_t> >::_Rep::_M_is_leaked() const	W	14	14	IDENTICAL	1.0000	libstdcxx/system	1
_ZNKSbIwSt11char_traitsIwESaIwEE4_Rep12_M_is_sharedEv	std::basic_string<wchar_t, std::char_traits<wchar_t>, std::allocator<wchar_t> >::_Rep::_M_is_shared() const	W	16	16	IDENTICAL	1.0000	libstdcxx/system	1
_ZNKSbIwSt11char_traitsIwESaIwEE4copyEPwjj	std::basic_string<wchar_t, std::char_traits<wchar_t>, std::allocator<wchar_t> >::copy(wchar_t*, unsigned int, unsigned int) const	W	132	132	DIFF	0.8846	libstdcxx/system	1
_ZNKSbIwSt11char_traitsIwESaIwEE4dataEv	std::basic_string<wchar_t, std::char_traits<wchar_t>, std::allocator<wchar_t> >::data() const	W	10	10	IDENTICAL	1.0000	libstdcxx/system	1
_ZNKSbIwSt11char_traitsIwESaIwEE4findEPKwj	std::basic_string<wchar_t, std::char_traits<wchar_t>, std::allocator<wchar_t> >::find(wchar_t const*, unsigned int) const	W	50	52	DIFF	0.8889	libstdcxx/system	1
_ZNKSbIwSt11char_traitsIwESaIwEE4findEPKwjj	std::basic_string<wchar_t, std::char_traits<wchar_t>, std::allocator<wchar_t> >::find(wchar_t const*, unsigned int, unsigned int) const	W	147	156	DIFF	0.9062	libstdcxx/system	1
_ZNKSbIwSt11char_traitsIwESaIwEE4findERKS2_j	std::basic_string<wchar_t, std::char_traits<wchar_t>, std::allocator<wchar_t> >::find(std::basic_string<wchar_t, std::char_traits<wchar_t>, std::allocator<wchar_t> > const&, unsigned int) const	W	42	43	DIFF	0.9333	libstdcxx/system	1
_ZNKSbIwSt11char_traitsIwESaIwEE4findEwj	std::basic_string<wchar_t, std::char_traits<wchar_t>, std::allocator<wchar_t> >::find(wchar_t, unsigned int) const	W	75	76	DIFF	0.9032	libstdcxx/system	1
_ZNKSbIwSt11char_traitsIwESaIwEE4rendEv	std::basic_string<wchar_t, std::char_traits<wchar_t>, std::allocator<wchar_t> >::rend() const	W	17	17	IDENTICAL	1.0000	libstdcxx/system	1
_ZNKSbIwSt11char_traitsIwESaIwEE4sizeEv	std::basic_string<wchar_t, std::char_traits<wchar_t>, std::allocator<wchar_t> >::size() const	W	13	13	IDENTICAL	1.0000	libstdcxx/system	1
_ZNKSbIwSt11char_traitsIwESaIwEE5beginEv	std::basic_string<wchar_t, std::char_traits<wchar_t>, std::allocator<wchar_t> >::begin() const	W	17	17	IDENTICAL	1.0000	libstdcxx/system	1
_ZNKSbIwSt11char_traitsIwESaIwEE5c_strEv	std::basic_string<wchar_t, std::char_traits<wchar_t>, std::allocator<wchar_t> >::c_str() const	W	10	10	IDENTICAL	1.0000	libstdcxx/system	1
_ZNKSbIwSt11char_traitsIwESaIwEE5emptyEv	std::basic_string<wchar_t, std::char_traits<wchar_t>, std::allocator<wchar_t> >::empty() const	W	18	18	IDENTICAL	1.0000	libstdcxx/system	1
_ZNKSbIwSt11char_traitsIwESaIwEE5rfindEPKwj	std::basic_string<wchar_t, std::char_traits<wchar_t>, std::allocator<wchar_t> >::rfind(wchar_t const*, unsigned int) const	W	50	52	DIFF	0.8889	libstdcxx/system	1
_ZNKSbIwSt11char_traitsIwESaIwEE5rfindEPKwjj	std::basic_string<wchar_t, std::char_traits<wchar_t>, std::allocator<wchar_t> >::rfind(wchar_t const*, unsigned int, unsigned int) const	W	92	89	DIFF	0.8000	libstdcxx/system	1
_ZNKSbIwSt11char_traitsIwESaIwEE5rfindERKS2_j	std::basic_string<wchar_t, std::char_traits<wchar_t>, std::allocator<wchar_t> >::rfind(std::basic_string<wchar_t, std::char_traits<wchar_t>, std::allocator<wchar_t> > const&, unsigned int) const	W	42	43	DIFF	0.9333	libstdcxx/system	1
_ZNKSbIwSt11char_traitsIwESaIwEE5rfindEwj	std::basic_string<wchar_t, std::char_traits<wchar_t>, std::allocator<wchar_t> >::rfind(wchar_t, unsigned int) const	W	65	64	DIFF	0.8387	libstdcxx/system	1
_ZNKSbIwSt11char_traitsIwESaIwEE6_M_repEv	std::basic_string<wchar_t, std::char_traits<wchar_t>, std::allocator<wchar_t> >::_M_rep() const	W	13	13	IDENTICAL	1.0000	libstdcxx/system	1
_ZNKSbIwSt11char_traitsIwESaIwEE6lengthEv	std::basic_string<wchar_t, std::char_traits<wchar_t>, std::allocator<wchar_t> >::length() const	W	13	13	IDENTICAL	1.0000	libstdcxx/system	1
_ZNKSbIwSt11char_traitsIwESaIwEE6rbeginEv	std::basic_string<wchar_t, std::char_traits<wchar_t>, std::allocator<wchar_t> >::rbegin() const	W	23	23	IDENTICAL	1.0000	libstdcxx/system	1
_ZNKSbIwSt11char_traitsIwESaIwEE6substrEjj	std::basic_string<wchar_t, std::char_traits<wchar_t>, std::allocator<wchar_t> >::substr(unsigned int, unsigned int) const	W	68	70	DIFF	0.9130	libstdcxx/system	1
_ZNKSbIwSt11char_traitsIwESaIwEE7_M_dataEv	std::basic_string<wchar_t, std::char_traits<wchar_t>, std::allocator<wchar_t> >::_M_data() const	W	10	10	IDENTICAL	1.0000	libstdcxx/system	1
_ZNKSbIwSt11char_traitsIwESaIwEE7_M_iendEv	std::basic_string<wchar_t, std::char_traits<wchar_t>, std::allocator<wchar_t> >::_M_iend() const	W	23	23	IDENTICAL	1.0000	libstdcxx/system	1
_ZNKSbIwSt11char_traitsIwESaIwEE7compareEPKw	std::basic_string<wchar_t, std::char_traits<wchar_t>, std::allocator<wchar_t> >::compare(wchar_t const*) const	W	85	86	DIFF	0.8750	libstdcxx/system	1
_ZNKSbIwSt11char_traitsIwESaIwEE7compareERKS2_	std::basic_string<wchar_t, std::char_traits<wchar_t>, std::allocator<wchar_t> >::compare(std::basic_string<wchar_t, std::char_traits<wchar_t>, std::allocator<wchar_t> > const&) const	W	70	69	DIFF	0.8214	libstdcxx/system	1
_ZNKSbIwSt11char_traitsIwESaIwEE7compareEjjPKw	std::basic_string<wchar_t, std::char_traits<wchar_t>, std::allocator<wchar_t> >::compare(unsigned int, unsigned int, wchar_t const*) const	W	136	124	DIFF	0.8163	libstdcxx/system	1
_ZNKSbIwSt11char_traitsIwESaIwEE7compareEjjPKwj	std::basic_string<wchar_t, std::char_traits<wchar_t>, std::allocator<wchar_t> >::compare(unsigned int, unsigned int, wchar_t const*, unsigned int) const	W	110	93	DIFF	0.6889	libstdcxx/system	1
_ZNKSbIwSt11char_traitsIwESaIwEE7compareEjjRKS2_	std::basic_string<wchar_t, std::char_traits<wchar_t>, std::allocator<wchar_t> >::compare(unsigned int, unsigned int, std::basic_string<wchar_t, std::char_traits<wchar_t>, std::allocator<wchar_t> > const&) const	W	134	107	DIFF	0.6863	libstdcxx/system	1
_ZNKSbIwSt11char_traitsIwESaIwEE7compareEjjRKS2_jj	std::basic_string<wchar_t, std::char_traits<wchar_t>, std::allocator<wchar_t> >::compare(unsigned int, unsigned int, std::basic_string<wchar_t, std::char_traits<wchar_t>, std::allocator<wchar_t> > const&, unsigned int, unsigned int) const	W	172	128	DIFF	0.6406	libstdcxx/system	1
_ZNKSbIwSt11char_traitsIwESaIwEE8_M_checkEjPKc	std::basic_string<wchar_t, std::char_traits<wchar_t>, std::allocator<wchar_t> >::_M_check(unsigned int, char const*) const	W	32	33	DIFF	0.9231	libstdcxx/system	1
_ZNKSbIwSt11char_traitsIwESaIwEE8_M_limitEjj	std::basic_string<wchar_t, std::char_traits<wchar_t>, std::allocator<wchar_t> >::_M_limit(unsigned int, unsigned int) const	W	25	24	DIFF	0.8333	libstdcxx/system	1
_ZNKSbIwSt11char_traitsIwESaIwEE8capacityEv	std::basic_string<wchar_t, std::char_traits<wchar_t>, std::allocator<wchar_t> >::capacity() const	W	13	13	IDENTICAL	1.0000	libstdcxx/system	1
_ZNKSbIwSt11char_traitsIwESaIwEE8max_sizeEv	std::basic_string<wchar_t, std::char_traits<wchar_t>, std::allocator<wchar_t> >::max_size() const	W	10	10	IDENTICAL	1.0000	libstdcxx/system	1
_ZNKSbIwSt11char_traitsIwESaIwEE9_M_ibeginEv	std::basic_string<wchar_t, std::char_traits<wchar_t>, std::allocator<wchar_t> >::_M_ibegin() const	W	17	17	IDENTICAL	1.0000	libstdcxx/system	1
_ZNKSbIwSt11char_traitsIwESaIwEEixEj	std::basic_string<wchar_t, std::char_traits<wchar_t>, std::allocator<wchar_t> >::operator[](unsigned int) const	W	16	16	DIFF	1.0000	libstdcxx/system	1
_ZNKSi6gcountEv	std::basic_istream<char, std::char_traits<char> >::gcount() const	W	11	11	IDENTICAL	1.0000	libstdcxx/system	1
_ZNKSi6sentrycvbEv	std::basic_istream<char, std::char_traits<char> >::sentry::operator bool() const	W	11	11	IDENTICAL	1.0000	libstdcxx/system	1
_ZNKSo6sentrycvbEv	std::basic_ostream<char, std::char_traits<char> >::sentry::operator bool() const	W	11	11	IDENTICAL	1.0000	libstdcxx/system	1
_ZNKSs11_M_disjunctEPKc	std::basic_string<char, std::char_traits<char>, std::allocator<char> >::_M_disjunct(char const*) const	W	30	30	NEAR	1.0000	libstdcxx/system	1
_ZNKSs12find_last_ofEPKcj	std::basic_string<char, std::char_traits<char>, std::allocator<char> >::find_last_of(char const*, unsigned int) const	W	50	52	DIFF	0.8889	libstdcxx/system	1
_ZNKSs12find_last_ofEPKcjj	std::basic_string<char, std::char_traits<char>, std::allocator<char> >::find_last_of(char const*, unsigned int, unsigned int) const	W	97	98	DIFF	0.8500	libstdcxx/system	1
_ZNKSs12find_last_ofERKSsj	std::basic_string<char, std::char_traits<char>, std::allocator<char> >::find_last_of(std::basic_string<char, std::char_traits<char>, std::allocator<char> > const&, unsigned int) const	W	42	43	DIFF	0.9333	libstdcxx/system	1
_ZNKSs12find_last_ofEcj	std::basic_string<char, std::char_traits<char>, std::allocator<char> >::find_last_of(char, unsigned int) const	W	19	20	DIFF	0.8571	libstdcxx/system	1
_ZNKSs13find_first_ofEPKcj	std::basic_string<char, std::char_traits<char>, std::allocator<char> >::find_first_of(char const*, unsigned int) const	W	50	52	DIFF	0.8889	libstdcxx/system	1
_ZNKSs13find_first_ofEPKcjj	std::basic_string<char, std::char_traits<char>, std::allocator<char> >::find_first_of(char const*, unsigned int, unsigned int) const	W	92	93	DIFF	0.8947	libstdcxx/system	1
_ZNKSs13find_first_ofERKSsj	std::basic_string<char, std::char_traits<char>, std::allocator<char> >::find_first_of(std::basic_string<char, std::char_traits<char>, std::allocator<char> > const&, unsigned int) const	W	42	43	DIFF	0.9333	libstdcxx/system	1
_ZNKSs13find_first_ofEcj	std::basic_string<char, std::char_traits<char>, std::allocator<char> >::find_first_of(char, unsigned int) const	W	19	20	DIFF	0.8571	libstdcxx/system	1
_ZNKSs13get_allocatorEv	std::basic_string<char, std::char_traits<char>, std::allocator<char> >::get_allocator() const	W	10	10	IDENTICAL	1.0000	libstdcxx/system	1
_ZNKSs15_M_check_lengthEjjPKc	std::basic_string<char, std::char_traits<char>, std::allocator<char> >::_M_check_length(unsigned int, unsigned int, char const*) const	W	40	41	DIFF	0.9333	libstdcxx/system	1
_ZNKSs16find_last_not_ofEPKcj	std::basic_string<char, std::char_traits<char>, std::allocator<char> >::find_last_not_of(char const*, unsigned int) const	W	50	52	DIFF	0.8889	libstdcxx/system	1
_ZNKSs16find_last_not_ofEPKcjj	std::basic_string<char, std::char_traits<char>, std::allocator<char> >::find_last_not_of(char const*, unsigned int, unsigned int) const	W	89	90	DIFF	0.8421	libstdcxx/system	1
_ZNKSs16find_last_not_ofERKSsj	std::basic_string<char, std::char_traits<char>, std::allocator<char> >::find_last_not_of(std::basic_string<char, std::char_traits<char>, std::allocator<char> > const&, unsigned int) const	W	42	43	DIFF	0.9333	libstdcxx/system	1
_ZNKSs16find_last_not_ofEcj	std::basic_string<char, std::char_traits<char>, std::allocator<char> >::find_last_not_of(char, unsigned int) const	W	60	60	DIFF	0.8800	libstdcxx/system	1
_ZNKSs17find_first_not_ofEPKcj	std::basic_string<char, std::char_traits<char>, std::allocator<char> >::find_first_not_of(char const*, unsigned int) const	W	50	52	DIFF	0.8889	libstdcxx/system	1
_ZNKSs17find_first_not_ofEPKcjj	std::basic_string<char, std::char_traits<char>, std::allocator<char> >::find_first_not_of(char const*, unsigned int, unsigned int) const	W	95	104	DIFF	0.8837	libstdcxx/system	1
_ZNKSs17find_first_not_ofERKSsj	std::basic_string<char, std::char_traits<char>, std::allocator<char> >::find_first_not_of(std::basic_string<char, std::char_traits<char>, std::allocator<char> > const&, unsigned int) const	W	42	43	DIFF	0.9333	libstdcxx/system	1
_ZNKSs17find_first_not_ofEcj	std::basic_string<char, std::char_traits<char>, std::allocator<char> >::find_first_not_of(char, unsigned int) const	W	56	56	DIFF	0.9600	libstdcxx/system	1
_ZNKSs2atEj	std::basic_string<char, std::char_traits<char>, std::allocator<char> >::at(unsigned int) const	W	36	37	DIFF	0.9231	libstdcxx/system	1
_ZNKSs3endEv	std::basic_string<char, std::char_traits<char>, std::allocator<char> >::end() const	W	20	20	IDENTICAL	1.0000	libstdcxx/system	1
_ZNKSs4_Rep12_M_is_leakedEv	std::basic_string<char, std::char_traits<char>, std::allocator<char> >::_Rep::_M_is_leaked() const	W	14	14	IDENTICAL	1.0000	libstdcxx/system	1
_ZNKSs4_Rep12_M_is_sharedEv	std::basic_string<char, std::char_traits<char>, std::allocator<char> >::_Rep::_M_is_shared() const	W	16	16	IDENTICAL	1.0000	libstdcxx/system	1
_ZNKSs4copyEPcjj	std::basic_string<char, std::char_traits<char>, std::allocator<char> >::copy(char*, unsigned int, unsigned int) const	W	133	133	DIFF	0.8846	libstdcxx/system	1
_ZNKSs4dataEv	std::basic_string<char, std::char_traits<char>, std::allocator<char> >::data() const	W	10	10	IDENTICAL	1.0000	libstdcxx/system	1
_ZNKSs4findEPKcj	std::basic_string<char, std::char_traits<char>, std::allocator<char> >::find(char const*, unsigned int) const	W	50	52	DIFF	0.8889	libstdcxx/system	1
_ZNKSs4findEPKcjj	std::basic_string<char, std::char_traits<char>, std::allocator<char> >::find(char const*, unsigned int, unsigned int) const	W	145	146	DIFF	0.8889	libstdcxx/system	1
_ZNKSs4findERKSsj	std::basic_string<char, std::char_traits<char>, std::allocator<char> >::find(std::basic_string<char, std::char_traits<char>, std::allocator<char> > const&, unsigned int) const	W	42	43	DIFF	0.9333	libstdcxx/system	1
_ZNKSs4findEcj	std::basic_string<char, std::char_traits<char>, std::allocator<char> >::find(char, unsigned int) const	W	75	76	DIFF	0.8710	libstdcxx/system	1
_ZNKSs4rendEv	std::basic_string<char, std::char_traits<char>, std::allocator<char> >::rend() const	W	17	17	IDENTICAL	1.0000	libstdcxx/system	1
_ZNKSs4sizeEv	std::basic_string<char, std::char_traits<char>, std::allocator<char> >::size() const	W	13	13	IDENTICAL	1.0000	libstdcxx/system	1
_ZNKSs5beginEv	std::basic_string<char, std::char_traits<char>, std::allocator<char> >::begin() const	W	17	17	IDENTICAL	1.0000	libstdcxx/system	1
_ZNKSs5c_strEv	std::basic_string<char, std::char_traits<char>, std::allocator<char> >::c_str() const	W	10	10	IDENTICAL	1.0000	libstdcxx/system	1
_ZNKSs5emptyEv	std::basic_string<char, std::char_traits<char>, std::allocator<char> >::empty() const	W	18	18	IDENTICAL	1.0000	libstdcxx/system	1
_ZNKSs5rfindEPKcj	std::basic_string<char, std::char_traits<char>, std::allocator<char> >::rfind(char const*, unsigned int) const	W	50	52	DIFF	0.8889	libstdcxx/system	1
_ZNKSs5rfindEPKcjj	std::basic_string<char, std::char_traits<char>, std::allocator<char> >::rfind(char const*, unsigned int, unsigned int) const	W	93	77	DIFF	0.7209	libstdcxx/system	1
_ZNKSs5rfindERKSsj	std::basic_string<char, std::char_traits<char>, std::allocator<char> >::rfind(std::basic_string<char, std::char_traits<char>, std::allocator<char> > const&, unsigned int) const	W	42	43	DIFF	0.9333	libstdcxx/system	1
_ZNKSs5rfindEcj	std::basic_string<char, std::char_traits<char>, std::allocator<char> >::rfind(char, unsigned int) const	W	72	64	DIFF	0.8710	libstdcxx/system	1
_ZNKSs6_M_repEv	std::basic_string<char, std::char_traits<char>, std::allocator<char> >::_M_rep() const	W	13	13	IDENTICAL	1.0000	libstdcxx/system	1
_ZNKSs6lengthEv	std::basic_string<char, std::char_traits<char>, std::allocator<char> >::length() const	W	13	13	IDENTICAL	1.0000	libstdcxx/system	1
_ZNKSs6rbeginEv	std::basic_string<char, std::char_traits<char>, std::allocator<char> >::rbegin() const	W	20	20	IDENTICAL	1.0000	libstdcxx/system	1
_ZNKSs6substrEjj	std::basic_string<char, std::char_traits<char>, std::allocator<char> >::substr(unsigned int, unsigned int) const	W	68	70	DIFF	0.9130	libstdcxx/system	1
_ZNKSs7_M_dataEv	std::basic_string<char, std::char_traits<char>, std::allocator<char> >::_M_data() const	W	10	10	IDENTICAL	1.0000	libstdcxx/system	1
_ZNKSs7_M_iendEv	std::basic_string<char, std::char_traits<char>, std::allocator<char> >::_M_iend() const	W	20	20	IDENTICAL	1.0000	libstdcxx/system	1
_ZNKSs7compareEPKc	std::basic_string<char, std::char_traits<char>, std::allocator<char> >::compare(char const*) const	W	80	79	DIFF	0.8485	libstdcxx/system	1
_ZNKSs7compareERKSs	std::basic_string<char, std::char_traits<char>, std::allocator<char> >::compare(std::basic_string<char, std::char_traits<char>, std::allocator<char> > const&) const	W	79	78	DIFF	0.8438	libstdcxx/system	1
_ZNKSs7compareEjjPKc	std::basic_string<char, std::char_traits<char>, std::allocator<char> >::compare(unsigned int, unsigned int, char const*) const	W	128	114	DIFF	0.7959	libstdcxx/system	1
_ZNKSs7compareEjjPKcj	std::basic_string<char, std::char_traits<char>, std::allocator<char> >::compare(unsigned int, unsigned int, char const*, unsigned int) const	W	128	104	DIFF	0.6923	libstdcxx/system	1
_ZNKSs7compareEjjRKSs	std::basic_string<char, std::char_traits<char>, std::allocator<char> >::compare(unsigned int, unsigned int, std::basic_string<char, std::char_traits<char>, std::allocator<char> > const&) const	W	136	106	DIFF	0.6727	libstdcxx/system	1
_ZNKSs7compareEjjRKSsjj	std::basic_string<char, std::char_traits<char>, std::allocator<char> >::compare(unsigned int, unsigned int, std::basic_string<char, std::char_traits<char>, std::allocator<char> > const&, unsigned int, unsigned int) const	W	180	124	DIFF	0.5556	libstdcxx/system	1
_ZNKSs8_M_checkEjPKc	std::basic_string<char, std::char_traits<char>, std::allocator<char> >::_M_check(unsigned int, char const*) const	W	32	33	DIFF	0.9231	libstdcxx/system	1
_ZNKSs8_M_limitEjj	std::basic_string<char, std::char_traits<char>, std::allocator<char> >::_M_limit(unsigned int, unsigned int) const	W	25	24	DIFF	0.8333	libstdcxx/system	1
_ZNKSs8capacityEv	std::basic_string<char, std::char_traits<char>, std::allocator<char> >::capacity() const	W	13	13	IDENTICAL	1.0000	libstdcxx/system	1
_ZNKSs8max_sizeEv	std::basic_string<char, std::char_traits<char>, std::allocator<char> >::max_size() const	W	10	10	IDENTICAL	1.0000	libstdcxx/system	1
_ZNKSs9_M_ibeginEv	std::basic_string<char, std::char_traits<char>, std::allocator<char> >::_M_ibegin() const	W	17	17	IDENTICAL	1.0000	libstdcxx/system	1
_ZNKSsixEj	std::basic_string<char, std::char_traits<char>, std::allocator<char> >::operator[](unsigned int) const	W	13	13	IDENTICAL	1.0000	libstdcxx/system	1
_ZNKSt10_Select1stISt4pairIKSsP5CFLogEEclERKS4_	std::_Select1st<std::pair<std::basic_string<char, std::char_traits<char>, std::allocator<char> > const, CFLog*> >::operator()(std::pair<std::basic_string<char, std::char_traits<char>, std::allocator<char> > const, CFLog*> const&) const	W	8	8	IDENTICAL	1.0000	project	1
_ZNKSt10_Select1stISt4pairIKSsSsEEclERKS2_	std::_Select1st<std::pair<std::basic_string<char, std::char_traits<char>, std::allocator<char> > const, std::basic_string<char, std::char_traits<char>, std::allocator<char> > > >::operator()(std::pair<std::basic_string<char, std::char_traits<char>, std::allocator<char> > const, std::basic_string<char, std::char_traits<char>, std::allocator<char> > > const&) const	W	8	8	IDENTICAL	1.0000	project	1
_ZNKSt10_Select1stISt4pairIKj5CUserEEclERKS3_	std::_Select1st<std::pair<unsigned int const, CUser> >::operator()(std::pair<unsigned int const, CUser> const&) const	W	8	8	IDENTICAL	1.0000	project	1
_ZNKSt10_Select1stISt4pairIKtPFiP15ISessionManagerP15CNetworkSessionP12PacketHeaderEEEclERKSA_	std::_Select1st<std::pair<unsigned short const, int (*)(ISessionManager*, CNetworkSession*, PacketHeader*)> >::operator()(std::pair<unsigned short const, int (*)(ISessionManager*, CNetworkSession*, PacketHeader*)> const&) const	W	8	8	IDENTICAL	1.0000	libstdcxx/system	1
_ZNKSt10bad_typeid4whatEv	std::bad_typeid::what() const	T	22	22	DIFF	1.0000	libstdcxx/system	1
_ZNKSt10error_code23default_error_conditionEv	std::error_code::default_error_condition() const	T	46	47	DIFF	0.9444	libstdcxx/system	1
_ZNKSt10moneypunctIcLb0EE10neg_formatEv	std::moneypunct<char, false>::neg_format() const	W	37	38	DIFF	0.9333	libstdcxx/system	1
_ZNKSt10moneypunctIcLb0EE10pos_formatEv	std::moneypunct<char, false>::pos_format() const	W	37	38	DIFF	0.9333	libstdcxx/system	1
_ZNKSt10moneypunctIcLb0EE11curr_symbolEv	std::moneypunct<char, false>::curr_symbol() const	W	37	38	DIFF	0.9333	libstdcxx/system	1
_ZNKSt10moneypunctIcLb0EE11do_groupingEv	std::moneypunct<char, false>::do_grouping() const	W	56	58	DIFF	0.9000	libstdcxx/system	1
_ZNKSt10moneypunctIcLb0EE11frac_digitsEv	std::moneypunct<char, false>::frac_digits() const	W	17	18	DIFF	0.8750	libstdcxx/system	1
_ZNKSt10moneypunctIcLb0EE13decimal_pointEv	std::moneypunct<char, false>::decimal_point() const	W	17	18	DIFF	0.8750	libstdcxx/system	1
_ZNKSt10moneypunctIcLb0EE13do_neg_formatEv	std::moneypunct<char, false>::do_neg_format() const	W	21	21	IDENTICAL	1.0000	libstdcxx/system	1
_ZNKSt10moneypunctIcLb0EE13do_pos_formatEv	std::moneypunct<char, false>::do_pos_format() const	W	21	21	IDENTICAL	1.0000	libstdcxx/system	1
_ZNKSt10moneypunctIcLb0EE13negative_signEv	std::moneypunct<char, false>::negative_sign() const	W	37	38	DIFF	0.9333	libstdcxx/system	1
_ZNKSt10moneypunctIcLb0EE13positive_signEv	std::moneypunct<char, false>::positive_sign() const	W	37	38	DIFF	0.9333	libstdcxx/system	1
_ZNKSt10moneypunctIcLb0EE13thousands_sepEv	std::moneypunct<char, false>::thousands_sep() const	W	17	18	DIFF	0.8750	libstdcxx/system	1
_ZNKSt10moneypunctIcLb0EE14do_curr_symbolEv	std::moneypunct<char, false>::do_curr_symbol() const	W	56	58	DIFF	0.9000	libstdcxx/system	1
_ZNKSt10moneypunctIcLb0EE14do_frac_digitsEv	std::moneypunct<char, false>::do_frac_digits() const	W	14	14	IDENTICAL	1.0000	libstdcxx/system	1
_ZNKSt10moneypunctIcLb0EE16do_decimal_pointEv	std::moneypunct<char, false>::do_decimal_point() const	W	15	15	IDENTICAL	1.0000	libstdcxx/system	1
_ZNKSt10moneypunctIcLb0EE16do_negative_signEv	std::moneypunct<char, false>::do_negative_sign() const	W	56	58	DIFF	0.9000	libstdcxx/system	1
_ZNKSt10moneypunctIcLb0EE16do_positive_signEv	std::moneypunct<char, false>::do_positive_sign() const	W	56	58	DIFF	0.9000	libstdcxx/system	1
_ZNKSt10moneypunctIcLb0EE16do_thousands_sepEv	std::moneypunct<char, false>::do_thousands_sep() const	W	15	15	IDENTICAL	1.0000	libstdcxx/system	1
_ZNKSt10moneypunctIcLb0EE8groupingEv	std::moneypunct<char, false>::grouping() const	W	37	38	DIFF	0.9333	libstdcxx/system	1
_ZNKSt10moneypunctIcLb1EE10neg_formatEv	std::moneypunct<char, true>::neg_format() const	W	37	38	DIFF	0.9333	libstdcxx/system	1
_ZNKSt10moneypunctIcLb1EE10pos_formatEv	std::moneypunct<char, true>::pos_format() const	W	37	38	DIFF	0.9333	libstdcxx/system	1
_ZNKSt10moneypunctIcLb1EE11curr_symbolEv	std::moneypunct<char, true>::curr_symbol() const	W	37	38	DIFF	0.9333	libstdcxx/system	1
_ZNKSt10moneypunctIcLb1EE11do_groupingEv	std::moneypunct<char, true>::do_grouping() const	W	56	58	DIFF	0.9000	libstdcxx/system	1
_ZNKSt10moneypunctIcLb1EE11frac_digitsEv	std::moneypunct<char, true>::frac_digits() const	W	17	18	DIFF	0.8750	libstdcxx/system	1
_ZNKSt10moneypunctIcLb1EE13decimal_pointEv	std::moneypunct<char, true>::decimal_point() const	W	17	18	DIFF	0.8750	libstdcxx/system	1
_ZNKSt10moneypunctIcLb1EE13do_neg_formatEv	std::moneypunct<char, true>::do_neg_format() const	W	21	21	IDENTICAL	1.0000	libstdcxx/system	1
_ZNKSt10moneypunctIcLb1EE13do_pos_formatEv	std::moneypunct<char, true>::do_pos_format() const	W	21	21	IDENTICAL	1.0000	libstdcxx/system	1
_ZNKSt10moneypunctIcLb1EE13negative_signEv	std::moneypunct<char, true>::negative_sign() const	W	37	38	DIFF	0.9333	libstdcxx/system	1
_ZNKSt10moneypunctIcLb1EE13positive_signEv	std::moneypunct<char, true>::positive_sign() const	W	37	38	DIFF	0.9333	libstdcxx/system	1
_ZNKSt10moneypunctIcLb1EE13thousands_sepEv	std::moneypunct<char, true>::thousands_sep() const	W	17	18	DIFF	0.8750	libstdcxx/system	1
_ZNKSt10moneypunctIcLb1EE14do_curr_symbolEv	std::moneypunct<char, true>::do_curr_symbol() const	W	56	58	DIFF	0.9000	libstdcxx/system	1
_ZNKSt10moneypunctIcLb1EE14do_frac_digitsEv	std::moneypunct<char, true>::do_frac_digits() const	W	14	14	IDENTICAL	1.0000	libstdcxx/system	1
_ZNKSt10moneypunctIcLb1EE16do_decimal_pointEv	std::moneypunct<char, true>::do_decimal_point() const	W	15	15	IDENTICAL	1.0000	libstdcxx/system	1
_ZNKSt10moneypunctIcLb1EE16do_negative_signEv	std::moneypunct<char, true>::do_negative_sign() const	W	56	58	DIFF	0.9000	libstdcxx/system	1
_ZNKSt10moneypunctIcLb1EE16do_positive_signEv	std::moneypunct<char, true>::do_positive_sign() const	W	56	58	DIFF	0.9000	libstdcxx/system	1
_ZNKSt10moneypunctIcLb1EE16do_thousands_sepEv	std::moneypunct<char, true>::do_thousands_sep() const	W	15	15	IDENTICAL	1.0000	libstdcxx/system	1
_ZNKSt10moneypunctIcLb1EE8groupingEv	std::moneypunct<char, true>::grouping() const	W	37	38	DIFF	0.9333	libstdcxx/system	1
_ZNKSt10moneypunctIwLb0EE10neg_formatEv	std::moneypunct<wchar_t, false>::neg_format() const	W	37	38	DIFF	0.9333	libstdcxx/system	1
_ZNKSt10moneypunctIwLb0EE10pos_formatEv	std::moneypunct<wchar_t, false>::pos_format() const	W	37	38	DIFF	0.9333	libstdcxx/system	1
_ZNKSt10moneypunctIwLb0EE11curr_symbolEv	std::moneypunct<wchar_t, false>::curr_symbol() const	W	37	38	DIFF	0.9333	libstdcxx/system	1
_ZNKSt10moneypunctIwLb0EE11do_groupingEv	std::moneypunct<wchar_t, false>::do_grouping() const	W	56	58	DIFF	0.9000	libstdcxx/system	1
_ZNKSt10moneypunctIwLb0EE11frac_digitsEv	std::moneypunct<wchar_t, false>::frac_digits() const	W	17	18	DIFF	0.8750	libstdcxx/system	1
_ZNKSt10moneypunctIwLb0EE13decimal_pointEv	std::moneypunct<wchar_t, false>::decimal_point() const	W	17	18	DIFF	0.8750	libstdcxx/system	1
_ZNKSt10moneypunctIwLb0EE13do_neg_formatEv	std::moneypunct<wchar_t, false>::do_neg_format() const	W	21	21	IDENTICAL	1.0000	libstdcxx/system	1
_ZNKSt10moneypunctIwLb0EE13do_pos_formatEv	std::moneypunct<wchar_t, false>::do_pos_format() const	W	21	21	IDENTICAL	1.0000	libstdcxx/system	1
_ZNKSt10moneypunctIwLb0EE13negative_signEv	std::moneypunct<wchar_t, false>::negative_sign() const	W	37	38	DIFF	0.9333	libstdcxx/system	1
_ZNKSt10moneypunctIwLb0EE13positive_signEv	std::moneypunct<wchar_t, false>::positive_sign() const	W	37	38	DIFF	0.9333	libstdcxx/system	1
_ZNKSt10moneypunctIwLb0EE13thousands_sepEv	std::moneypunct<wchar_t, false>::thousands_sep() const	W	17	18	DIFF	0.8750	libstdcxx/system	1
_ZNKSt10moneypunctIwLb0EE14do_curr_symbolEv	std::moneypunct<wchar_t, false>::do_curr_symbol() const	W	56	58	DIFF	0.9000	libstdcxx/system	1
_ZNKSt10moneypunctIwLb0EE14do_frac_digitsEv	std::moneypunct<wchar_t, false>::do_frac_digits() const	W	14	14	IDENTICAL	1.0000	libstdcxx/system	1
_ZNKSt10moneypunctIwLb0EE16do_decimal_pointEv	std::moneypunct<wchar_t, false>::do_decimal_point() const	W	14	14	IDENTICAL	1.0000	libstdcxx/system	1
_ZNKSt10moneypunctIwLb0EE16do_negative_signEv	std::moneypunct<wchar_t, false>::do_negative_sign() const	W	56	58	DIFF	0.9000	libstdcxx/system	1
_ZNKSt10moneypunctIwLb0EE16do_positive_signEv	std::moneypunct<wchar_t, false>::do_positive_sign() const	W	56	58	DIFF	0.9000	libstdcxx/system	1
_ZNKSt10moneypunctIwLb0EE16do_thousands_sepEv	std::moneypunct<wchar_t, false>::do_thousands_sep() const	W	14	14	IDENTICAL	1.0000	libstdcxx/system	1
_ZNKSt10moneypunctIwLb0EE8groupingEv	std::moneypunct<wchar_t, false>::grouping() const	W	37	38	DIFF	0.9333	libstdcxx/system	1
_ZNKSt10moneypunctIwLb1EE10neg_formatEv	std::moneypunct<wchar_t, true>::neg_format() const	W	37	38	DIFF	0.9333	libstdcxx/system	1
_ZNKSt10moneypunctIwLb1EE10pos_formatEv	std::moneypunct<wchar_t, true>::pos_format() const	W	37	38	DIFF	0.9333	libstdcxx/system	1
_ZNKSt10moneypunctIwLb1EE11curr_symbolEv	std::moneypunct<wchar_t, true>::curr_symbol() const	W	37	38	DIFF	0.9333	libstdcxx/system	1
_ZNKSt10moneypunctIwLb1EE11do_groupingEv	std::moneypunct<wchar_t, true>::do_grouping() const	W	56	58	DIFF	0.9000	libstdcxx/system	1
_ZNKSt10moneypunctIwLb1EE11frac_digitsEv	std::moneypunct<wchar_t, true>::frac_digits() const	W	17	18	DIFF	0.8750	libstdcxx/system	1
_ZNKSt10moneypunctIwLb1EE13decimal_pointEv	std::moneypunct<wchar_t, true>::decimal_point() const	W	17	18	DIFF	0.8750	libstdcxx/system	1
_ZNKSt10moneypunctIwLb1EE13do_neg_formatEv	std::moneypunct<wchar_t, true>::do_neg_format() const	W	21	21	IDENTICAL	1.0000	libstdcxx/system	1
_ZNKSt10moneypunctIwLb1EE13do_pos_formatEv	std::moneypunct<wchar_t, true>::do_pos_format() const	W	21	21	IDENTICAL	1.0000	libstdcxx/system	1
_ZNKSt10moneypunctIwLb1EE13negative_signEv	std::moneypunct<wchar_t, true>::negative_sign() const	W	37	38	DIFF	0.9333	libstdcxx/system	1
_ZNKSt10moneypunctIwLb1EE13positive_signEv	std::moneypunct<wchar_t, true>::positive_sign() const	W	37	38	DIFF	0.9333	libstdcxx/system	1
_ZNKSt10moneypunctIwLb1EE13thousands_sepEv	std::moneypunct<wchar_t, true>::thousands_sep() const	W	17	18	DIFF	0.8750	libstdcxx/system	1
_ZNKSt10moneypunctIwLb1EE14do_curr_symbolEv	std::moneypunct<wchar_t, true>::do_curr_symbol() const	W	56	58	DIFF	0.9000	libstdcxx/system	1
_ZNKSt10moneypunctIwLb1EE14do_frac_digitsEv	std::moneypunct<wchar_t, true>::do_frac_digits() const	W	14	14	IDENTICAL	1.0000	libstdcxx/system	1
_ZNKSt10moneypunctIwLb1EE16do_decimal_pointEv	std::moneypunct<wchar_t, true>::do_decimal_point() const	W	14	14	IDENTICAL	1.0000	libstdcxx/system	1
_ZNKSt10moneypunctIwLb1EE16do_negative_signEv	std::moneypunct<wchar_t, true>::do_negative_sign() const	W	56	58	DIFF	0.9000	libstdcxx/system	1
_ZNKSt10moneypunctIwLb1EE16do_positive_signEv	std::moneypunct<wchar_t, true>::do_positive_sign() const	W	56	58	DIFF	0.9000	libstdcxx/system	1
_ZNKSt10moneypunctIwLb1EE16do_thousands_sepEv	std::moneypunct<wchar_t, true>::do_thousands_sep() const	W	14	14	IDENTICAL	1.0000	libstdcxx/system	1
_ZNKSt10moneypunctIwLb1EE8groupingEv	std::moneypunct<wchar_t, true>::grouping() const	W	37	38	DIFF	0.9333	libstdcxx/system	1
_ZNKSt11__timepunctIcE15_M_am_pm_formatEPKc	std::__timepunct<char>::_M_am_pm_format(char const*) const	W	5	5	IDENTICAL	1.0000	libstdcxx/system	1
_ZNKSt11__timepunctIcE15_M_date_formatsEPPKc	std::__timepunct<char>::_M_date_formats(char const**) const	W	25	25	IDENTICAL	1.0000	libstdcxx/system	1
_ZNKSt11__timepunctIcE15_M_time_formatsEPPKc	std::__timepunct<char>::_M_time_formats(char const**) const	W	25	25	IDENTICAL	1.0000	libstdcxx/system	1
_ZNKSt11__timepunctIcE19_M_days_abbreviatedEPPKc	std::__timepunct<char>::_M_days_abbreviated(char const**) const	W	55	55	IDENTICAL	1.0000	libstdcxx/system	1
_ZNKSt11__timepunctIcE20_M_date_time_formatsEPPKc	std::__timepunct<char>::_M_date_time_formats(char const**) const	W	25	25	IDENTICAL	1.0000	libstdcxx/system	1
_ZNKSt11__timepunctIcE21_M_months_abbreviatedEPPKc	std::__timepunct<char>::_M_months_abbreviated(char const**) const	W	121	121	IDENTICAL	1.0000	libstdcxx/system	1
_ZNKSt11__timepunctIcE6_M_putEPcjPKcPK2tm	std::__timepunct<char>::_M_put(char*, unsigned int, char const*, tm const*) const	T	62	64	DIFF	0.9130	libstdcxx/system	1
_ZNKSt11__timepunctIcE7_M_daysEPPKc	std::__timepunct<char>::_M_days(char const**) const	W	55	55	IDENTICAL	1.0000	libstdcxx/system	1
_ZNKSt11__timepunctIcE8_M_am_pmEPPKc	std::__timepunct<char>::_M_am_pm(char const**) const	W	25	25	IDENTICAL	1.0000	libstdcxx/system	1
_ZNKSt11__timepunctIcE9_M_monthsEPPKc	std::__timepunct<char>::_M_months(char const**) const	W	100	100	IDENTICAL	1.0000	libstdcxx/system	1
_ZNKSt11__timepunctIwE15_M_am_pm_formatEPKw	std::__timepunct<wchar_t>::_M_am_pm_format(wchar_t const*) const	W	5	5	IDENTICAL	1.0000	libstdcxx/system	1
_ZNKSt11__timepunctIwE15_M_date_formatsEPPKw	std::__timepunct<wchar_t>::_M_date_formats(wchar_t const**) const	W	25	25	IDENTICAL	1.0000	libstdcxx/system	1
_ZNKSt11__timepunctIwE15_M_time_formatsEPPKw	std::__timepunct<wchar_t>::_M_time_formats(wchar_t const**) const	W	25	25	IDENTICAL	1.0000	libstdcxx/system	1
_ZNKSt11__timepunctIwE19_M_days_abbreviatedEPPKw	std::__timepunct<wchar_t>::_M_days_abbreviated(wchar_t const**) const	W	55	55	IDENTICAL	1.0000	libstdcxx/system	1
_ZNKSt11__timepunctIwE20_M_date_time_formatsEPPKw	std::__timepunct<wchar_t>::_M_date_time_formats(wchar_t const**) const	W	25	25	IDENTICAL	1.0000	libstdcxx/system	1
_ZNKSt11__timepunctIwE21_M_months_abbreviatedEPPKw	std::__timepunct<wchar_t>::_M_months_abbreviated(wchar_t const**) const	W	121	121	IDENTICAL	1.0000	libstdcxx/system	1
_ZNKSt11__timepunctIwE6_M_putEPwjPKwPK2tm	std::__timepunct<wchar_t>::_M_put(wchar_t*, unsigned int, wchar_t const*, tm const*) const	T	65	67	DIFF	0.9130	libstdcxx/system	1
_ZNKSt11__timepunctIwE7_M_daysEPPKw	std::__timepunct<wchar_t>::_M_days(wchar_t const**) const	W	55	55	IDENTICAL	1.0000	libstdcxx/system	1
_ZNKSt11__timepunctIwE8_M_am_pmEPPKw	std::__timepunct<wchar_t>::_M_am_pm(wchar_t const**) const	W	25	25	IDENTICAL	1.0000	libstdcxx/system	1
_ZNKSt11__timepunctIwE9_M_monthsEPPKw	std::__timepunct<wchar_t>::_M_months(wchar_t const**) const	W	100	100	IDENTICAL	1.0000	libstdcxx/system	1
_ZNKSt11__use_cacheISt16__numpunct_cacheIcEEclERKSt6locale	std::__use_cache<std::__numpunct_cache<char> >::operator()(std::locale const&) const	W	256	256	DIFF	0.9714	libstdcxx/system	1
_ZNKSt11__use_cacheISt16__numpunct_cacheIwEEclERKSt6locale	std::__use_cache<std::__numpunct_cache<wchar_t> >::operator()(std::locale const&) const	W	262	262	DIFF	0.9710	libstdcxx/system	1
_ZNKSt11logic_error4whatEv	std::logic_error::what() const	T	11	11	IDENTICAL	1.0000	libstdcxx/system	1
_ZNKSt12_Vector_baseI16STPvPBuddyDBInfoSaIS0_EE19_M_get_Tp_allocatorEv	std::_Vector_base<STPvPBuddyDBInfo, std::allocator<STPvPBuddyDBInfo> >::_M_get_Tp_allocator() const	W	8	8	IDENTICAL	1.0000	project	1
_ZNKSt12_Vector_baseISsSaISsEE19_M_get_Tp_allocatorEv	std::_Vector_base<std::basic_string<char, std::char_traits<char>, std::allocator<char> >, std::allocator<std::basic_string<char, std::char_traits<char>, std::allocator<char> > > >::_M_get_Tp_allocator() const	W	8	8	IDENTICAL	1.0000	project	1
_ZNKSt12__basic_fileIcE7is_openEv	std::__basic_file<char>::is_open() const	T	15	15	IDENTICAL	1.0000	libstdcxx/system	1
_ZNKSt13bad_exception4whatEv	std::bad_exception::what() const	T	22	22	DIFF	1.0000	libstdcxx/system	1
_ZNKSt13basic_filebufIcSt11char_traitsIcEE7is_openEv	std::basic_filebuf<char, std::char_traits<char> >::is_open() const	W	45	45	DIFF	0.8750	libstdcxx/system	1
_ZNKSt13basic_filebufIwSt11char_traitsIwEE7is_openEv	std::basic_filebuf<wchar_t, std::char_traits<wchar_t> >::is_open() const	W	45	45	DIFF	0.8750	libstdcxx/system	1
_ZNKSt13basic_fstreamIcSt11char_traitsIcEE5rdbufEv	std::basic_fstream<char, std::char_traits<char> >::rdbuf() const	W	11	11	DIFF	1.0000	libstdcxx/system	1
_ZNKSt13basic_fstreamIcSt11char_traitsIcEE7is_openEv	std::basic_fstream<char, std::char_traits<char> >::is_open() const	W	45	45	DIFF	0.8750	libstdcxx/system	1
_ZNKSt13basic_fstreamIwSt11char_traitsIwEE5rdbufEv	std::basic_fstream<wchar_t, std::char_traits<wchar_t> >::rdbuf() const	W	11	11	DIFF	1.0000	libstdcxx/system	1
_ZNKSt13basic_fstreamIwSt11char_traitsIwEE7is_openEv	std::basic_fstream<wchar_t, std::char_traits<wchar_t> >::is_open() const	W	45	45	DIFF	0.8750	libstdcxx/system	1
_ZNKSt13basic_istreamIwSt11char_traitsIwEE6gcountEv	std::basic_istream<wchar_t, std::char_traits<wchar_t> >::gcount() const	W	11	11	IDENTICAL	1.0000	libstdcxx/system	1
_ZNKSt13basic_istreamIwSt11char_traitsIwEE6sentrycvbEv	std::basic_istream<wchar_t, std::char_traits<wchar_t> >::sentry::operator bool() const	W	11	11	IDENTICAL	1.0000	libstdcxx/system	1
_ZNKSt13basic_ostreamIwSt11char_traitsIwEE6sentrycvbEv	std::basic_ostream<wchar_t, std::char_traits<wchar_t> >::sentry::operator bool() const	W	11	11	IDENTICAL	1.0000	libstdcxx/system	1
_ZNKSt13move_iteratorIP16STPvPBuddyDBInfoE4baseEv	std::move_iterator<STPvPBuddyDBInfo*>::base() const	W	10	10	IDENTICAL	1.0000	libstdcxx/system	1
_ZNKSt13move_iteratorIP16STPvPBuddyDBInfoEdeEv	std::move_iterator<STPvPBuddyDBInfo*>::operator*() const	W	10	10	IDENTICAL	1.0000	libstdcxx/system	1
_ZNKSt13move_iteratorIPSsE4baseEv	std::move_iterator<std::basic_string<char, std::char_traits<char>, std::allocator<char> >*>::base() const	W	10	10	IDENTICAL	1.0000	libstdcxx/system	1
_ZNKSt13move_iteratorIPSsEdeEv	std::move_iterator<std::basic_string<char, std::char_traits<char>, std::allocator<char> >*>::operator*() const	W	10	10	IDENTICAL	1.0000	libstdcxx/system	1
_ZNKSt13runtime_error4whatEv	std::runtime_error::what() const	T	11	11	IDENTICAL	1.0000	libstdcxx/system	1
_ZNKSt14basic_ifstreamIcSt11char_traitsIcEE5rdbufEv	std::basic_ifstream<char, std::char_traits<char> >::rdbuf() const	W	11	11	DIFF	1.0000	libstdcxx/system	1
_ZNKSt14basic_ifstreamIcSt11char_traitsIcEE7is_openEv	std::basic_ifstream<char, std::char_traits<char> >::is_open() const	W	45	45	DIFF	0.8750	libstdcxx/system	1
_ZNKSt14basic_ifstreamIwSt11char_traitsIwEE5rdbufEv	std::basic_ifstream<wchar_t, std::char_traits<wchar_t> >::rdbuf() const	W	11	11	DIFF	1.0000	libstdcxx/system	1
_ZNKSt14basic_ifstreamIwSt11char_traitsIwEE7is_openEv	std::basic_ifstream<wchar_t, std::char_traits<wchar_t> >::is_open() const	W	45	45	DIFF	0.8750	libstdcxx/system	1
_ZNKSt14basic_ofstreamIcSt11char_traitsIcEE5rdbufEv	std::basic_ofstream<char, std::char_traits<char> >::rdbuf() const	W	11	11	DIFF	1.0000	libstdcxx/system	1
_ZNKSt14basic_ofstreamIcSt11char_traitsIcEE7is_openEv	std::basic_ofstream<char, std::char_traits<char> >::is_open() const	W	45	45	DIFF	0.8750	libstdcxx/system	1
_ZNKSt14basic_ofstreamIwSt11char_traitsIwEE5rdbufEv	std::basic_ofstream<wchar_t, std::char_traits<wchar_t> >::rdbuf() const	W	11	11	DIFF	1.0000	libstdcxx/system	1
_ZNKSt14basic_ofstreamIwSt11char_traitsIwEE7is_openEv	std::basic_ofstream<wchar_t, std::char_traits<wchar_t> >::is_open() const	W	45	45	DIFF	0.8750	libstdcxx/system	1
_ZNKSt14error_category10equivalentERKSt10error_codei	std::error_category::equivalent(std::error_code const&, int) const	T	34	34	DIFF	1.0000	libstdcxx/system	1
_ZNKSt14error_category10equivalentEiRKSt15error_condition	std::error_category::equivalent(int, std::error_condition const&) const	T	87	87	DIFF	0.9412	libstdcxx/system	1
_ZNKSt14error_category23default_error_conditionEi	std::error_category::default_error_condition(int) const	T	21	21	IDENTICAL	1.0000	libstdcxx/system	1
_ZNKSt15basic_streambufIcSt11char_traitsIcEE4gptrEv	std::basic_streambuf<char, std::char_traits<char> >::gptr() const	W	11	11	IDENTICAL	1.0000	libstdcxx/system	1
_ZNKSt15basic_streambufIcSt11char_traitsIcEE4pptrEv	std::basic_streambuf<char, std::char_traits<char> >::pptr() const	W	11	11	IDENTICAL	1.0000	libstdcxx/system	1
_ZNKSt15basic_streambufIcSt11char_traitsIcEE5ebackEv	std::basic_streambuf<char, std::char_traits<char> >::eback() const	W	11	11	IDENTICAL	1.0000	libstdcxx/system	1
_ZNKSt15basic_streambufIcSt11char_traitsIcEE5egptrEv	std::basic_streambuf<char, std::char_traits<char> >::egptr() const	W	11	11	IDENTICAL	1.0000	libstdcxx/system	1
_ZNKSt15basic_streambufIcSt11char_traitsIcEE5epptrEv	std::basic_streambuf<char, std::char_traits<char> >::epptr() const	W	11	11	IDENTICAL	1.0000	libstdcxx/system	1
_ZNKSt15basic_streambufIcSt11char_traitsIcEE5pbaseEv	std::basic_streambuf<char, std::char_traits<char> >::pbase() const	W	11	11	IDENTICAL	1.0000	libstdcxx/system	1
_ZNKSt15basic_streambufIcSt11char_traitsIcEE6getlocEv	std::basic_streambuf<char, std::char_traits<char> >::getloc() const	W	38	40	DIFF	0.8667	libstdcxx/system	1
_ZNKSt15basic_streambufIwSt11char_traitsIwEE4gptrEv	std::basic_streambuf<wchar_t, std::char_traits<wchar_t> >::gptr() const	W	11	11	IDENTICAL	1.0000	libstdcxx/system	1
_ZNKSt15basic_streambufIwSt11char_traitsIwEE4pptrEv	std::basic_streambuf<wchar_t, std::char_traits<wchar_t> >::pptr() const	W	11	11	IDENTICAL	1.0000	libstdcxx/system	1
_ZNKSt15basic_streambufIwSt11char_traitsIwEE5ebackEv	std::basic_streambuf<wchar_t, std::char_traits<wchar_t> >::eback() const	W	11	11	IDENTICAL	1.0000	libstdcxx/system	1
_ZNKSt15basic_streambufIwSt11char_traitsIwEE5egptrEv	std::basic_streambuf<wchar_t, std::char_traits<wchar_t> >::egptr() const	W	11	11	IDENTICAL	1.0000	libstdcxx/system	1
_ZNKSt15basic_streambufIwSt11char_traitsIwEE5epptrEv	std::basic_streambuf<wchar_t, std::char_traits<wchar_t> >::epptr() const	W	11	11	IDENTICAL	1.0000	libstdcxx/system	1
_ZNKSt15basic_streambufIwSt11char_traitsIwEE5pbaseEv	std::basic_streambuf<wchar_t, std::char_traits<wchar_t> >::pbase() const	W	11	11	IDENTICAL	1.0000	libstdcxx/system	1
_ZNKSt15basic_streambufIwSt11char_traitsIwEE6getlocEv	std::basic_streambuf<wchar_t, std::char_traits<wchar_t> >::getloc() const	W	38	40	DIFF	0.8667	libstdcxx/system	1
_ZNKSt17_Rb_tree_iteratorISt4pairIKSsP5CFLogEEeqERKS5_	std::_Rb_tree_iterator<std::pair<std::basic_string<char, std::char_traits<char>, std::allocator<char> > const, CFLog*> >::operator==(std::_Rb_tree_iterator<std::pair<std::basic_string<char, std::char_traits<char>, std::allocator<char> > const, CFLog*> > const&) const	W	20	20	IDENTICAL	1.0000	libstdcxx/system	1
_ZNKSt17_Rb_tree_iteratorISt4pairIKSsP5CFLogEEneERKS5_	std::_Rb_tree_iterator<std::pair<std::basic_string<char, std::char_traits<char>, std::allocator<char> > const, CFLog*> >::operator!=(std::_Rb_tree_iterator<std::pair<std::basic_string<char, std::char_traits<char>, std::allocator<char> > const, CFLog*> > const&) const	W	20	20	IDENTICAL	1.0000	libstdcxx/system	1
_ZNKSt17_Rb_tree_iteratorISt4pairIKSsP5CFLogEEptEv	std::_Rb_tree_iterator<std::pair<std::basic_string<char, std::char_traits<char>, std::allocator<char> > const, CFLog*> >::operator->() const	W	13	13	IDENTICAL	1.0000	project	1
_ZNKSt17_Rb_tree_iteratorISt4pairIKSsSsEEeqERKS3_	std::_Rb_tree_iterator<std::pair<std::basic_string<char, std::char_traits<char>, std::allocator<char> > const, std::basic_string<char, std::char_traits<char>, std::allocator<char> > > >::operator==(std::_Rb_tree_iterator<std::pair<std::basic_string<char, std::char_traits<char>, std::allocator<char> > const, std::basic_string<char, std::char_traits<char>, std::allocator<char> > > > const&) const	W	20	20	IDENTICAL	1.0000	libstdcxx/system	1
_ZNKSt17_Rb_tree_iteratorISt4pairIKj5CUserEEdeEv	std::_Rb_tree_iterator<std::pair<unsigned int const, CUser> >::operator*() const	W	13	13	IDENTICAL	1.0000	project	1
_ZNKSt17_Rb_tree_iteratorISt4pairIKj5CUserEEeqERKS4_	std::_Rb_tree_iterator<std::pair<unsigned int const, CUser> >::operator==(std::_Rb_tree_iterator<std::pair<unsigned int const, CUser> > const&) const	W	20	20	IDENTICAL	1.0000	libstdcxx/system	1
_ZNKSt17_Rb_tree_iteratorISt4pairIKj5CUserEEneERKS4_	std::_Rb_tree_iterator<std::pair<unsigned int const, CUser> >::operator!=(std::_Rb_tree_iterator<std::pair<unsigned int const, CUser> > const&) const	W	20	20	IDENTICAL	1.0000	libstdcxx/system	1
_ZNKSt17_Rb_tree_iteratorISt4pairIKj5CUserEEptEv	std::_Rb_tree_iterator<std::pair<unsigned int const, CUser> >::operator->() const	W	13	13	IDENTICAL	1.0000	project	1
_ZNKSt17_Rb_tree_iteratorISt4pairIKtPFiP15ISessionManagerP15CNetworkSessionP12PacketHeaderEEEeqERKSB_	std::_Rb_tree_iterator<std::pair<unsigned short const, int (*)(ISessionManager*, CNetworkSession*, PacketHeader*)> >::operator==(std::_Rb_tree_iterator<std::pair<unsigned short const, int (*)(ISessionManager*, CNetworkSession*, PacketHeader*)> > const&) const	W	20	20	IDENTICAL	1.0000	libstdcxx/system	1
_ZNKSt17_Rb_tree_iteratorISt4pairIKtPFiP15ISessionManagerP15CNetworkSessionP12PacketHeaderEEEneERKSB_	std::_Rb_tree_iterator<std::pair<unsigned short const, int (*)(ISessionManager*, CNetworkSession*, PacketHeader*)> >::operator!=(std::_Rb_tree_iterator<std::pair<unsigned short const, int (*)(ISessionManager*, CNetworkSession*, PacketHeader*)> > const&) const	W	20	20	IDENTICAL	1.0000	libstdcxx/system	1
_ZNKSt17_Rb_tree_iteratorISt4pairIKtPFiP15ISessionManagerP15CNetworkSessionP12PacketHeaderEEEptEv	std::_Rb_tree_iterator<std::pair<unsigned short const, int (*)(ISessionManager*, CNetworkSession*, PacketHeader*)> >::operator->() const	W	13	13	IDENTICAL	1.0000	libstdcxx/system	1
_ZNKSt19istreambuf_iteratorIcSt11char_traitsIcEE5equalERKS2_	std::istreambuf_iterator<char, std::char_traits<char> >::equal(std::istreambuf_iterator<char, std::char_traits<char> > const&) const	W	176	184	DIFF	0.9412	libstdcxx/system	1
_ZNKSt19istreambuf_iteratorIcSt11char_traitsIcEEdeEv	std::istreambuf_iterator<char, std::char_traits<char> >::operator*() const	W	86	87	DIFF	0.9143	libstdcxx/system	1
_ZNKSt19istreambuf_iteratorIwSt11char_traitsIwEE5equalERKS2_	std::istreambuf_iterator<wchar_t, std::char_traits<wchar_t> >::equal(std::istreambuf_iterator<wchar_t, std::char_traits<wchar_t> > const&) const	W	176	195	DIFF	0.9306	libstdcxx/system	1
_ZNKSt19istreambuf_iteratorIwSt11char_traitsIwEEdeEv	std::istreambuf_iterator<wchar_t, std::char_traits<wchar_t> >::operator*() const	W	87	95	DIFF	0.8889	libstdcxx/system	1
_ZNKSt23_Rb_tree_const_iteratorISt4pairIKSsSsEEneERKS3_	std::_Rb_tree_const_iterator<std::pair<std::basic_string<char, std::char_traits<char>, std::allocator<char> > const, std::basic_string<char, std::char_traits<char>, std::allocator<char> > > >::operator!=(std::_Rb_tree_const_iterator<std::pair<std::basic_string<char, std::char_traits<char>, std::allocator<char> > const, std::basic_string<char, std::char_traits<char>, std::allocator<char> > > > const&) const	W	20	20	IDENTICAL	1.0000	libstdcxx/system	1
_ZNKSt23_Rb_tree_const_iteratorISt4pairIKSsSsEEptEv	std::_Rb_tree_const_iterator<std::pair<std::basic_string<char, std::char_traits<char>, std::allocator<char> > const, std::basic_string<char, std::char_traits<char>, std::allocator<char> > > >::operator->() const	W	13	13	IDENTICAL	1.0000	libstdcxx/system	1
_ZNKSt23_Rb_tree_const_iteratorISt4pairIKj5CUserEEneERKS4_	std::_Rb_tree_const_iterator<std::pair<unsigned int const, CUser> >::operator!=(std::_Rb_tree_const_iterator<std::pair<unsigned int const, CUser> > const&) const	W	20	20	IDENTICAL	1.0000	libstdcxx/system	1
_ZNKSt23_Rb_tree_const_iteratorISt4pairIKj5CUserEEptEv	std::_Rb_tree_const_iterator<std::pair<unsigned int const, CUser> >::operator->() const	W	13	13	IDENTICAL	1.0000	libstdcxx/system	1
_ZNKSt23__codecvt_abstract_baseIcc11__mbstate_tE10max_lengthEv	std::__codecvt_abstract_base<char, char, __mbstate_t>::max_length() const	W	45	45	DIFF	0.8824	libstdcxx/system	1
_ZNKSt23__codecvt_abstract_baseIcc11__mbstate_tE13always_noconvEv	std::__codecvt_abstract_base<char, char, __mbstate_t>::always_noconv() const	W	45	45	DIFF	0.8824	libstdcxx/system	1
_ZNKSt23__codecvt_abstract_baseIwc11__mbstate_tE10max_lengthEv	std::__codecvt_abstract_base<wchar_t, char, __mbstate_t>::max_length() const	W	45	45	DIFF	0.8824	libstdcxx/system	1
_ZNKSt23__codecvt_abstract_baseIwc11__mbstate_tE13always_noconvEv	std::__codecvt_abstract_base<wchar_t, char, __mbstate_t>::always_noconv() const	W	45	45	DIFF	0.8824	libstdcxx/system	1
_ZNKSt4lessISsEclERKSsS2_	std::less<std::basic_string<char, std::char_traits<char>, std::allocator<char> > >::operator()(std::basic_string<char, std::char_traits<char>, std::allocator<char> > const&, std::basic_string<char, std::char_traits<char>, std::allocator<char> > const&) const	W	26	26	NEAR	1.0000	project	1
_ZNKSt4lessIjEclERKjS2_	std::less<unsigned int>::operator()(unsigned int const&, unsigned int const&) const	W	20	20	IDENTICAL	1.0000	project	1
_ZNKSt4lessItEclERKtS2_	std::less<unsigned short>::operator()(unsigned short const&, unsigned short const&) const	W	23	23	IDENTICAL	1.0000	libstdcxx/system	1
_ZNKSt5ctypeIcE10do_tolowerEPcPKc	std::ctype<char>::do_tolower(char*, char const*) const	T	46	46	DIFF	0.9524	libstdcxx/system	1
_ZNKSt5ctypeIcE10do_tolowerEc	std::ctype<char>::do_tolower(char) const	T	18	18	IDENTICAL	1.0000	libstdcxx/system	1
_ZNKSt5ctypeIcE10do_toupperEPcPKc	std::ctype<char>::do_toupper(char*, char const*) const	T	46	46	DIFF	0.9524	libstdcxx/system	1
_ZNKSt5ctypeIcE10do_toupperEc	std::ctype<char>::do_toupper(char) const	T	18	18	IDENTICAL	1.0000	libstdcxx/system	1
_ZNKSt5ctypeIcE13_M_widen_initEv	std::ctype<char>::_M_widen_init() const	T	116	125	DIFF	0.8974	libstdcxx/system	1
_ZNKSt5ctypeIcE14_M_narrow_initEv	std::ctype<char>::_M_narrow_init() const	T	210	219	DIFF	0.9298	libstdcxx/system	1
_ZNKSt5ctypeIcE5widenEc	std::ctype<char>::widen(char) const	W	83	77	DIFF	0.6333	libstdcxx/system	1
_ZNKSt5ctypeIcE8do_widenEPKcS2_Pc	std::ctype<char>::do_widen(char const*, char const*, char*) const	W	44	46	DIFF	0.8889	libstdcxx/system	1
_ZNKSt5ctypeIcE8do_widenEc	std::ctype<char>::do_widen(char) const	W	9	9	IDENTICAL	1.0000	libstdcxx/system	1
_ZNKSt5ctypeIcE9do_narrowEPKcS2_cPc	std::ctype<char>::do_narrow(char const*, char const*, char, char*) const	W	44	46	DIFF	0.8889	libstdcxx/system	1
_ZNKSt5ctypeIcE9do_narrowEcc	std::ctype<char>::do_narrow(char, char) const	W	9	9	IDENTICAL	1.0000	libstdcxx/system	1
_ZNKSt5ctypeIwE10do_scan_isEtPKwS2_	std::ctype<wchar_t>::do_scan_is(unsigned short, wchar_t const*, wchar_t const*) const	T	88	89	DIFF	0.9024	libstdcxx/system	1
_ZNKSt5ctypeIwE10do_tolowerEPwPKw	std::ctype<wchar_t>::do_tolower(wchar_t*, wchar_t const*) const	T	60	61	DIFF	0.8571	libstdcxx/system	1
_ZNKSt5ctypeIwE10do_tolowerEw	std::ctype<wchar_t>::do_tolower(wchar_t) const	T	27	28	DIFF	0.9000	libstdcxx/system	1
_ZNKSt5ctypeIwE10do_toupperEPwPKw	std::ctype<wchar_t>::do_toupper(wchar_t*, wchar_t const*) const	T	60	61	DIFF	0.8571	libstdcxx/system	1
_ZNKSt5ctypeIwE10do_toupperEw	std::ctype<wchar_t>::do_toupper(wchar_t) const	T	27	28	DIFF	0.9000	libstdcxx/system	1
_ZNKSt5ctypeIwE11do_scan_notEtPKwS2_	std::ctype<wchar_t>::do_scan_not(unsigned short, wchar_t const*, wchar_t const*) const	T	88	89	DIFF	0.9024	libstdcxx/system	1
_ZNKSt5ctypeIwE19_M_convert_to_wmaskEt	std::ctype<wchar_t>::_M_convert_to_wmask(unsigned short) const	T	363	363	DIFF	0.9906	libstdcxx/system	1
_ZNKSt5ctypeIwE5do_isEPKwS2_Pt	std::ctype<wchar_t>::do_is(wchar_t const*, wchar_t const*, unsigned short*) const	T	121	122	DIFF	0.8837	libstdcxx/system	1
_ZNKSt5ctypeIwE5do_isEtw	std::ctype<wchar_t>::do_is(unsigned short, wchar_t) const	T	148	149	DIFF	0.9388	libstdcxx/system	1
_ZNKSt5ctypeIwE8do_widenEPKcS2_Pw	std::ctype<wchar_t>::do_widen(char const*, char const*, wchar_t*) const	T	50	50	DIFF	0.9091	libstdcxx/system	1
_ZNKSt5ctypeIwE8do_widenEc	std::ctype<wchar_t>::do_widen(char) const	T	19	19	IDENTICAL	1.0000	libstdcxx/system	1
_ZNKSt5ctypeIwE9do_narrowEPKwS2_cPc	std::ctype<wchar_t>::do_narrow(wchar_t const*, wchar_t const*, char, char*) const	T	200	208	DIFF	0.8421	libstdcxx/system	1
_ZNKSt5ctypeIwE9do_narrowEwc	std::ctype<wchar_t>::do_narrow(wchar_t, char) const	T	116	137	DIFF	0.8696	libstdcxx/system	1
_ZNKSt6locale2id5_M_idEv	std::locale::id::_M_id() const	T	59	59	DIFF	0.9500	libstdcxx/system	1
_ZNKSt6locale4nameEv	std::locale::name() const	T	645	645	DIFF	0.9727	libstdcxx/system	1
_ZNKSt6localeeqERKS_	std::locale::operator==(std::locale const&) const	T	411	419	DIFF	0.9708	libstdcxx/system	1
_ZNKSt6vectorI16STPvPBuddyDBInfoSaIS0_EE12_M_check_lenEjPKc	std::vector<STPvPBuddyDBInfo, std::allocator<STPvPBuddyDBInfo> >::_M_check_len(unsigned int, char const*) const	W	165	165	NEAR	1.0000	project	1
_ZNKSt6vectorI16STPvPBuddyDBInfoSaIS0_EE3endEv	std::vector<STPvPBuddyDBInfo, std::allocator<STPvPBuddyDBInfo> >::end() const	W	44	44	NEAR	1.0000	project	1
_ZNKSt6vectorI16STPvPBuddyDBInfoSaIS0_EE4sizeEv	std::vector<STPvPBuddyDBInfo, std::allocator<STPvPBuddyDBInfo> >::size() const	W	30	30	IDENTICAL	1.0000	project	1
_ZNKSt6vectorI16STPvPBuddyDBInfoSaIS0_EE5beginEv	std::vector<STPvPBuddyDBInfo, std::allocator<STPvPBuddyDBInfo> >::begin() const	W	43	43	NEAR	1.0000	project	1
_ZNKSt6vectorI16STPvPBuddyDBInfoSaIS0_EE8max_sizeEv	std::vector<STPvPBuddyDBInfo, std::allocator<STPvPBuddyDBInfo> >::max_size() const	W	27	27	NEAR	1.0000	project	1
_ZNKSt6vectorISsSaISsEE12_M_check_lenEjPKc	std::vector<std::basic_string<char, std::char_traits<char>, std::allocator<char> >, std::allocator<std::basic_string<char, std::char_traits<char>, std::allocator<char> > > >::_M_check_len(unsigned int, char const*) const	W	165	165	NEAR	1.0000	project	1
_ZNKSt6vectorISsSaISsEE4sizeEv	std::vector<std::basic_string<char, std::char_traits<char>, std::allocator<char> >, std::allocator<std::basic_string<char, std::char_traits<char>, std::allocator<char> > > >::size() const	W	27	27	IDENTICAL	1.0000	project	1
_ZNKSt6vectorISsSaISsEE8max_sizeEv	std::vector<std::basic_string<char, std::char_traits<char>, std::allocator<char> >, std::allocator<std::basic_string<char, std::char_traits<char>, std::allocator<char> > > >::max_size() const	W	27	27	NEAR	1.0000	project	1
_ZNKSt7codecvtIcc11__mbstate_tE10do_unshiftERS0_PcS3_RS3_	std::codecvt<char, char, __mbstate_t>::do_unshift(__mbstate_t&, char*, char*, char*&) const	T	18	18	IDENTICAL	1.0000	libstdcxx/system	1
_ZNKSt7codecvtIcc11__mbstate_tE11do_encodingEv	std::codecvt<char, char, __mbstate_t>::do_encoding() const	T	10	10	IDENTICAL	1.0000	libstdcxx/system	1
_ZNKSt7codecvtIcc11__mbstate_tE13do_max_lengthEv	std::codecvt<char, char, __mbstate_t>::do_max_length() const	T	10	10	IDENTICAL	1.0000	libstdcxx/system	1
_ZNKSt7codecvtIcc11__mbstate_tE16do_always_noconvEv	std::codecvt<char, char, __mbstate_t>::do_always_noconv() const	T	10	10	IDENTICAL	1.0000	libstdcxx/system	1
_ZNKSt7codecvtIcc11__mbstate_tE5do_inERS0_PKcS4_RS4_PcS6_RS6_	std::codecvt<char, char, __mbstate_t>::do_in(__mbstate_t&, char const*, char const*, char const*&, char*, char*, char*&) const	T	26	26	NEAR	1.0000	libstdcxx/system	1
_ZNKSt7codecvtIcc11__mbstate_tE6do_outERS0_PKcS4_RS4_PcS6_RS6_	std::codecvt<char, char, __mbstate_t>::do_out(__mbstate_t&, char const*, char const*, char const*&, char*, char*, char*&) const	T	26	26	NEAR	1.0000	libstdcxx/system	1
_ZNKSt7codecvtIcc11__mbstate_tE9do_lengthERS0_PKcS4_j	std::codecvt<char, char, __mbstate_t>::do_length(__mbstate_t&, char const*, char const*, unsigned int) const	T	20	19	DIFF	0.8000	libstdcxx/system	1
_ZNKSt7codecvtIwc11__mbstate_tE10do_unshiftERS0_PcS3_RS3_	std::codecvt<wchar_t, char, __mbstate_t>::do_unshift(__mbstate_t&, char*, char*, char*&) const	T	18	18	IDENTICAL	1.0000	libstdcxx/system	1
_ZNKSt7codecvtIwc11__mbstate_tE11do_encodingEv	std::codecvt<wchar_t, char, __mbstate_t>::do_encoding() const	T	61	62	DIFF	0.9545	libstdcxx/system	1
_ZNKSt7codecvtIwc11__mbstate_tE13do_max_lengthEv	std::codecvt<wchar_t, char, __mbstate_t>::do_max_length() const	T	55	56	DIFF	0.9500	libstdcxx/system	1
_ZNKSt7codecvtIwc11__mbstate_tE16do_always_noconvEv	std::codecvt<wchar_t, char, __mbstate_t>::do_always_noconv() const	T	7	7	IDENTICAL	1.0000	libstdcxx/system	1
_ZNKSt7codecvtIwc11__mbstate_tE5do_inERS0_PKcS4_RS4_PwS6_RS6_	std::codecvt<wchar_t, char, __mbstate_t>::do_in(__mbstate_t&, char const*, char const*, char const*&, wchar_t*, wchar_t*, wchar_t*&) const	T	468	468	DIFF	0.9620	libstdcxx/system	1
_ZNKSt7codecvtIwc11__mbstate_tE6do_outERS0_PKwS4_RS4_PcS6_RS6_	std::codecvt<wchar_t, char, __mbstate_t>::do_out(__mbstate_t&, wchar_t const*, wchar_t const*, wchar_t const*&, char*, char*, char*&) const	T	517	525	DIFF	0.9713	libstdcxx/system	1
_ZNKSt7codecvtIwc11__mbstate_tE9do_lengthERS0_PKcS4_j	std::codecvt<wchar_t, char, __mbstate_t>::do_length(__mbstate_t&, char const*, char const*, unsigned int) const	T	432	440	DIFF	0.9858	libstdcxx/system	1
_ZNKSt7collateIcE10_M_compareEPKcS2_	std::collate<char>::_M_compare(char const*, char const*) const	T	50	51	DIFF	0.9474	libstdcxx/system	1
_ZNKSt7collateIcE10do_compareEPKcS2_S2_S2_	std::collate<char>::do_compare(char const*, char const*, char const*, char const*) const	W	407	407	DIFF	0.9474	libstdcxx/system	1
_ZNKSt7collateIcE12_M_transformEPcPKcj	std::collate<char>::_M_transform(char*, char const*, unsigned int) const	T	44	46	DIFF	0.8824	libstdcxx/system	1
_ZNKSt7collateIcE12do_transformEPKcS2_	std::collate<char>::do_transform(char const*, char const*) const	W	462	462	DIFF	0.9860	libstdcxx/system	1
_ZNKSt7collateIcE4hashEPKcS2_	std::collate<char>::hash(char const*, char const*) const	W	17	18	DIFF	0.8750	libstdcxx/system	1
_ZNKSt7collateIcE7compareEPKcS2_S2_S2_	std::collate<char>::compare(char const*, char const*, char const*, char const*) const	W	17	18	DIFF	0.8750	libstdcxx/system	1
_ZNKSt7collateIcE7do_hashEPKcS2_	std::collate<char>::do_hash(char const*, char const*) const	W	44	44	DIFF	0.9500	libstdcxx/system	1
_ZNKSt7collateIcE9transformEPKcS2_	std::collate<char>::transform(char const*, char const*) const	W	51	52	DIFF	0.9474	libstdcxx/system	1
_ZNKSt7collateIwE10_M_compareEPKwS2_	std::collate<wchar_t>::_M_compare(wchar_t const*, wchar_t const*) const	T	50	51	DIFF	0.9474	libstdcxx/system	1
_ZNKSt7collateIwE10do_compareEPKwS2_S2_S2_	std::collate<wchar_t>::do_compare(wchar_t const*, wchar_t const*, wchar_t const*, wchar_t const*) const	W	407	407	DIFF	0.9474	libstdcxx/system	1
_ZNKSt7collateIwE12_M_transformEPwPKwj	std::collate<wchar_t>::_M_transform(wchar_t*, wchar_t const*, unsigned int) const	T	44	46	DIFF	0.8824	libstdcxx/system	1
_ZNKSt7collateIwE12do_transformEPKwS2_	std::collate<wchar_t>::do_transform(wchar_t const*, wchar_t const*) const	W	490	490	DIFF	0.9865	libstdcxx/system	1
_ZNKSt7collateIwE4hashEPKwS2_	std::collate<wchar_t>::hash(wchar_t const*, wchar_t const*) const	W	17	18	DIFF	0.8750	libstdcxx/system	1
_ZNKSt7collateIwE7compareEPKwS2_S2_S2_	std::collate<wchar_t>::compare(wchar_t const*, wchar_t const*, wchar_t const*, wchar_t const*) const	W	17	18	DIFF	0.8750	libstdcxx/system	1
_ZNKSt7collateIwE7do_hashEPKwS2_	std::collate<wchar_t>::do_hash(wchar_t const*, wchar_t const*) const	W	41	41	DIFF	0.9474	libstdcxx/system	1
_ZNKSt7collateIwE9transformEPKwS2_	std::collate<wchar_t>::transform(wchar_t const*, wchar_t const*) const	W	51	52	DIFF	0.9474	libstdcxx/system	1
_ZNKSt7greaterIPvEclERKS0_S3_	std::greater<void*>::operator()(void* const&, void* const&) const	W	20	20	IDENTICAL	1.0000	libstdcxx/system	1
_ZNKSt7num_getIcSt19istreambuf_iteratorIcSt11char_traitsIcEEE14_M_extract_intIjEES3_S3_S3_RSt8ios_baseRSt12_Ios_IostateRT_	std::istreambuf_iterator<char, std::char_traits<char> > std::num_get<char, std::istreambuf_iterator<char, std::char_traits<char> > >::_M_extract_int<unsigned int>(std::istreambuf_iterator<char, std::char_traits<char> >, std::istreambuf_iterator<char, std::char_traits<char> >, std::ios_base&, std::_Ios_Iostate&, unsigned int&) const	W	2488	2488	DIFF	0.9689	libstdcxx/system	1
_ZNKSt7num_getIcSt19istreambuf_iteratorIcSt11char_traitsIcEEE14_M_extract_intIlEES3_S3_S3_RSt8ios_baseRSt12_Ios_IostateRT_	std::istreambuf_iterator<char, std::char_traits<char> > std::num_get<char, std::istreambuf_iterator<char, std::char_traits<char> > >::_M_extract_int<long>(std::istreambuf_iterator<char, std::char_traits<char> >, std::istreambuf_iterator<char, std::char_traits<char> >, std::ios_base&, std::_Ios_Iostate&, long&) const	W	2496	2496	DIFF	0.9692	libstdcxx/system	1
_ZNKSt7num_getIcSt19istreambuf_iteratorIcSt11char_traitsIcEEE14_M_extract_intImEES3_S3_S3_RSt8ios_baseRSt12_Ios_IostateRT_	std::istreambuf_iterator<char, std::char_traits<char> > std::num_get<char, std::istreambuf_iterator<char, std::char_traits<char> > >::_M_extract_int<unsigned long>(std::istreambuf_iterator<char, std::char_traits<char> >, std::istreambuf_iterator<char, std::char_traits<char> >, std::ios_base&, std::_Ios_Iostate&, unsigned long&) const	W	2488	2488	DIFF	0.9689	libstdcxx/system	1
_ZNKSt7num_getIcSt19istreambuf_iteratorIcSt11char_traitsIcEEE14_M_extract_intItEES3_S3_S3_RSt8ios_baseRSt12_Ios_IostateRT_	std::istreambuf_iterator<char, std::char_traits<char> > std::num_get<char, std::istreambuf_iterator<char, std::char_traits<char> > >::_M_extract_int<unsigned short>(std::istreambuf_iterator<char, std::char_traits<char> >, std::istreambuf_iterator<char, std::char_traits<char> >, std::ios_base&, std::_Ios_Iostate&, unsigned short&) const	W	2496	2496	DIFF	0.9660	libstdcxx/system	1
_ZNKSt7num_getIcSt19istreambuf_iteratorIcSt11char_traitsIcEEE14_M_extract_intIxEES3_S3_S3_RSt8ios_baseRSt12_Ios_IostateRT_	std::istreambuf_iterator<char, std::char_traits<char> > std::num_get<char, std::istreambuf_iterator<char, std::char_traits<char> > >::_M_extract_int<long long>(std::istreambuf_iterator<char, std::char_traits<char> >, std::istreambuf_iterator<char, std::char_traits<char> >, std::ios_base&, std::_Ios_Iostate&, long long&) const	W	2880	2845	DIFF	0.9607	libstdcxx/system	1
_ZNKSt7num_getIcSt19istreambuf_iteratorIcSt11char_traitsIcEEE14_M_extract_intIyEES3_S3_S3_RSt8ios_baseRSt12_Ios_IostateRT_	std::istreambuf_iterator<char, std::char_traits<char> > std::num_get<char, std::istreambuf_iterator<char, std::char_traits<char> > >::_M_extract_int<unsigned long long>(std::istreambuf_iterator<char, std::char_traits<char> >, std::istreambuf_iterator<char, std::char_traits<char> >, std::ios_base&, std::_Ios_Iostate&, unsigned long long&) const	W	2776	2788	DIFF	0.9700	libstdcxx/system	1
_ZNKSt7num_getIcSt19istreambuf_iteratorIcSt11char_traitsIcEEE16_M_extract_floatES3_S3_RSt8ios_baseRSt12_Ios_IostateRSs	std::num_get<char, std::istreambuf_iterator<char, std::char_traits<char> > >::_M_extract_float(std::istreambuf_iterator<char, std::char_traits<char> >, std::istreambuf_iterator<char, std::char_traits<char> >, std::ios_base&, std::_Ios_Iostate&, std::basic_string<char, std::char_traits<char>, std::allocator<char> >&) const	W	3615	3602	DIFF	0.9830	libstdcxx/system	1
_ZNKSt7num_getIcSt19istreambuf_iteratorIcSt11char_traitsIcEEE3getES3_S3_RSt8ios_baseRSt12_Ios_IostateRPv	std::num_get<char, std::istreambuf_iterator<char, std::char_traits<char> > >::get(std::istreambuf_iterator<char, std::char_traits<char> >, std::istreambuf_iterator<char, std::char_traits<char> >, std::ios_base&, std::_Ios_Iostate&, void*&) const	W	102	103	DIFF	0.9706	libstdcxx/system	1
_ZNKSt7num_getIcSt19istreambuf_iteratorIcSt11char_traitsIcEEE3getES3_S3_RSt8ios_baseRSt12_Ios_IostateRb	std::num_get<char, std::istreambuf_iterator<char, std::char_traits<char> > >::get(std::istreambuf_iterator<char, std::char_traits<char> >, std::istreambuf_iterator<char, std::char_traits<char> >, std::ios_base&, std::_Ios_Iostate&, bool&) const	W	102	103	DIFF	0.9706	libstdcxx/system	1
_ZNKSt7num_getIcSt19istreambuf_iteratorIcSt11char_traitsIcEEE3getES3_S3_RSt8ios_baseRSt12_Ios_IostateRd	std::num_get<char, std::istreambuf_iterator<char, std::char_traits<char> > >::get(std::istreambuf_iterator<char, std::char_traits<char> >, std::istreambuf_iterator<char, std::char_traits<char> >, std::ios_base&, std::_Ios_Iostate&, double&) const	W	102	103	DIFF	0.9706	libstdcxx/system	1
_ZNKSt7num_getIcSt19istreambuf_iteratorIcSt11char_traitsIcEEE3getES3_S3_RSt8ios_baseRSt12_Ios_IostateRe	std::num_get<char, std::istreambuf_iterator<char, std::char_traits<char> > >::get(std::istreambuf_iterator<char, std::char_traits<char> >, std::istreambuf_iterator<char, std::char_traits<char> >, std::ios_base&, std::_Ios_Iostate&, long double&) const	W	102	103	DIFF	0.9706	libstdcxx/system	1
_ZNKSt7num_getIcSt19istreambuf_iteratorIcSt11char_traitsIcEEE3getES3_S3_RSt8ios_baseRSt12_Ios_IostateRf	std::num_get<char, std::istreambuf_iterator<char, std::char_traits<char> > >::get(std::istreambuf_iterator<char, std::char_traits<char> >, std::istreambuf_iterator<char, std::char_traits<char> >, std::ios_base&, std::_Ios_Iostate&, float&) const	W	102	103	DIFF	0.9706	libstdcxx/system	1
_ZNKSt7num_getIcSt19istreambuf_iteratorIcSt11char_traitsIcEEE3getES3_S3_RSt8ios_baseRSt12_Ios_IostateRj	std::num_get<char, std::istreambuf_iterator<char, std::char_traits<char> > >::get(std::istreambuf_iterator<char, std::char_traits<char> >, std::istreambuf_iterator<char, std::char_traits<char> >, std::ios_base&, std::_Ios_Iostate&, unsigned int&) const	W	102	103	DIFF	0.9706	libstdcxx/system	1
_ZNKSt7num_getIcSt19istreambuf_iteratorIcSt11char_traitsIcEEE3getES3_S3_RSt8ios_baseRSt12_Ios_IostateRl	std::num_get<char, std::istreambuf_iterator<char, std::char_traits<char> > >::get(std::istreambuf_iterator<char, std::char_traits<char> >, std::istreambuf_iterator<char, std::char_traits<char> >, std::ios_base&, std::_Ios_Iostate&, long&) const	W	102	103	DIFF	0.9706	libstdcxx/system	1
_ZNKSt7num_getIcSt19istreambuf_iteratorIcSt11char_traitsIcEEE3getES3_S3_RSt8ios_baseRSt12_Ios_IostateRm	std::num_get<char, std::istreambuf_iterator<char, std::char_traits<char> > >::get(std::istreambuf_iterator<char, std::char_traits<char> >, std::istreambuf_iterator<char, std::char_traits<char> >, std::ios_base&, std::_Ios_Iostate&, unsigned long&) const	W	102	103	DIFF	0.9706	libstdcxx/system	1
_ZNKSt7num_getIcSt19istreambuf_iteratorIcSt11char_traitsIcEEE3getES3_S3_RSt8ios_baseRSt12_Ios_IostateRt	std::num_get<char, std::istreambuf_iterator<char, std::char_traits<char> > >::get(std::istreambuf_iterator<char, std::char_traits<char> >, std::istreambuf_iterator<char, std::char_traits<char> >, std::ios_base&, std::_Ios_Iostate&, unsigned short&) const	W	102	103	DIFF	0.9706	libstdcxx/system	1
_ZNKSt7num_getIcSt19istreambuf_iteratorIcSt11char_traitsIcEEE3getES3_S3_RSt8ios_baseRSt12_Ios_IostateRx	std::num_get<char, std::istreambuf_iterator<char, std::char_traits<char> > >::get(std::istreambuf_iterator<char, std::char_traits<char> >, std::istreambuf_iterator<char, std::char_traits<char> >, std::ios_base&, std::_Ios_Iostate&, long long&) const	W	102	103	DIFF	0.9706	libstdcxx/system	1
_ZNKSt7num_getIcSt19istreambuf_iteratorIcSt11char_traitsIcEEE3getES3_S3_RSt8ios_baseRSt12_Ios_IostateRy	std::num_get<char, std::istreambuf_iterator<char, std::char_traits<char> > >::get(std::istreambuf_iterator<char, std::char_traits<char> >, std::istreambuf_iterator<char, std::char_traits<char> >, std::ios_base&, std::_Ios_Iostate&, unsigned long long&) const	W	102	103	DIFF	0.9706	libstdcxx/system	1
_ZNKSt7num_getIcSt19istreambuf_iteratorIcSt11char_traitsIcEEE6do_getES3_S3_RSt8ios_baseRSt12_Ios_IostateRPv	std::num_get<char, std::istreambuf_iterator<char, std::char_traits<char> > >::do_get(std::istreambuf_iterator<char, std::char_traits<char> >, std::istreambuf_iterator<char, std::char_traits<char> >, std::ios_base&, std::_Ios_Iostate&, void*&) const	W	145	146	DIFF	0.9792	libstdcxx/system	1
_ZNKSt7num_getIcSt19istreambuf_iteratorIcSt11char_traitsIcEEE6do_getES3_S3_RSt8ios_baseRSt12_Ios_IostateRb	std::num_get<char, std::istreambuf_iterator<char, std::char_traits<char> > >::do_get(std::istreambuf_iterator<char, std::char_traits<char> >, std::istreambuf_iterator<char, std::char_traits<char> >, std::ios_base&, std::_Ios_Iostate&, bool&) const	W	1046	1025	DIFF	0.9437	libstdcxx/system	1
_ZNKSt7num_getIcSt19istreambuf_iteratorIcSt11char_traitsIcEEE6do_getES3_S3_RSt8ios_baseRSt12_Ios_IostateRd	std::num_get<char, std::istreambuf_iterator<char, std::char_traits<char> > >::do_get(std::istreambuf_iterator<char, std::char_traits<char> >, std::istreambuf_iterator<char, std::char_traits<char> >, std::ios_base&, std::_Ios_Iostate&, double&) const	W	402	402	DIFF	0.9769	libstdcxx/system	1
_ZNKSt7num_getIcSt19istreambuf_iteratorIcSt11char_traitsIcEEE6do_getES3_S3_RSt8ios_baseRSt12_Ios_IostateRe	std::num_get<char, std::istreambuf_iterator<char, std::char_traits<char> > >::do_get(std::istreambuf_iterator<char, std::char_traits<char> >, std::istreambuf_iterator<char, std::char_traits<char> >, std::ios_base&, std::_Ios_Iostate&, long double&) const	W	402	402	DIFF	0.9769	libstdcxx/system	1
_ZNKSt7num_getIcSt19istreambuf_iteratorIcSt11char_traitsIcEEE6do_getES3_S3_RSt8ios_baseRSt12_Ios_IostateRf	std::num_get<char, std::istreambuf_iterator<char, std::char_traits<char> > >::do_get(std::istreambuf_iterator<char, std::char_traits<char> >, std::istreambuf_iterator<char, std::char_traits<char> >, std::ios_base&, std::_Ios_Iostate&, float&) const	W	402	402	DIFF	0.9769	libstdcxx/system	1
_ZNKSt7num_getIcSt19istreambuf_iteratorIcSt11char_traitsIcEEE6do_getES3_S3_RSt8ios_baseRSt12_Ios_IostateRj	std::num_get<char, std::istreambuf_iterator<char, std::char_traits<char> > >::do_get(std::istreambuf_iterator<char, std::char_traits<char> >, std::istreambuf_iterator<char, std::char_traits<char> >, std::ios_base&, std::_Ios_Iostate&, unsigned int&) const	W	86	87	DIFF	0.9643	libstdcxx/system	1
_ZNKSt7num_getIcSt19istreambuf_iteratorIcSt11char_traitsIcEEE6do_getES3_S3_RSt8ios_baseRSt12_Ios_IostateRl	std::num_get<char, std::istreambuf_iterator<char, std::char_traits<char> > >::do_get(std::istreambuf_iterator<char, std::char_traits<char> >, std::istreambuf_iterator<char, std::char_traits<char> >, std::ios_base&, std::_Ios_Iostate&, long&) const	W	86	87	DIFF	0.9643	libstdcxx/system	1
_ZNKSt7num_getIcSt19istreambuf_iteratorIcSt11char_traitsIcEEE6do_getES3_S3_RSt8ios_baseRSt12_Ios_IostateRm	std::num_get<char, std::istreambuf_iterator<char, std::char_traits<char> > >::do_get(std::istreambuf_iterator<char, std::char_traits<char> >, std::istreambuf_iterator<char, std::char_traits<char> >, std::ios_base&, std::_Ios_Iostate&, unsigned long&) const	W	86	87	DIFF	0.9643	libstdcxx/system	1
_ZNKSt7num_getIcSt19istreambuf_iteratorIcSt11char_traitsIcEEE6do_getES3_S3_RSt8ios_baseRSt12_Ios_IostateRt	std::num_get<char, std::istreambuf_iterator<char, std::char_traits<char> > >::do_get(std::istreambuf_iterator<char, std::char_traits<char> >, std::istreambuf_iterator<char, std::char_traits<char> >, std::ios_base&, std::_Ios_Iostate&, unsigned short&) const	W	86	87	DIFF	0.9643	libstdcxx/system	1
_ZNKSt7num_getIcSt19istreambuf_iteratorIcSt11char_traitsIcEEE6do_getES3_S3_RSt8ios_baseRSt12_Ios_IostateRx	std::num_get<char, std::istreambuf_iterator<char, std::char_traits<char> > >::do_get(std::istreambuf_iterator<char, std::char_traits<char> >, std::istreambuf_iterator<char, std::char_traits<char> >, std::ios_base&, std::_Ios_Iostate&, long long&) const	W	86	87	DIFF	0.9643	libstdcxx/system	1
_ZNKSt7num_getIcSt19istreambuf_iteratorIcSt11char_traitsIcEEE6do_getES3_S3_RSt8ios_baseRSt12_Ios_IostateRy	std::num_get<char, std::istreambuf_iterator<char, std::char_traits<char> > >::do_get(std::istreambuf_iterator<char, std::char_traits<char> >, std::istreambuf_iterator<char, std::char_traits<char> >, std::ios_base&, std::_Ios_Iostate&, unsigned long long&) const	W	86	87	DIFF	0.9643	libstdcxx/system	1
_ZNKSt7num_getIwSt19istreambuf_iteratorIwSt11char_traitsIwEEE14_M_extract_intIjEES3_S3_S3_RSt8ios_baseRSt12_Ios_IostateRT_	std::istreambuf_iterator<wchar_t, std::char_traits<wchar_t> > std::num_get<wchar_t, std::istreambuf_iterator<wchar_t, std::char_traits<wchar_t> > >::_M_extract_int<unsigned int>(std::istreambuf_iterator<wchar_t, std::char_traits<wchar_t> >, std::istreambuf_iterator<wchar_t, std::char_traits<wchar_t> >, std::ios_base&, std::_Ios_Iostate&, unsigned int&) const	W	2685	2726	DIFF	0.9592	libstdcxx/system	1
_ZNKSt7num_getIwSt19istreambuf_iteratorIwSt11char_traitsIwEEE14_M_extract_intIlEES3_S3_S3_RSt8ios_baseRSt12_Ios_IostateRT_	std::istreambuf_iterator<wchar_t, std::char_traits<wchar_t> > std::num_get<wchar_t, std::istreambuf_iterator<wchar_t, std::char_traits<wchar_t> > >::_M_extract_int<long>(std::istreambuf_iterator<wchar_t, std::char_traits<wchar_t> >, std::istreambuf_iterator<wchar_t, std::char_traits<wchar_t> >, std::ios_base&, std::_Ios_Iostate&, long&) const	W	2701	2734	DIFF	0.9635	libstdcxx/system	1
_ZNKSt7num_getIwSt19istreambuf_iteratorIwSt11char_traitsIwEEE14_M_extract_intImEES3_S3_S3_RSt8ios_baseRSt12_Ios_IostateRT_	std::istreambuf_iterator<wchar_t, std::char_traits<wchar_t> > std::num_get<wchar_t, std::istreambuf_iterator<wchar_t, std::char_traits<wchar_t> > >::_M_extract_int<unsigned long>(std::istreambuf_iterator<wchar_t, std::char_traits<wchar_t> >, std::istreambuf_iterator<wchar_t, std::char_traits<wchar_t> >, std::ios_base&, std::_Ios_Iostate&, unsigned long&) const	W	2685	2726	DIFF	0.9592	libstdcxx/system	1
_ZNKSt7num_getIwSt19istreambuf_iteratorIwSt11char_traitsIwEEE14_M_extract_intItEES3_S3_S3_RSt8ios_baseRSt12_Ios_IostateRT_	std::istreambuf_iterator<wchar_t, std::char_traits<wchar_t> > std::num_get<wchar_t, std::istreambuf_iterator<wchar_t, std::char_traits<wchar_t> > >::_M_extract_int<unsigned short>(std::istreambuf_iterator<wchar_t, std::char_traits<wchar_t> >, std::istreambuf_iterator<wchar_t, std::char_traits<wchar_t> >, std::ios_base&, std::_Ios_Iostate&, unsigned short&) const	W	2701	2734	DIFF	0.9620	libstdcxx/system	1
_ZNKSt7num_getIwSt19istreambuf_iteratorIwSt11char_traitsIwEEE14_M_extract_intIxEES3_S3_S3_RSt8ios_baseRSt12_Ios_IostateRT_	std::istreambuf_iterator<wchar_t, std::char_traits<wchar_t> > std::num_get<wchar_t, std::istreambuf_iterator<wchar_t, std::char_traits<wchar_t> > >::_M_extract_int<long long>(std::istreambuf_iterator<wchar_t, std::char_traits<wchar_t> >, std::istreambuf_iterator<wchar_t, std::char_traits<wchar_t> >, std::ios_base&, std::_Ios_Iostate&, long long&) const	W	3299	3245	DIFF	0.9596	libstdcxx/system	1
_ZNKSt7num_getIwSt19istreambuf_iteratorIwSt11char_traitsIwEEE14_M_extract_intIyEES3_S3_S3_RSt8ios_baseRSt12_Ios_IostateRT_	std::istreambuf_iterator<wchar_t, std::char_traits<wchar_t> > std::num_get<wchar_t, std::istreambuf_iterator<wchar_t, std::char_traits<wchar_t> > >::_M_extract_int<unsigned long long>(std::istreambuf_iterator<wchar_t, std::char_traits<wchar_t> >, std::istreambuf_iterator<wchar_t, std::char_traits<wchar_t> >, std::ios_base&, std::_Ios_Iostate&, unsigned long long&) const	W	3184	3199	DIFF	0.9723	libstdcxx/system	1
_ZNKSt7num_getIwSt19istreambuf_iteratorIwSt11char_traitsIwEEE16_M_extract_floatES3_S3_RSt8ios_baseRSt12_Ios_IostateRSs	std::num_get<wchar_t, std::istreambuf_iterator<wchar_t, std::char_traits<wchar_t> > >::_M_extract_float(std::istreambuf_iterator<wchar_t, std::char_traits<wchar_t> >, std::istreambuf_iterator<wchar_t, std::char_traits<wchar_t> >, std::ios_base&, std::_Ios_Iostate&, std::basic_string<char, std::char_traits<char>, std::allocator<char> >&) const	W	4252	4252	DIFF	0.9906	libstdcxx/system	1
_ZNKSt7num_getIwSt19istreambuf_iteratorIwSt11char_traitsIwEEE3getES3_S3_RSt8ios_baseRSt12_Ios_IostateRPv	std::num_get<wchar_t, std::istreambuf_iterator<wchar_t, std::char_traits<wchar_t> > >::get(std::istreambuf_iterator<wchar_t, std::char_traits<wchar_t> >, std::istreambuf_iterator<wchar_t, std::char_traits<wchar_t> >, std::ios_base&, std::_Ios_Iostate&, void*&) const	W	102	103	DIFF	0.9706	libstdcxx/system	1
_ZNKSt7num_getIwSt19istreambuf_iteratorIwSt11char_traitsIwEEE3getES3_S3_RSt8ios_baseRSt12_Ios_IostateRb	std::num_get<wchar_t, std::istreambuf_iterator<wchar_t, std::char_traits<wchar_t> > >::get(std::istreambuf_iterator<wchar_t, std::char_traits<wchar_t> >, std::istreambuf_iterator<wchar_t, std::char_traits<wchar_t> >, std::ios_base&, std::_Ios_Iostate&, bool&) const	W	102	103	DIFF	0.9706	libstdcxx/system	1
_ZNKSt7num_getIwSt19istreambuf_iteratorIwSt11char_traitsIwEEE3getES3_S3_RSt8ios_baseRSt12_Ios_IostateRd	std::num_get<wchar_t, std::istreambuf_iterator<wchar_t, std::char_traits<wchar_t> > >::get(std::istreambuf_iterator<wchar_t, std::char_traits<wchar_t> >, std::istreambuf_iterator<wchar_t, std::char_traits<wchar_t> >, std::ios_base&, std::_Ios_Iostate&, double&) const	W	102	103	DIFF	0.9706	libstdcxx/system	1
_ZNKSt7num_getIwSt19istreambuf_iteratorIwSt11char_traitsIwEEE3getES3_S3_RSt8ios_baseRSt12_Ios_IostateRe	std::num_get<wchar_t, std::istreambuf_iterator<wchar_t, std::char_traits<wchar_t> > >::get(std::istreambuf_iterator<wchar_t, std::char_traits<wchar_t> >, std::istreambuf_iterator<wchar_t, std::char_traits<wchar_t> >, std::ios_base&, std::_Ios_Iostate&, long double&) const	W	102	103	DIFF	0.9706	libstdcxx/system	1
_ZNKSt7num_getIwSt19istreambuf_iteratorIwSt11char_traitsIwEEE3getES3_S3_RSt8ios_baseRSt12_Ios_IostateRf	std::num_get<wchar_t, std::istreambuf_iterator<wchar_t, std::char_traits<wchar_t> > >::get(std::istreambuf_iterator<wchar_t, std::char_traits<wchar_t> >, std::istreambuf_iterator<wchar_t, std::char_traits<wchar_t> >, std::ios_base&, std::_Ios_Iostate&, float&) const	W	102	103	DIFF	0.9706	libstdcxx/system	1
_ZNKSt7num_getIwSt19istreambuf_iteratorIwSt11char_traitsIwEEE3getES3_S3_RSt8ios_baseRSt12_Ios_IostateRj	std::num_get<wchar_t, std::istreambuf_iterator<wchar_t, std::char_traits<wchar_t> > >::get(std::istreambuf_iterator<wchar_t, std::char_traits<wchar_t> >, std::istreambuf_iterator<wchar_t, std::char_traits<wchar_t> >, std::ios_base&, std::_Ios_Iostate&, unsigned int&) const	W	102	103	DIFF	0.9706	libstdcxx/system	1
_ZNKSt7num_getIwSt19istreambuf_iteratorIwSt11char_traitsIwEEE3getES3_S3_RSt8ios_baseRSt12_Ios_IostateRl	std::num_get<wchar_t, std::istreambuf_iterator<wchar_t, std::char_traits<wchar_t> > >::get(std::istreambuf_iterator<wchar_t, std::char_traits<wchar_t> >, std::istreambuf_iterator<wchar_t, std::char_traits<wchar_t> >, std::ios_base&, std::_Ios_Iostate&, long&) const	W	102	103	DIFF	0.9706	libstdcxx/system	1
_ZNKSt7num_getIwSt19istreambuf_iteratorIwSt11char_traitsIwEEE3getES3_S3_RSt8ios_baseRSt12_Ios_IostateRm	std::num_get<wchar_t, std::istreambuf_iterator<wchar_t, std::char_traits<wchar_t> > >::get(std::istreambuf_iterator<wchar_t, std::char_traits<wchar_t> >, std::istreambuf_iterator<wchar_t, std::char_traits<wchar_t> >, std::ios_base&, std::_Ios_Iostate&, unsigned long&) const	W	102	103	DIFF	0.9706	libstdcxx/system	1
_ZNKSt7num_getIwSt19istreambuf_iteratorIwSt11char_traitsIwEEE3getES3_S3_RSt8ios_baseRSt12_Ios_IostateRt	std::num_get<wchar_t, std::istreambuf_iterator<wchar_t, std::char_traits<wchar_t> > >::get(std::istreambuf_iterator<wchar_t, std::char_traits<wchar_t> >, std::istreambuf_iterator<wchar_t, std::char_traits<wchar_t> >, std::ios_base&, std::_Ios_Iostate&, unsigned short&) const	W	102	103	DIFF	0.9706	libstdcxx/system	1
_ZNKSt7num_getIwSt19istreambuf_iteratorIwSt11char_traitsIwEEE3getES3_S3_RSt8ios_baseRSt12_Ios_IostateRx	std::num_get<wchar_t, std::istreambuf_iterator<wchar_t, std::char_traits<wchar_t> > >::get(std::istreambuf_iterator<wchar_t, std::char_traits<wchar_t> >, std::istreambuf_iterator<wchar_t, std::char_traits<wchar_t> >, std::ios_base&, std::_Ios_Iostate&, long long&) const	W	102	103	DIFF	0.9706	libstdcxx/system	1
_ZNKSt7num_getIwSt19istreambuf_iteratorIwSt11char_traitsIwEEE3getES3_S3_RSt8ios_baseRSt12_Ios_IostateRy	std::num_get<wchar_t, std::istreambuf_iterator<wchar_t, std::char_traits<wchar_t> > >::get(std::istreambuf_iterator<wchar_t, std::char_traits<wchar_t> >, std::istreambuf_iterator<wchar_t, std::char_traits<wchar_t> >, std::ios_base&, std::_Ios_Iostate&, unsigned long long&) const	W	102	103	DIFF	0.9706	libstdcxx/system	1
_ZNKSt7num_getIwSt19istreambuf_iteratorIwSt11char_traitsIwEEE6do_getES3_S3_RSt8ios_baseRSt12_Ios_IostateRPv	std::num_get<wchar_t, std::istreambuf_iterator<wchar_t, std::char_traits<wchar_t> > >::do_get(std::istreambuf_iterator<wchar_t, std::char_traits<wchar_t> >, std::istreambuf_iterator<wchar_t, std::char_traits<wchar_t> >, std::ios_base&, std::_Ios_Iostate&, void*&) const	W	145	146	DIFF	0.9792	libstdcxx/system	1
_ZNKSt7num_getIwSt19istreambuf_iteratorIwSt11char_traitsIwEEE6do_getES3_S3_RSt8ios_baseRSt12_Ios_IostateRb	std::num_get<wchar_t, std::istreambuf_iterator<wchar_t, std::char_traits<wchar_t> > >::do_get(std::istreambuf_iterator<wchar_t, std::char_traits<wchar_t> >, std::istreambuf_iterator<wchar_t, std::char_traits<wchar_t> >, std::ios_base&, std::_Ios_Iostate&, bool&) const	W	1078	1041	DIFF	0.9231	libstdcxx/system	1
_ZNKSt7num_getIwSt19istreambuf_iteratorIwSt11char_traitsIwEEE6do_getES3_S3_RSt8ios_baseRSt12_Ios_IostateRd	std::num_get<wchar_t, std::istreambuf_iterator<wchar_t, std::char_traits<wchar_t> > >::do_get(std::istreambuf_iterator<wchar_t, std::char_traits<wchar_t> >, std::istreambuf_iterator<wchar_t, std::char_traits<wchar_t> >, std::ios_base&, std::_Ios_Iostate&, double&) const	W	399	399	DIFF	0.9773	libstdcxx/system	1
_ZNKSt7num_getIwSt19istreambuf_iteratorIwSt11char_traitsIwEEE6do_getES3_S3_RSt8ios_baseRSt12_Ios_IostateRe	std::num_get<wchar_t, std::istreambuf_iterator<wchar_t, std::char_traits<wchar_t> > >::do_get(std::istreambuf_iterator<wchar_t, std::char_traits<wchar_t> >, std::istreambuf_iterator<wchar_t, std::char_traits<wchar_t> >, std::ios_base&, std::_Ios_Iostate&, long double&) const	W	399	399	DIFF	0.9773	libstdcxx/system	1
_ZNKSt7num_getIwSt19istreambuf_iteratorIwSt11char_traitsIwEEE6do_getES3_S3_RSt8ios_baseRSt12_Ios_IostateRf	std::num_get<wchar_t, std::istreambuf_iterator<wchar_t, std::char_traits<wchar_t> > >::do_get(std::istreambuf_iterator<wchar_t, std::char_traits<wchar_t> >, std::istreambuf_iterator<wchar_t, std::char_traits<wchar_t> >, std::ios_base&, std::_Ios_Iostate&, float&) const	W	399	399	DIFF	0.9773	libstdcxx/system	1
_ZNKSt7num_getIwSt19istreambuf_iteratorIwSt11char_traitsIwEEE6do_getES3_S3_RSt8ios_baseRSt12_Ios_IostateRj	std::num_get<wchar_t, std::istreambuf_iterator<wchar_t, std::char_traits<wchar_t> > >::do_get(std::istreambuf_iterator<wchar_t, std::char_traits<wchar_t> >, std::istreambuf_iterator<wchar_t, std::char_traits<wchar_t> >, std::ios_base&, std::_Ios_Iostate&, unsigned int&) const	W	86	87	DIFF	0.9643	libstdcxx/system	1
_ZNKSt7num_getIwSt19istreambuf_iteratorIwSt11char_traitsIwEEE6do_getES3_S3_RSt8ios_baseRSt12_Ios_IostateRl	std::num_get<wchar_t, std::istreambuf_iterator<wchar_t, std::char_traits<wchar_t> > >::do_get(std::istreambuf_iterator<wchar_t, std::char_traits<wchar_t> >, std::istreambuf_iterator<wchar_t, std::char_traits<wchar_t> >, std::ios_base&, std::_Ios_Iostate&, long&) const	W	86	87	DIFF	0.9643	libstdcxx/system	1
_ZNKSt7num_getIwSt19istreambuf_iteratorIwSt11char_traitsIwEEE6do_getES3_S3_RSt8ios_baseRSt12_Ios_IostateRm	std::num_get<wchar_t, std::istreambuf_iterator<wchar_t, std::char_traits<wchar_t> > >::do_get(std::istreambuf_iterator<wchar_t, std::char_traits<wchar_t> >, std::istreambuf_iterator<wchar_t, std::char_traits<wchar_t> >, std::ios_base&, std::_Ios_Iostate&, unsigned long&) const	W	86	87	DIFF	0.9643	libstdcxx/system	1
_ZNKSt7num_getIwSt19istreambuf_iteratorIwSt11char_traitsIwEEE6do_getES3_S3_RSt8ios_baseRSt12_Ios_IostateRt	std::num_get<wchar_t, std::istreambuf_iterator<wchar_t, std::char_traits<wchar_t> > >::do_get(std::istreambuf_iterator<wchar_t, std::char_traits<wchar_t> >, std::istreambuf_iterator<wchar_t, std::char_traits<wchar_t> >, std::ios_base&, std::_Ios_Iostate&, unsigned short&) const	W	86	87	DIFF	0.9643	libstdcxx/system	1
_ZNKSt7num_getIwSt19istreambuf_iteratorIwSt11char_traitsIwEEE6do_getES3_S3_RSt8ios_baseRSt12_Ios_IostateRx	std::num_get<wchar_t, std::istreambuf_iterator<wchar_t, std::char_traits<wchar_t> > >::do_get(std::istreambuf_iterator<wchar_t, std::char_traits<wchar_t> >, std::istreambuf_iterator<wchar_t, std::char_traits<wchar_t> >, std::ios_base&, std::_Ios_Iostate&, long long&) const	W	86	87	DIFF	0.9643	libstdcxx/system	1
_ZNKSt7num_getIwSt19istreambuf_iteratorIwSt11char_traitsIwEEE6do_getES3_S3_RSt8ios_baseRSt12_Ios_IostateRy	std::num_get<wchar_t, std::istreambuf_iterator<wchar_t, std::char_traits<wchar_t> > >::do_get(std::istreambuf_iterator<wchar_t, std::char_traits<wchar_t> >, std::istreambuf_iterator<wchar_t, std::char_traits<wchar_t> >, std::ios_base&, std::_Ios_Iostate&, unsigned long long&) const	W	86	87	DIFF	0.9643	libstdcxx/system	1
_ZNKSt7num_putIcSt19ostreambuf_iteratorIcSt11char_traitsIcEEE12_M_group_intEPKcjcRSt8ios_basePcS9_Ri	std::num_put<char, std::ostreambuf_iterator<char, std::char_traits<char> > >::_M_group_int(char const*, unsigned int, char, std::ios_base&, char*, char*, int&) const	W	77	78	DIFF	0.9630	libstdcxx/system	1
_ZNKSt7num_putIcSt19ostreambuf_iteratorIcSt11char_traitsIcEEE13_M_insert_intIlEES3_S3_RSt8ios_basecT_	std::ostreambuf_iterator<char, std::char_traits<char> > std::num_put<char, std::ostreambuf_iterator<char, std::char_traits<char> > >::_M_insert_int<long>(std::ostreambuf_iterator<char, std::char_traits<char> >, std::ios_base&, char, long) const	W	678	656	DIFF	0.9109	libstdcxx/system	1
_ZNKSt7num_putIcSt19ostreambuf_iteratorIcSt11char_traitsIcEEE13_M_insert_intImEES3_S3_RSt8ios_basecT_	std::ostreambuf_iterator<char, std::char_traits<char> > std::num_put<char, std::ostreambuf_iterator<char, std::char_traits<char> > >::_M_insert_int<unsigned long>(std::ostreambuf_iterator<char, std::char_traits<char> >, std::ios_base&, char, unsigned long) const	W	557	548	DIFF	0.9405	libstdcxx/system	1
_ZNKSt7num_putIcSt19ostreambuf_iteratorIcSt11char_traitsIcEEE13_M_insert_intIxEES3_S3_RSt8ios_basecT_	std::ostreambuf_iterator<char, std::char_traits<char> > std::num_put<char, std::ostreambuf_iterator<char, std::char_traits<char> > >::_M_insert_int<long long>(std::ostreambuf_iterator<char, std::char_traits<char> >, std::ios_base&, char, long long) const	W	735	705	DIFF	0.8950	libstdcxx/system	1
_ZNKSt7num_putIcSt19ostreambuf_iteratorIcSt11char_traitsIcEEE13_M_insert_intIyEES3_S3_RSt8ios_basecT_	std::ostreambuf_iterator<char, std::char_traits<char> > std::num_put<char, std::ostreambuf_iterator<char, std::char_traits<char> > >::_M_insert_int<unsigned long long>(std::ostreambuf_iterator<char, std::char_traits<char> >, std::ios_base&, char, unsigned long long) const	W	583	574	DIFF	0.9486	libstdcxx/system	1
_ZNKSt7num_putIcSt19ostreambuf_iteratorIcSt11char_traitsIcEEE14_M_group_floatEPKcjcS6_PcS7_Ri	std::num_put<char, std::ostreambuf_iterator<char, std::char_traits<char> > >::_M_group_float(char const*, unsigned int, char, char const*, char*, char*, int&) const	W	187	187	DIFF	0.9844	libstdcxx/system	1
_ZNKSt7num_putIcSt19ostreambuf_iteratorIcSt11char_traitsIcEEE15_M_insert_floatIdEES3_S3_RSt8ios_baseccT_	std::ostreambuf_iterator<char, std::char_traits<char> > std::num_put<char, std::ostreambuf_iterator<char, std::char_traits<char> > >::_M_insert_float<double>(std::ostreambuf_iterator<char, std::char_traits<char> >, std::ios_base&, char, char, double) const	W	909	893	DIFF	0.9733	libstdcxx/system	1
_ZNKSt7num_putIcSt19ostreambuf_iteratorIcSt11char_traitsIcEEE15_M_insert_floatIeEES3_S3_RSt8ios_baseccT_	std::ostreambuf_iterator<char, std::char_traits<char> > std::num_put<char, std::ostreambuf_iterator<char, std::char_traits<char> > >::_M_insert_float<long double>(std::ostreambuf_iterator<char, std::char_traits<char> >, std::ios_base&, char, char, long double) const	W	901	885	DIFF	0.9731	libstdcxx/system	1
_ZNKSt7num_putIcSt19ostreambuf_iteratorIcSt11char_traitsIcEEE3putES3_RSt8ios_basecPKv	std::num_put<char, std::ostreambuf_iterator<char, std::char_traits<char> > >::put(std::ostreambuf_iterator<char, std::char_traits<char> >, std::ios_base&, char, void const*) const	W	89	90	DIFF	0.9667	libstdcxx/system	1
_ZNKSt7num_putIcSt19ostreambuf_iteratorIcSt11char_traitsIcEEE3putES3_RSt8ios_basecb	std::num_put<char, std::ostreambuf_iterator<char, std::char_traits<char> > >::put(std::ostreambuf_iterator<char, std::char_traits<char> >, std::ios_base&, char, bool) const	W	90	91	DIFF	0.9667	libstdcxx/system	1
_ZNKSt7num_putIcSt19ostreambuf_iteratorIcSt11char_traitsIcEEE3putES3_RSt8ios_basecd	std::num_put<char, std::ostreambuf_iterator<char, std::char_traits<char> > >::put(std::ostreambuf_iterator<char, std::char_traits<char> >, std::ios_base&, char, double) const	W	89	90	DIFF	0.9667	libstdcxx/system	1
_ZNKSt7num_putIcSt19ostreambuf_iteratorIcSt11char_traitsIcEEE3putES3_RSt8ios_basece	std::num_put<char, std::ostreambuf_iterator<char, std::char_traits<char> > >::put(std::ostreambuf_iterator<char, std::char_traits<char> >, std::ios_base&, char, long double) const	W	89	90	DIFF	0.9667	libstdcxx/system	1
_ZNKSt7num_putIcSt19ostreambuf_iteratorIcSt11char_traitsIcEEE3putES3_RSt8ios_basecl	std::num_put<char, std::ostreambuf_iterator<char, std::char_traits<char> > >::put(std::ostreambuf_iterator<char, std::char_traits<char> >, std::ios_base&, char, long) const	W	89	90	DIFF	0.9667	libstdcxx/system	1
_ZNKSt7num_putIcSt19ostreambuf_iteratorIcSt11char_traitsIcEEE3putES3_RSt8ios_basecm	std::num_put<char, std::ostreambuf_iterator<char, std::char_traits<char> > >::put(std::ostreambuf_iterator<char, std::char_traits<char> >, std::ios_base&, char, unsigned long) const	W	89	90	DIFF	0.9667	libstdcxx/system	1
_ZNKSt7num_putIcSt19ostreambuf_iteratorIcSt11char_traitsIcEEE3putES3_RSt8ios_basecx	std::num_put<char, std::ostreambuf_iterator<char, std::char_traits<char> > >::put(std::ostreambuf_iterator<char, std::char_traits<char> >, std::ios_base&, char, long long) const	W	96	97	DIFF	0.9688	libstdcxx/system	1
_ZNKSt7num_putIcSt19ostreambuf_iteratorIcSt11char_traitsIcEEE3putES3_RSt8ios_basecy	std::num_put<char, std::ostreambuf_iterator<char, std::char_traits<char> > >::put(std::ostreambuf_iterator<char, std::char_traits<char> >, std::ios_base&, char, unsigned long long) const	W	96	97	DIFF	0.9688	libstdcxx/system	1
_ZNKSt7num_putIcSt19ostreambuf_iteratorIcSt11char_traitsIcEEE6_M_padEciRSt8ios_basePcPKcRi	std::num_put<char, std::ostreambuf_iterator<char, std::char_traits<char> > >::_M_pad(char, int, std::ios_base&, char*, char const*, int&) const	W	73	74	DIFF	0.9600	libstdcxx/system	1
_ZNKSt7num_putIcSt19ostreambuf_iteratorIcSt11char_traitsIcEEE6do_putES3_RSt8ios_basecPKv	std::num_put<char, std::ostreambuf_iterator<char, std::char_traits<char> > >::do_put(std::ostreambuf_iterator<char, std::char_traits<char> >, std::ios_base&, char, void const*) const	W	139	140	DIFF	0.9773	libstdcxx/system	1
_ZNKSt7num_putIcSt19ostreambuf_iteratorIcSt11char_traitsIcEEE6do_putES3_RSt8ios_basecb	std::num_put<char, std::ostreambuf_iterator<char, std::char_traits<char> > >::do_put(std::ostreambuf_iterator<char, std::char_traits<char> >, std::ios_base&, char, bool) const	W	674	592	DIFF	0.8634	libstdcxx/system	1
_ZNKSt7num_putIcSt19ostreambuf_iteratorIcSt11char_traitsIcEEE6do_putES3_RSt8ios_basecd	std::num_put<char, std::ostreambuf_iterator<char, std::char_traits<char> > >::do_put(std::ostreambuf_iterator<char, std::char_traits<char> >, std::ios_base&, char, double) const	W	81	82	DIFF	0.9600	libstdcxx/system	1
_ZNKSt7num_putIcSt19ostreambuf_iteratorIcSt11char_traitsIcEEE6do_putES3_RSt8ios_basece	std::num_put<char, std::ostreambuf_iterator<char, std::char_traits<char> > >::do_put(std::ostreambuf_iterator<char, std::char_traits<char> >, std::ios_base&, char, long double) const	W	81	82	DIFF	0.9600	libstdcxx/system	1
_ZNKSt7num_putIcSt19ostreambuf_iteratorIcSt11char_traitsIcEEE6do_putES3_RSt8ios_basecl	std::num_put<char, std::ostreambuf_iterator<char, std::char_traits<char> > >::do_put(std::ostreambuf_iterator<char, std::char_traits<char> >, std::ios_base&, char, long) const	W	73	74	DIFF	0.9583	libstdcxx/system	1
_ZNKSt7num_putIcSt19ostreambuf_iteratorIcSt11char_traitsIcEEE6do_putES3_RSt8ios_basecm	std::num_put<char, std::ostreambuf_iterator<char, std::char_traits<char> > >::do_put(std::ostreambuf_iterator<char, std::char_traits<char> >, std::ios_base&, char, unsigned long) const	W	73	74	DIFF	0.9583	libstdcxx/system	1
_ZNKSt7num_putIcSt19ostreambuf_iteratorIcSt11char_traitsIcEEE6do_putES3_RSt8ios_basecx	std::num_put<char, std::ostreambuf_iterator<char, std::char_traits<char> > >::do_put(std::ostreambuf_iterator<char, std::char_traits<char> >, std::ios_base&, char, long long) const	W	80	81	DIFF	0.9615	libstdcxx/system	1
_ZNKSt7num_putIcSt19ostreambuf_iteratorIcSt11char_traitsIcEEE6do_putES3_RSt8ios_basecy	std::num_put<char, std::ostreambuf_iterator<char, std::char_traits<char> > >::do_put(std::ostreambuf_iterator<char, std::char_traits<char> >, std::ios_base&, char, unsigned long long) const	W	80	81	DIFF	0.9615	libstdcxx/system	1
_ZNKSt7num_putIwSt19ostreambuf_iteratorIwSt11char_traitsIwEEE12_M_group_intEPKcjwRSt8ios_basePwS9_Ri	std::num_put<wchar_t, std::ostreambuf_iterator<wchar_t, std::char_traits<wchar_t> > >::_M_group_int(char const*, unsigned int, wchar_t, std::ios_base&, wchar_t*, wchar_t*, int&) const	W	80	81	DIFF	0.9643	libstdcxx/system	1
_ZNKSt7num_putIwSt19ostreambuf_iteratorIwSt11char_traitsIwEEE13_M_insert_intIlEES3_S3_RSt8ios_basewT_	std::ostreambuf_iterator<wchar_t, std::char_traits<wchar_t> > std::num_put<wchar_t, std::ostreambuf_iterator<wchar_t, std::char_traits<wchar_t> > >::_M_insert_int<long>(std::ostreambuf_iterator<wchar_t, std::char_traits<wchar_t> >, std::ios_base&, wchar_t, long) const	W	661	655	DIFF	0.9381	libstdcxx/system	1
_ZNKSt7num_putIwSt19ostreambuf_iteratorIwSt11char_traitsIwEEE13_M_insert_intImEES3_S3_RSt8ios_basewT_	std::ostreambuf_iterator<wchar_t, std::char_traits<wchar_t> > std::num_put<wchar_t, std::ostreambuf_iterator<wchar_t, std::char_traits<wchar_t> > >::_M_insert_int<unsigned long>(std::ostreambuf_iterator<wchar_t, std::char_traits<wchar_t> >, std::ios_base&, wchar_t, unsigned long) const	W	559	557	DIFF	0.9759	libstdcxx/system	1
_ZNKSt7num_putIwSt19ostreambuf_iteratorIwSt11char_traitsIwEEE13_M_insert_intIxEES3_S3_RSt8ios_basewT_	std::ostreambuf_iterator<wchar_t, std::char_traits<wchar_t> > std::num_put<wchar_t, std::ostreambuf_iterator<wchar_t, std::char_traits<wchar_t> > >::_M_insert_int<long long>(std::ostreambuf_iterator<wchar_t, std::char_traits<wchar_t> >, std::ios_base&, wchar_t, long long) const	W	722	708	DIFF	0.9108	libstdcxx/system	1
_ZNKSt7num_putIwSt19ostreambuf_iteratorIwSt11char_traitsIwEEE13_M_insert_intIyEES3_S3_RSt8ios_basewT_	std::ostreambuf_iterator<wchar_t, std::char_traits<wchar_t> > std::num_put<wchar_t, std::ostreambuf_iterator<wchar_t, std::char_traits<wchar_t> > >::_M_insert_int<unsigned long long>(std::ostreambuf_iterator<wchar_t, std::char_traits<wchar_t> >, std::ios_base&, wchar_t, unsigned long long) const	W	585	591	DIFF	0.9769	libstdcxx/system	1
_ZNKSt7num_putIwSt19ostreambuf_iteratorIwSt11char_traitsIwEEE14_M_group_floatEPKcjwPKwPwS9_Ri	std::num_put<wchar_t, std::ostreambuf_iterator<wchar_t, std::char_traits<wchar_t> > >::_M_group_float(char const*, unsigned int, wchar_t, wchar_t const*, wchar_t*, wchar_t*, int&) const	W	201	201	DIFF	0.9714	libstdcxx/system	1
_ZNKSt7num_putIwSt19ostreambuf_iteratorIwSt11char_traitsIwEEE15_M_insert_floatIdEES3_S3_RSt8ios_basewcT_	std::ostreambuf_iterator<wchar_t, std::char_traits<wchar_t> > std::num_put<wchar_t, std::ostreambuf_iterator<wchar_t, std::char_traits<wchar_t> > >::_M_insert_float<double>(std::ostreambuf_iterator<wchar_t, std::char_traits<wchar_t> >, std::ios_base&, wchar_t, char, double) const	W	798	782	DIFF	0.9740	libstdcxx/system	1
_ZNKSt7num_putIwSt19ostreambuf_iteratorIwSt11char_traitsIwEEE15_M_insert_floatIeEES3_S3_RSt8ios_basewcT_	std::ostreambuf_iterator<wchar_t, std::char_traits<wchar_t> > std::num_put<wchar_t, std::ostreambuf_iterator<wchar_t, std::char_traits<wchar_t> > >::_M_insert_float<long double>(std::ostreambuf_iterator<wchar_t, std::char_traits<wchar_t> >, std::ios_base&, wchar_t, char, long double) const	W	790	774	DIFF	0.9694	libstdcxx/system	1
_ZNKSt7num_putIwSt19ostreambuf_iteratorIwSt11char_traitsIwEEE3putES3_RSt8ios_basewPKv	std::num_put<wchar_t, std::ostreambuf_iterator<wchar_t, std::char_traits<wchar_t> > >::put(std::ostreambuf_iterator<wchar_t, std::char_traits<wchar_t> >, std::ios_base&, wchar_t, void const*) const	W	88	89	DIFF	0.9667	libstdcxx/system	1
_ZNKSt7num_putIwSt19ostreambuf_iteratorIwSt11char_traitsIwEEE3putES3_RSt8ios_basewb	std::num_put<wchar_t, std::ostreambuf_iterator<wchar_t, std::char_traits<wchar_t> > >::put(std::ostreambuf_iterator<wchar_t, std::char_traits<wchar_t> >, std::ios_base&, wchar_t, bool) const	W	89	90	DIFF	0.9667	libstdcxx/system	1
_ZNKSt7num_putIwSt19ostreambuf_iteratorIwSt11char_traitsIwEEE3putES3_RSt8ios_basewd	std::num_put<wchar_t, std::ostreambuf_iterator<wchar_t, std::char_traits<wchar_t> > >::put(std::ostreambuf_iterator<wchar_t, std::char_traits<wchar_t> >, std::ios_base&, wchar_t, double) const	W	88	89	DIFF	0.9667	libstdcxx/system	1
_ZNKSt7num_putIwSt19ostreambuf_iteratorIwSt11char_traitsIwEEE3putES3_RSt8ios_basewe	std::num_put<wchar_t, std::ostreambuf_iterator<wchar_t, std::char_traits<wchar_t> > >::put(std::ostreambuf_iterator<wchar_t, std::char_traits<wchar_t> >, std::ios_base&, wchar_t, long double) const	W	88	89	DIFF	0.9667	libstdcxx/system	1
_ZNKSt7num_putIwSt19ostreambuf_iteratorIwSt11char_traitsIwEEE3putES3_RSt8ios_basewl	std::num_put<wchar_t, std::ostreambuf_iterator<wchar_t, std::char_traits<wchar_t> > >::put(std::ostreambuf_iterator<wchar_t, std::char_traits<wchar_t> >, std::ios_base&, wchar_t, long) const	W	88	89	DIFF	0.9667	libstdcxx/system	1
_ZNKSt7num_putIwSt19ostreambuf_iteratorIwSt11char_traitsIwEEE3putES3_RSt8ios_basewm	std::num_put<wchar_t, std::ostreambuf_iterator<wchar_t, std::char_traits<wchar_t> > >::put(std::ostreambuf_iterator<wchar_t, std::char_traits<wchar_t> >, std::ios_base&, wchar_t, unsigned long) const	W	88	89	DIFF	0.9667	libstdcxx/system	1
_ZNKSt7num_putIwSt19ostreambuf_iteratorIwSt11char_traitsIwEEE3putES3_RSt8ios_basewx	std::num_put<wchar_t, std::ostreambuf_iterator<wchar_t, std::char_traits<wchar_t> > >::put(std::ostreambuf_iterator<wchar_t, std::char_traits<wchar_t> >, std::ios_base&, wchar_t, long long) const	W	95	96	DIFF	0.9688	libstdcxx/system	1
_ZNKSt7num_putIwSt19ostreambuf_iteratorIwSt11char_traitsIwEEE3putES3_RSt8ios_basewy	std::num_put<wchar_t, std::ostreambuf_iterator<wchar_t, std::char_traits<wchar_t> > >::put(std::ostreambuf_iterator<wchar_t, std::char_traits<wchar_t> >, std::ios_base&, wchar_t, unsigned long long) const	W	95	96	DIFF	0.9688	libstdcxx/system	1
_ZNKSt7num_putIwSt19ostreambuf_iteratorIwSt11char_traitsIwEEE6_M_padEwiRSt8ios_basePwPKwRi	std::num_put<wchar_t, std::ostreambuf_iterator<wchar_t, std::char_traits<wchar_t> > >::_M_pad(wchar_t, int, std::ios_base&, wchar_t*, wchar_t const*, int&) const	W	72	73	DIFF	0.9600	libstdcxx/system	1
_ZNKSt7num_putIwSt19ostreambuf_iteratorIwSt11char_traitsIwEEE6do_putES3_RSt8ios_basewPKv	std::num_put<wchar_t, std::ostreambuf_iterator<wchar_t, std::char_traits<wchar_t> > >::do_put(std::ostreambuf_iterator<wchar_t, std::char_traits<wchar_t> >, std::ios_base&, wchar_t, void const*) const	W	138	139	DIFF	0.9773	libstdcxx/system	1
_ZNKSt7num_putIwSt19ostreambuf_iteratorIwSt11char_traitsIwEEE6do_putES3_RSt8ios_basewb	std::num_put<wchar_t, std::ostreambuf_iterator<wchar_t, std::char_traits<wchar_t> > >::do_put(std::ostreambuf_iterator<wchar_t, std::char_traits<wchar_t> >, std::ios_base&, wchar_t, bool) const	W	666	584	DIFF	0.8571	libstdcxx/system	1
_ZNKSt7num_putIwSt19ostreambuf_iteratorIwSt11char_traitsIwEEE6do_putES3_RSt8ios_basewd	std::num_put<wchar_t, std::ostreambuf_iterator<wchar_t, std::char_traits<wchar_t> > >::do_put(std::ostreambuf_iterator<wchar_t, std::char_traits<wchar_t> >, std::ios_base&, wchar_t, double) const	W	80	81	DIFF	0.9600	libstdcxx/system	1
_ZNKSt7num_putIwSt19ostreambuf_iteratorIwSt11char_traitsIwEEE6do_putES3_RSt8ios_basewe	std::num_put<wchar_t, std::ostreambuf_iterator<wchar_t, std::char_traits<wchar_t> > >::do_put(std::ostreambuf_iterator<wchar_t, std::char_traits<wchar_t> >, std::ios_base&, wchar_t, long double) const	W	94	95	DIFF	0.9655	libstdcxx/system	1
_ZNKSt7num_putIwSt19ostreambuf_iteratorIwSt11char_traitsIwEEE6do_putES3_RSt8ios_basewl	std::num_put<wchar_t, std::ostreambuf_iterator<wchar_t, std::char_traits<wchar_t> > >::do_put(std::ostreambuf_iterator<wchar_t, std::char_traits<wchar_t> >, std::ios_base&, wchar_t, long) const	W	72	73	DIFF	0.9583	libstdcxx/system	1
_ZNKSt7num_putIwSt19ostreambuf_iteratorIwSt11char_traitsIwEEE6do_putES3_RSt8ios_basewm	std::num_put<wchar_t, std::ostreambuf_iterator<wchar_t, std::char_traits<wchar_t> > >::do_put(std::ostreambuf_iterator<wchar_t, std::char_traits<wchar_t> >, std::ios_base&, wchar_t, unsigned long) const	W	72	73	DIFF	0.9583	libstdcxx/system	1
_ZNKSt7num_putIwSt19ostreambuf_iteratorIwSt11char_traitsIwEEE6do_putES3_RSt8ios_basewx	std::num_put<wchar_t, std::ostreambuf_iterator<wchar_t, std::char_traits<wchar_t> > >::do_put(std::ostreambuf_iterator<wchar_t, std::char_traits<wchar_t> >, std::ios_base&, wchar_t, long long) const	W	79	80	DIFF	0.9615	libstdcxx/system	1
_ZNKSt7num_putIwSt19ostreambuf_iteratorIwSt11char_traitsIwEEE6do_putES3_RSt8ios_basewy	std::num_put<wchar_t, std::ostreambuf_iterator<wchar_t, std::char_traits<wchar_t> > >::do_put(std::ostreambuf_iterator<wchar_t, std::char_traits<wchar_t> >, std::ios_base&, wchar_t, unsigned long long) const	W	79	80	DIFF	0.9615	libstdcxx/system	1
_ZNKSt8bad_cast4whatEv	std::bad_cast::what() const	T	22	22	DIFF	1.0000	libstdcxx/system	1
_ZNKSt8ios_base7failure4whatEv	std::ios_base::failure::what() const	T	11	11	IDENTICAL	1.0000	libstdcxx/system	1
_ZNKSt8messagesIcE18_M_convert_to_charERKSs	std::messages<char>::_M_convert_to_char(std::basic_string<char, std::char_traits<char>, std::allocator<char> > const&) const	W	10	10	IDENTICAL	1.0000	libstdcxx/system	1
_ZNKSt8messagesIcE20_M_convert_from_charEPc	std::messages<char>::_M_convert_from_char(char*) const	W	16	16	NEAR	1.0000	libstdcxx/system	1
_ZNKSt8messagesIcE3getEiiiRKSs	std::messages<char>::get(int, int, int, std::basic_string<char, std::char_traits<char>, std::allocator<char> > const&) const	W	65	66	DIFF	0.9565	libstdcxx/system	1
_ZNKSt8messagesIcE4openERKSsRKSt6locale	std::messages<char>::open(std::basic_string<char, std::char_traits<char>, std::allocator<char> > const&, std::locale const&) const	W	17	18	DIFF	0.8750	libstdcxx/system	1
_ZNKSt8messagesIcE4openERKSsRKSt6localePKc	std::messages<char>::open(std::basic_string<char, std::char_traits<char>, std::allocator<char> > const&, std::locale const&, char const*) const	W	69	70	DIFF	0.9600	libstdcxx/system	1
_ZNKSt8messagesIcE5closeEi	std::messages<char>::close(int) const	W	17	18	DIFF	0.8750	libstdcxx/system	1
_ZNKSt8messagesIcE6do_getEiiiRKSs	std::messages<char>::do_get(int, int, int, std::basic_string<char, std::char_traits<char>, std::allocator<char> > const&) const	T	101	102	DIFF	0.9697	libstdcxx/system	1
_ZNKSt8messagesIcE7do_openERKSsRKSt6locale	std::messages<char>::do_open(std::basic_string<char, std::char_traits<char>, std::allocator<char> > const&, std::locale const&) const	W	23	24	DIFF	0.9000	libstdcxx/system	1
_ZNKSt8messagesIcE8do_closeEi	std::messages<char>::do_close(int) const	W	5	5	IDENTICAL	1.0000	libstdcxx/system	1
_ZNKSt8messagesIwE18_M_convert_to_charERKSbIwSt11char_traitsIwESaIwEE	std::messages<wchar_t>::_M_convert_to_char(std::basic_string<wchar_t, std::char_traits<wchar_t>, std::allocator<wchar_t> > const&) const	W	10	10	IDENTICAL	1.0000	libstdcxx/system	1
_ZNKSt8messagesIwE20_M_convert_from_charEPc	std::messages<wchar_t>::_M_convert_from_char(char*) const	W	16	16	NEAR	1.0000	libstdcxx/system	1
_ZNKSt8messagesIwE3getEiiiRKSbIwSt11char_traitsIwESaIwEE	std::messages<wchar_t>::get(int, int, int, std::basic_string<wchar_t, std::char_traits<wchar_t>, std::allocator<wchar_t> > const&) const	W	65	66	DIFF	0.9565	libstdcxx/system	1
_ZNKSt8messagesIwE4openERKSsRKSt6locale	std::messages<wchar_t>::open(std::basic_string<char, std::char_traits<char>, std::allocator<char> > const&, std::locale const&) const	W	17	18	DIFF	0.8750	libstdcxx/system	1
_ZNKSt8messagesIwE4openERKSsRKSt6localePKc	std::messages<wchar_t>::open(std::basic_string<char, std::char_traits<char>, std::allocator<char> > const&, std::locale const&, char const*) const	W	69	70	DIFF	0.9600	libstdcxx/system	1
_ZNKSt8messagesIwE5closeEi	std::messages<wchar_t>::close(int) const	W	17	18	DIFF	0.8750	libstdcxx/system	1
_ZNKSt8messagesIwE6do_getEiiiRKSbIwSt11char_traitsIwESaIwEE	std::messages<wchar_t>::do_get(int, int, int, std::basic_string<wchar_t, std::char_traits<wchar_t>, std::allocator<wchar_t> > const&) const	T	72	73	DIFF	0.9583	libstdcxx/system	1
_ZNKSt8messagesIwE7do_openERKSsRKSt6locale	std::messages<wchar_t>::do_open(std::basic_string<char, std::char_traits<char>, std::allocator<char> > const&, std::locale const&) const	W	23	24	DIFF	0.9000	libstdcxx/system	1
_ZNKSt8messagesIwE8do_closeEi	std::messages<wchar_t>::do_close(int) const	W	5	5	IDENTICAL	1.0000	libstdcxx/system	1
_ZNKSt8numpunctIcE11do_groupingEv	std::numpunct<char>::do_grouping() const	W	56	58	DIFF	0.9000	libstdcxx/system	1
_ZNKSt8numpunctIcE11do_truenameEv	std::numpunct<char>::do_truename() const	W	56	58	DIFF	0.9000	libstdcxx/system	1
_ZNKSt8numpunctIcE12do_falsenameEv	std::numpunct<char>::do_falsename() const	W	56	58	DIFF	0.9000	libstdcxx/system	1
_ZNKSt8numpunctIcE13decimal_pointEv	std::numpunct<char>::decimal_point() const	W	17	18	DIFF	0.8750	libstdcxx/system	1
_ZNKSt8numpunctIcE13thousands_sepEv	std::numpunct<char>::thousands_sep() const	W	17	18	DIFF	0.8750	libstdcxx/system	1
_ZNKSt8numpunctIcE16do_decimal_pointEv	std::numpunct<char>::do_decimal_point() const	W	15	15	IDENTICAL	1.0000	libstdcxx/system	1
_ZNKSt8numpunctIcE16do_thousands_sepEv	std::numpunct<char>::do_thousands_sep() const	W	15	15	IDENTICAL	1.0000	libstdcxx/system	1
_ZNKSt8numpunctIcE8groupingEv	std::numpunct<char>::grouping() const	W	37	38	DIFF	0.9333	libstdcxx/system	1
_ZNKSt8numpunctIcE8truenameEv	std::numpunct<char>::truename() const	W	37	38	DIFF	0.9333	libstdcxx/system	1
_ZNKSt8numpunctIcE9falsenameEv	std::numpunct<char>::falsename() const	W	37	38	DIFF	0.9333	libstdcxx/system	1
_ZNKSt8numpunctIwE11do_groupingEv	std::numpunct<wchar_t>::do_grouping() const	W	56	58	DIFF	0.9000	libstdcxx/system	1
_ZNKSt8numpunctIwE11do_truenameEv	std::numpunct<wchar_t>::do_truename() const	W	56	58	DIFF	0.9000	libstdcxx/system	1
_ZNKSt8numpunctIwE12do_falsenameEv	std::numpunct<wchar_t>::do_falsename() const	W	56	58	DIFF	0.9000	libstdcxx/system	1
_ZNKSt8numpunctIwE13decimal_pointEv	std::numpunct<wchar_t>::decimal_point() const	W	17	18	DIFF	0.8750	libstdcxx/system	1
_ZNKSt8numpunctIwE13thousands_sepEv	std::numpunct<wchar_t>::thousands_sep() const	W	17	18	DIFF	0.8750	libstdcxx/system	1
_ZNKSt8numpunctIwE16do_decimal_pointEv	std::numpunct<wchar_t>::do_decimal_point() const	W	14	14	IDENTICAL	1.0000	libstdcxx/system	1
_ZNKSt8numpunctIwE16do_thousands_sepEv	std::numpunct<wchar_t>::do_thousands_sep() const	W	14	14	IDENTICAL	1.0000	libstdcxx/system	1
_ZNKSt8numpunctIwE8groupingEv	std::numpunct<wchar_t>::grouping() const	W	37	38	DIFF	0.9333	libstdcxx/system	1
_ZNKSt8numpunctIwE8truenameEv	std::numpunct<wchar_t>::truename() const	W	37	38	DIFF	0.9333	libstdcxx/system	1
_ZNKSt8numpunctIwE9falsenameEv	std::numpunct<wchar_t>::falsename() const	W	37	38	DIFF	0.9333	libstdcxx/system	1
_ZNKSt8time_getIcSt19istreambuf_iteratorIcSt11char_traitsIcEEE10date_orderEv	std::time_get<char, std::istreambuf_iterator<char, std::char_traits<char> > >::date_order() const	W	17	18	DIFF	0.8750	libstdcxx/system	1
_ZNKSt8time_getIcSt19istreambuf_iteratorIcSt11char_traitsIcEEE11do_get_dateES3_S3_RSt8ios_baseRSt12_Ios_IostateP2tm	std::time_get<char, std::istreambuf_iterator<char, std::char_traits<char> > >::do_get_date(std::istreambuf_iterator<char, std::char_traits<char> >, std::istreambuf_iterator<char, std::char_traits<char> >, std::ios_base&, std::_Ios_Iostate&, tm*) const	W	269	269	DIFF	0.9792	libstdcxx/system	1
_ZNKSt8time_getIcSt19istreambuf_iteratorIcSt11char_traitsIcEEE11do_get_timeES3_S3_RSt8ios_baseRSt12_Ios_IostateP2tm	std::time_get<char, std::istreambuf_iterator<char, std::char_traits<char> > >::do_get_time(std::istreambuf_iterator<char, std::char_traits<char> >, std::istreambuf_iterator<char, std::char_traits<char> >, std::ios_base&, std::_Ios_Iostate&, tm*) const	W	269	269	DIFF	0.9792	libstdcxx/system	1
_ZNKSt8time_getIcSt19istreambuf_iteratorIcSt11char_traitsIcEEE11do_get_yearES3_S3_RSt8ios_baseRSt12_Ios_IostateP2tm	std::time_get<char, std::istreambuf_iterator<char, std::char_traits<char> > >::do_get_year(std::istreambuf_iterator<char, std::char_traits<char> >, std::istreambuf_iterator<char, std::char_traits<char> >, std::ios_base&, std::_Ios_Iostate&, tm*) const	W	726	726	DIFF	0.9767	libstdcxx/system	1
_ZNKSt8time_getIcSt19istreambuf_iteratorIcSt11char_traitsIcEEE11get_weekdayES3_S3_RSt8ios_baseRSt12_Ios_IostateP2tm	std::time_get<char, std::istreambuf_iterator<char, std::char_traits<char> > >::get_weekday(std::istreambuf_iterator<char, std::char_traits<char> >, std::istreambuf_iterator<char, std::char_traits<char> >, std::ios_base&, std::_Ios_Iostate&, tm*) const	W	102	103	DIFF	0.9706	libstdcxx/system	1
_ZNKSt8time_getIcSt19istreambuf_iteratorIcSt11char_traitsIcEEE13do_date_orderEv	std::time_get<char, std::istreambuf_iterator<char, std::char_traits<char> > >::do_date_order() const	W	7	7	IDENTICAL	1.0000	libstdcxx/system	1
_ZNKSt8time_getIcSt19istreambuf_iteratorIcSt11char_traitsIcEEE13get_monthnameES3_S3_RSt8ios_baseRSt12_Ios_IostateP2tm	std::time_get<char, std::istreambuf_iterator<char, std::char_traits<char> > >::get_monthname(std::istreambuf_iterator<char, std::char_traits<char> >, std::istreambuf_iterator<char, std::char_traits<char> >, std::ios_base&, std::_Ios_Iostate&, tm*) const	W	102	103	DIFF	0.9706	libstdcxx/system	1
_ZNKSt8time_getIcSt19istreambuf_iteratorIcSt11char_traitsIcEEE14_M_extract_numES3_S3_RiiijRSt8ios_baseRSt12_Ios_Iostate	std::time_get<char, std::istreambuf_iterator<char, std::char_traits<char> > >::_M_extract_num(std::istreambuf_iterator<char, std::char_traits<char> >, std::istreambuf_iterator<char, std::char_traits<char> >, int&, int, int, unsigned int, std::ios_base&, std::_Ios_Iostate&) const	W	685	685	DIFF	0.9515	libstdcxx/system	1
_ZNKSt8time_getIcSt19istreambuf_iteratorIcSt11char_traitsIcEEE14do_get_weekdayES3_S3_RSt8ios_baseRSt12_Ios_IostateP2tm	std::time_get<char, std::istreambuf_iterator<char, std::char_traits<char> > >::do_get_weekday(std::istreambuf_iterator<char, std::char_traits<char> >, std::istreambuf_iterator<char, std::char_traits<char> >, std::ios_base&, std::_Ios_Iostate&, tm*) const	W	756	756	DIFF	0.9654	libstdcxx/system	1
_ZNKSt8time_getIcSt19istreambuf_iteratorIcSt11char_traitsIcEEE15_M_extract_nameES3_S3_RiPPKcjRSt8ios_baseRSt12_Ios_Iostate	std::time_get<char, std::istreambuf_iterator<char, std::char_traits<char> > >::_M_extract_name(std::istreambuf_iterator<char, std::char_traits<char> >, std::istreambuf_iterator<char, std::char_traits<char> >, int&, char const**, unsigned int, std::ios_base&, std::_Ios_Iostate&) const	W	1157	1137	DIFF	0.9504	libstdcxx/system	1
_ZNKSt8time_getIcSt19istreambuf_iteratorIcSt11char_traitsIcEEE16do_get_monthnameES3_S3_RSt8ios_baseRSt12_Ios_IostateP2tm	std::time_get<char, std::istreambuf_iterator<char, std::char_traits<char> > >::do_get_monthname(std::istreambuf_iterator<char, std::char_traits<char> >, std::istreambuf_iterator<char, std::char_traits<char> >, std::ios_base&, std::_Ios_Iostate&, tm*) const	W	876	876	DIFF	0.9722	libstdcxx/system	1
_ZNKSt8time_getIcSt19istreambuf_iteratorIcSt11char_traitsIcEEE21_M_extract_via_formatES3_S3_RSt8ios_baseRSt12_Ios_IostateP2tmPKc	std::time_get<char, std::istreambuf_iterator<char, std::char_traits<char> > >::_M_extract_via_format(std::istreambuf_iterator<char, std::char_traits<char> >, std::istreambuf_iterator<char, std::char_traits<char> >, std::ios_base&, std::_Ios_Iostate&, tm*, char const*) const	W	4524	4533	DIFF	0.9894	libstdcxx/system	1
_ZNKSt8time_getIcSt19istreambuf_iteratorIcSt11char_traitsIcEEE8get_dateES3_S3_RSt8ios_baseRSt12_Ios_IostateP2tm	std::time_get<char, std::istreambuf_iterator<char, std::char_traits<char> > >::get_date(std::istreambuf_iterator<char, std::char_traits<char> >, std::istreambuf_iterator<char, std::char_traits<char> >, std::ios_base&, std::_Ios_Iostate&, tm*) const	W	102	103	DIFF	0.9706	libstdcxx/system	1
_ZNKSt8time_getIcSt19istreambuf_iteratorIcSt11char_traitsIcEEE8get_timeES3_S3_RSt8ios_baseRSt12_Ios_IostateP2tm	std::time_get<char, std::istreambuf_iterator<char, std::char_traits<char> > >::get_time(std::istreambuf_iterator<char, std::char_traits<char> >, std::istreambuf_iterator<char, std::char_traits<char> >, std::ios_base&, std::_Ios_Iostate&, tm*) const	W	102	103	DIFF	0.9706	libstdcxx/system	1
_ZNKSt8time_getIcSt19istreambuf_iteratorIcSt11char_traitsIcEEE8get_yearES3_S3_RSt8ios_baseRSt12_Ios_IostateP2tm	std::time_get<char, std::istreambuf_iterator<char, std::char_traits<char> > >::get_year(std::istreambuf_iterator<char, std::char_traits<char> >, std::istreambuf_iterator<char, std::char_traits<char> >, std::ios_base&, std::_Ios_Iostate&, tm*) const	W	102	103	DIFF	0.9706	libstdcxx/system	1
_ZNKSt8time_getIwSt19istreambuf_iteratorIwSt11char_traitsIwEEE10date_orderEv	std::time_get<wchar_t, std::istreambuf_iterator<wchar_t, std::char_traits<wchar_t> > >::date_order() const	W	17	18	DIFF	0.8750	libstdcxx/system	1
_ZNKSt8time_getIwSt19istreambuf_iteratorIwSt11char_traitsIwEEE11do_get_dateES3_S3_RSt8ios_baseRSt12_Ios_IostateP2tm	std::time_get<wchar_t, std::istreambuf_iterator<wchar_t, std::char_traits<wchar_t> > >::do_get_date(std::istreambuf_iterator<wchar_t, std::char_traits<wchar_t> >, std::istreambuf_iterator<wchar_t, std::char_traits<wchar_t> >, std::ios_base&, std::_Ios_Iostate&, tm*) const	W	267	267	DIFF	0.9794	libstdcxx/system	1
_ZNKSt8time_getIwSt19istreambuf_iteratorIwSt11char_traitsIwEEE11do_get_timeES3_S3_RSt8ios_baseRSt12_Ios_IostateP2tm	std::time_get<wchar_t, std::istreambuf_iterator<wchar_t, std::char_traits<wchar_t> > >::do_get_time(std::istreambuf_iterator<wchar_t, std::char_traits<wchar_t> >, std::istreambuf_iterator<wchar_t, std::char_traits<wchar_t> >, std::ios_base&, std::_Ios_Iostate&, tm*) const	W	267	267	DIFF	0.9794	libstdcxx/system	1
_ZNKSt8time_getIwSt19istreambuf_iteratorIwSt11char_traitsIwEEE11do_get_yearES3_S3_RSt8ios_baseRSt12_Ios_IostateP2tm	std::time_get<wchar_t, std::istreambuf_iterator<wchar_t, std::char_traits<wchar_t> > >::do_get_year(std::istreambuf_iterator<wchar_t, std::char_traits<wchar_t> >, std::istreambuf_iterator<wchar_t, std::char_traits<wchar_t> >, std::ios_base&, std::_Ios_Iostate&, tm*) const	W	664	648	DIFF	0.9314	libstdcxx/system	1
_ZNKSt8time_getIwSt19istreambuf_iteratorIwSt11char_traitsIwEEE11get_weekdayES3_S3_RSt8ios_baseRSt12_Ios_IostateP2tm	std::time_get<wchar_t, std::istreambuf_iterator<wchar_t, std::char_traits<wchar_t> > >::get_weekday(std::istreambuf_iterator<wchar_t, std::char_traits<wchar_t> >, std::istreambuf_iterator<wchar_t, std::char_traits<wchar_t> >, std::ios_base&, std::_Ios_Iostate&, tm*) const	W	102	103	DIFF	0.9706	libstdcxx/system	1
_ZNKSt8time_getIwSt19istreambuf_iteratorIwSt11char_traitsIwEEE13do_date_orderEv	std::time_get<wchar_t, std::istreambuf_iterator<wchar_t, std::char_traits<wchar_t> > >::do_date_order() const	W	7	7	IDENTICAL	1.0000	libstdcxx/system	1
_ZNKSt8time_getIwSt19istreambuf_iteratorIwSt11char_traitsIwEEE13get_monthnameES3_S3_RSt8ios_baseRSt12_Ios_IostateP2tm	std::time_get<wchar_t, std::istreambuf_iterator<wchar_t, std::char_traits<wchar_t> > >::get_monthname(std::istreambuf_iterator<wchar_t, std::char_traits<wchar_t> >, std::istreambuf_iterator<wchar_t, std::char_traits<wchar_t> >, std::ios_base&, std::_Ios_Iostate&, tm*) const	W	102	103	DIFF	0.9706	libstdcxx/system	1
_ZNKSt8time_getIwSt19istreambuf_iteratorIwSt11char_traitsIwEEE14_M_extract_numES3_S3_RiiijRSt8ios_baseRSt12_Ios_Iostate	std::time_get<wchar_t, std::istreambuf_iterator<wchar_t, std::char_traits<wchar_t> > >::_M_extract_num(std::istreambuf_iterator<wchar_t, std::char_traits<wchar_t> >, std::istreambuf_iterator<wchar_t, std::char_traits<wchar_t> >, int&, int, int, unsigned int, std::ios_base&, std::_Ios_Iostate&) const	W	595	560	DIFF	0.8995	libstdcxx/system	1
_ZNKSt8time_getIwSt19istreambuf_iteratorIwSt11char_traitsIwEEE14do_get_weekdayES3_S3_RSt8ios_baseRSt12_Ios_IostateP2tm	std::time_get<wchar_t, std::istreambuf_iterator<wchar_t, std::char_traits<wchar_t> > >::do_get_weekday(std::istreambuf_iterator<wchar_t, std::char_traits<wchar_t> >, std::istreambuf_iterator<wchar_t, std::char_traits<wchar_t> >, std::ios_base&, std::_Ios_Iostate&, tm*) const	W	770	770	DIFF	0.9661	libstdcxx/system	1
_ZNKSt8time_getIwSt19istreambuf_iteratorIwSt11char_traitsIwEEE15_M_extract_nameES3_S3_RiPPKwjRSt8ios_baseRSt12_Ios_Iostate	std::time_get<wchar_t, std::istreambuf_iterator<wchar_t, std::char_traits<wchar_t> > >::_M_extract_name(std::istreambuf_iterator<wchar_t, std::char_traits<wchar_t> >, std::istreambuf_iterator<wchar_t, std::char_traits<wchar_t> >, int&, wchar_t const**, unsigned int, std::ios_base&, std::_Ios_Iostate&) const	W	1142	1142	DIFF	0.9652	libstdcxx/system	1
_ZNKSt8time_getIwSt19istreambuf_iteratorIwSt11char_traitsIwEEE16do_get_monthnameES3_S3_RSt8ios_baseRSt12_Ios_IostateP2tm	std::time_get<wchar_t, std::istreambuf_iterator<wchar_t, std::char_traits<wchar_t> > >::do_get_monthname(std::istreambuf_iterator<wchar_t, std::char_traits<wchar_t> >, std::istreambuf_iterator<wchar_t, std::char_traits<wchar_t> >, std::ios_base&, std::_Ios_Iostate&, tm*) const	W	882	882	DIFF	0.9727	libstdcxx/system	1
_ZNKSt8time_getIwSt19istreambuf_iteratorIwSt11char_traitsIwEEE21_M_extract_via_formatES3_S3_RSt8ios_baseRSt12_Ios_IostateP2tmPKw	std::time_get<wchar_t, std::istreambuf_iterator<wchar_t, std::char_traits<wchar_t> > >::_M_extract_via_format(std::istreambuf_iterator<wchar_t, std::char_traits<wchar_t> >, std::istreambuf_iterator<wchar_t, std::char_traits<wchar_t> >, std::ios_base&, std::_Ios_Iostate&, tm*, wchar_t const*) const	W	3941	3813	DIFF	0.9695	libstdcxx/system	1
_ZNKSt8time_getIwSt19istreambuf_iteratorIwSt11char_traitsIwEEE8get_dateES3_S3_RSt8ios_baseRSt12_Ios_IostateP2tm	std::time_get<wchar_t, std::istreambuf_iterator<wchar_t, std::char_traits<wchar_t> > >::get_date(std::istreambuf_iterator<wchar_t, std::char_traits<wchar_t> >, std::istreambuf_iterator<wchar_t, std::char_traits<wchar_t> >, std::ios_base&, std::_Ios_Iostate&, tm*) const	W	102	103	DIFF	0.9706	libstdcxx/system	1
_ZNKSt8time_getIwSt19istreambuf_iteratorIwSt11char_traitsIwEEE8get_timeES3_S3_RSt8ios_baseRSt12_Ios_IostateP2tm	std::time_get<wchar_t, std::istreambuf_iterator<wchar_t, std::char_traits<wchar_t> > >::get_time(std::istreambuf_iterator<wchar_t, std::char_traits<wchar_t> >, std::istreambuf_iterator<wchar_t, std::char_traits<wchar_t> >, std::ios_base&, std::_Ios_Iostate&, tm*) const	W	102	103	DIFF	0.9706	libstdcxx/system	1
_ZNKSt8time_getIwSt19istreambuf_iteratorIwSt11char_traitsIwEEE8get_yearES3_S3_RSt8ios_baseRSt12_Ios_IostateP2tm	std::time_get<wchar_t, std::istreambuf_iterator<wchar_t, std::char_traits<wchar_t> > >::get_year(std::istreambuf_iterator<wchar_t, std::char_traits<wchar_t> >, std::istreambuf_iterator<wchar_t, std::char_traits<wchar_t> >, std::ios_base&, std::_Ios_Iostate&, tm*) const	W	102	103	DIFF	0.9706	libstdcxx/system	1
_ZNKSt8time_putIcSt19ostreambuf_iteratorIcSt11char_traitsIcEEE3putES3_RSt8ios_basecPK2tmPKcSB_	std::time_put<char, std::ostreambuf_iterator<char, std::char_traits<char> > >::put(std::ostreambuf_iterator<char, std::char_traits<char> >, std::ios_base&, char, tm const*, char const*, char const*) const	W	567	581	DIFF	0.9518	libstdcxx/system	1
_ZNKSt8time_putIcSt19ostreambuf_iteratorIcSt11char_traitsIcEEE3putES3_RSt8ios_basecPK2tmcc	std::time_put<char, std::ostreambuf_iterator<char, std::char_traits<char> > >::put(std::ostreambuf_iterator<char, std::char_traits<char> >, std::ios_base&, char, tm const*, char, char) const	W	105	106	DIFF	0.9706	libstdcxx/system	1
_ZNKSt8time_putIcSt19ostreambuf_iteratorIcSt11char_traitsIcEEE6do_putES3_RSt8ios_basecPK2tmcc	std::time_put<char, std::ostreambuf_iterator<char, std::char_traits<char> > >::do_put(std::ostreambuf_iterator<char, std::char_traits<char> >, std::ios_base&, char, tm const*, char, char) const	W	316	324	DIFF	0.9688	libstdcxx/system	1
_ZNKSt8time_putIwSt19ostreambuf_iteratorIwSt11char_traitsIwEEE3putES3_RSt8ios_basewPK2tmPKwSB_	std::time_put<wchar_t, std::ostreambuf_iterator<wchar_t, std::char_traits<wchar_t> > >::put(std::ostreambuf_iterator<wchar_t, std::char_traits<wchar_t> >, std::ios_base&, wchar_t, tm const*, wchar_t const*, wchar_t const*) const	W	382	390	DIFF	0.9339	libstdcxx/system	1
_ZNKSt8time_putIwSt19ostreambuf_iteratorIwSt11char_traitsIwEEE3putES3_RSt8ios_basewPK2tmcc	std::time_put<wchar_t, std::ostreambuf_iterator<wchar_t, std::char_traits<wchar_t> > >::put(std::ostreambuf_iterator<wchar_t, std::char_traits<wchar_t> >, std::ios_base&, wchar_t, tm const*, char, char) const	W	104	105	DIFF	0.9706	libstdcxx/system	1
_ZNKSt8time_putIwSt19ostreambuf_iteratorIwSt11char_traitsIwEEE6do_putES3_RSt8ios_basewPK2tmcc	std::time_put<wchar_t, std::ostreambuf_iterator<wchar_t, std::char_traits<wchar_t> > >::do_put(std::ostreambuf_iterator<wchar_t, std::char_traits<wchar_t> >, std::ios_base&, wchar_t, tm const*, char, char) const	W	294	291	DIFF	0.9540	libstdcxx/system	1
_ZNKSt9bad_alloc4whatEv	std::bad_alloc::what() const	T	22	22	DIFF	1.0000	libstdcxx/system	1
_ZNKSt9basic_iosIcSt11char_traitsIcEE10exceptionsEv	std::basic_ios<char, std::char_traits<char> >::exceptions() const	W	11	11	IDENTICAL	1.0000	libstdcxx/system	1
_ZNKSt9basic_iosIcSt11char_traitsIcEE3badEv	std::basic_ios<char, std::char_traits<char> >::bad() const	W	14	14	IDENTICAL	1.0000	libstdcxx/system	1
_ZNKSt9basic_iosIcSt11char_traitsIcEE3eofEv	std::basic_ios<char, std::char_traits<char> >::eof() const	W	16	16	IDENTICAL	1.0000	libstdcxx/system	1
_ZNKSt9basic_iosIcSt11char_traitsIcEE3tieEv	std::basic_ios<char, std::char_traits<char> >::tie() const	W	11	11	IDENTICAL	1.0000	libstdcxx/system	1
_ZNKSt9basic_iosIcSt11char_traitsIcEE4failEv	std::basic_ios<char, std::char_traits<char> >::fail() const	W	15	15	IDENTICAL	1.0000	libstdcxx/system	1
_ZNKSt9basic_iosIcSt11char_traitsIcEE4fillEv	std::basic_ios<char, std::char_traits<char> >::fill() const	W	111	111	DIFF	0.9474	libstdcxx/system	1
_ZNKSt9basic_iosIcSt11char_traitsIcEE4goodEv	std::basic_ios<char, std::char_traits<char> >::good() const	W	16	16	IDENTICAL	1.0000	libstdcxx/system	1
_ZNKSt9basic_iosIcSt11char_traitsIcEE5rdbufEv	std::basic_ios<char, std::char_traits<char> >::rdbuf() const	W	11	11	IDENTICAL	1.0000	libstdcxx/system	1
_ZNKSt9basic_iosIcSt11char_traitsIcEE5widenEc	std::basic_ios<char, std::char_traits<char> >::widen(char) const	W	96	90	DIFF	0.7059	libstdcxx/system	1
_ZNKSt9basic_iosIcSt11char_traitsIcEE6narrowEcc	std::basic_ios<char, std::char_traits<char> >::narrow(char, char) const	W	119	119	DIFF	0.9744	libstdcxx/system	1
_ZNKSt9basic_iosIcSt11char_traitsIcEE7rdstateEv	std::basic_ios<char, std::char_traits<char> >::rdstate() const	W	11	11	IDENTICAL	1.0000	libstdcxx/system	1
_ZNKSt9basic_iosIcSt11char_traitsIcEEcvPvEv	std::basic_ios<char, std::char_traits<char> >::operator void*() const	W	21	17	DIFF	0.5000	libstdcxx/system	1
_ZNKSt9basic_iosIcSt11char_traitsIcEEntEv	std::basic_ios<char, std::char_traits<char> >::operator!() const	W	15	15	IDENTICAL	1.0000	libstdcxx/system	1
_ZNKSt9basic_iosIwSt11char_traitsIwEE10exceptionsEv	std::basic_ios<wchar_t, std::char_traits<wchar_t> >::exceptions() const	W	11	11	IDENTICAL	1.0000	libstdcxx/system	1
_ZNKSt9basic_iosIwSt11char_traitsIwEE3badEv	std::basic_ios<wchar_t, std::char_traits<wchar_t> >::bad() const	W	14	14	IDENTICAL	1.0000	libstdcxx/system	1
_ZNKSt9basic_iosIwSt11char_traitsIwEE3eofEv	std::basic_ios<wchar_t, std::char_traits<wchar_t> >::eof() const	W	16	16	IDENTICAL	1.0000	libstdcxx/system	1
_ZNKSt9basic_iosIwSt11char_traitsIwEE3tieEv	std::basic_ios<wchar_t, std::char_traits<wchar_t> >::tie() const	W	11	11	IDENTICAL	1.0000	libstdcxx/system	1
_ZNKSt9basic_iosIwSt11char_traitsIwEE4failEv	std::basic_ios<wchar_t, std::char_traits<wchar_t> >::fail() const	W	15	15	IDENTICAL	1.0000	libstdcxx/system	1
_ZNKSt9basic_iosIwSt11char_traitsIwEE4fillEv	std::basic_ios<wchar_t, std::char_traits<wchar_t> >::fill() const	W	76	77	DIFF	0.8571	libstdcxx/system	1
_ZNKSt9basic_iosIwSt11char_traitsIwEE4goodEv	std::basic_ios<wchar_t, std::char_traits<wchar_t> >::good() const	W	16	16	IDENTICAL	1.0000	libstdcxx/system	1
_ZNKSt9basic_iosIwSt11char_traitsIwEE5rdbufEv	std::basic_ios<wchar_t, std::char_traits<wchar_t> >::rdbuf() const	W	11	11	IDENTICAL	1.0000	libstdcxx/system	1
_ZNKSt9basic_iosIwSt11char_traitsIwEE5widenEc	std::basic_ios<wchar_t, std::char_traits<wchar_t> >::widen(char) const	W	45	46	DIFF	0.9375	libstdcxx/system	1
_ZNKSt9basic_iosIwSt11char_traitsIwEE6narrowEwc	std::basic_ios<wchar_t, std::char_traits<wchar_t> >::narrow(wchar_t, char) const	W	56	58	DIFF	0.9048	libstdcxx/system	1
_ZNKSt9basic_iosIwSt11char_traitsIwEE7rdstateEv	std::basic_ios<wchar_t, std::char_traits<wchar_t> >::rdstate() const	W	11	11	IDENTICAL	1.0000	libstdcxx/system	1
_ZNKSt9basic_iosIwSt11char_traitsIwEEcvPvEv	std::basic_ios<wchar_t, std::char_traits<wchar_t> >::operator void*() const	W	21	17	DIFF	0.5000	libstdcxx/system	1
_ZNKSt9basic_iosIwSt11char_traitsIwEEntEv	std::basic_ios<wchar_t, std::char_traits<wchar_t> >::operator!() const	W	15	15	IDENTICAL	1.0000	libstdcxx/system	1
_ZNKSt9exception4whatEv	std::exception::what() const	T	22	22	DIFF	1.0000	libstdcxx/system	1
_ZNKSt9money_getIcSt19istreambuf_iteratorIcSt11char_traitsIcEEE10_M_extractILb0EEES3_S3_S3_RSt8ios_baseRSt12_Ios_IostateRSs	std::istreambuf_iterator<char, std::char_traits<char> > std::money_get<char, std::istreambuf_iterator<char, std::char_traits<char> > >::_M_extract<false>(std::istreambuf_iterator<char, std::char_traits<char> >, std::istreambuf_iterator<char, std::char_traits<char> >, std::ios_base&, std::_Ios_Iostate&, std::basic_string<char, std::char_traits<char>, std::allocator<char> >&) const	W	4044	3965	DIFF	0.9391	libstdcxx/system	1
_ZNKSt9money_getIcSt19istreambuf_iteratorIcSt11char_traitsIcEEE10_M_extractILb1EEES3_S3_S3_RSt8ios_baseRSt12_Ios_IostateRSs	std::istreambuf_iterator<char, std::char_traits<char> > std::money_get<char, std::istreambuf_iterator<char, std::char_traits<char> > >::_M_extract<true>(std::istreambuf_iterator<char, std::char_traits<char> >, std::istreambuf_iterator<char, std::char_traits<char> >, std::ios_base&, std::_Ios_Iostate&, std::basic_string<char, std::char_traits<char>, std::allocator<char> >&) const	W	4559	4579	DIFF	0.9836	libstdcxx/system	1
_ZNKSt9money_getIcSt19istreambuf_iteratorIcSt11char_traitsIcEEE3getES3_S3_bRSt8ios_baseRSt12_Ios_IostateRSs	std::money_get<char, std::istreambuf_iterator<char, std::char_traits<char> > >::get(std::istreambuf_iterator<char, std::char_traits<char> >, std::istreambuf_iterator<char, std::char_traits<char> >, bool, std::ios_base&, std::_Ios_Iostate&, std::basic_string<char, std::char_traits<char>, std::allocator<char> >&) const	W	110	111	DIFF	0.9722	libstdcxx/system	1
_ZNKSt9money_getIcSt19istreambuf_iteratorIcSt11char_traitsIcEEE3getES3_S3_bRSt8ios_baseRSt12_Ios_IostateRe	std::money_get<char, std::istreambuf_iterator<char, std::char_traits<char> > >::get(std::istreambuf_iterator<char, std::char_traits<char> >, std::istreambuf_iterator<char, std::char_traits<char> >, bool, std::ios_base&, std::_Ios_Iostate&, long double&) const	W	110	111	DIFF	0.9722	libstdcxx/system	1
_ZNKSt9money_getIcSt19istreambuf_iteratorIcSt11char_traitsIcEEE6do_getES3_S3_bRSt8ios_baseRSt12_Ios_IostateRSs	std::money_get<char, std::istreambuf_iterator<char, std::char_traits<char> > >::do_get(std::istreambuf_iterator<char, std::char_traits<char> >, std::istreambuf_iterator<char, std::char_traits<char> >, bool, std::ios_base&, std::_Ios_Iostate&, std::basic_string<char, std::char_traits<char>, std::allocator<char> >&) const	W	501	501	DIFF	0.9800	libstdcxx/system	1
_ZNKSt9money_getIcSt19istreambuf_iteratorIcSt11char_traitsIcEEE6do_getES3_S3_bRSt8ios_baseRSt12_Ios_IostateRe	std::money_get<char, std::istreambuf_iterator<char, std::char_traits<char> > >::do_get(std::istreambuf_iterator<char, std::char_traits<char> >, std::istreambuf_iterator<char, std::char_traits<char> >, bool, std::ios_base&, std::_Ios_Iostate&, long double&) const	W	319	319	DIFF	0.9684	libstdcxx/system	1
_ZNKSt9money_getIwSt19istreambuf_iteratorIwSt11char_traitsIwEEE10_M_extractILb0EEES3_S3_S3_RSt8ios_baseRSt12_Ios_IostateRSs	std::istreambuf_iterator<wchar_t, std::char_traits<wchar_t> > std::money_get<wchar_t, std::istreambuf_iterator<wchar_t, std::char_traits<wchar_t> > >::_M_extract<false>(std::istreambuf_iterator<wchar_t, std::char_traits<wchar_t> >, std::istreambuf_iterator<wchar_t, std::char_traits<wchar_t> >, std::ios_base&, std::_Ios_Iostate&, std::basic_string<char, std::char_traits<char>, std::allocator<char> >&) const	W	4667	4694	DIFF	0.9831	libstdcxx/system	1
_ZNKSt9money_getIwSt19istreambuf_iteratorIwSt11char_traitsIwEEE10_M_extractILb1EEES3_S3_S3_RSt8ios_baseRSt12_Ios_IostateRSs	std::istreambuf_iterator<wchar_t, std::char_traits<wchar_t> > std::money_get<wchar_t, std::istreambuf_iterator<wchar_t, std::char_traits<wchar_t> > >::_M_extract<true>(std::istreambuf_iterator<wchar_t, std::char_traits<wchar_t> >, std::istreambuf_iterator<wchar_t, std::char_traits<wchar_t> >, std::ios_base&, std::_Ios_Iostate&, std::basic_string<char, std::char_traits<char>, std::allocator<char> >&) const	W	4667	4694	DIFF	0.9831	libstdcxx/system	1
_ZNKSt9money_getIwSt19istreambuf_iteratorIwSt11char_traitsIwEEE3getES3_S3_bRSt8ios_baseRSt12_Ios_IostateRSbIwS2_SaIwEE	std::money_get<wchar_t, std::istreambuf_iterator<wchar_t, std::char_traits<wchar_t> > >::get(std::istreambuf_iterator<wchar_t, std::char_traits<wchar_t> >, std::istreambuf_iterator<wchar_t, std::char_traits<wchar_t> >, bool, std::ios_base&, std::_Ios_Iostate&, std::basic_string<wchar_t, std::char_traits<wchar_t>, std::allocator<wchar_t> >&) const	W	110	111	DIFF	0.9722	libstdcxx/system	1
_ZNKSt9money_getIwSt19istreambuf_iteratorIwSt11char_traitsIwEEE3getES3_S3_bRSt8ios_baseRSt12_Ios_IostateRe	std::money_get<wchar_t, std::istreambuf_iterator<wchar_t, std::char_traits<wchar_t> > >::get(std::istreambuf_iterator<wchar_t, std::char_traits<wchar_t> >, std::istreambuf_iterator<wchar_t, std::char_traits<wchar_t> >, bool, std::ios_base&, std::_Ios_Iostate&, long double&) const	W	110	111	DIFF	0.9722	libstdcxx/system	1
_ZNKSt9money_getIwSt19istreambuf_iteratorIwSt11char_traitsIwEEE6do_getES3_S3_bRSt8ios_baseRSt12_Ios_IostateRSbIwS2_SaIwEE	std::money_get<wchar_t, std::istreambuf_iterator<wchar_t, std::char_traits<wchar_t> > >::do_get(std::istreambuf_iterator<wchar_t, std::char_traits<wchar_t> >, std::istreambuf_iterator<wchar_t, std::char_traits<wchar_t> >, bool, std::ios_base&, std::_Ios_Iostate&, std::basic_string<wchar_t, std::char_traits<wchar_t>, std::allocator<wchar_t> >&) const	W	392	392	DIFF	0.9836	libstdcxx/system	1
_ZNKSt9money_getIwSt19istreambuf_iteratorIwSt11char_traitsIwEEE6do_getES3_S3_bRSt8ios_baseRSt12_Ios_IostateRe	std::money_get<wchar_t, std::istreambuf_iterator<wchar_t, std::char_traits<wchar_t> > >::do_get(std::istreambuf_iterator<wchar_t, std::char_traits<wchar_t> >, std::istreambuf_iterator<wchar_t, std::char_traits<wchar_t> >, bool, std::ios_base&, std::_Ios_Iostate&, long double&) const	W	319	319	DIFF	0.9684	libstdcxx/system	1
_ZNKSt9money_putIcSt19ostreambuf_iteratorIcSt11char_traitsIcEEE3putES3_bRSt8ios_basecRKSs	std::money_put<char, std::ostreambuf_iterator<char, std::char_traits<char> > >::put(std::ostreambuf_iterator<char, std::char_traits<char> >, bool, std::ios_base&, char, std::basic_string<char, std::char_traits<char>, std::allocator<char> > const&) const	W	97	98	DIFF	0.9688	libstdcxx/system	1
_ZNKSt9money_putIcSt19ostreambuf_iteratorIcSt11char_traitsIcEEE3putES3_bRSt8ios_basece	std::money_put<char, std::ostreambuf_iterator<char, std::char_traits<char> > >::put(std::ostreambuf_iterator<char, std::char_traits<char> >, bool, std::ios_base&, char, long double) const	W	97	98	DIFF	0.9688	libstdcxx/system	1
_ZNKSt9money_putIcSt19ostreambuf_iteratorIcSt11char_traitsIcEEE6do_putES3_bRSt8ios_basecRKSs	std::money_put<char, std::ostreambuf_iterator<char, std::char_traits<char> > >::do_put(std::ostreambuf_iterator<char, std::char_traits<char> >, bool, std::ios_base&, char, std::basic_string<char, std::char_traits<char>, std::allocator<char> > const&) const	W	152	152	DIFF	0.9792	libstdcxx/system	1
_ZNKSt9money_putIcSt19ostreambuf_iteratorIcSt11char_traitsIcEEE6do_putES3_bRSt8ios_basece	std::money_put<char, std::ostreambuf_iterator<char, std::char_traits<char> > >::do_put(std::ostreambuf_iterator<char, std::char_traits<char> >, bool, std::ios_base&, char, long double) const	W	651	659	DIFF	0.9731	libstdcxx/system	1
_ZNKSt9money_putIcSt19ostreambuf_iteratorIcSt11char_traitsIcEEE9_M_insertILb0EEES3_S3_RSt8ios_basecRKSs	std::ostreambuf_iterator<char, std::char_traits<char> > std::money_put<char, std::ostreambuf_iterator<char, std::char_traits<char> > >::_M_insert<false>(std::ostreambuf_iterator<char, std::char_traits<char> >, std::ios_base&, char, std::basic_string<char, std::char_traits<char>, std::allocator<char> > const&) const	W	1893	1893	DIFF	0.9770	libstdcxx/system	1
_ZNKSt9money_putIcSt19ostreambuf_iteratorIcSt11char_traitsIcEEE9_M_insertILb1EEES3_S3_RSt8ios_basecRKSs	std::ostreambuf_iterator<char, std::char_traits<char> > std::money_put<char, std::ostreambuf_iterator<char, std::char_traits<char> > >::_M_insert<true>(std::ostreambuf_iterator<char, std::char_traits<char> >, std::ios_base&, char, std::basic_string<char, std::char_traits<char>, std::allocator<char> > const&) const	W	1893	1893	DIFF	0.9770	libstdcxx/system	1
_ZNKSt9money_putIwSt19ostreambuf_iteratorIwSt11char_traitsIwEEE3putES3_bRSt8ios_basewRKSbIwS2_SaIwEE	std::money_put<wchar_t, std::ostreambuf_iterator<wchar_t, std::char_traits<wchar_t> > >::put(std::ostreambuf_iterator<wchar_t, std::char_traits<wchar_t> >, bool, std::ios_base&, wchar_t, std::basic_string<wchar_t, std::char_traits<wchar_t>, std::allocator<wchar_t> > const&) const	W	96	97	DIFF	0.9688	libstdcxx/system	1
_ZNKSt9money_putIwSt19ostreambuf_iteratorIwSt11char_traitsIwEEE3putES3_bRSt8ios_basewe	std::money_put<wchar_t, std::ostreambuf_iterator<wchar_t, std::char_traits<wchar_t> > >::put(std::ostreambuf_iterator<wchar_t, std::char_traits<wchar_t> >, bool, std::ios_base&, wchar_t, long double) const	W	96	97	DIFF	0.9688	libstdcxx/system	1
_ZNKSt9money_putIwSt19ostreambuf_iteratorIwSt11char_traitsIwEEE6do_putES3_bRSt8ios_basewRKSbIwS2_SaIwEE	std::money_put<wchar_t, std::ostreambuf_iterator<wchar_t, std::char_traits<wchar_t> > >::do_put(std::ostreambuf_iterator<wchar_t, std::char_traits<wchar_t> >, bool, std::ios_base&, wchar_t, std::basic_string<wchar_t, std::char_traits<wchar_t>, std::allocator<wchar_t> > const&) const	W	136	136	DIFF	0.9535	libstdcxx/system	1
_ZNKSt9money_putIwSt19ostreambuf_iteratorIwSt11char_traitsIwEEE6do_putES3_bRSt8ios_basewe	std::money_put<wchar_t, std::ostreambuf_iterator<wchar_t, std::char_traits<wchar_t> > >::do_put(std::ostreambuf_iterator<wchar_t, std::char_traits<wchar_t> >, bool, std::ios_base&, wchar_t, long double) const	W	557	557	DIFF	0.9753	libstdcxx/system	1
_ZNKSt9money_putIwSt19ostreambuf_iteratorIwSt11char_traitsIwEEE9_M_insertILb0EEES3_S3_RSt8ios_basewRKSbIwS2_SaIwEE	std::ostreambuf_iterator<wchar_t, std::char_traits<wchar_t> > std::money_put<wchar_t, std::ostreambuf_iterator<wchar_t, std::char_traits<wchar_t> > >::_M_insert<false>(std::ostreambuf_iterator<wchar_t, std::char_traits<wchar_t> >, std::ios_base&, wchar_t, std::basic_string<wchar_t, std::char_traits<wchar_t>, std::allocator<wchar_t> > const&) const	W	2049	2067	DIFF	0.9664	libstdcxx/system	1
_ZNKSt9money_putIwSt19ostreambuf_iteratorIwSt11char_traitsIwEEE9_M_insertILb1EEES3_S3_RSt8ios_basewRKSbIwS2_SaIwEE	std::ostreambuf_iterator<wchar_t, std::char_traits<wchar_t> > std::money_put<wchar_t, std::ostreambuf_iterator<wchar_t, std::char_traits<wchar_t> > >::_M_insert<true>(std::ostreambuf_iterator<wchar_t, std::char_traits<wchar_t> >, std::ios_base&, wchar_t, std::basic_string<wchar_t, std::char_traits<wchar_t>, std::allocator<wchar_t> > const&) const	W	2049	2067	DIFF	0.9664	libstdcxx/system	1
_ZNKSt9type_info10__do_catchEPKS_PPvj	std::type_info::__do_catch(std::type_info const*, void**, unsigned int) const	T	69	71	DIFF	0.9200	libstdcxx/system	1
_ZNKSt9type_info11__do_upcastEPKN10__cxxabiv117__class_type_infoEPPv	std::type_info::__do_upcast(__cxxabiv1::__class_type_info const*, void**) const	T	7	7	IDENTICAL	1.0000	libstdcxx/system	1
_ZNKSt9type_info14__is_pointer_pEv	std::type_info::__is_pointer_p() const	T	7	7	IDENTICAL	1.0000	libstdcxx/system	1
_ZNKSt9type_info15__is_function_pEv	std::type_info::__is_function_p() const	T	7	7	IDENTICAL	1.0000	libstdcxx/system	1
_ZNSaI16STPvPBuddyDBInfoEC1ERKS0_	std::allocator<STPvPBuddyDBInfo>::allocator(std::allocator<STPvPBuddyDBInfo> const&)	W	26	26	NEAR	1.0000	libstdcxx/system	1
_ZNSaI16STPvPBuddyDBInfoEC1Ev	std::allocator<STPvPBuddyDBInfo>::allocator()	W	19	19	NEAR	1.0000	libstdcxx/system	1
_ZNSaI16STPvPBuddyDBInfoEC2ERKS0_	std::allocator<STPvPBuddyDBInfo>::allocator(std::allocator<STPvPBuddyDBInfo> const&)	W	26	26	NEAR	1.0000	libstdcxx/system	1
_ZNSaI16STPvPBuddyDBInfoEC2Ev	std::allocator<STPvPBuddyDBInfo>::allocator()	W	19	19	NEAR	1.0000	libstdcxx/system	1
_ZNSaI16STPvPBuddyDBInfoED1Ev	std::allocator<STPvPBuddyDBInfo>::~allocator()	W	19	19	NEAR	1.0000	libstdcxx/system	1
_ZNSaI16STPvPBuddyDBInfoED2Ev	std::allocator<STPvPBuddyDBInfo>::~allocator()	W	19	19	NEAR	1.0000	libstdcxx/system	1
_ZNSaISsEC1Ev	std::allocator<std::basic_string<char, std::char_traits<char>, std::allocator<char> > >::allocator()	W	19	19	NEAR	1.0000	libstdcxx/system	1
_ZNSaISsEC2Ev	std::allocator<std::basic_string<char, std::char_traits<char>, std::allocator<char> > >::allocator()	W	19	19	NEAR	1.0000	libstdcxx/system	1
_ZNSaISsED1Ev	std::allocator<std::basic_string<char, std::char_traits<char>, std::allocator<char> > >::~allocator()	W	19	19	NEAR	1.0000	libstdcxx/system	1
_ZNSaISsED2Ev	std::allocator<std::basic_string<char, std::char_traits<char>, std::allocator<char> > >::~allocator()	W	19	19	NEAR	1.0000	libstdcxx/system	1
_ZNSaISt13_Rb_tree_nodeISt4pairIKSsP5CFLogEEEC1Ev	std::allocator<std::_Rb_tree_node<std::pair<std::basic_string<char, std::char_traits<char>, std::allocator<char> > const, CFLog*> > >::allocator()	W	19	19	NEAR	1.0000	libstdcxx/system	1
_ZNSaISt13_Rb_tree_nodeISt4pairIKSsP5CFLogEEEC2Ev	std::allocator<std::_Rb_tree_node<std::pair<std::basic_string<char, std::char_traits<char>, std::allocator<char> > const, CFLog*> > >::allocator()	W	19	19	NEAR	1.0000	libstdcxx/system	1
_ZNSaISt13_Rb_tree_nodeISt4pairIKSsP5CFLogEEED1Ev	std::allocator<std::_Rb_tree_node<std::pair<std::basic_string<char, std::char_traits<char>, std::allocator<char> > const, CFLog*> > >::~allocator()	W	19	19	NEAR	1.0000	libstdcxx/system	1
_ZNSaISt13_Rb_tree_nodeISt4pairIKSsP5CFLogEEED2Ev	std::allocator<std::_Rb_tree_node<std::pair<std::basic_string<char, std::char_traits<char>, std::allocator<char> > const, CFLog*> > >::~allocator()	W	19	19	NEAR	1.0000	libstdcxx/system	1
_ZNSaISt13_Rb_tree_nodeISt4pairIKSsSsEEEC1Ev	std::allocator<std::_Rb_tree_node<std::pair<std::basic_string<char, std::char_traits<char>, std::allocator<char> > const, std::basic_string<char, std::char_traits<char>, std::allocator<char> > > > >::allocator()	W	19	19	NEAR	1.0000	libstdcxx/system	1
_ZNSaISt13_Rb_tree_nodeISt4pairIKSsSsEEEC2Ev	std::allocator<std::_Rb_tree_node<std::pair<std::basic_string<char, std::char_traits<char>, std::allocator<char> > const, std::basic_string<char, std::char_traits<char>, std::allocator<char> > > > >::allocator()	W	19	19	NEAR	1.0000	libstdcxx/system	1
_ZNSaISt13_Rb_tree_nodeISt4pairIKSsSsEEED1Ev	std::allocator<std::_Rb_tree_node<std::pair<std::basic_string<char, std::char_traits<char>, std::allocator<char> > const, std::basic_string<char, std::char_traits<char>, std::allocator<char> > > > >::~allocator()	W	19	19	NEAR	1.0000	libstdcxx/system	1
_ZNSaISt13_Rb_tree_nodeISt4pairIKSsSsEEED2Ev	std::allocator<std::_Rb_tree_node<std::pair<std::basic_string<char, std::char_traits<char>, std::allocator<char> > const, std::basic_string<char, std::char_traits<char>, std::allocator<char> > > > >::~allocator()	W	19	19	NEAR	1.0000	libstdcxx/system	1
_ZNSaISt13_Rb_tree_nodeISt4pairIKi13stSessionInfoEEEC1Ev	std::allocator<std::_Rb_tree_node<std::pair<int const, stSessionInfo> > >::allocator()	W	19	19	NEAR	1.0000	libstdcxx/system	1
_ZNSaISt13_Rb_tree_nodeISt4pairIKi13stSessionInfoEEEC2Ev	std::allocator<std::_Rb_tree_node<std::pair<int const, stSessionInfo> > >::allocator()	W	19	19	NEAR	1.0000	libstdcxx/system	1
_ZNSaISt13_Rb_tree_nodeISt4pairIKi13stSessionInfoEEED1Ev	std::allocator<std::_Rb_tree_node<std::pair<int const, stSessionInfo> > >::~allocator()	W	19	19	NEAR	1.0000	libstdcxx/system	1
_ZNSaISt13_Rb_tree_nodeISt4pairIKi13stSessionInfoEEED2Ev	std::allocator<std::_Rb_tree_node<std::pair<int const, stSessionInfo> > >::~allocator()	W	19	19	NEAR	1.0000	libstdcxx/system	1
_ZNSaISt13_Rb_tree_nodeISt4pairIKj5CUserEEEC1Ev	std::allocator<std::_Rb_tree_node<std::pair<unsigned int const, CUser> > >::allocator()	W	19	19	NEAR	1.0000	libstdcxx/system	1
_ZNSaISt13_Rb_tree_nodeISt4pairIKj5CUserEEEC2Ev	std::allocator<std::_Rb_tree_node<std::pair<unsigned int const, CUser> > >::allocator()	W	19	19	NEAR	1.0000	libstdcxx/system	1
_ZNSaISt13_Rb_tree_nodeISt4pairIKj5CUserEEED1Ev	std::allocator<std::_Rb_tree_node<std::pair<unsigned int const, CUser> > >::~allocator()	W	19	19	NEAR	1.0000	libstdcxx/system	1
_ZNSaISt13_Rb_tree_nodeISt4pairIKj5CUserEEED2Ev	std::allocator<std::_Rb_tree_node<std::pair<unsigned int const, CUser> > >::~allocator()	W	19	19	NEAR	1.0000	libstdcxx/system	1
_ZNSaISt13_Rb_tree_nodeISt4pairIKtPFiP15ISessionManagerP15CNetworkSessionP12PacketHeaderEEEEC1Ev	std::allocator<std::_Rb_tree_node<std::pair<unsigned short const, int (*)(ISessionManager*, CNetworkSession*, PacketHeader*)> > >::allocator()	W	19	19	NEAR	1.0000	libstdcxx/system	1
_ZNSaISt13_Rb_tree_nodeISt4pairIKtPFiP15ISessionManagerP15CNetworkSessionP12PacketHeaderEEEEC2Ev	std::allocator<std::_Rb_tree_node<std::pair<unsigned short const, int (*)(ISessionManager*, CNetworkSession*, PacketHeader*)> > >::allocator()	W	19	19	NEAR	1.0000	libstdcxx/system	1
_ZNSaISt13_Rb_tree_nodeISt4pairIKtPFiP15ISessionManagerP15CNetworkSessionP12PacketHeaderEEEED1Ev	std::allocator<std::_Rb_tree_node<std::pair<unsigned short const, int (*)(ISessionManager*, CNetworkSession*, PacketHeader*)> > >::~allocator()	W	19	19	NEAR	1.0000	libstdcxx/system	1
_ZNSaISt13_Rb_tree_nodeISt4pairIKtPFiP15ISessionManagerP15CNetworkSessionP12PacketHeaderEEEED2Ev	std::allocator<std::_Rb_tree_node<std::pair<unsigned short const, int (*)(ISessionManager*, CNetworkSession*, PacketHeader*)> > >::~allocator()	W	19	19	NEAR	1.0000	libstdcxx/system	1
_ZNSaIcEC1ERKS_	std::allocator<char>::allocator(std::allocator<char> const&)	W	5	5	IDENTICAL	1.0000	libstdcxx/system	1
_ZNSaIcEC1Ev	std::allocator<char>::allocator()	W	5	5	IDENTICAL	1.0000	libstdcxx/system	1
_ZNSaIcEC2ERKS_	std::allocator<char>::allocator(std::allocator<char> const&)	W	5	5	IDENTICAL	1.0000	libstdcxx/system	1
_ZNSaIcEC2Ev	std::allocator<char>::allocator()	W	5	5	IDENTICAL	1.0000	libstdcxx/system	1
_ZNSaIcED1Ev	std::allocator<char>::~allocator()	W	5	5	IDENTICAL	1.0000	libstdcxx/system	1
_ZNSaIcED2Ev	std::allocator<char>::~allocator()	W	5	5	IDENTICAL	1.0000	libstdcxx/system	1
_ZNSaIwEC1ERKS_	std::allocator<wchar_t>::allocator(std::allocator<wchar_t> const&)	W	5	5	IDENTICAL	1.0000	libstdcxx/system	1
_ZNSaIwEC1Ev	std::allocator<wchar_t>::allocator()	W	5	5	IDENTICAL	1.0000	libstdcxx/system	1
_ZNSaIwEC2ERKS_	std::allocator<wchar_t>::allocator(std::allocator<wchar_t> const&)	W	5	5	IDENTICAL	1.0000	libstdcxx/system	1
_ZNSaIwEC2Ev	std::allocator<wchar_t>::allocator()	W	5	5	IDENTICAL	1.0000	libstdcxx/system	1
_ZNSaIwED1Ev	std::allocator<wchar_t>::~allocator()	W	5	5	IDENTICAL	1.0000	libstdcxx/system	1
_ZNSaIwED2Ev	std::allocator<wchar_t>::~allocator()	W	5	5	IDENTICAL	1.0000	libstdcxx/system	1
_ZNSbIwSt11char_traitsIwESaIwEE10_S_compareEjj	std::basic_string<wchar_t, std::char_traits<wchar_t>, std::allocator<wchar_t> >::_S_compare(unsigned int, unsigned int)	W	11	11	IDENTICAL	1.0000	libstdcxx/system	1
_ZNSbIwSt11char_traitsIwESaIwEE12_Alloc_hiderC1EPwRKS1_	std::basic_string<wchar_t, std::char_traits<wchar_t>, std::allocator<wchar_t> >::_Alloc_hider::_Alloc_hider(wchar_t*, std::allocator<wchar_t> const&)	W	13	13	NEAR	1.0000	libstdcxx/system	1
_ZNSbIwSt11char_traitsIwESaIwEE12_Alloc_hiderC2EPwRKS1_	std::basic_string<wchar_t, std::char_traits<wchar_t>, std::allocator<wchar_t> >::_Alloc_hider::_Alloc_hider(wchar_t*, std::allocator<wchar_t> const&)	W	13	13	NEAR	1.0000	libstdcxx/system	1
_ZNSbIwSt11char_traitsIwESaIwEE12_M_leak_hardEv	std::basic_string<wchar_t, std::char_traits<wchar_t>, std::allocator<wchar_t> >::_M_leak_hard()	W	79	81	DIFF	0.9167	libstdcxx/system	1
_ZNSbIwSt11char_traitsIwESaIwEE12_S_constructEjwRKS1_	std::basic_string<wchar_t, std::char_traits<wchar_t>, std::allocator<wchar_t> >::_S_construct(unsigned int, wchar_t, std::allocator<wchar_t> const&)	W	136	136	DIFF	0.9535	libstdcxx/system	1
_ZNSbIwSt11char_traitsIwESaIwEE12_S_constructIN9__gnu_cxx17__normal_iteratorIPwS2_EEEES6_T_S8_RKS1_St20forward_iterator_tag	wchar_t* std::basic_string<wchar_t, std::char_traits<wchar_t>, std::allocator<wchar_t> >::_S_construct<__gnu_cxx::__normal_iterator<wchar_t*, std::basic_string<wchar_t, std::char_traits<wchar_t>, std::allocator<wchar_t> > > >(__gnu_cxx::__normal_iterator<wchar_t*, std::basic_string<wchar_t, std::char_traits<wchar_t>, std::allocator<wchar_t> > >, __gnu_cxx::__normal_iterator<wchar_t*, std::basic_string<wchar_t, std::char_traits<wchar_t>, std::allocator<wchar_t> > >, std::allocator<wchar_t> const&, std::forward_iterator_tag)	W	143	143	DIFF	0.9783	libstdcxx/system	1
_ZNSbIwSt11char_traitsIwESaIwEE12_S_constructIPKwEEPwT_S7_RKS1_St20forward_iterator_tag	wchar_t* std::basic_string<wchar_t, std::char_traits<wchar_t>, std::allocator<wchar_t> >::_S_construct<wchar_t const*>(wchar_t const*, wchar_t const*, std::allocator<wchar_t> const&, std::forward_iterator_tag)	W	204	201	DIFF	0.9836	libstdcxx/system	1
_ZNSbIwSt11char_traitsIwESaIwEE12_S_constructIPwEES4_T_S5_RKS1_St20forward_iterator_tag	wchar_t* std::basic_string<wchar_t, std::char_traits<wchar_t>, std::allocator<wchar_t> >::_S_construct<wchar_t*>(wchar_t*, wchar_t*, std::allocator<wchar_t> const&, std::forward_iterator_tag)	W	204	201	DIFF	0.9836	libstdcxx/system	1
_ZNSbIwSt11char_traitsIwESaIwEE12_S_empty_repEv	std::basic_string<wchar_t, std::char_traits<wchar_t>, std::allocator<wchar_t> >::_S_empty_rep()	W	10	10	NEAR	1.0000	libstdcxx/system	1
_ZNSbIwSt11char_traitsIwESaIwEE13_S_copy_charsEPwN9__gnu_cxx17__normal_iteratorIPKwS2_EES8_	std::basic_string<wchar_t, std::char_traits<wchar_t>, std::allocator<wchar_t> >::_S_copy_chars(wchar_t*, __gnu_cxx::__normal_iterator<wchar_t const*, std::basic_string<wchar_t, std::char_traits<wchar_t>, std::allocator<wchar_t> > >, __gnu_cxx::__normal_iterator<wchar_t const*, std::basic_string<wchar_t, std::char_traits<wchar_t>, std::allocator<wchar_t> > >)	W	46	54	DIFF	0.9000	libstdcxx/system	1
_ZNSbIwSt11char_traitsIwESaIwEE13_S_copy_charsEPwN9__gnu_cxx17__normal_iteratorIS3_S2_EES6_	std::basic_string<wchar_t, std::char_traits<wchar_t>, std::allocator<wchar_t> >::_S_copy_chars(wchar_t*, __gnu_cxx::__normal_iterator<wchar_t*, std::basic_string<wchar_t, std::char_traits<wchar_t>, std::allocator<wchar_t> > >, __gnu_cxx::__normal_iterator<wchar_t*, std::basic_string<wchar_t, std::char_traits<wchar_t>, std::allocator<wchar_t> > >)	W	46	54	DIFF	0.9000	libstdcxx/system	1
_ZNSbIwSt11char_traitsIwESaIwEE13_S_copy_charsEPwPKwS5_	std::basic_string<wchar_t, std::char_traits<wchar_t>, std::allocator<wchar_t> >::_S_copy_chars(wchar_t*, wchar_t const*, wchar_t const*)	W	46	54	DIFF	0.9000	libstdcxx/system	1
_ZNSbIwSt11char_traitsIwESaIwEE13_S_copy_charsEPwS3_S3_	std::basic_string<wchar_t, std::char_traits<wchar_t>, std::allocator<wchar_t> >::_S_copy_chars(wchar_t*, wchar_t*, wchar_t*)	W	46	54	DIFF	0.9000	libstdcxx/system	1
_ZNSbIwSt11char_traitsIwESaIwEE14_M_replace_auxEjjjw	std::basic_string<wchar_t, std::char_traits<wchar_t>, std::allocator<wchar_t> >::_M_replace_aux(unsigned int, unsigned int, unsigned int, wchar_t)	W	168	168	DIFF	0.9833	libstdcxx/system	1
_ZNSbIwSt11char_traitsIwESaIwEE15_M_replace_safeEjjPKwj	std::basic_string<wchar_t, std::char_traits<wchar_t>, std::allocator<wchar_t> >::_M_replace_safe(unsigned int, unsigned int, wchar_t const*, unsigned int)	W	142	142	DIFF	0.9623	libstdcxx/system	1
_ZNSbIwSt11char_traitsIwESaIwEE2atEj	std::basic_string<wchar_t, std::char_traits<wchar_t>, std::allocator<wchar_t> >::at(unsigned int)	W	70	71	DIFF	0.9600	libstdcxx/system	1
_ZNSbIwSt11char_traitsIwESaIwEE3endEv	std::basic_string<wchar_t, std::char_traits<wchar_t>, std::allocator<wchar_t> >::end()	W	64	65	DIFF	0.9600	libstdcxx/system	1
_ZNSbIwSt11char_traitsIwESaIwEE4_Rep10_M_destroyERKS1_	std::basic_string<wchar_t, std::char_traits<wchar_t>, std::allocator<wchar_t> >::_Rep::_M_destroy(std::allocator<wchar_t> const&)	W	12	13	DIFF	0.8000	libstdcxx/system	1
_ZNSbIwSt11char_traitsIwESaIwEE4_Rep10_M_disposeERKS1_	std::basic_string<wchar_t, std::char_traits<wchar_t>, std::allocator<wchar_t> >::_Rep::_M_dispose(std::allocator<wchar_t> const&)	W	72	74	DIFF	0.9310	libstdcxx/system	1
_ZNSbIwSt11char_traitsIwESaIwEE4_Rep10_M_refcopyEv	std::basic_string<wchar_t, std::char_traits<wchar_t>, std::allocator<wchar_t> >::_Rep::_M_refcopy()	W	40	40	DIFF	0.9333	libstdcxx/system	1
_ZNSbIwSt11char_traitsIwESaIwEE4_Rep10_M_refdataEv	std::basic_string<wchar_t, std::char_traits<wchar_t>, std::allocator<wchar_t> >::_Rep::_M_refdata()	W	11	11	DIFF	1.0000	libstdcxx/system	1
_ZNSbIwSt11char_traitsIwESaIwEE4_Rep12_S_empty_repEv	std::basic_string<wchar_t, std::char_traits<wchar_t>, std::allocator<wchar_t> >::_Rep::_S_empty_rep()	W	10	10	NEAR	1.0000	libstdcxx/system	1
_ZNSbIwSt11char_traitsIwESaIwEE4_Rep13_M_set_leakedEv	std::basic_string<wchar_t, std::char_traits<wchar_t>, std::allocator<wchar_t> >::_Rep::_M_set_leaked()	W	15	15	IDENTICAL	1.0000	libstdcxx/system	1
_ZNSbIwSt11char_traitsIwESaIwEE4_Rep15_M_set_sharableEv	std::basic_string<wchar_t, std::char_traits<wchar_t>, std::allocator<wchar_t> >::_Rep::_M_set_sharable()	W	15	15	IDENTICAL	1.0000	libstdcxx/system	1
_ZNSbIwSt11char_traitsIwESaIwEE4_Rep26_M_set_length_and_sharableEj	std::basic_string<wchar_t, std::char_traits<wchar_t>, std::allocator<wchar_t> >::_Rep::_M_set_length_and_sharable(unsigned int)	W	37	37	NEAR	1.0000	libstdcxx/system	1
_ZNSbIwSt11char_traitsIwESaIwEE4_Rep7_M_grabERKS1_S5_	std::basic_string<wchar_t, std::char_traits<wchar_t>, std::allocator<wchar_t> >::_Rep::_M_grab(std::allocator<wchar_t> const&, std::allocator<wchar_t> const&)	W	75	75	DIFF	0.8519	libstdcxx/system	1
_ZNSbIwSt11char_traitsIwESaIwEE4_Rep8_M_cloneERKS1_j	std::basic_string<wchar_t, std::char_traits<wchar_t>, std::allocator<wchar_t> >::_Rep::_M_clone(std::allocator<wchar_t> const&, unsigned int)	W	143	143	DIFF	0.9592	libstdcxx/system	1
_ZNSbIwSt11char_traitsIwESaIwEE4_Rep9_S_createEjjRKS1_	std::basic_string<wchar_t, std::char_traits<wchar_t>, std::allocator<wchar_t> >::_Rep::_S_create(unsigned int, unsigned int, std::allocator<wchar_t> const&)	W	146	146	DIFF	0.9048	libstdcxx/system	1
_ZNSbIwSt11char_traitsIwESaIwEE4rendEv	std::basic_string<wchar_t, std::char_traits<wchar_t>, std::allocator<wchar_t> >::rend()	W	53	54	DIFF	0.9524	libstdcxx/system	1
_ZNSbIwSt11char_traitsIwESaIwEE4swapERS2_	std::basic_string<wchar_t, std::char_traits<wchar_t>, std::allocator<wchar_t> >::swap(std::basic_string<wchar_t, std::char_traits<wchar_t>, std::allocator<wchar_t> >&)	W	73	81	DIFF	0.9259	libstdcxx/system	1
_ZNSbIwSt11char_traitsIwESaIwEE5beginEv	std::basic_string<wchar_t, std::char_traits<wchar_t>, std::allocator<wchar_t> >::begin()	W	53	54	DIFF	0.9524	libstdcxx/system	1
_ZNSbIwSt11char_traitsIwESaIwEE5clearEv	std::basic_string<wchar_t, std::char_traits<wchar_t>, std::allocator<wchar_t> >::clear()	W	44	45	DIFF	0.9231	libstdcxx/system	1
_ZNSbIwSt11char_traitsIwESaIwEE5eraseEN9__gnu_cxx17__normal_iteratorIPwS2_EE	std::basic_string<wchar_t, std::char_traits<wchar_t>, std::allocator<wchar_t> >::erase(__gnu_cxx::__normal_iterator<wchar_t*, std::basic_string<wchar_t, std::char_traits<wchar_t>, std::allocator<wchar_t> > >)	W	88	89	DIFF	0.9630	libstdcxx/system	1
_ZNSbIwSt11char_traitsIwESaIwEE5eraseEN9__gnu_cxx17__normal_iteratorIPwS2_EES6_	std::basic_string<wchar_t, std::char_traits<wchar_t>, std::allocator<wchar_t> >::erase(__gnu_cxx::__normal_iterator<wchar_t*, std::basic_string<wchar_t, std::char_traits<wchar_t>, std::allocator<wchar_t> > >, __gnu_cxx::__normal_iterator<wchar_t*, std::basic_string<wchar_t, std::char_traits<wchar_t>, std::allocator<wchar_t> > >)	W	111	111	DIFF	0.9231	libstdcxx/system	1
_ZNSbIwSt11char_traitsIwESaIwEE5eraseEjj	std::basic_string<wchar_t, std::char_traits<wchar_t>, std::allocator<wchar_t> >::erase(unsigned int, unsigned int)	W	80	78	DIFF	0.7931	libstdcxx/system	1
_ZNSbIwSt11char_traitsIwESaIwEE6appendEPKw	std::basic_string<wchar_t, std::char_traits<wchar_t>, std::allocator<wchar_t> >::append(wchar_t const*)	W	43	45	DIFF	0.8750	libstdcxx/system	1
_ZNSbIwSt11char_traitsIwESaIwEE6appendEPKwj	std::basic_string<wchar_t, std::char_traits<wchar_t>, std::allocator<wchar_t> >::append(wchar_t const*, unsigned int)	W	246	265	DIFF	0.9630	libstdcxx/system	1
_ZNSbIwSt11char_traitsIwESaIwEE6appendERKS2_	std::basic_string<wchar_t, std::char_traits<wchar_t>, std::allocator<wchar_t> >::append(std::basic_string<wchar_t, std::char_traits<wchar_t>, std::allocator<wchar_t> > const&)	W	172	180	DIFF	0.9672	libstdcxx/system	1
_ZNSbIwSt11char_traitsIwESaIwEE6appendERKS2_jj	std::basic_string<wchar_t, std::char_traits<wchar_t>, std::allocator<wchar_t> >::append(std::basic_string<wchar_t, std::char_traits<wchar_t>, std::allocator<wchar_t> > const&, unsigned int, unsigned int)	W	224	216	DIFF	0.9459	libstdcxx/system	1
_ZNSbIwSt11char_traitsIwESaIwEE6appendESt16initializer_listIwE	std::basic_string<wchar_t, std::char_traits<wchar_t>, std::allocator<wchar_t> >::append(std::initializer_list<wchar_t>)	W	62	63	DIFF	0.9500	libstdcxx/system	1
_ZNSbIwSt11char_traitsIwESaIwEE6appendEjw	std::basic_string<wchar_t, std::char_traits<wchar_t>, std::allocator<wchar_t> >::append(unsigned int, wchar_t)	W	179	187	DIFF	0.9661	libstdcxx/system	1
_ZNSbIwSt11char_traitsIwESaIwEE6assignEPKw	std::basic_string<wchar_t, std::char_traits<wchar_t>, std::allocator<wchar_t> >::assign(wchar_t const*)	W	43	45	DIFF	0.8750	libstdcxx/system	1
_ZNSbIwSt11char_traitsIwESaIwEE6assignEPKwj	std::basic_string<wchar_t, std::char_traits<wchar_t>, std::allocator<wchar_t> >::assign(wchar_t const*, unsigned int)	W	242	242	DIFF	0.9740	libstdcxx/system	1
_ZNSbIwSt11char_traitsIwESaIwEE6assignERKS2_	std::basic_string<wchar_t, std::char_traits<wchar_t>, std::allocator<wchar_t> >::assign(std::basic_string<wchar_t, std::char_traits<wchar_t>, std::allocator<wchar_t> > const&)	W	193	193	DIFF	0.9091	libstdcxx/system	1
_ZNSbIwSt11char_traitsIwESaIwEE6assignERKS2_jj	std::basic_string<wchar_t, std::char_traits<wchar_t>, std::allocator<wchar_t> >::assign(std::basic_string<wchar_t, std::char_traits<wchar_t>, std::allocator<wchar_t> > const&, unsigned int, unsigned int)	W	88	79	DIFF	0.8667	libstdcxx/system	1
_ZNSbIwSt11char_traitsIwESaIwEE6assignESt16initializer_listIwE	std::basic_string<wchar_t, std::char_traits<wchar_t>, std::allocator<wchar_t> >::assign(std::initializer_list<wchar_t>)	W	62	63	DIFF	0.9500	libstdcxx/system	1
_ZNSbIwSt11char_traitsIwESaIwEE6assignEjw	std::basic_string<wchar_t, std::char_traits<wchar_t>, std::allocator<wchar_t> >::assign(unsigned int, wchar_t)	W	50	51	DIFF	0.9375	libstdcxx/system	1
_ZNSbIwSt11char_traitsIwESaIwEE6insertEN9__gnu_cxx17__normal_iteratorIPwS2_EESt16initializer_listIwE	std::basic_string<wchar_t, std::char_traits<wchar_t>, std::allocator<wchar_t> >::insert(__gnu_cxx::__normal_iterator<wchar_t*, std::basic_string<wchar_t, std::char_traits<wchar_t>, std::allocator<wchar_t> > >, std::initializer_list<wchar_t>)	W	59	60	DIFF	0.9474	libstdcxx/system	1
_ZNSbIwSt11char_traitsIwESaIwEE6insertEN9__gnu_cxx17__normal_iteratorIPwS2_EEjw	std::basic_string<wchar_t, std::char_traits<wchar_t>, std::allocator<wchar_t> >::insert(__gnu_cxx::__normal_iterator<wchar_t*, std::basic_string<wchar_t, std::char_traits<wchar_t>, std::allocator<wchar_t> > >, unsigned int, wchar_t)	W	53	54	DIFF	0.9412	libstdcxx/system	1
_ZNSbIwSt11char_traitsIwESaIwEE6insertEN9__gnu_cxx17__normal_iteratorIPwS2_EEw	std::basic_string<wchar_t, std::char_traits<wchar_t>, std::allocator<wchar_t> >::insert(__gnu_cxx::__normal_iterator<wchar_t*, std::basic_string<wchar_t, std::char_traits<wchar_t>, std::allocator<wchar_t> > >, wchar_t)	W	95	96	DIFF	0.9655	libstdcxx/system	1
_ZNSbIwSt11char_traitsIwESaIwEE6insertEjPKw	std::basic_string<wchar_t, std::char_traits<wchar_t>, std::allocator<wchar_t> >::insert(unsigned int, wchar_t const*)	W	50	52	DIFF	0.8889	libstdcxx/system	1
_ZNSbIwSt11char_traitsIwESaIwEE6insertEjPKwj	std::basic_string<wchar_t, std::char_traits<wchar_t>, std::allocator<wchar_t> >::insert(unsigned int, wchar_t const*, unsigned int)	W	457	457	DIFF	0.9722	libstdcxx/system	1
_ZNSbIwSt11char_traitsIwESaIwEE6insertEjRKS2_	std::basic_string<wchar_t, std::char_traits<wchar_t>, std::allocator<wchar_t> >::insert(unsigned int, std::basic_string<wchar_t, std::char_traits<wchar_t>, std::allocator<wchar_t> > const&)	W	42	43	DIFF	0.9333	libstdcxx/system	1
_ZNSbIwSt11char_traitsIwESaIwEE6insertEjRKS2_jj	std::basic_string<wchar_t, std::char_traits<wchar_t>, std::allocator<wchar_t> >::insert(unsigned int, std::basic_string<wchar_t, std::char_traits<wchar_t>, std::allocator<wchar_t> > const&, unsigned int, unsigned int)	W	96	91	DIFF	0.8824	libstdcxx/system	1
_ZNSbIwSt11char_traitsIwESaIwEE6insertEjjw	std::basic_string<wchar_t, std::char_traits<wchar_t>, std::allocator<wchar_t> >::insert(unsigned int, unsigned int, wchar_t)	W	67	68	DIFF	0.9500	libstdcxx/system	1
_ZNSbIwSt11char_traitsIwESaIwEE6rbeginEv	std::basic_string<wchar_t, std::char_traits<wchar_t>, std::allocator<wchar_t> >::rbegin()	W	64	65	DIFF	0.9600	libstdcxx/system	1
_ZNSbIwSt11char_traitsIwESaIwEE6resizeEj	std::basic_string<wchar_t, std::char_traits<wchar_t>, std::allocator<wchar_t> >::resize(unsigned int)	W	34	35	DIFF	0.9091	libstdcxx/system	1
_ZNSbIwSt11char_traitsIwESaIwEE6resizeEjw	std::basic_string<wchar_t, std::char_traits<wchar_t>, std::allocator<wchar_t> >::resize(unsigned int, wchar_t)	W	105	122	DIFF	0.8500	libstdcxx/system	1
_ZNSbIwSt11char_traitsIwESaIwEE7_M_copyEPwPKwj	std::basic_string<wchar_t, std::char_traits<wchar_t>, std::allocator<wchar_t> >::_M_copy(wchar_t*, wchar_t const*, unsigned int)	W	46	46	DIFF	0.8947	libstdcxx/system	1
_ZNSbIwSt11char_traitsIwESaIwEE7_M_dataEPw	std::basic_string<wchar_t, std::char_traits<wchar_t>, std::allocator<wchar_t> >::_M_data(wchar_t*)	W	13	13	NEAR	1.0000	libstdcxx/system	1
_ZNSbIwSt11char_traitsIwESaIwEE7_M_leakEv	std::basic_string<wchar_t, std::char_traits<wchar_t>, std::allocator<wchar_t> >::_M_leak()	W	26	34	DIFF	0.8462	libstdcxx/system	1
_ZNSbIwSt11char_traitsIwESaIwEE7_M_moveEPwPKwj	std::basic_string<wchar_t, std::char_traits<wchar_t>, std::allocator<wchar_t> >::_M_move(wchar_t*, wchar_t const*, unsigned int)	W	46	46	DIFF	0.8947	libstdcxx/system	1
_ZNSbIwSt11char_traitsIwESaIwEE7replaceEN9__gnu_cxx17__normal_iteratorIPwS2_EES6_NS4_IPKwS2_EES9_	std::basic_string<wchar_t, std::char_traits<wchar_t>, std::allocator<wchar_t> >::replace(__gnu_cxx::__normal_iterator<wchar_t*, std::basic_string<wchar_t, std::char_traits<wchar_t>, std::allocator<wchar_t> > >, __gnu_cxx::__normal_iterator<wchar_t*, std::basic_string<wchar_t, std::char_traits<wchar_t>, std::allocator<wchar_t> > >, __gnu_cxx::__normal_iterator<wchar_t const*, std::basic_string<wchar_t, std::char_traits<wchar_t>, std::allocator<wchar_t> > >, __gnu_cxx::__normal_iterator<wchar_t const*, std::basic_string<wchar_t, std::char_traits<wchar_t>, std::allocator<wchar_t> > >)	W	69	70	DIFF	0.9600	libstdcxx/system	1
_ZNSbIwSt11char_traitsIwESaIwEE7replaceEN9__gnu_cxx17__normal_iteratorIPwS2_EES6_PKw	std::basic_string<wchar_t, std::char_traits<wchar_t>, std::allocator<wchar_t> >::replace(__gnu_cxx::__normal_iterator<wchar_t*, std::basic_string<wchar_t, std::char_traits<wchar_t>, std::allocator<wchar_t> > >, __gnu_cxx::__normal_iterator<wchar_t*, std::basic_string<wchar_t, std::char_traits<wchar_t>, std::allocator<wchar_t> > >, wchar_t const*)	W	82	83	DIFF	0.9643	libstdcxx/system	1
_ZNSbIwSt11char_traitsIwESaIwEE7replaceEN9__gnu_cxx17__normal_iteratorIPwS2_EES6_PKwS8_	std::basic_string<wchar_t, std::char_traits<wchar_t>, std::allocator<wchar_t> >::replace(__gnu_cxx::__normal_iterator<wchar_t*, std::basic_string<wchar_t, std::char_traits<wchar_t>, std::allocator<wchar_t> > >, __gnu_cxx::__normal_iterator<wchar_t*, std::basic_string<wchar_t, std::char_traits<wchar_t>, std::allocator<wchar_t> > >, wchar_t const*, wchar_t const*)	W	69	70	DIFF	0.9600	libstdcxx/system	1
_ZNSbIwSt11char_traitsIwESaIwEE7replaceEN9__gnu_cxx17__normal_iteratorIPwS2_EES6_PKwj	std::basic_string<wchar_t, std::char_traits<wchar_t>, std::allocator<wchar_t> >::replace(__gnu_cxx::__normal_iterator<wchar_t*, std::basic_string<wchar_t, std::char_traits<wchar_t>, std::allocator<wchar_t> > >, __gnu_cxx::__normal_iterator<wchar_t*, std::basic_string<wchar_t, std::char_traits<wchar_t>, std::allocator<wchar_t> > >, wchar_t const*, unsigned int)	W	44	46	DIFF	0.8889	libstdcxx/system	1
_ZNSbIwSt11char_traitsIwESaIwEE7replaceEN9__gnu_cxx17__normal_iteratorIPwS2_EES6_RKS2_	std::basic_string<wchar_t, std::char_traits<wchar_t>, std::allocator<wchar_t> >::replace(__gnu_cxx::__normal_iterator<wchar_t*, std::basic_string<wchar_t, std::char_traits<wchar_t>, std::allocator<wchar_t> > >, __gnu_cxx::__normal_iterator<wchar_t*, std::basic_string<wchar_t, std::char_traits<wchar_t>, std::allocator<wchar_t> > >, std::basic_string<wchar_t, std::char_traits<wchar_t>, std::allocator<wchar_t> > const&)	W	75	76	DIFF	0.9630	libstdcxx/system	1
_ZNSbIwSt11char_traitsIwESaIwEE7replaceEN9__gnu_cxx17__normal_iteratorIPwS2_EES6_S5_S5_	std::basic_string<wchar_t, std::char_traits<wchar_t>, std::allocator<wchar_t> >::replace(__gnu_cxx::__normal_iterator<wchar_t*, std::basic_string<wchar_t, std::char_traits<wchar_t>, std::allocator<wchar_t> > >, __gnu_cxx::__normal_iterator<wchar_t*, std::basic_string<wchar_t, std::char_traits<wchar_t>, std::allocator<wchar_t> > >, wchar_t*, wchar_t*)	W	69	70	DIFF	0.9600	libstdcxx/system	1
_ZNSbIwSt11char_traitsIwESaIwEE7replaceEN9__gnu_cxx17__normal_iteratorIPwS2_EES6_S6_S6_	std::basic_string<wchar_t, std::char_traits<wchar_t>, std::allocator<wchar_t> >::replace(__gnu_cxx::__normal_iterator<wchar_t*, std::basic_string<wchar_t, std::char_traits<wchar_t>, std::allocator<wchar_t> > >, __gnu_cxx::__normal_iterator<wchar_t*, std::basic_string<wchar_t, std::char_traits<wchar_t>, std::allocator<wchar_t> > >, __gnu_cxx::__normal_iterator<wchar_t*, std::basic_string<wchar_t, std::char_traits<wchar_t>, std::allocator<wchar_t> > >, __gnu_cxx::__normal_iterator<wchar_t*, std::basic_string<wchar_t, std::char_traits<wchar_t>, std::allocator<wchar_t> > >)	W	69	70	DIFF	0.9600	libstdcxx/system	1
_ZNSbIwSt11char_traitsIwESaIwEE7replaceEN9__gnu_cxx17__normal_iteratorIPwS2_EES6_St16initializer_listIwE	std::basic_string<wchar_t, std::char_traits<wchar_t>, std::allocator<wchar_t> >::replace(__gnu_cxx::__normal_iterator<wchar_t*, std::basic_string<wchar_t, std::char_traits<wchar_t>, std::allocator<wchar_t> > >, __gnu_cxx::__normal_iterator<wchar_t*, std::basic_string<wchar_t, std::char_traits<wchar_t>, std::allocator<wchar_t> > >, std::initializer_list<wchar_t>)	W	56	58	DIFF	0.9091	libstdcxx/system	1
_ZNSbIwSt11char_traitsIwESaIwEE7replaceEN9__gnu_cxx17__normal_iteratorIPwS2_EES6_jw	std::basic_string<wchar_t, std::char_traits<wchar_t>, std::allocator<wchar_t> >::replace(__gnu_cxx::__normal_iterator<wchar_t*, std::basic_string<wchar_t, std::char_traits<wchar_t>, std::allocator<wchar_t> > >, __gnu_cxx::__normal_iterator<wchar_t*, std::basic_string<wchar_t, std::char_traits<wchar_t>, std::allocator<wchar_t> > >, unsigned int, wchar_t)	W	44	46	DIFF	0.8889	libstdcxx/system	1
_ZNSbIwSt11char_traitsIwESaIwEE7replaceEjjPKw	std::basic_string<wchar_t, std::char_traits<wchar_t>, std::allocator<wchar_t> >::replace(unsigned int, unsigned int, wchar_t const*)	W	57	59	DIFF	0.9000	libstdcxx/system	1
_ZNSbIwSt11char_traitsIwESaIwEE7replaceEjjPKwj	std::basic_string<wchar_t, std::char_traits<wchar_t>, std::allocator<wchar_t> >::replace(unsigned int, unsigned int, wchar_t const*, unsigned int)	W	502	502	DIFF	0.9581	libstdcxx/system	1
_ZNSbIwSt11char_traitsIwESaIwEE7replaceEjjRKS2_	std::basic_string<wchar_t, std::char_traits<wchar_t>, std::allocator<wchar_t> >::replace(unsigned int, unsigned int, std::basic_string<wchar_t, std::char_traits<wchar_t>, std::allocator<wchar_t> > const&)	W	49	50	DIFF	0.9412	libstdcxx/system	1
_ZNSbIwSt11char_traitsIwESaIwEE7replaceEjjRKS2_jj	std::basic_string<wchar_t, std::char_traits<wchar_t>, std::allocator<wchar_t> >::replace(unsigned int, unsigned int, std::basic_string<wchar_t, std::char_traits<wchar_t>, std::allocator<wchar_t> > const&, unsigned int, unsigned int)	W	112	103	DIFF	0.8947	libstdcxx/system	1
_ZNSbIwSt11char_traitsIwESaIwEE7replaceEjjjw	std::basic_string<wchar_t, std::char_traits<wchar_t>, std::allocator<wchar_t> >::replace(unsigned int, unsigned int, unsigned int, wchar_t)	W	96	91	DIFF	0.8824	libstdcxx/system	1
_ZNSbIwSt11char_traitsIwESaIwEE7reserveEj	std::basic_string<wchar_t, std::char_traits<wchar_t>, std::allocator<wchar_t> >::reserve(unsigned int)	W	174	165	DIFF	0.8689	libstdcxx/system	1
_ZNSbIwSt11char_traitsIwESaIwEE9_M_assignEPwjw	std::basic_string<wchar_t, std::char_traits<wchar_t>, std::allocator<wchar_t> >::_M_assign(wchar_t*, unsigned int, wchar_t)	W	44	44	DIFF	0.8889	libstdcxx/system	1
_ZNSbIwSt11char_traitsIwESaIwEE9_M_mutateEjjj	std::basic_string<wchar_t, std::char_traits<wchar_t>, std::allocator<wchar_t> >::_M_mutate(unsigned int, unsigned int, unsigned int)	W	447	447	DIFF	0.9855	libstdcxx/system	1
_ZNSbIwSt11char_traitsIwESaIwEE9push_backEw	std::basic_string<wchar_t, std::char_traits<wchar_t>, std::allocator<wchar_t> >::push_back(wchar_t)	W	107	107	DIFF	0.9444	libstdcxx/system	1
_ZNSbIwSt11char_traitsIwESaIwEEC1EPKwRKS1_	std::basic_string<wchar_t, std::char_traits<wchar_t>, std::allocator<wchar_t> >::basic_string(wchar_t const*, std::allocator<wchar_t> const&)	W	65	67	DIFF	0.9130	libstdcxx/system	1
_ZNSbIwSt11char_traitsIwESaIwEEC1EPKwjRKS1_	std::basic_string<wchar_t, std::char_traits<wchar_t>, std::allocator<wchar_t> >::basic_string(wchar_t const*, unsigned int, std::allocator<wchar_t> const&)	W	46	47	DIFF	0.9375	libstdcxx/system	1
_ZNSbIwSt11char_traitsIwESaIwEEC1ERKS1_	std::basic_string<wchar_t, std::char_traits<wchar_t>, std::allocator<wchar_t> >::basic_string(std::allocator<wchar_t> const&)	W	40	41	DIFF	0.9167	libstdcxx/system	1
_ZNSbIwSt11char_traitsIwESaIwEEC1ERKS2_	std::basic_string<wchar_t, std::char_traits<wchar_t>, std::allocator<wchar_t> >::basic_string(std::basic_string<wchar_t, std::char_traits<wchar_t>, std::allocator<wchar_t> > const&)	W	102	102	DIFF	0.8611	libstdcxx/system	1
_ZNSbIwSt11char_traitsIwESaIwEEC1ERKS2_jj	std::basic_string<wchar_t, std::char_traits<wchar_t>, std::allocator<wchar_t> >::basic_string(std::basic_string<wchar_t, std::char_traits<wchar_t>, std::allocator<wchar_t> > const&, unsigned int, unsigned int)	W	104	99	DIFF	0.8684	libstdcxx/system	1
_ZNSbIwSt11char_traitsIwESaIwEEC1ERKS2_jjRKS1_	std::basic_string<wchar_t, std::char_traits<wchar_t>, std::allocator<wchar_t> >::basic_string(std::basic_string<wchar_t, std::char_traits<wchar_t>, std::allocator<wchar_t> > const&, unsigned int, unsigned int, std::allocator<wchar_t> const&)	W	96	91	DIFF	0.8611	libstdcxx/system	1
_ZNSbIwSt11char_traitsIwESaIwEEC1ESt16initializer_listIwERKS1_	std::basic_string<wchar_t, std::char_traits<wchar_t>, std::allocator<wchar_t> >::basic_string(std::initializer_list<wchar_t>, std::allocator<wchar_t> const&)	W	46	47	DIFF	0.9375	libstdcxx/system	1
_ZNSbIwSt11char_traitsIwESaIwEEC1EjwRKS1_	std::basic_string<wchar_t, std::char_traits<wchar_t>, std::allocator<wchar_t> >::basic_string(unsigned int, wchar_t, std::allocator<wchar_t> const&)	W	38	39	DIFF	0.9286	libstdcxx/system	1
_ZNSbIwSt11char_traitsIwESaIwEEC1Ev	std::basic_string<wchar_t, std::char_traits<wchar_t>, std::allocator<wchar_t> >::basic_string()	W	14	14	NEAR	1.0000	libstdcxx/system	1
_ZNSbIwSt11char_traitsIwESaIwEEC1IN9__gnu_cxx17__normal_iteratorIPwS2_EEEET_S8_RKS1_	std::basic_string<wchar_t, std::char_traits<wchar_t>, std::allocator<wchar_t> >::basic_string<__gnu_cxx::__normal_iterator<wchar_t*, std::basic_string<wchar_t, std::char_traits<wchar_t>, std::allocator<wchar_t> > > >(__gnu_cxx::__normal_iterator<wchar_t*, std::basic_string<wchar_t, std::char_traits<wchar_t>, std::allocator<wchar_t> > >, __gnu_cxx::__normal_iterator<wchar_t*, std::basic_string<wchar_t, std::char_traits<wchar_t>, std::allocator<wchar_t> > >, std::allocator<wchar_t> const&)	W	43	44	DIFF	0.9333	libstdcxx/system	1
_ZNSbIwSt11char_traitsIwESaIwEEC1IPKwEET_S6_RKS1_	std::basic_string<wchar_t, std::char_traits<wchar_t>, std::allocator<wchar_t> >::basic_string<wchar_t const*>(wchar_t const*, wchar_t const*, std::allocator<wchar_t> const&)	W	43	44	DIFF	0.9333	libstdcxx/system	1
_ZNSbIwSt11char_traitsIwESaIwEEC1IPwEET_S5_RKS1_	std::basic_string<wchar_t, std::char_traits<wchar_t>, std::allocator<wchar_t> >::basic_string<wchar_t*>(wchar_t*, wchar_t*, std::allocator<wchar_t> const&)	W	43	44	DIFF	0.9333	libstdcxx/system	1
_ZNSbIwSt11char_traitsIwESaIwEEC2EPKwRKS1_	std::basic_string<wchar_t, std::char_traits<wchar_t>, std::allocator<wchar_t> >::basic_string(wchar_t const*, std::allocator<wchar_t> const&)	W	65	67	DIFF	0.9130	libstdcxx/system	1
_ZNSbIwSt11char_traitsIwESaIwEEC2EPKwjRKS1_	std::basic_string<wchar_t, std::char_traits<wchar_t>, std::allocator<wchar_t> >::basic_string(wchar_t const*, unsigned int, std::allocator<wchar_t> const&)	W	46	47	DIFF	0.9375	libstdcxx/system	1
_ZNSbIwSt11char_traitsIwESaIwEEC2ERKS1_	std::basic_string<wchar_t, std::char_traits<wchar_t>, std::allocator<wchar_t> >::basic_string(std::allocator<wchar_t> const&)	W	40	41	DIFF	0.9167	libstdcxx/system	1
_ZNSbIwSt11char_traitsIwESaIwEEC2ERKS2_	std::basic_string<wchar_t, std::char_traits<wchar_t>, std::allocator<wchar_t> >::basic_string(std::basic_string<wchar_t, std::char_traits<wchar_t>, std::allocator<wchar_t> > const&)	W	102	102	DIFF	0.8611	libstdcxx/system	1
_ZNSbIwSt11char_traitsIwESaIwEEC2ERKS2_jj	std::basic_string<wchar_t, std::char_traits<wchar_t>, std::allocator<wchar_t> >::basic_string(std::basic_string<wchar_t, std::char_traits<wchar_t>, std::allocator<wchar_t> > const&, unsigned int, unsigned int)	W	104	99	DIFF	0.8684	libstdcxx/system	1
_ZNSbIwSt11char_traitsIwESaIwEEC2ERKS2_jjRKS1_	std::basic_string<wchar_t, std::char_traits<wchar_t>, std::allocator<wchar_t> >::basic_string(std::basic_string<wchar_t, std::char_traits<wchar_t>, std::allocator<wchar_t> > const&, unsigned int, unsigned int, std::allocator<wchar_t> const&)	W	96	91	DIFF	0.8611	libstdcxx/system	1
_ZNSbIwSt11char_traitsIwESaIwEEC2ESt16initializer_listIwERKS1_	std::basic_string<wchar_t, std::char_traits<wchar_t>, std::allocator<wchar_t> >::basic_string(std::initializer_list<wchar_t>, std::allocator<wchar_t> const&)	W	46	47	DIFF	0.9375	libstdcxx/system	1
_ZNSbIwSt11char_traitsIwESaIwEEC2EjwRKS1_	std::basic_string<wchar_t, std::char_traits<wchar_t>, std::allocator<wchar_t> >::basic_string(unsigned int, wchar_t, std::allocator<wchar_t> const&)	W	38	39	DIFF	0.9286	libstdcxx/system	1
_ZNSbIwSt11char_traitsIwESaIwEEC2Ev	std::basic_string<wchar_t, std::char_traits<wchar_t>, std::allocator<wchar_t> >::basic_string()	W	14	14	NEAR	1.0000	libstdcxx/system	1
_ZNSbIwSt11char_traitsIwESaIwEEC2IN9__gnu_cxx17__normal_iteratorIPwS2_EEEET_S8_RKS1_	std::basic_string<wchar_t, std::char_traits<wchar_t>, std::allocator<wchar_t> >::basic_string<__gnu_cxx::__normal_iterator<wchar_t*, std::basic_string<wchar_t, std::char_traits<wchar_t>, std::allocator<wchar_t> > > >(__gnu_cxx::__normal_iterator<wchar_t*, std::basic_string<wchar_t, std::char_traits<wchar_t>, std::allocator<wchar_t> > >, __gnu_cxx::__normal_iterator<wchar_t*, std::basic_string<wchar_t, std::char_traits<wchar_t>, std::allocator<wchar_t> > >, std::allocator<wchar_t> const&)	W	43	44	DIFF	0.9333	libstdcxx/system	1
_ZNSbIwSt11char_traitsIwESaIwEEC2IPKwEET_S6_RKS1_	std::basic_string<wchar_t, std::char_traits<wchar_t>, std::allocator<wchar_t> >::basic_string<wchar_t const*>(wchar_t const*, wchar_t const*, std::allocator<wchar_t> const&)	W	43	44	DIFF	0.9333	libstdcxx/system	1
_ZNSbIwSt11char_traitsIwESaIwEEC2IPwEET_S5_RKS1_	std::basic_string<wchar_t, std::char_traits<wchar_t>, std::allocator<wchar_t> >::basic_string<wchar_t*>(wchar_t*, wchar_t*, std::allocator<wchar_t> const&)	W	43	44	DIFF	0.9333	libstdcxx/system	1
_ZNSbIwSt11char_traitsIwESaIwEED1Ev	std::basic_string<wchar_t, std::char_traits<wchar_t>, std::allocator<wchar_t> >::~basic_string()	W	72	73	DIFF	0.9630	libstdcxx/system	1
_ZNSbIwSt11char_traitsIwESaIwEED2Ev	std::basic_string<wchar_t, std::char_traits<wchar_t>, std::allocator<wchar_t> >::~basic_string()	W	72	73	DIFF	0.9630	libstdcxx/system	1
_ZNSbIwSt11char_traitsIwESaIwEEaSEPKw	std::basic_string<wchar_t, std::char_traits<wchar_t>, std::allocator<wchar_t> >::operator=(wchar_t const*)	W	43	45	DIFF	0.8750	libstdcxx/system	1
_ZNSbIwSt11char_traitsIwESaIwEEaSERKS2_	std::basic_string<wchar_t, std::char_traits<wchar_t>, std::allocator<wchar_t> >::operator=(std::basic_string<wchar_t, std::char_traits<wchar_t>, std::allocator<wchar_t> > const&)	W	12	13	DIFF	0.8000	libstdcxx/system	1
_ZNSbIwSt11char_traitsIwESaIwEEaSESt16initializer_listIwE	std::basic_string<wchar_t, std::char_traits<wchar_t>, std::allocator<wchar_t> >::operator=(std::initializer_list<wchar_t>)	W	69	71	DIFF	0.9167	libstdcxx/system	1
_ZNSbIwSt11char_traitsIwESaIwEEaSEw	std::basic_string<wchar_t, std::char_traits<wchar_t>, std::allocator<wchar_t> >::operator=(wchar_t)	W	58	60	DIFF	0.8947	libstdcxx/system	1
_ZNSbIwSt11char_traitsIwESaIwEEixEj	std::basic_string<wchar_t, std::char_traits<wchar_t>, std::allocator<wchar_t> >::operator[](unsigned int)	W	41	43	DIFF	0.8889	libstdcxx/system	1
_ZNSbIwSt11char_traitsIwESaIwEEpLEPKw	std::basic_string<wchar_t, std::char_traits<wchar_t>, std::allocator<wchar_t> >::operator+=(wchar_t const*)	W	43	45	DIFF	0.8750	libstdcxx/system	1
_ZNSbIwSt11char_traitsIwESaIwEEpLERKS2_	std::basic_string<wchar_t, std::char_traits<wchar_t>, std::allocator<wchar_t> >::operator+=(std::basic_string<wchar_t, std::char_traits<wchar_t>, std::allocator<wchar_t> > const&)	W	12	13	DIFF	0.8000	libstdcxx/system	1
_ZNSbIwSt11char_traitsIwESaIwEEpLESt16initializer_listIwE	std::basic_string<wchar_t, std::char_traits<wchar_t>, std::allocator<wchar_t> >::operator+=(std::initializer_list<wchar_t>)	W	62	63	DIFF	0.9500	libstdcxx/system	1
_ZNSbIwSt11char_traitsIwESaIwEEpLEw	std::basic_string<wchar_t, std::char_traits<wchar_t>, std::allocator<wchar_t> >::operator+=(wchar_t)	W	109	110	DIFF	0.9730	libstdcxx/system	1
_ZNSdC1EPSt15basic_streambufIcSt11char_traitsIcEE	std::basic_iostream<char, std::char_traits<char> >::basic_iostream(std::basic_streambuf<char, std::char_traits<char> >*)	W	259	259	DIFF	0.9844	libstdcxx/system	1
_ZNSdC1Ev	std::basic_iostream<char, std::char_traits<char> >::basic_iostream()	W	261	261	DIFF	0.9839	libstdcxx/system	1
_ZNSdC2EPSt15basic_streambufIcSt11char_traitsIcEE	std::basic_iostream<char, std::char_traits<char> >::basic_iostream(std::basic_streambuf<char, std::char_traits<char> >*)	W	165	165	DIFF	0.9815	libstdcxx/system	1
_ZNSdC2Ev	std::basic_iostream<char, std::char_traits<char> >::basic_iostream()	W	157	158	DIFF	0.9804	libstdcxx/system	1
_ZNSdD0Ev	std::basic_iostream<char, std::char_traits<char> >::~basic_iostream()	W	88	90	DIFF	0.9200	libstdcxx/system	1
_ZNSdD1Ev	std::basic_iostream<char, std::char_traits<char> >::~basic_iostream()	W	82	84	DIFF	0.9130	libstdcxx/system	1
_ZNSdD2Ev	std::basic_iostream<char, std::char_traits<char> >::~basic_iostream()	W	61	61	DIFF	1.0000	libstdcxx/system	1
_ZNSi10_M_extractIPvEERSiRT_	std::basic_istream<char, std::char_traits<char> >& std::basic_istream<char, std::char_traits<char> >::_M_extract<void*>(void*&)	W	314	313	DIFF	0.9778	libstdcxx/system	1
_ZNSi10_M_extractIbEERSiRT_	std::basic_istream<char, std::char_traits<char> >& std::basic_istream<char, std::char_traits<char> >::_M_extract<bool>(bool&)	W	314	313	DIFF	0.9778	libstdcxx/system	1
_ZNSi10_M_extractIdEERSiRT_	std::basic_istream<char, std::char_traits<char> >& std::basic_istream<char, std::char_traits<char> >::_M_extract<double>(double&)	W	314	313	DIFF	0.9778	libstdcxx/system	1
_ZNSi10_M_extractIeEERSiRT_	std::basic_istream<char, std::char_traits<char> >& std::basic_istream<char, std::char_traits<char> >::_M_extract<long double>(long double&)	W	314	313	DIFF	0.9778	libstdcxx/system	1
_ZNSi10_M_extractIfEERSiRT_	std::basic_istream<char, std::char_traits<char> >& std::basic_istream<char, std::char_traits<char> >::_M_extract<float>(float&)	W	314	313	DIFF	0.9778	libstdcxx/system	1
_ZNSi10_M_extractIjEERSiRT_	std::basic_istream<char, std::char_traits<char> >& std::basic_istream<char, std::char_traits<char> >::_M_extract<unsigned int>(unsigned int&)	W	314	313	DIFF	0.9778	libstdcxx/system	1
_ZNSi10_M_extractIlEERSiRT_	std::basic_istream<char, std::char_traits<char> >& std::basic_istream<char, std::char_traits<char> >::_M_extract<long>(long&)	W	314	313	DIFF	0.9778	libstdcxx/system	1
_ZNSi10_M_extractImEERSiRT_	std::basic_istream<char, std::char_traits<char> >& std::basic_istream<char, std::char_traits<char> >::_M_extract<unsigned long>(unsigned long&)	W	314	313	DIFF	0.9778	libstdcxx/system	1
_ZNSi10_M_extractItEERSiRT_	std::basic_istream<char, std::char_traits<char> >& std::basic_istream<char, std::char_traits<char> >::_M_extract<unsigned short>(unsigned short&)	W	314	313	DIFF	0.9778	libstdcxx/system	1
_ZNSi10_M_extractIxEERSiRT_	std::basic_istream<char, std::char_traits<char> >& std::basic_istream<char, std::char_traits<char> >::_M_extract<long long>(long long&)	W	314	313	DIFF	0.9778	libstdcxx/system	1
_ZNSi10_M_extractIyEERSiRT_	std::basic_istream<char, std::char_traits<char> >& std::basic_istream<char, std::char_traits<char> >::_M_extract<unsigned long long>(unsigned long long&)	W	314	313	DIFF	0.9778	libstdcxx/system	1
_ZNSi3getEPci	std::basic_istream<char, std::char_traits<char> >::get(char*, int)	W	103	103	DIFF	0.9167	libstdcxx/system	1
_ZNSi3getEPcic	std::basic_istream<char, std::char_traits<char> >::get(char*, int, char)	W	380	379	DIFF	0.9618	libstdcxx/system	1
_ZNSi3getERSt15basic_streambufIcSt11char_traitsIcEE	std::basic_istream<char, std::char_traits<char> >::get(std::basic_streambuf<char, std::char_traits<char> >&)	W	95	103	DIFF	0.9118	libstdcxx/system	1
_ZNSi3getERSt15basic_streambufIcSt11char_traitsIcEEc	std::basic_istream<char, std::char_traits<char> >::get(std::basic_streambuf<char, std::char_traits<char> >&, char)	W	440	440	DIFF	0.9595	libstdcxx/system	1
_ZNSi3getERc	std::basic_istream<char, std::char_traits<char> >::get(char&)	W	278	277	DIFF	0.9545	libstdcxx/system	1
_ZNSi3getEv	std::basic_istream<char, std::char_traits<char> >::get()	W	272	271	DIFF	0.9643	libstdcxx/system	1
_ZNSi4peekEv	std::basic_istream<char, std::char_traits<char> >::peek()	W	240	242	DIFF	0.9333	libstdcxx/system	1
_ZNSi4readEPci	std::basic_istream<char, std::char_traits<char> >::read(char*, int)	W	242	242	DIFF	0.9730	libstdcxx/system	1
_ZNSi4syncEv	std::basic_istream<char, std::char_traits<char> >::sync()	W	221	222	DIFF	0.9565	libstdcxx/system	1
_ZNSi5seekgESt4fposI11__mbstate_tE	std::basic_istream<char, std::char_traits<char> >::seekg(std::fpos<__mbstate_t>)	W	296	304	DIFF	0.9333	libstdcxx/system	1
_ZNSi5seekgExSt12_Ios_Seekdir	std::basic_istream<char, std::char_traits<char> >::seekg(long long, std::_Ios_Seekdir)	W	272	272	DIFF	0.9634	libstdcxx/system	1
_ZNSi5tellgEv	std::basic_istream<char, std::char_traits<char> >::tellg()	W	278	279	DIFF	0.9733	libstdcxx/system	1
_ZNSi5ungetEv	std::basic_istream<char, std::char_traits<char> >::unget()	W	229	234	DIFF	0.9437	libstdcxx/system	1
_ZNSi6ignoreEi	std::basic_istream<char, std::char_traits<char> >::ignore(int)	T	495	452	DIFF	0.8704	libstdcxx/system	1
_ZNSi6ignoreEii	std::basic_istream<char, std::char_traits<char> >::ignore(int, int)	T	614	619	DIFF	0.9524	libstdcxx/system	1
_ZNSi6ignoreEv	std::basic_istream<char, std::char_traits<char> >::ignore()	W	238	237	DIFF	0.9189	libstdcxx/system	1
_ZNSi6sentryC1ERSib	std::basic_istream<char, std::char_traits<char> >::sentry::sentry(std::basic_istream<char, std::char_traits<char> >&, bool)	W	332	332	DIFF	0.9587	libstdcxx/system	1
_ZNSi6sentryC2ERSib	std::basic_istream<char, std::char_traits<char> >::sentry::sentry(std::basic_istream<char, std::char_traits<char> >&, bool)	W	332	332	DIFF	0.9587	libstdcxx/system	1
_ZNSi7getlineEPci	std::basic_istream<char, std::char_traits<char> >::getline(char*, int)	W	103	103	DIFF	0.9167	libstdcxx/system	1
_ZNSi7getlineEPcic	std::basic_istream<char, std::char_traits<char> >::getline(char*, int, char)	T	576	551	DIFF	0.9194	libstdcxx/system	1
_ZNSi7putbackEc	std::basic_istream<char, std::char_traits<char> >::putback(char)	W	264	263	DIFF	0.9877	libstdcxx/system	1
_ZNSi8readsomeEPci	std::basic_istream<char, std::char_traits<char> >::readsome(char*, int)	W	296	288	DIFF	0.9255	libstdcxx/system	1
_ZNSiC1EPSt15basic_streambufIcSt11char_traitsIcEE	std::basic_istream<char, std::char_traits<char> >::basic_istream(std::basic_streambuf<char, std::char_traits<char> >*)	W	138	139	DIFF	0.9697	libstdcxx/system	1
_ZNSiC1Ev	std::basic_istream<char, std::char_traits<char> >::basic_istream()	W	139	140	DIFF	0.9688	libstdcxx/system	1
_ZNSiC2EPSt15basic_streambufIcSt11char_traitsIcEE	std::basic_istream<char, std::char_traits<char> >::basic_istream(std::basic_streambuf<char, std::char_traits<char> >*)	W	62	63	DIFF	0.9524	libstdcxx/system	1
_ZNSiC2Ev	std::basic_istream<char, std::char_traits<char> >::basic_istream()	W	63	64	DIFF	0.9500	libstdcxx/system	1
_ZNSiD0Ev	std::basic_istream<char, std::char_traits<char> >::~basic_istream()	W	54	56	DIFF	0.8750	libstdcxx/system	1
_ZNSiD1Ev	std::basic_istream<char, std::char_traits<char> >::~basic_istream()	W	41	42	DIFF	0.9091	libstdcxx/system	1
_ZNSiD2Ev	std::basic_istream<char, std::char_traits<char> >::~basic_istream()	W	31	31	IDENTICAL	1.0000	libstdcxx/system	1
_ZNSirsEPFRSiS_E	std::basic_istream<char, std::char_traits<char> >::operator>>(std::basic_istream<char, std::char_traits<char> >& (*)(std::basic_istream<char, std::char_traits<char> >&))	W	12	13	DIFF	0.8333	libstdcxx/system	1
_ZNSirsEPFRSt8ios_baseS0_E	std::basic_istream<char, std::char_traits<char> >::operator>>(std::ios_base& (*)(std::ios_base&))	W	32	33	DIFF	0.9333	libstdcxx/system	1
_ZNSirsEPFRSt9basic_iosIcSt11char_traitsIcEES3_E	std::basic_istream<char, std::char_traits<char> >::operator>>(std::basic_ios<char, std::char_traits<char> >& (*)(std::basic_ios<char, std::char_traits<char> >&))	W	32	33	DIFF	0.9333	libstdcxx/system	1
_ZNSirsEPSt15basic_streambufIcSt11char_traitsIcEE	std::basic_istream<char, std::char_traits<char> >::operator>>(std::basic_streambuf<char, std::char_traits<char> >*)	W	267	266	DIFF	0.9540	libstdcxx/system	1
_ZNSirsERPv	std::basic_istream<char, std::char_traits<char> >::operator>>(void*&)	W	12	13	DIFF	0.8000	libstdcxx/system	1
_ZNSirsERb	std::basic_istream<char, std::char_traits<char> >::operator>>(bool&)	W	12	13	DIFF	0.8000	libstdcxx/system	1
_ZNSirsERd	std::basic_istream<char, std::char_traits<char> >::operator>>(double&)	W	12	13	DIFF	0.8000	libstdcxx/system	1
_ZNSirsERe	std::basic_istream<char, std::char_traits<char> >::operator>>(long double&)	W	12	13	DIFF	0.8000	libstdcxx/system	1
_ZNSirsERf	std::basic_istream<char, std::char_traits<char> >::operator>>(float&)	W	12	13	DIFF	0.8000	libstdcxx/system	1
_ZNSirsERi	std::basic_istream<char, std::char_traits<char> >::operator>>(int&)	W	53	55	DIFF	0.9048	libstdcxx/system	1
_ZNSirsERj	std::basic_istream<char, std::char_traits<char> >::operator>>(unsigned int&)	W	12	13	DIFF	0.8000	libstdcxx/system	1
_ZNSirsERl	std::basic_istream<char, std::char_traits<char> >::operator>>(long&)	W	12	13	DIFF	0.8000	libstdcxx/system	1
_ZNSirsERm	std::basic_istream<char, std::char_traits<char> >::operator>>(unsigned long&)	W	12	13	DIFF	0.8000	libstdcxx/system	1
_ZNSirsERs	std::basic_istream<char, std::char_traits<char> >::operator>>(short&)	W	115	115	DIFF	0.9744	libstdcxx/system	1
_ZNSirsERt	std::basic_istream<char, std::char_traits<char> >::operator>>(unsigned short&)	W	12	13	DIFF	0.8000	libstdcxx/system	1
_ZNSirsERx	std::basic_istream<char, std::char_traits<char> >::operator>>(long long&)	W	12	13	DIFF	0.8000	libstdcxx/system	1
_ZNSirsERy	std::basic_istream<char, std::char_traits<char> >::operator>>(unsigned long long&)	W	12	13	DIFF	0.8000	libstdcxx/system	1
_ZNSo3putEc	std::basic_ostream<char, std::char_traits<char> >::put(char)	W	348	348	DIFF	0.9821	libstdcxx/system	1
_ZNSo5flushEv	std::basic_ostream<char, std::char_traits<char> >::flush()	W	180	181	DIFF	0.9500	libstdcxx/system	1
_ZNSo5seekpESt4fposI11__mbstate_tE	std::basic_ostream<char, std::char_traits<char> >::seekp(std::fpos<__mbstate_t>)	W	296	304	DIFF	0.9333	libstdcxx/system	1
_ZNSo5seekpExSt12_Ios_Seekdir	std::basic_ostream<char, std::char_traits<char> >::seekp(long long, std::_Ios_Seekdir)	W	272	272	DIFF	0.9634	libstdcxx/system	1
_ZNSo5tellpEv	std::basic_ostream<char, std::char_traits<char> >::tellp()	W	278	279	DIFF	0.9733	libstdcxx/system	1
_ZNSo5writeEPKci	std::basic_ostream<char, std::char_traits<char> >::write(char const*, int)	W	325	324	DIFF	0.9810	libstdcxx/system	1
_ZNSo6sentryC1ERSo	std::basic_ostream<char, std::char_traits<char> >::sentry::sentry(std::basic_ostream<char, std::char_traits<char> >&)	W	111	111	DIFF	0.9756	libstdcxx/system	1
_ZNSo6sentryC2ERSo	std::basic_ostream<char, std::char_traits<char> >::sentry::sentry(std::basic_ostream<char, std::char_traits<char> >&)	W	111	111	DIFF	0.9756	libstdcxx/system	1
_ZNSo6sentryD1Ev	std::basic_ostream<char, std::char_traits<char> >::sentry::~sentry()	W	102	111	DIFF	0.9024	libstdcxx/system	1
_ZNSo6sentryD2Ev	std::basic_ostream<char, std::char_traits<char> >::sentry::~sentry()	W	102	111	DIFF	0.9024	libstdcxx/system	1
_ZNSo8_M_writeEPKci	std::basic_ostream<char, std::char_traits<char> >::_M_write(char const*, int)	W	98	98	DIFF	0.9714	libstdcxx/system	1
_ZNSo9_M_insertIPKvEERSoT_	std::basic_ostream<char, std::char_traits<char> >& std::basic_ostream<char, std::char_traits<char> >::_M_insert<void const*>(void const*)	W	506	506	DIFF	0.9810	libstdcxx/system	1
_ZNSo9_M_insertIbEERSoT_	std::basic_ostream<char, std::char_traits<char> >& std::basic_ostream<char, std::char_traits<char> >::_M_insert<bool>(bool)	W	506	506	DIFF	0.9747	libstdcxx/system	1
_ZNSo9_M_insertIdEERSoT_	std::basic_ostream<char, std::char_traits<char> >& std::basic_ostream<char, std::char_traits<char> >::_M_insert<double>(double)	W	506	506	DIFF	0.9745	libstdcxx/system	1
_ZNSo9_M_insertIeEERSoT_	std::basic_ostream<char, std::char_traits<char> >& std::basic_ostream<char, std::char_traits<char> >::_M_insert<long double>(long double)	W	506	506	DIFF	0.9810	libstdcxx/system	1
_ZNSo9_M_insertIlEERSoT_	std::basic_ostream<char, std::char_traits<char> >& std::basic_ostream<char, std::char_traits<char> >::_M_insert<long>(long)	W	506	506	DIFF	0.9810	libstdcxx/system	1
_ZNSo9_M_insertImEERSoT_	std::basic_ostream<char, std::char_traits<char> >& std::basic_ostream<char, std::char_traits<char> >::_M_insert<unsigned long>(unsigned long)	W	506	506	DIFF	0.9810	libstdcxx/system	1
_ZNSo9_M_insertIxEERSoT_	std::basic_ostream<char, std::char_traits<char> >& std::basic_ostream<char, std::char_traits<char> >::_M_insert<long long>(long long)	W	522	522	DIFF	0.9691	libstdcxx/system	1
_ZNSo9_M_insertIyEERSoT_	std::basic_ostream<char, std::char_traits<char> >& std::basic_ostream<char, std::char_traits<char> >::_M_insert<unsigned long long>(unsigned long long)	W	522	522	DIFF	0.9691	libstdcxx/system	1
_ZNSoC1EPSt15basic_streambufIcSt11char_traitsIcEE	std::basic_ostream<char, std::char_traits<char> >::basic_ostream(std::basic_streambuf<char, std::char_traits<char> >*)	W	131	132	DIFF	0.9688	libstdcxx/system	1
_ZNSoC1Ev	std::basic_ostream<char, std::char_traits<char> >::basic_ostream()	W	132	133	DIFF	0.9677	libstdcxx/system	1
_ZNSoC2EPSt15basic_streambufIcSt11char_traitsIcEE	std::basic_ostream<char, std::char_traits<char> >::basic_ostream(std::basic_streambuf<char, std::char_traits<char> >*)	W	55	56	DIFF	0.9500	libstdcxx/system	1
_ZNSoC2Ev	std::basic_ostream<char, std::char_traits<char> >::basic_ostream()	W	56	57	DIFF	0.9474	libstdcxx/system	1
_ZNSoD0Ev	std::basic_ostream<char, std::char_traits<char> >::~basic_ostream()	W	47	49	DIFF	0.8667	libstdcxx/system	1
_ZNSoD1Ev	std::basic_ostream<char, std::char_traits<char> >::~basic_ostream()	W	34	35	DIFF	0.9000	libstdcxx/system	1
_ZNSoD2Ev	std::basic_ostream<char, std::char_traits<char> >::~basic_ostream()	W	24	24	IDENTICAL	1.0000	libstdcxx/system	1
_ZNSolsEPFRSoS_E	std::basic_ostream<char, std::char_traits<char> >::operator<<(std::basic_ostream<char, std::char_traits<char> >& (*)(std::basic_ostream<char, std::char_traits<char> >&))	W	12	13	DIFF	0.8333	libstdcxx/system	1
_ZNSolsEPFRSt8ios_baseS0_E	std::basic_ostream<char, std::char_traits<char> >::operator<<(std::ios_base& (*)(std::ios_base&))	W	32	33	DIFF	0.9333	libstdcxx/system	1
_ZNSolsEPFRSt9basic_iosIcSt11char_traitsIcEES3_E	std::basic_ostream<char, std::char_traits<char> >::operator<<(std::basic_ios<char, std::char_traits<char> >& (*)(std::basic_ios<char, std::char_traits<char> >&))	W	32	33	DIFF	0.9333	libstdcxx/system	1
_ZNSolsEPKv	std::basic_ostream<char, std::char_traits<char> >::operator<<(void const*)	W	12	13	DIFF	0.8000	libstdcxx/system	1
_ZNSolsEPSt15basic_streambufIcSt11char_traitsIcEE	std::basic_ostream<char, std::char_traits<char> >::operator<<(std::basic_streambuf<char, std::char_traits<char> >*)	W	349	348	DIFF	0.9821	libstdcxx/system	1
_ZNSolsEb	std::basic_ostream<char, std::char_traits<char> >::operator<<(bool)	W	19	20	DIFF	0.8571	libstdcxx/system	1
_ZNSolsEd	std::basic_ostream<char, std::char_traits<char> >::operator<<(double)	W	12	13	DIFF	0.8000	libstdcxx/system	1
_ZNSolsEe	std::basic_ostream<char, std::char_traits<char> >::operator<<(long double)	W	12	13	DIFF	0.8000	libstdcxx/system	1
_ZNSolsEf	std::basic_ostream<char, std::char_traits<char> >::operator<<(float)	W	26	27	DIFF	0.9000	libstdcxx/system	1
_ZNSolsEi	std::basic_ostream<char, std::char_traits<char> >::operator<<(int)	W	24	25	DIFF	0.8889	libstdcxx/system	1
_ZNSolsEj	std::basic_ostream<char, std::char_traits<char> >::operator<<(unsigned int)	W	12	13	DIFF	0.8000	libstdcxx/system	1
_ZNSolsEl	std::basic_ostream<char, std::char_traits<char> >::operator<<(long)	W	12	13	DIFF	0.8000	libstdcxx/system	1
_ZNSolsEm	std::basic_ostream<char, std::char_traits<char> >::operator<<(unsigned long)	W	12	13	DIFF	0.8000	libstdcxx/system	1
_ZNSolsEs	std::basic_ostream<char, std::char_traits<char> >::operator<<(short)	W	71	71	DIFF	0.9200	libstdcxx/system	1
_ZNSolsEt	std::basic_ostream<char, std::char_traits<char> >::operator<<(unsigned short)	W	19	20	DIFF	0.8571	libstdcxx/system	1
_ZNSolsEx	std::basic_ostream<char, std::char_traits<char> >::operator<<(long long)	W	12	13	DIFF	0.8000	libstdcxx/system	1
_ZNSolsEy	std::basic_ostream<char, std::char_traits<char> >::operator<<(unsigned long long)	W	12	13	DIFF	0.8000	libstdcxx/system	1
_ZNSs10_S_compareEjj	std::basic_string<char, std::char_traits<char>, std::allocator<char> >::_S_compare(unsigned int, unsigned int)	W	11	11	IDENTICAL	1.0000	libstdcxx/system	1
_ZNSs12_Alloc_hiderC1EPcRKSaIcE	std::basic_string<char, std::char_traits<char>, std::allocator<char> >::_Alloc_hider::_Alloc_hider(char*, std::allocator<char> const&)	W	13	13	NEAR	1.0000	libstdcxx/system	1
_ZNSs12_Alloc_hiderC2EPcRKSaIcE	std::basic_string<char, std::char_traits<char>, std::allocator<char> >::_Alloc_hider::_Alloc_hider(char*, std::allocator<char> const&)	W	13	13	NEAR	1.0000	libstdcxx/system	1
_ZNSs12_M_leak_hardEv	std::basic_string<char, std::char_traits<char>, std::allocator<char> >::_M_leak_hard()	W	79	81	DIFF	0.9167	libstdcxx/system	1
_ZNSs12_S_constructEjcRKSaIcE	std::basic_string<char, std::char_traits<char>, std::allocator<char> >::_S_construct(unsigned int, char, std::allocator<char> const&)	W	151	151	DIFF	0.9583	libstdcxx/system	1
_ZNSs12_S_constructIN9__gnu_cxx17__normal_iteratorIPcSsEEEES2_T_S4_RKSaIcESt20forward_iterator_tag	char* std::basic_string<char, std::char_traits<char>, std::allocator<char> >::_S_construct<__gnu_cxx::__normal_iterator<char*, std::basic_string<char, std::char_traits<char>, std::allocator<char> > > >(__gnu_cxx::__normal_iterator<char*, std::basic_string<char, std::char_traits<char>, std::allocator<char> > >, __gnu_cxx::__normal_iterator<char*, std::basic_string<char, std::char_traits<char>, std::allocator<char> > >, std::allocator<char> const&, std::forward_iterator_tag)	W	144	144	DIFF	0.9778	libstdcxx/system	1
_ZNSs12_S_constructIPKcEEPcT_S3_RKSaIcESt20forward_iterator_tag	char* std::basic_string<char, std::char_traits<char>, std::allocator<char> >::_S_construct<char const*>(char const*, char const*, std::allocator<char> const&, std::forward_iterator_tag)	W	193	193	DIFF	0.9667	libstdcxx/system	1
_ZNSs12_S_constructIPcEES0_T_S1_RKSaIcESt20forward_iterator_tag	char* std::basic_string<char, std::char_traits<char>, std::allocator<char> >::_S_construct<char*>(char*, char*, std::allocator<char> const&, std::forward_iterator_tag)	W	193	193	DIFF	0.9667	libstdcxx/system	1
_ZNSs12_S_empty_repEv	std::basic_string<char, std::char_traits<char>, std::allocator<char> >::_S_empty_rep()	W	10	10	NEAR	1.0000	libstdcxx/system	1
_ZNSs13_S_copy_charsEPcN9__gnu_cxx17__normal_iteratorIPKcSsEES4_	std::basic_string<char, std::char_traits<char>, std::allocator<char> >::_S_copy_chars(char*, __gnu_cxx::__normal_iterator<char const*, std::basic_string<char, std::char_traits<char>, std::allocator<char> > >, __gnu_cxx::__normal_iterator<char const*, std::basic_string<char, std::char_traits<char>, std::allocator<char> > >)	W	47	47	DIFF	0.9474	libstdcxx/system	1
_ZNSs13_S_copy_charsEPcN9__gnu_cxx17__normal_iteratorIS_SsEES2_	std::basic_string<char, std::char_traits<char>, std::allocator<char> >::_S_copy_chars(char*, __gnu_cxx::__normal_iterator<char*, std::basic_string<char, std::char_traits<char>, std::allocator<char> > >, __gnu_cxx::__normal_iterator<char*, std::basic_string<char, std::char_traits<char>, std::allocator<char> > >)	W	47	47	DIFF	0.9474	libstdcxx/system	1
_ZNSs13_S_copy_charsEPcPKcS1_	std::basic_string<char, std::char_traits<char>, std::allocator<char> >::_S_copy_chars(char*, char const*, char const*)	W	47	47	DIFF	0.9474	libstdcxx/system	1
_ZNSs13_S_copy_charsEPcS_S_	std::basic_string<char, std::char_traits<char>, std::allocator<char> >::_S_copy_chars(char*, char*, char*)	W	47	47	DIFF	0.9474	libstdcxx/system	1
_ZNSs14_M_replace_auxEjjjc	std::basic_string<char, std::char_traits<char>, std::allocator<char> >::_M_replace_aux(unsigned int, unsigned int, unsigned int, char)	W	177	177	DIFF	0.9677	libstdcxx/system	1
_ZNSs15_M_replace_safeEjjPKcj	std::basic_string<char, std::char_traits<char>, std::allocator<char> >::_M_replace_safe(unsigned int, unsigned int, char const*, unsigned int)	W	143	143	DIFF	0.9615	libstdcxx/system	1
_ZNSs2atEj	std::basic_string<char, std::char_traits<char>, std::allocator<char> >::at(unsigned int)	W	69	71	DIFF	0.9200	libstdcxx/system	1
_ZNSs3endEv	std::basic_string<char, std::char_traits<char>, std::allocator<char> >::end()	W	61	62	DIFF	0.9583	libstdcxx/system	1
_ZNSs4_Rep10_M_destroyERKSaIcE	std::basic_string<char, std::char_traits<char>, std::allocator<char> >::_Rep::_M_destroy(std::allocator<char> const&)	W	12	13	DIFF	0.8000	libstdcxx/system	1
_ZNSs4_Rep10_M_disposeERKSaIcE	std::basic_string<char, std::char_traits<char>, std::allocator<char> >::_Rep::_M_dispose(std::allocator<char> const&)	W	72	74	DIFF	0.9310	libstdcxx/system	1
_ZNSs4_Rep10_M_refcopyEv	std::basic_string<char, std::char_traits<char>, std::allocator<char> >::_Rep::_M_refcopy()	W	40	40	DIFF	0.9333	libstdcxx/system	1
_ZNSs4_Rep10_M_refdataEv	std::basic_string<char, std::char_traits<char>, std::allocator<char> >::_Rep::_M_refdata()	W	11	11	DIFF	1.0000	libstdcxx/system	1
_ZNSs4_Rep12_S_empty_repEv	std::basic_string<char, std::char_traits<char>, std::allocator<char> >::_Rep::_S_empty_rep()	W	10	10	NEAR	1.0000	libstdcxx/system	1
_ZNSs4_Rep13_M_set_leakedEv	std::basic_string<char, std::char_traits<char>, std::allocator<char> >::_Rep::_M_set_leaked()	W	15	15	IDENTICAL	1.0000	libstdcxx/system	1
_ZNSs4_Rep15_M_set_sharableEv	std::basic_string<char, std::char_traits<char>, std::allocator<char> >::_Rep::_M_set_sharable()	W	15	15	IDENTICAL	1.0000	libstdcxx/system	1
_ZNSs4_Rep26_M_set_length_and_sharableEj	std::basic_string<char, std::char_traits<char>, std::allocator<char> >::_Rep::_M_set_length_and_sharable(unsigned int)	W	34	34	NEAR	1.0000	libstdcxx/system	1
_ZNSs4_Rep7_M_grabERKSaIcES2_	std::basic_string<char, std::char_traits<char>, std::allocator<char> >::_Rep::_M_grab(std::allocator<char> const&, std::allocator<char> const&)	W	75	75	DIFF	0.8519	libstdcxx/system	1
_ZNSs4_Rep8_M_cloneERKSaIcEj	std::basic_string<char, std::char_traits<char>, std::allocator<char> >::_Rep::_M_clone(std::allocator<char> const&, unsigned int)	W	138	138	DIFF	0.9592	libstdcxx/system	1
_ZNSs4_Rep9_S_createEjjRKSaIcE	std::basic_string<char, std::char_traits<char>, std::allocator<char> >::_Rep::_S_create(unsigned int, unsigned int, std::allocator<char> const&)	W	126	127	DIFF	0.8462	libstdcxx/system	1
_ZNSs4rendEv	std::basic_string<char, std::char_traits<char>, std::allocator<char> >::rend()	W	53	54	DIFF	0.9524	libstdcxx/system	1
_ZNSs4swapERSs	std::basic_string<char, std::char_traits<char>, std::allocator<char> >::swap(std::basic_string<char, std::char_traits<char>, std::allocator<char> >&)	W	73	81	DIFF	0.9259	libstdcxx/system	1
_ZNSs5beginEv	std::basic_string<char, std::char_traits<char>, std::allocator<char> >::begin()	W	53	54	DIFF	0.9524	libstdcxx/system	1
_ZNSs5clearEv	std::basic_string<char, std::char_traits<char>, std::allocator<char> >::clear()	W	44	45	DIFF	0.9231	libstdcxx/system	1
_ZNSs5eraseEN9__gnu_cxx17__normal_iteratorIPcSsEE	std::basic_string<char, std::char_traits<char>, std::allocator<char> >::erase(__gnu_cxx::__normal_iterator<char*, std::basic_string<char, std::char_traits<char>, std::allocator<char> > >)	W	85	85	DIFF	0.9615	libstdcxx/system	1
_ZNSs5eraseEN9__gnu_cxx17__normal_iteratorIPcSsEES2_	std::basic_string<char, std::char_traits<char>, std::allocator<char> >::erase(__gnu_cxx::__normal_iterator<char*, std::basic_string<char, std::char_traits<char>, std::allocator<char> > >, __gnu_cxx::__normal_iterator<char*, std::basic_string<char, std::char_traits<char>, std::allocator<char> > >)	W	107	107	DIFF	0.9459	libstdcxx/system	1
_ZNSs5eraseEjj	std::basic_string<char, std::char_traits<char>, std::allocator<char> >::erase(unsigned int, unsigned int)	W	80	78	DIFF	0.7931	libstdcxx/system	1
_ZNSs6appendEPKc	std::basic_string<char, std::char_traits<char>, std::allocator<char> >::append(char const*)	W	43	45	DIFF	0.8750	libstdcxx/system	1
_ZNSs6appendEPKcj	std::basic_string<char, std::char_traits<char>, std::allocator<char> >::append(char const*, unsigned int)	W	239	247	DIFF	0.9615	libstdcxx/system	1
_ZNSs6appendERKSs	std::basic_string<char, std::char_traits<char>, std::allocator<char> >::append(std::basic_string<char, std::char_traits<char>, std::allocator<char> > const&)	W	171	171	DIFF	0.9833	libstdcxx/system	1
_ZNSs6appendERKSsjj	std::basic_string<char, std::char_traits<char>, std::allocator<char> >::append(std::basic_string<char, std::char_traits<char>, std::allocator<char> > const&, unsigned int, unsigned int)	W	215	207	DIFF	0.9178	libstdcxx/system	1
_ZNSs6appendESt16initializer_listIcE	std::basic_string<char, std::char_traits<char>, std::allocator<char> >::append(std::initializer_list<char>)	W	50	51	DIFF	0.9375	libstdcxx/system	1
_ZNSs6appendEjc	std::basic_string<char, std::char_traits<char>, std::allocator<char> >::append(unsigned int, char)	W	196	204	DIFF	0.9538	libstdcxx/system	1
_ZNSs6assignEPKc	std::basic_string<char, std::char_traits<char>, std::allocator<char> >::assign(char const*)	W	43	45	DIFF	0.8750	libstdcxx/system	1
_ZNSs6assignEPKcj	std::basic_string<char, std::char_traits<char>, std::allocator<char> >::assign(char const*, unsigned int)	W	240	240	DIFF	0.9744	libstdcxx/system	1
_ZNSs6assignERKSs	std::basic_string<char, std::char_traits<char>, std::allocator<char> >::assign(std::basic_string<char, std::char_traits<char>, std::allocator<char> > const&)	W	193	193	DIFF	0.9091	libstdcxx/system	1
_ZNSs6assignERKSsjj	std::basic_string<char, std::char_traits<char>, std::allocator<char> >::assign(std::basic_string<char, std::char_traits<char>, std::allocator<char> > const&, unsigned int, unsigned int)	W	88	79	DIFF	0.8667	libstdcxx/system	1
_ZNSs6assignESt16initializer_listIcE	std::basic_string<char, std::char_traits<char>, std::allocator<char> >::assign(std::initializer_list<char>)	W	50	51	DIFF	0.9375	libstdcxx/system	1
_ZNSs6assignEjc	std::basic_string<char, std::char_traits<char>, std::allocator<char> >::assign(unsigned int, char)	W	51	52	DIFF	0.9375	libstdcxx/system	1
_ZNSs6insertEN9__gnu_cxx17__normal_iteratorIPcSsEESt16initializer_listIcE	std::basic_string<char, std::char_traits<char>, std::allocator<char> >::insert(__gnu_cxx::__normal_iterator<char*, std::basic_string<char, std::char_traits<char>, std::allocator<char> > >, std::initializer_list<char>)	W	50	51	DIFF	0.9375	libstdcxx/system	1
_ZNSs6insertEN9__gnu_cxx17__normal_iteratorIPcSsEEc	std::basic_string<char, std::char_traits<char>, std::allocator<char> >::insert(__gnu_cxx::__normal_iterator<char*, std::basic_string<char, std::char_traits<char>, std::allocator<char> > >, char)	W	93	93	DIFF	0.9643	libstdcxx/system	1
_ZNSs6insertEN9__gnu_cxx17__normal_iteratorIPcSsEEjc	std::basic_string<char, std::char_traits<char>, std::allocator<char> >::insert(__gnu_cxx::__normal_iterator<char*, std::basic_string<char, std::char_traits<char>, std::allocator<char> > >, unsigned int, char)	W	51	52	DIFF	0.9375	libstdcxx/system	1
_ZNSs6insertEjPKc	std::basic_string<char, std::char_traits<char>, std::allocator<char> >::insert(unsigned int, char const*)	W	50	52	DIFF	0.8889	libstdcxx/system	1
_ZNSs6insertEjPKcj	std::basic_string<char, std::char_traits<char>, std::allocator<char> >::insert(unsigned int, char const*, unsigned int)	W	434	434	DIFF	0.9855	libstdcxx/system	1
_ZNSs6insertEjRKSs	std::basic_string<char, std::char_traits<char>, std::allocator<char> >::insert(unsigned int, std::basic_string<char, std::char_traits<char>, std::allocator<char> > const&)	W	42	43	DIFF	0.9333	libstdcxx/system	1
_ZNSs6insertEjRKSsjj	std::basic_string<char, std::char_traits<char>, std::allocator<char> >::insert(unsigned int, std::basic_string<char, std::char_traits<char>, std::allocator<char> > const&, unsigned int, unsigned int)	W	96	91	DIFF	0.8824	libstdcxx/system	1
_ZNSs6insertEjjc	std::basic_string<char, std::char_traits<char>, std::allocator<char> >::insert(unsigned int, unsigned int, char)	W	76	78	DIFF	0.9167	libstdcxx/system	1
_ZNSs6rbeginEv	std::basic_string<char, std::char_traits<char>, std::allocator<char> >::rbegin()	W	61	62	DIFF	0.9583	libstdcxx/system	1
_ZNSs6resizeEj	std::basic_string<char, std::char_traits<char>, std::allocator<char> >::resize(unsigned int)	W	34	35	DIFF	0.9091	libstdcxx/system	1
_ZNSs6resizeEjc	std::basic_string<char, std::char_traits<char>, std::allocator<char> >::resize(unsigned int, char)	W	116	125	DIFF	0.8571	libstdcxx/system	1
_ZNSs7_M_copyEPcPKcj	std::basic_string<char, std::char_traits<char>, std::allocator<char> >::_M_copy(char*, char const*, unsigned int)	W	47	47	DIFF	0.8947	libstdcxx/system	1
_ZNSs7_M_dataEPc	std::basic_string<char, std::char_traits<char>, std::allocator<char> >::_M_data(char*)	W	13	13	NEAR	1.0000	libstdcxx/system	1
_ZNSs7_M_leakEv	std::basic_string<char, std::char_traits<char>, std::allocator<char> >::_M_leak()	W	26	34	DIFF	0.8462	libstdcxx/system	1
_ZNSs7_M_moveEPcPKcj	std::basic_string<char, std::char_traits<char>, std::allocator<char> >::_M_move(char*, char const*, unsigned int)	W	47	47	DIFF	0.8947	libstdcxx/system	1
_ZNSs7replaceEN9__gnu_cxx17__normal_iteratorIPcSsEES2_NS0_IPKcSsEES5_	std::basic_string<char, std::char_traits<char>, std::allocator<char> >::replace(__gnu_cxx::__normal_iterator<char*, std::basic_string<char, std::char_traits<char>, std::allocator<char> > >, __gnu_cxx::__normal_iterator<char*, std::basic_string<char, std::char_traits<char>, std::allocator<char> > >, __gnu_cxx::__normal_iterator<char const*, std::basic_string<char, std::char_traits<char>, std::allocator<char> > >, __gnu_cxx::__normal_iterator<char const*, std::basic_string<char, std::char_traits<char>, std::allocator<char> > >)	W	42	44	DIFF	0.8824	libstdcxx/system	1
_ZNSs7replaceEN9__gnu_cxx17__normal_iteratorIPcSsEES2_PKc	std::basic_string<char, std::char_traits<char>, std::allocator<char> >::replace(__gnu_cxx::__normal_iterator<char*, std::basic_string<char, std::char_traits<char>, std::allocator<char> > >, __gnu_cxx::__normal_iterator<char*, std::basic_string<char, std::char_traits<char>, std::allocator<char> > >, char const*)	W	76	77	DIFF	0.9615	libstdcxx/system	1
_ZNSs7replaceEN9__gnu_cxx17__normal_iteratorIPcSsEES2_PKcS4_	std::basic_string<char, std::char_traits<char>, std::allocator<char> >::replace(__gnu_cxx::__normal_iterator<char*, std::basic_string<char, std::char_traits<char>, std::allocator<char> > >, __gnu_cxx::__normal_iterator<char*, std::basic_string<char, std::char_traits<char>, std::allocator<char> > >, char const*, char const*)	W	42	44	DIFF	0.8824	libstdcxx/system	1
_ZNSs7replaceEN9__gnu_cxx17__normal_iteratorIPcSsEES2_PKcj	std::basic_string<char, std::char_traits<char>, std::allocator<char> >::replace(__gnu_cxx::__normal_iterator<char*, std::basic_string<char, std::char_traits<char>, std::allocator<char> > >, __gnu_cxx::__normal_iterator<char*, std::basic_string<char, std::char_traits<char>, std::allocator<char> > >, char const*, unsigned int)	W	36	38	DIFF	0.8667	libstdcxx/system	1
_ZNSs7replaceEN9__gnu_cxx17__normal_iteratorIPcSsEES2_RKSs	std::basic_string<char, std::char_traits<char>, std::allocator<char> >::replace(__gnu_cxx::__normal_iterator<char*, std::basic_string<char, std::char_traits<char>, std::allocator<char> > >, __gnu_cxx::__normal_iterator<char*, std::basic_string<char, std::char_traits<char>, std::allocator<char> > >, std::basic_string<char, std::char_traits<char>, std::allocator<char> > const&)	W	67	68	DIFF	0.9583	libstdcxx/system	1
_ZNSs7replaceEN9__gnu_cxx17__normal_iteratorIPcSsEES2_S1_S1_	std::basic_string<char, std::char_traits<char>, std::allocator<char> >::replace(__gnu_cxx::__normal_iterator<char*, std::basic_string<char, std::char_traits<char>, std::allocator<char> > >, __gnu_cxx::__normal_iterator<char*, std::basic_string<char, std::char_traits<char>, std::allocator<char> > >, char*, char*)	W	42	44	DIFF	0.8824	libstdcxx/system	1
_ZNSs7replaceEN9__gnu_cxx17__normal_iteratorIPcSsEES2_S2_S2_	std::basic_string<char, std::char_traits<char>, std::allocator<char> >::replace(__gnu_cxx::__normal_iterator<char*, std::basic_string<char, std::char_traits<char>, std::allocator<char> > >, __gnu_cxx::__normal_iterator<char*, std::basic_string<char, std::char_traits<char>, std::allocator<char> > >, __gnu_cxx::__normal_iterator<char*, std::basic_string<char, std::char_traits<char>, std::allocator<char> > >, __gnu_cxx::__normal_iterator<char*, std::basic_string<char, std::char_traits<char>, std::allocator<char> > >)	W	42	44	DIFF	0.8824	libstdcxx/system	1
_ZNSs7replaceEN9__gnu_cxx17__normal_iteratorIPcSsEES2_St16initializer_listIcE	std::basic_string<char, std::char_traits<char>, std::allocator<char> >::replace(__gnu_cxx::__normal_iterator<char*, std::basic_string<char, std::char_traits<char>, std::allocator<char> > >, __gnu_cxx::__normal_iterator<char*, std::basic_string<char, std::char_traits<char>, std::allocator<char> > >, std::initializer_list<char>)	W	36	38	DIFF	0.8667	libstdcxx/system	1
_ZNSs7replaceEN9__gnu_cxx17__normal_iteratorIPcSsEES2_jc	std::basic_string<char, std::char_traits<char>, std::allocator<char> >::replace(__gnu_cxx::__normal_iterator<char*, std::basic_string<char, std::char_traits<char>, std::allocator<char> > >, __gnu_cxx::__normal_iterator<char*, std::basic_string<char, std::char_traits<char>, std::allocator<char> > >, unsigned int, char)	W	43	45	DIFF	0.8824	libstdcxx/system	1
_ZNSs7replaceEjjPKc	std::basic_string<char, std::char_traits<char>, std::allocator<char> >::replace(unsigned int, unsigned int, char const*)	W	57	59	DIFF	0.9000	libstdcxx/system	1
_ZNSs7replaceEjjPKcj	std::basic_string<char, std::char_traits<char>, std::allocator<char> >::replace(unsigned int, unsigned int, char const*, unsigned int)	W	470	470	DIFF	0.9623	libstdcxx/system	1
_ZNSs7replaceEjjRKSs	std::basic_string<char, std::char_traits<char>, std::allocator<char> >::replace(unsigned int, unsigned int, std::basic_string<char, std::char_traits<char>, std::allocator<char> > const&)	W	49	50	DIFF	0.9412	libstdcxx/system	1
_ZNSs7replaceEjjRKSsjj	std::basic_string<char, std::char_traits<char>, std::allocator<char> >::replace(unsigned int, unsigned int, std::basic_string<char, std::char_traits<char>, std::allocator<char> > const&, unsigned int, unsigned int)	W	112	103	DIFF	0.8947	libstdcxx/system	1
_ZNSs7replaceEjjjc	std::basic_string<char, std::char_traits<char>, std::allocator<char> >::replace(unsigned int, unsigned int, unsigned int, char)	W	105	102	DIFF	0.8649	libstdcxx/system	1
_ZNSs7reserveEj	std::basic_string<char, std::char_traits<char>, std::allocator<char> >::reserve(unsigned int)	W	174	165	DIFF	0.8689	libstdcxx/system	1
_ZNSs9_M_assignEPcjc	std::basic_string<char, std::char_traits<char>, std::allocator<char> >::_M_assign(char*, unsigned int, char)	W	56	57	DIFF	0.8333	libstdcxx/system	1
_ZNSs9_M_mutateEjjj	std::basic_string<char, std::char_traits<char>, std::allocator<char> >::_M_mutate(unsigned int, unsigned int, unsigned int)	W	407	407	DIFF	0.9766	libstdcxx/system	1
_ZNSs9push_backEc	std::basic_string<char, std::char_traits<char>, std::allocator<char> >::push_back(char)	W	114	114	DIFF	0.9750	libstdcxx/system	1
_ZNSsC1EPKcRKSaIcE	std::basic_string<char, std::char_traits<char>, std::allocator<char> >::basic_string(char const*, std::allocator<char> const&)	W	65	66	DIFF	0.9565	libstdcxx/system	1
_ZNSsC1EPKcjRKSaIcE	std::basic_string<char, std::char_traits<char>, std::allocator<char> >::basic_string(char const*, unsigned int, std::allocator<char> const&)	W	45	46	DIFF	0.9375	libstdcxx/system	1
_ZNSsC1ERKSaIcE	std::basic_string<char, std::char_traits<char>, std::allocator<char> >::basic_string(std::allocator<char> const&)	W	40	41	DIFF	0.9167	libstdcxx/system	1
_ZNSsC1ERKSs	std::basic_string<char, std::char_traits<char>, std::allocator<char> >::basic_string(std::basic_string<char, std::char_traits<char>, std::allocator<char> > const&)	W	102	102	DIFF	0.8611	libstdcxx/system	1
_ZNSsC1ERKSsjj	std::basic_string<char, std::char_traits<char>, std::allocator<char> >::basic_string(std::basic_string<char, std::char_traits<char>, std::allocator<char> > const&, unsigned int, unsigned int)	W	104	98	DIFF	0.8947	libstdcxx/system	1
_ZNSsC1ERKSsjjRKSaIcE	std::basic_string<char, std::char_traits<char>, std::allocator<char> >::basic_string(std::basic_string<char, std::char_traits<char>, std::allocator<char> > const&, unsigned int, unsigned int, std::allocator<char> const&)	W	96	90	DIFF	0.8889	libstdcxx/system	1
_ZNSsC1ESt16initializer_listIcERKSaIcE	std::basic_string<char, std::char_traits<char>, std::allocator<char> >::basic_string(std::initializer_list<char>, std::allocator<char> const&)	W	45	46	DIFF	0.9375	libstdcxx/system	1
_ZNSsC1EjcRKSaIcE	std::basic_string<char, std::char_traits<char>, std::allocator<char> >::basic_string(unsigned int, char, std::allocator<char> const&)	W	39	40	DIFF	0.9286	libstdcxx/system	1
_ZNSsC1Ev	std::basic_string<char, std::char_traits<char>, std::allocator<char> >::basic_string()	W	14	14	NEAR	1.0000	libstdcxx/system	1
_ZNSsC1IN9__gnu_cxx17__normal_iteratorIPcSsEEEET_S4_RKSaIcE	std::basic_string<char, std::char_traits<char>, std::allocator<char> >::basic_string<__gnu_cxx::__normal_iterator<char*, std::basic_string<char, std::char_traits<char>, std::allocator<char> > > >(__gnu_cxx::__normal_iterator<char*, std::basic_string<char, std::char_traits<char>, std::allocator<char> > >, __gnu_cxx::__normal_iterator<char*, std::basic_string<char, std::char_traits<char>, std::allocator<char> > >, std::allocator<char> const&)	W	43	44	DIFF	0.9333	libstdcxx/system	1
_ZNSsC1IPKcEET_S2_RKSaIcE	std::basic_string<char, std::char_traits<char>, std::allocator<char> >::basic_string<char const*>(char const*, char const*, std::allocator<char> const&)	W	43	44	DIFF	0.9333	libstdcxx/system	1
_ZNSsC1IPcEET_S1_RKSaIcE	std::basic_string<char, std::char_traits<char>, std::allocator<char> >::basic_string<char*>(char*, char*, std::allocator<char> const&)	W	43	44	DIFF	0.9333	libstdcxx/system	1
_ZNSsC2EPKcRKSaIcE	std::basic_string<char, std::char_traits<char>, std::allocator<char> >::basic_string(char const*, std::allocator<char> const&)	W	65	66	DIFF	0.9565	libstdcxx/system	1
_ZNSsC2EPKcjRKSaIcE	std::basic_string<char, std::char_traits<char>, std::allocator<char> >::basic_string(char const*, unsigned int, std::allocator<char> const&)	W	45	46	DIFF	0.9375	libstdcxx/system	1
_ZNSsC2ERKSaIcE	std::basic_string<char, std::char_traits<char>, std::allocator<char> >::basic_string(std::allocator<char> const&)	W	40	41	DIFF	0.9167	libstdcxx/system	1
_ZNSsC2ERKSs	std::basic_string<char, std::char_traits<char>, std::allocator<char> >::basic_string(std::basic_string<char, std::char_traits<char>, std::allocator<char> > const&)	W	102	102	DIFF	0.8611	libstdcxx/system	1
_ZNSsC2ERKSsjj	std::basic_string<char, std::char_traits<char>, std::allocator<char> >::basic_string(std::basic_string<char, std::char_traits<char>, std::allocator<char> > const&, unsigned int, unsigned int)	W	104	98	DIFF	0.8947	libstdcxx/system	1
_ZNSsC2ERKSsjjRKSaIcE	std::basic_string<char, std::char_traits<char>, std::allocator<char> >::basic_string(std::basic_string<char, std::char_traits<char>, std::allocator<char> > const&, unsigned int, unsigned int, std::allocator<char> const&)	W	96	90	DIFF	0.8889	libstdcxx/system	1
_ZNSsC2ESt16initializer_listIcERKSaIcE	std::basic_string<char, std::char_traits<char>, std::allocator<char> >::basic_string(std::initializer_list<char>, std::allocator<char> const&)	W	45	46	DIFF	0.9375	libstdcxx/system	1
_ZNSsC2EjcRKSaIcE	std::basic_string<char, std::char_traits<char>, std::allocator<char> >::basic_string(unsigned int, char, std::allocator<char> const&)	W	39	40	DIFF	0.9286	libstdcxx/system	1
_ZNSsC2Ev	std::basic_string<char, std::char_traits<char>, std::allocator<char> >::basic_string()	W	14	14	NEAR	1.0000	libstdcxx/system	1
_ZNSsC2IN9__gnu_cxx17__normal_iteratorIPcSsEEEET_S4_RKSaIcE	std::basic_string<char, std::char_traits<char>, std::allocator<char> >::basic_string<__gnu_cxx::__normal_iterator<char*, std::basic_string<char, std::char_traits<char>, std::allocator<char> > > >(__gnu_cxx::__normal_iterator<char*, std::basic_string<char, std::char_traits<char>, std::allocator<char> > >, __gnu_cxx::__normal_iterator<char*, std::basic_string<char, std::char_traits<char>, std::allocator<char> > >, std::allocator<char> const&)	W	43	44	DIFF	0.9333	libstdcxx/system	1
_ZNSsC2IPKcEET_S2_RKSaIcE	std::basic_string<char, std::char_traits<char>, std::allocator<char> >::basic_string<char const*>(char const*, char const*, std::allocator<char> const&)	W	43	44	DIFF	0.9333	libstdcxx/system	1
_ZNSsC2IPcEET_S1_RKSaIcE	std::basic_string<char, std::char_traits<char>, std::allocator<char> >::basic_string<char*>(char*, char*, std::allocator<char> const&)	W	43	44	DIFF	0.9333	libstdcxx/system	1
_ZNSsD1Ev	std::basic_string<char, std::char_traits<char>, std::allocator<char> >::~basic_string()	W	72	73	DIFF	0.9630	libstdcxx/system	1
_ZNSsD2Ev	std::basic_string<char, std::char_traits<char>, std::allocator<char> >::~basic_string()	W	72	73	DIFF	0.9630	libstdcxx/system	1
_ZNSsaSEPKc	std::basic_string<char, std::char_traits<char>, std::allocator<char> >::operator=(char const*)	W	43	45	DIFF	0.8750	libstdcxx/system	1
_ZNSsaSERKSs	std::basic_string<char, std::char_traits<char>, std::allocator<char> >::operator=(std::basic_string<char, std::char_traits<char>, std::allocator<char> > const&)	W	12	13	DIFF	0.8000	libstdcxx/system	1
_ZNSsaSESt16initializer_listIcE	std::basic_string<char, std::char_traits<char>, std::allocator<char> >::operator=(std::initializer_list<char>)	W	57	59	DIFF	0.9000	libstdcxx/system	1
_ZNSsaSEc	std::basic_string<char, std::char_traits<char>, std::allocator<char> >::operator=(char)	W	59	61	DIFF	0.8947	libstdcxx/system	1
_ZNSsixEj	std::basic_string<char, std::char_traits<char>, std::allocator<char> >::operator[](unsigned int)	W	38	40	DIFF	0.8824	libstdcxx/system	1
_ZNSspLEPKc	std::basic_string<char, std::char_traits<char>, std::allocator<char> >::operator+=(char const*)	W	43	45	DIFF	0.8750	libstdcxx/system	1
_ZNSspLERKSs	std::basic_string<char, std::char_traits<char>, std::allocator<char> >::operator+=(std::basic_string<char, std::char_traits<char>, std::allocator<char> > const&)	W	12	13	DIFF	0.8000	libstdcxx/system	1
_ZNSspLESt16initializer_listIcE	std::basic_string<char, std::char_traits<char>, std::allocator<char> >::operator+=(std::initializer_list<char>)	W	50	51	DIFF	0.9375	libstdcxx/system	1
_ZNSspLEc	std::basic_string<char, std::char_traits<char>, std::allocator<char> >::operator+=(char)	W	111	112	DIFF	0.9744	libstdcxx/system	1
_ZNSt10__num_base15_S_format_floatERKSt8ios_basePcc	std::__num_base::_S_format_float(std::ios_base const&, char*, char)	T	164	164	DIFF	0.9333	libstdcxx/system	1
_ZNSt10bad_typeidD0Ev	std::bad_typeid::~bad_typeid()	T	52	53	DIFF	0.9412	libstdcxx/system	1
_ZNSt10bad_typeidD1Ev	std::bad_typeid::~bad_typeid()	T	46	48	DIFF	0.8750	libstdcxx/system	1
_ZNSt10bad_typeidD2Ev	std::bad_typeid::~bad_typeid()	T	46	48	DIFF	0.8750	libstdcxx/system	1
_ZNSt10money_base20_S_construct_patternEccc	std::money_base::_S_construct_pattern(char, char, char)	T	396	396	DIFF	1.0000	libstdcxx/system	1
_ZNSt10moneypunctIcLb0EE24_M_initialize_moneypunctEP15__locale_structPKc	std::moneypunct<char, false>::_M_initialize_moneypunct(__locale_struct*, char const*)	T	874	866	DIFF	0.9720	libstdcxx/system	1
_ZNSt10moneypunctIcLb0EEC1EP15__locale_structPKcj	std::moneypunct<char, false>::moneypunct(__locale_struct*, char const*, unsigned int)	W	85	87	DIFF	0.9259	libstdcxx/system	1
_ZNSt10moneypunctIcLb0EEC1EPSt18__moneypunct_cacheIcLb0EEj	std::moneypunct<char, false>::moneypunct(std::__moneypunct_cache<char, false>*, unsigned int)	W	86	88	DIFF	0.9231	libstdcxx/system	1
_ZNSt10moneypunctIcLb0EEC1Ej	std::moneypunct<char, false>::moneypunct(unsigned int)	W	87	89	DIFF	0.9200	libstdcxx/system	1
_ZNSt10moneypunctIcLb0EEC2EP15__locale_structPKcj	std::moneypunct<char, false>::moneypunct(__locale_struct*, char const*, unsigned int)	W	85	87	DIFF	0.9259	libstdcxx/system	1
_ZNSt10moneypunctIcLb0EEC2EPSt18__moneypunct_cacheIcLb0EEj	std::moneypunct<char, false>::moneypunct(std::__moneypunct_cache<char, false>*, unsigned int)	W	86	88	DIFF	0.9231	libstdcxx/system	1
_ZNSt10moneypunctIcLb0EEC2Ej	std::moneypunct<char, false>::moneypunct(unsigned int)	W	87	89	DIFF	0.9200	libstdcxx/system	1
_ZNSt10moneypunctIcLb0EED0Ev	std::moneypunct<char, false>::~moneypunct()	T	31	33	DIFF	0.8333	libstdcxx/system	1
_ZNSt10moneypunctIcLb0EED1Ev	std::moneypunct<char, false>::~moneypunct()	T	66	68	DIFF	0.9130	libstdcxx/system	1
_ZNSt10moneypunctIcLb0EED2Ev	std::moneypunct<char, false>::~moneypunct()	T	66	68	DIFF	0.9130	libstdcxx/system	1
_ZNSt10moneypunctIcLb1EE24_M_initialize_moneypunctEP15__locale_structPKc	std::moneypunct<char, true>::_M_initialize_moneypunct(__locale_struct*, char const*)	T	874	866	DIFF	0.9720	libstdcxx/system	1
_ZNSt10moneypunctIcLb1EEC1EP15__locale_structPKcj	std::moneypunct<char, true>::moneypunct(__locale_struct*, char const*, unsigned int)	W	85	87	DIFF	0.9259	libstdcxx/system	1
_ZNSt10moneypunctIcLb1EEC1EPSt18__moneypunct_cacheIcLb1EEj	std::moneypunct<char, true>::moneypunct(std::__moneypunct_cache<char, true>*, unsigned int)	W	86	88	DIFF	0.9231	libstdcxx/system	1
_ZNSt10moneypunctIcLb1EEC1Ej	std::moneypunct<char, true>::moneypunct(unsigned int)	W	87	89	DIFF	0.9200	libstdcxx/system	1
_ZNSt10moneypunctIcLb1EEC2EP15__locale_structPKcj	std::moneypunct<char, true>::moneypunct(__locale_struct*, char const*, unsigned int)	W	85	87	DIFF	0.9259	libstdcxx/system	1
_ZNSt10moneypunctIcLb1EEC2EPSt18__moneypunct_cacheIcLb1EEj	std::moneypunct<char, true>::moneypunct(std::__moneypunct_cache<char, true>*, unsigned int)	W	86	88	DIFF	0.9231	libstdcxx/system	1
_ZNSt10moneypunctIcLb1EEC2Ej	std::moneypunct<char, true>::moneypunct(unsigned int)	W	87	89	DIFF	0.9200	libstdcxx/system	1
_ZNSt10moneypunctIcLb1EED0Ev	std::moneypunct<char, true>::~moneypunct()	T	31	33	DIFF	0.8333	libstdcxx/system	1
_ZNSt10moneypunctIcLb1EED1Ev	std::moneypunct<char, true>::~moneypunct()	T	66	68	DIFF	0.9130	libstdcxx/system	1
_ZNSt10moneypunctIcLb1EED2Ev	std::moneypunct<char, true>::~moneypunct()	T	66	68	DIFF	0.9130	libstdcxx/system	1
_ZNSt10moneypunctIwLb0EE24_M_initialize_moneypunctEP15__locale_structPKc	std::moneypunct<wchar_t, false>::_M_initialize_moneypunct(__locale_struct*, char const*)	T	1378	1365	DIFF	0.9528	libstdcxx/system	1
_ZNSt10moneypunctIwLb0EEC1EP15__locale_structPKcj	std::moneypunct<wchar_t, false>::moneypunct(__locale_struct*, char const*, unsigned int)	W	85	87	DIFF	0.9259	libstdcxx/system	1
_ZNSt10moneypunctIwLb0EEC1EPSt18__moneypunct_cacheIwLb0EEj	std::moneypunct<wchar_t, false>::moneypunct(std::__moneypunct_cache<wchar_t, false>*, unsigned int)	W	86	88	DIFF	0.9231	libstdcxx/system	1
_ZNSt10moneypunctIwLb0EEC1Ej	std::moneypunct<wchar_t, false>::moneypunct(unsigned int)	W	87	89	DIFF	0.9200	libstdcxx/system	1
_ZNSt10moneypunctIwLb0EEC2EP15__locale_structPKcj	std::moneypunct<wchar_t, false>::moneypunct(__locale_struct*, char const*, unsigned int)	W	85	87	DIFF	0.9259	libstdcxx/system	1
_ZNSt10moneypunctIwLb0EEC2EPSt18__moneypunct_cacheIwLb0EEj	std::moneypunct<wchar_t, false>::moneypunct(std::__moneypunct_cache<wchar_t, false>*, unsigned int)	W	86	88	DIFF	0.9231	libstdcxx/system	1
_ZNSt10moneypunctIwLb0EEC2Ej	std::moneypunct<wchar_t, false>::moneypunct(unsigned int)	W	87	89	DIFF	0.9200	libstdcxx/system	1
_ZNSt10moneypunctIwLb0EED0Ev	std::moneypunct<wchar_t, false>::~moneypunct()	T	31	33	DIFF	0.8333	libstdcxx/system	1
_ZNSt10moneypunctIwLb0EED1Ev	std::moneypunct<wchar_t, false>::~moneypunct()	T	179	179	DIFF	0.9672	libstdcxx/system	1
_ZNSt10moneypunctIwLb0EED2Ev	std::moneypunct<wchar_t, false>::~moneypunct()	T	179	179	DIFF	0.9672	libstdcxx/system	1
_ZNSt10moneypunctIwLb1EE24_M_initialize_moneypunctEP15__locale_structPKc	std::moneypunct<wchar_t, true>::_M_initialize_moneypunct(__locale_struct*, char const*)	T	1378	1365	DIFF	0.9528	libstdcxx/system	1
_ZNSt10moneypunctIwLb1EEC1EP15__locale_structPKcj	std::moneypunct<wchar_t, true>::moneypunct(__locale_struct*, char const*, unsigned int)	W	85	87	DIFF	0.9259	libstdcxx/system	1
_ZNSt10moneypunctIwLb1EEC1EPSt18__moneypunct_cacheIwLb1EEj	std::moneypunct<wchar_t, true>::moneypunct(std::__moneypunct_cache<wchar_t, true>*, unsigned int)	W	86	88	DIFF	0.9231	libstdcxx/system	1
_ZNSt10moneypunctIwLb1EEC1Ej	std::moneypunct<wchar_t, true>::moneypunct(unsigned int)	W	87	89	DIFF	0.9200	libstdcxx/system	1
_ZNSt10moneypunctIwLb1EEC2EP15__locale_structPKcj	std::moneypunct<wchar_t, true>::moneypunct(__locale_struct*, char const*, unsigned int)	W	85	87	DIFF	0.9259	libstdcxx/system	1
_ZNSt10moneypunctIwLb1EEC2EPSt18__moneypunct_cacheIwLb1EEj	std::moneypunct<wchar_t, true>::moneypunct(std::__moneypunct_cache<wchar_t, true>*, unsigned int)	W	86	88	DIFF	0.9231	libstdcxx/system	1
_ZNSt10moneypunctIwLb1EEC2Ej	std::moneypunct<wchar_t, true>::moneypunct(unsigned int)	W	87	89	DIFF	0.9200	libstdcxx/system	1
_ZNSt10moneypunctIwLb1EED0Ev	std::moneypunct<wchar_t, true>::~moneypunct()	T	31	33	DIFF	0.8333	libstdcxx/system	1
_ZNSt10moneypunctIwLb1EED1Ev	std::moneypunct<wchar_t, true>::~moneypunct()	T	179	179	DIFF	0.9672	libstdcxx/system	1
_ZNSt10moneypunctIwLb1EED2Ev	std::moneypunct<wchar_t, true>::~moneypunct()	T	179	179	DIFF	0.9672	libstdcxx/system	1
_ZNSt11__copy_moveILb1ELb0ESt26random_access_iterator_tagE8__copy_mIP16STPvPBuddyDBInfoS4_EET0_T_S6_S5_	STPvPBuddyDBInfo* std::__copy_move<true, false, std::random_access_iterator_tag>::__copy_m<STPvPBuddyDBInfo*, STPvPBuddyDBInfo*>(STPvPBuddyDBInfo*, STPvPBuddyDBInfo*, STPvPBuddyDBInfo*)	W	144	144	NEAR	1.0000	libstdcxx/system	1
_ZNSt11__timepunctIcE23_M_initialize_timepunctEP15__locale_struct	std::__timepunct<char>::_M_initialize_timepunct(__locale_struct*)	T	2100	2108	DIFF	0.9879	libstdcxx/system	1
_ZNSt11__timepunctIcEC1EP15__locale_structPKcj	std::__timepunct<char>::__timepunct(__locale_struct*, char const*, unsigned int)	W	237	237	DIFF	0.9853	libstdcxx/system	1
_ZNSt11__timepunctIcEC1EPSt17__timepunct_cacheIcEj	std::__timepunct<char>::__timepunct(std::__timepunct_cache<char>*, unsigned int)	W	93	95	DIFF	0.9286	libstdcxx/system	1
_ZNSt11__timepunctIcEC1Ej	std::__timepunct<char>::__timepunct(unsigned int)	W	94	96	DIFF	0.9259	libstdcxx/system	1
_ZNSt11__timepunctIcEC2EP15__locale_structPKcj	std::__timepunct<char>::__timepunct(__locale_struct*, char const*, unsigned int)	W	237	237	DIFF	0.9853	libstdcxx/system	1
_ZNSt11__timepunctIcEC2EPSt17__timepunct_cacheIcEj	std::__timepunct<char>::__timepunct(std::__timepunct_cache<char>*, unsigned int)	W	93	95	DIFF	0.9286	libstdcxx/system	1
_ZNSt11__timepunctIcEC2Ej	std::__timepunct<char>::__timepunct(unsigned int)	W	94	96	DIFF	0.9259	libstdcxx/system	1
_ZNSt11__timepunctIcED0Ev	std::__timepunct<char>::~__timepunct()	W	31	33	DIFF	0.8333	libstdcxx/system	1
_ZNSt11__timepunctIcED1Ev	std::__timepunct<char>::~__timepunct()	W	102	104	DIFF	0.9444	libstdcxx/system	1
_ZNSt11__timepunctIcED2Ev	std::__timepunct<char>::~__timepunct()	W	102	104	DIFF	0.9444	libstdcxx/system	1
_ZNSt11__timepunctIwE23_M_initialize_timepunctEP15__locale_struct	std::__timepunct<wchar_t>::_M_initialize_timepunct(__locale_struct*)	T	2100	2100	DIFF	0.9927	libstdcxx/system	1
_ZNSt11__timepunctIwEC1EP15__locale_structPKcj	std::__timepunct<wchar_t>::__timepunct(__locale_struct*, char const*, unsigned int)	W	237	237	DIFF	0.9853	libstdcxx/system	1
_ZNSt11__timepunctIwEC1EPSt17__timepunct_cacheIwEj	std::__timepunct<wchar_t>::__timepunct(std::__timepunct_cache<wchar_t>*, unsigned int)	W	93	95	DIFF	0.9286	libstdcxx/system	1
_ZNSt11__timepunctIwEC1Ej	std::__timepunct<wchar_t>::__timepunct(unsigned int)	W	94	96	DIFF	0.9259	libstdcxx/system	1
_ZNSt11__timepunctIwEC2EP15__locale_structPKcj	std::__timepunct<wchar_t>::__timepunct(__locale_struct*, char const*, unsigned int)	W	237	237	DIFF	0.9853	libstdcxx/system	1
_ZNSt11__timepunctIwEC2EPSt17__timepunct_cacheIwEj	std::__timepunct<wchar_t>::__timepunct(std::__timepunct_cache<wchar_t>*, unsigned int)	W	93	95	DIFF	0.9286	libstdcxx/system	1
_ZNSt11__timepunctIwEC2Ej	std::__timepunct<wchar_t>::__timepunct(unsigned int)	W	94	96	DIFF	0.9259	libstdcxx/system	1
_ZNSt11__timepunctIwED0Ev	std::__timepunct<wchar_t>::~__timepunct()	W	31	33	DIFF	0.8333	libstdcxx/system	1
_ZNSt11__timepunctIwED1Ev	std::__timepunct<wchar_t>::~__timepunct()	W	102	104	DIFF	0.9444	libstdcxx/system	1
_ZNSt11__timepunctIwED2Ev	std::__timepunct<wchar_t>::~__timepunct()	W	102	104	DIFF	0.9444	libstdcxx/system	1
_ZNSt11logic_errorC1ERKSs	std::logic_error::logic_error(std::basic_string<char, std::char_traits<char>, std::allocator<char> > const&)	T	62	64	DIFF	0.9048	libstdcxx/system	1
_ZNSt11logic_errorC2ERKSs	std::logic_error::logic_error(std::basic_string<char, std::char_traits<char>, std::allocator<char> > const&)	T	62	64	DIFF	0.9048	libstdcxx/system	1
_ZNSt11logic_errorD0Ev	std::logic_error::~logic_error()	T	31	33	DIFF	0.8333	libstdcxx/system	1
_ZNSt11logic_errorD1Ev	std::logic_error::~logic_error()	T	92	94	DIFF	0.9375	libstdcxx/system	1
_ZNSt11logic_errorD2Ev	std::logic_error::~logic_error()	T	92	94	DIFF	0.9375	libstdcxx/system	1
_ZNSt11range_errorC1ERKSs	std::range_error::range_error(std::basic_string<char, std::char_traits<char>, std::allocator<char> > const&)	T	37	39	DIFF	0.8571	libstdcxx/system	1
_ZNSt11range_errorC2ERKSs	std::range_error::range_error(std::basic_string<char, std::char_traits<char>, std::allocator<char> > const&)	T	37	39	DIFF	0.8571	libstdcxx/system	1
_ZNSt11range_errorD0Ev	std::range_error::~range_error()	W	37	39	DIFF	0.8462	libstdcxx/system	1
_ZNSt11range_errorD1Ev	std::range_error::~range_error()	W	21	22	DIFF	0.8571	libstdcxx/system	1
_ZNSt11range_errorD2Ev	std::range_error::~range_error()	W	21	22	DIFF	0.8571	libstdcxx/system	1
_ZNSt12_Destroy_auxILb0EE9__destroyIPSsEEvT_S3_	void std::_Destroy_aux<false>::__destroy<std::basic_string<char, std::char_traits<char>, std::allocator<char> >*>(std::basic_string<char, std::char_traits<char>, std::allocator<char> >*, std::basic_string<char, std::char_traits<char>, std::allocator<char> >*)	W	38	38	NEAR	1.0000	project	1
_ZNSt12_Destroy_auxILb1EE9__destroyIP16STPvPBuddyDBInfoEEvT_S4_	void std::_Destroy_aux<true>::__destroy<STPvPBuddyDBInfo*>(STPvPBuddyDBInfo*, STPvPBuddyDBInfo*)	W	5	5	IDENTICAL	1.0000	libstdcxx/system	1
_ZNSt12_Vector_baseI16STPvPBuddyDBInfoSaIS0_EE11_M_allocateEj	std::_Vector_base<STPvPBuddyDBInfo, std::allocator<STPvPBuddyDBInfo> >::_M_allocate(unsigned int)	W	47	47	NEAR	1.0000	project	1
_ZNSt12_Vector_baseI16STPvPBuddyDBInfoSaIS0_EE12_Vector_implC1ERKS1_	std::_Vector_base<STPvPBuddyDBInfo, std::allocator<STPvPBuddyDBInfo> >::_Vector_impl::_Vector_impl(std::allocator<STPvPBuddyDBInfo> const&)	W	55	55	NEAR	1.0000	project	1
_ZNSt12_Vector_baseI16STPvPBuddyDBInfoSaIS0_EE12_Vector_implC1Ev	std::_Vector_base<STPvPBuddyDBInfo, std::allocator<STPvPBuddyDBInfo> >::_Vector_impl::_Vector_impl()	W	48	48	NEAR	1.0000	project	1
_ZNSt12_Vector_baseI16STPvPBuddyDBInfoSaIS0_EE12_Vector_implC2ERKS1_	std::_Vector_base<STPvPBuddyDBInfo, std::allocator<STPvPBuddyDBInfo> >::_Vector_impl::_Vector_impl(std::allocator<STPvPBuddyDBInfo> const&)	W	55	55	NEAR	1.0000	project	1
_ZNSt12_Vector_baseI16STPvPBuddyDBInfoSaIS0_EE12_Vector_implC2Ev	std::_Vector_base<STPvPBuddyDBInfo, std::allocator<STPvPBuddyDBInfo> >::_Vector_impl::_Vector_impl()	W	48	48	NEAR	1.0000	project	1
_ZNSt12_Vector_baseI16STPvPBuddyDBInfoSaIS0_EE12_Vector_implD1Ev	std::_Vector_base<STPvPBuddyDBInfo, std::allocator<STPvPBuddyDBInfo> >::_Vector_impl::~_Vector_impl()	W	19	19	NEAR	1.0000	project	1
_ZNSt12_Vector_baseI16STPvPBuddyDBInfoSaIS0_EE12_Vector_implD2Ev	std::_Vector_base<STPvPBuddyDBInfo, std::allocator<STPvPBuddyDBInfo> >::_Vector_impl::~_Vector_impl()	W	19	19	NEAR	1.0000	project	1
_ZNSt12_Vector_baseI16STPvPBuddyDBInfoSaIS0_EE13_M_deallocateEPS0_j	std::_Vector_base<STPvPBuddyDBInfo, std::allocator<STPvPBuddyDBInfo> >::_M_deallocate(STPvPBuddyDBInfo*, unsigned int)	W	39	39	NEAR	1.0000	project	1
_ZNSt12_Vector_baseI16STPvPBuddyDBInfoSaIS0_EE19_M_get_Tp_allocatorEv	std::_Vector_base<STPvPBuddyDBInfo, std::allocator<STPvPBuddyDBInfo> >::_M_get_Tp_allocator()	W	8	8	IDENTICAL	1.0000	project	1
_ZNSt12_Vector_baseI16STPvPBuddyDBInfoSaIS0_EEC1EjRKS1_	std::_Vector_base<STPvPBuddyDBInfo, std::allocator<STPvPBuddyDBInfo> >::_Vector_base(unsigned int, std::allocator<STPvPBuddyDBInfo> const&)	W	113	113	NEAR	1.0000	project	1
_ZNSt12_Vector_baseI16STPvPBuddyDBInfoSaIS0_EEC1Ev	std::_Vector_base<STPvPBuddyDBInfo, std::allocator<STPvPBuddyDBInfo> >::_Vector_base()	W	19	19	NEAR	1.0000	project	1
_ZNSt12_Vector_baseI16STPvPBuddyDBInfoSaIS0_EEC2EjRKS1_	std::_Vector_base<STPvPBuddyDBInfo, std::allocator<STPvPBuddyDBInfo> >::_Vector_base(unsigned int, std::allocator<STPvPBuddyDBInfo> const&)	W	113	113	NEAR	1.0000	project	1
_ZNSt12_Vector_baseI16STPvPBuddyDBInfoSaIS0_EEC2Ev	std::_Vector_base<STPvPBuddyDBInfo, std::allocator<STPvPBuddyDBInfo> >::_Vector_base()	W	19	19	NEAR	1.0000	project	1
_ZNSt12_Vector_baseI16STPvPBuddyDBInfoSaIS0_EED1Ev	std::_Vector_base<STPvPBuddyDBInfo, std::allocator<STPvPBuddyDBInfo> >::~_Vector_base()	W	106	106	NEAR	1.0000	project	1
_ZNSt12_Vector_baseI16STPvPBuddyDBInfoSaIS0_EED2Ev	std::_Vector_base<STPvPBuddyDBInfo, std::allocator<STPvPBuddyDBInfo> >::~_Vector_base()	W	106	106	NEAR	1.0000	project	1
_ZNSt12_Vector_baseISsSaISsEE11_M_allocateEj	std::_Vector_base<std::basic_string<char, std::char_traits<char>, std::allocator<char> >, std::allocator<std::basic_string<char, std::char_traits<char>, std::allocator<char> > > >::_M_allocate(unsigned int)	W	47	47	NEAR	1.0000	project	1
_ZNSt12_Vector_baseISsSaISsEE12_Vector_implC1Ev	std::_Vector_base<std::basic_string<char, std::char_traits<char>, std::allocator<char> >, std::allocator<std::basic_string<char, std::char_traits<char>, std::allocator<char> > > >::_Vector_impl::_Vector_impl()	W	48	48	NEAR	1.0000	project	1
_ZNSt12_Vector_baseISsSaISsEE12_Vector_implC2Ev	std::_Vector_base<std::basic_string<char, std::char_traits<char>, std::allocator<char> >, std::allocator<std::basic_string<char, std::char_traits<char>, std::allocator<char> > > >::_Vector_impl::_Vector_impl()	W	48	48	NEAR	1.0000	project	1
_ZNSt12_Vector_baseISsSaISsEE12_Vector_implD1Ev	std::_Vector_base<std::basic_string<char, std::char_traits<char>, std::allocator<char> >, std::allocator<std::basic_string<char, std::char_traits<char>, std::allocator<char> > > >::_Vector_impl::~_Vector_impl()	W	19	19	NEAR	1.0000	project	1
_ZNSt12_Vector_baseISsSaISsEE12_Vector_implD2Ev	std::_Vector_base<std::basic_string<char, std::char_traits<char>, std::allocator<char> >, std::allocator<std::basic_string<char, std::char_traits<char>, std::allocator<char> > > >::_Vector_impl::~_Vector_impl()	W	19	19	NEAR	1.0000	project	1
_ZNSt12_Vector_baseISsSaISsEE13_M_deallocateEPSsj	std::_Vector_base<std::basic_string<char, std::char_traits<char>, std::allocator<char> >, std::allocator<std::basic_string<char, std::char_traits<char>, std::allocator<char> > > >::_M_deallocate(std::basic_string<char, std::char_traits<char>, std::allocator<char> >*, unsigned int)	W	39	39	NEAR	1.0000	project	1
_ZNSt12_Vector_baseISsSaISsEE19_M_get_Tp_allocatorEv	std::_Vector_base<std::basic_string<char, std::char_traits<char>, std::allocator<char> >, std::allocator<std::basic_string<char, std::char_traits<char>, std::allocator<char> > > >::_M_get_Tp_allocator()	W	8	8	IDENTICAL	1.0000	project	1
_ZNSt12_Vector_baseISsSaISsEEC1Ev	std::_Vector_base<std::basic_string<char, std::char_traits<char>, std::allocator<char> >, std::allocator<std::basic_string<char, std::char_traits<char>, std::allocator<char> > > >::_Vector_base()	W	19	19	NEAR	1.0000	project	1
_ZNSt12_Vector_baseISsSaISsEEC2Ev	std::_Vector_base<std::basic_string<char, std::char_traits<char>, std::allocator<char> >, std::allocator<std::basic_string<char, std::char_traits<char>, std::allocator<char> > > >::_Vector_base()	W	19	19	NEAR	1.0000	project	1
_ZNSt12_Vector_baseISsSaISsEED1Ev	std::_Vector_base<std::basic_string<char, std::char_traits<char>, std::allocator<char> >, std::allocator<std::basic_string<char, std::char_traits<char>, std::allocator<char> > > >::~_Vector_base()	W	103	103	NEAR	1.0000	project	1
_ZNSt12_Vector_baseISsSaISsEED2Ev	std::_Vector_base<std::basic_string<char, std::char_traits<char>, std::allocator<char> >, std::allocator<std::basic_string<char, std::char_traits<char>, std::allocator<char> > > >::~_Vector_base()	W	103	103	NEAR	1.0000	project	1
_ZNSt12__basic_fileIcE2fdEv	std::__basic_file<char>::fd()	T	20	21	DIFF	0.8750	libstdcxx/system	1
_ZNSt12__basic_fileIcE4fileEv	std::__basic_file<char>::file()	T	10	10	IDENTICAL	1.0000	libstdcxx/system	1
_ZNSt12__basic_fileIcE4openEPKcSt13_Ios_Openmodei	std::__basic_file<char>::open(char const*, std::_Ios_Openmode, int)	T	85	85	DIFF	0.9091	libstdcxx/system	1
_ZNSt12__basic_fileIcE4syncEv	std::__basic_file<char>::sync()	T	20	21	DIFF	0.8750	libstdcxx/system	1
_ZNSt12__basic_fileIcE5closeEv	std::__basic_file<char>::close()	T	132	132	DIFF	0.9592	libstdcxx/system	1
_ZNSt12__basic_fileIcE6xsgetnEPci	std::__basic_file<char>::xsgetn(char*, int)	T	84	85	DIFF	0.9189	libstdcxx/system	1
_ZNSt12__basic_fileIcE6xsputnEPKci	std::__basic_file<char>::xsputn(char const*, int)	T	49	50	DIFF	0.9444	libstdcxx/system	1
_ZNSt12__basic_fileIcE7seekoffExSt12_Ios_Seekdir	std::__basic_file<char>::seekoff(long long, std::_Ios_Seekdir)	T	66	67	DIFF	0.9565	libstdcxx/system	1
_ZNSt12__basic_fileIcE8sys_openEP8_IO_FILESt13_Ios_Openmode	std::__basic_file<char>::sys_open(_IO_FILE*, std::_Ios_Openmode)	T	119	119	DIFF	0.9565	libstdcxx/system	1
_ZNSt12__basic_fileIcE8sys_openEiSt13_Ios_Openmode	std::__basic_file<char>::sys_open(int, std::_Ios_Openmode)	T	138	138	DIFF	0.9787	libstdcxx/system	1
_ZNSt12__basic_fileIcE8xsputn_2EPKciS2_i	std::__basic_file<char>::xsputn_2(char const*, int, char const*, int)	T	167	176	DIFF	0.9242	libstdcxx/system	1
_ZNSt12__basic_fileIcE9showmanycEv	std::__basic_file<char>::showmanyc()	T	303	303	DIFF	0.9762	libstdcxx/system	1
_ZNSt12__basic_fileIcEC1EP15pthread_mutex_t	std::__basic_file<char>::__basic_file(pthread_mutex_t*)	T	18	18	IDENTICAL	1.0000	libstdcxx/system	1
_ZNSt12__basic_fileIcEC2EP15pthread_mutex_t	std::__basic_file<char>::__basic_file(pthread_mutex_t*)	T	18	18	IDENTICAL	1.0000	libstdcxx/system	1
_ZNSt12__basic_fileIcED1Ev	std::__basic_file<char>::~__basic_file()	T	12	13	DIFF	0.8000	libstdcxx/system	1
_ZNSt12__basic_fileIcED2Ev	std::__basic_file<char>::~__basic_file()	T	12	13	DIFF	0.8000	libstdcxx/system	1
_ZNSt12__miter_baseIN9__gnu_cxx17__normal_iteratorIP16STPvPBuddyDBInfoSt6vectorIS2_SaIS2_EEEELb0EE3__bES7_	std::__miter_base<__gnu_cxx::__normal_iterator<STPvPBuddyDBInfo*, std::vector<STPvPBuddyDBInfo, std::allocator<STPvPBuddyDBInfo> > >, false>::__b(__gnu_cxx::__normal_iterator<STPvPBuddyDBInfo*, std::vector<STPvPBuddyDBInfo, std::allocator<STPvPBuddyDBInfo> > >)	W	15	15	IDENTICAL	1.0000	libstdcxx/system	1
_ZNSt12__miter_baseIP16STPvPBuddyDBInfoLb0EE3__bES1_	std::__miter_base<STPvPBuddyDBInfo*, false>::__b(STPvPBuddyDBInfo*)	W	8	8	IDENTICAL	1.0000	libstdcxx/system	1
_ZNSt12__miter_baseIPSsLb0EE3__bES0_	std::__miter_base<std::basic_string<char, std::char_traits<char>, std::allocator<char> >*, false>::__b(std::basic_string<char, std::char_traits<char>, std::allocator<char> >*)	W	8	8	IDENTICAL	1.0000	libstdcxx/system	1
_ZNSt12__niter_baseIN9__gnu_cxx17__normal_iteratorIP16STPvPBuddyDBInfoSt6vectorIS2_SaIS2_EEEELb1EE3__bES7_	std::__niter_base<__gnu_cxx::__normal_iterator<STPvPBuddyDBInfo*, std::vector<STPvPBuddyDBInfo, std::allocator<STPvPBuddyDBInfo> > >, true>::__b(__gnu_cxx::__normal_iterator<STPvPBuddyDBInfo*, std::vector<STPvPBuddyDBInfo, std::allocator<STPvPBuddyDBInfo> > >)	W	21	21	NEAR	1.0000	libstdcxx/system	1
_ZNSt12__niter_baseIP16STPvPBuddyDBInfoLb0EE3__bES1_	std::__niter_base<STPvPBuddyDBInfo*, false>::__b(STPvPBuddyDBInfo*)	W	8	8	IDENTICAL	1.0000	libstdcxx/system	1
_ZNSt12__niter_baseIPSsLb0EE3__bES0_	std::__niter_base<std::basic_string<char, std::char_traits<char>, std::allocator<char> >*, false>::__b(std::basic_string<char, std::char_traits<char>, std::allocator<char> >*)	W	8	8	IDENTICAL	1.0000	libstdcxx/system	1
_ZNSt12ctype_bynameIcEC1EPKcj	std::ctype_byname<char>::ctype_byname(char const*, unsigned int)	T	190	190	DIFF	0.9649	libstdcxx/system	1
_ZNSt12ctype_bynameIcEC2EPKcj	std::ctype_byname<char>::ctype_byname(char const*, unsigned int)	T	190	190	DIFF	0.9649	libstdcxx/system	1
_ZNSt12ctype_bynameIcED0Ev	std::ctype_byname<char>::~ctype_byname()	T	31	33	DIFF	0.8333	libstdcxx/system	1
_ZNSt12ctype_bynameIcED1Ev	std::ctype_byname<char>::~ctype_byname()	T	21	22	DIFF	0.8571	libstdcxx/system	1
_ZNSt12ctype_bynameIcED2Ev	std::ctype_byname<char>::~ctype_byname()	T	21	22	DIFF	0.8571	libstdcxx/system	1
_ZNSt12ctype_bynameIwEC1EPKcj	std::ctype_byname<wchar_t>::ctype_byname(char const*, unsigned int)	T	161	161	DIFF	0.9600	libstdcxx/system	1
_ZNSt12ctype_bynameIwEC2EPKcj	std::ctype_byname<wchar_t>::ctype_byname(char const*, unsigned int)	T	161	161	DIFF	0.9600	libstdcxx/system	1
_ZNSt12ctype_bynameIwED0Ev	std::ctype_byname<wchar_t>::~ctype_byname()	T	31	33	DIFF	0.8333	libstdcxx/system	1
_ZNSt12ctype_bynameIwED1Ev	std::ctype_byname<wchar_t>::~ctype_byname()	T	21	22	DIFF	0.8571	libstdcxx/system	1
_ZNSt12ctype_bynameIwED2Ev	std::ctype_byname<wchar_t>::~ctype_byname()	T	21	22	DIFF	0.8571	libstdcxx/system	1
_ZNSt12domain_errorC1ERKSs	std::domain_error::domain_error(std::basic_string<char, std::char_traits<char>, std::allocator<char> > const&)	T	37	39	DIFF	0.8571	libstdcxx/system	1
_ZNSt12domain_errorC2ERKSs	std::domain_error::domain_error(std::basic_string<char, std::char_traits<char>, std::allocator<char> > const&)	T	37	39	DIFF	0.8571	libstdcxx/system	1
_ZNSt12domain_errorD0Ev	std::domain_error::~domain_error()	W	37	39	DIFF	0.8462	libstdcxx/system	1
_ZNSt12domain_errorD1Ev	std::domain_error::~domain_error()	W	21	22	DIFF	0.8571	libstdcxx/system	1
_ZNSt12domain_errorD2Ev	std::domain_error::~domain_error()	W	21	22	DIFF	0.8571	libstdcxx/system	1
_ZNSt12length_errorC1ERKSs	std::length_error::length_error(std::basic_string<char, std::char_traits<char>, std::allocator<char> > const&)	T	37	39	DIFF	0.8571	libstdcxx/system	1
_ZNSt12length_errorC2ERKSs	std::length_error::length_error(std::basic_string<char, std::char_traits<char>, std::allocator<char> > const&)	T	37	39	DIFF	0.8571	libstdcxx/system	1
_ZNSt12length_errorD0Ev	std::length_error::~length_error()	W	37	39	DIFF	0.8462	libstdcxx/system	1
_ZNSt12length_errorD1Ev	std::length_error::~length_error()	W	21	22	DIFF	0.8571	libstdcxx/system	1
_ZNSt12length_errorD2Ev	std::length_error::~length_error()	W	21	22	DIFF	0.8571	libstdcxx/system	1
_ZNSt12out_of_rangeC1ERKSs	std::out_of_range::out_of_range(std::basic_string<char, std::char_traits<char>, std::allocator<char> > const&)	T	37	39	DIFF	0.8571	libstdcxx/system	1
_ZNSt12out_of_rangeC2ERKSs	std::out_of_range::out_of_range(std::basic_string<char, std::char_traits<char>, std::allocator<char> > const&)	T	37	39	DIFF	0.8571	libstdcxx/system	1
_ZNSt12out_of_rangeD0Ev	std::out_of_range::~out_of_range()	W	37	39	DIFF	0.8462	libstdcxx/system	1
_ZNSt12out_of_rangeD1Ev	std::out_of_range::~out_of_range()	W	21	22	DIFF	0.8571	libstdcxx/system	1
_ZNSt12out_of_rangeD2Ev	std::out_of_range::~out_of_range()	W	21	22	DIFF	0.8571	libstdcxx/system	1
_ZNSt12system_errorD0Ev	std::system_error::~system_error()	T	31	33	DIFF	0.8333	libstdcxx/system	1
_ZNSt12system_errorD1Ev	std::system_error::~system_error()	T	21	22	DIFF	0.8571	libstdcxx/system	1
_ZNSt12system_errorD2Ev	std::system_error::~system_error()	T	21	22	DIFF	0.8571	libstdcxx/system	1
_ZNSt13_Rb_tree_nodeISt4pairIKSsP5CFLogEEC1IIRKS4_EEEDpOT_	std::_Rb_tree_node<std::pair<std::basic_string<char, std::char_traits<char>, std::allocator<char> > const, CFLog*> >::_Rb_tree_node<std::pair<std::basic_string<char, std::char_traits<char>, std::allocator<char> > const, CFLog*> const&>(std::pair<std::basic_string<char, std::char_traits<char>, std::allocator<char> > const, CFLog*> const&)	W	76	76	NEAR	1.0000	libstdcxx/system	1
_ZNSt13_Rb_tree_nodeISt4pairIKSsP5CFLogEEC2IIRKS4_EEEDpOT_	std::_Rb_tree_node<std::pair<std::basic_string<char, std::char_traits<char>, std::allocator<char> > const, CFLog*> >::_Rb_tree_node<std::pair<std::basic_string<char, std::char_traits<char>, std::allocator<char> > const, CFLog*> const&>(std::pair<std::basic_string<char, std::char_traits<char>, std::allocator<char> > const, CFLog*> const&)	W	76	76	NEAR	1.0000	libstdcxx/system	1
_ZNSt13_Rb_tree_nodeISt4pairIKSsP5CFLogEED1Ev	std::_Rb_tree_node<std::pair<std::basic_string<char, std::char_traits<char>, std::allocator<char> > const, CFLog*> >::~_Rb_tree_node()	W	22	22	NEAR	1.0000	libstdcxx/system	1
_ZNSt13_Rb_tree_nodeISt4pairIKSsP5CFLogEED2Ev	std::_Rb_tree_node<std::pair<std::basic_string<char, std::char_traits<char>, std::allocator<char> > const, CFLog*> >::~_Rb_tree_node()	W	22	22	NEAR	1.0000	libstdcxx/system	1
_ZNSt13_Rb_tree_nodeISt4pairIKSsSsEEC1IIRKS2_EEEDpOT_	std::_Rb_tree_node<std::pair<std::basic_string<char, std::char_traits<char>, std::allocator<char> > const, std::basic_string<char, std::char_traits<char>, std::allocator<char> > > >::_Rb_tree_node<std::pair<std::basic_string<char, std::char_traits<char>, std::allocator<char> > const, std::basic_string<char, std::char_traits<char>, std::allocator<char> > > const&>(std::pair<std::basic_string<char, std::char_traits<char>, std::allocator<char> > const, std::basic_string<char, std::char_traits<char>, std::allocator<char> > > const&)	W	76	76	NEAR	1.0000	libstdcxx/system	1
_ZNSt13_Rb_tree_nodeISt4pairIKSsSsEEC2IIRKS2_EEEDpOT_	std::_Rb_tree_node<std::pair<std::basic_string<char, std::char_traits<char>, std::allocator<char> > const, std::basic_string<char, std::char_traits<char>, std::allocator<char> > > >::_Rb_tree_node<std::pair<std::basic_string<char, std::char_traits<char>, std::allocator<char> > const, std::basic_string<char, std::char_traits<char>, std::allocator<char> > > const&>(std::pair<std::basic_string<char, std::char_traits<char>, std::allocator<char> > const, std::basic_string<char, std::char_traits<char>, std::allocator<char> > > const&)	W	76	76	NEAR	1.0000	libstdcxx/system	1
_ZNSt13_Rb_tree_nodeISt4pairIKSsSsEED1Ev	std::_Rb_tree_node<std::pair<std::basic_string<char, std::char_traits<char>, std::allocator<char> > const, std::basic_string<char, std::char_traits<char>, std::allocator<char> > > >::~_Rb_tree_node()	W	22	22	NEAR	1.0000	libstdcxx/system	1
_ZNSt13_Rb_tree_nodeISt4pairIKSsSsEED2Ev	std::_Rb_tree_node<std::pair<std::basic_string<char, std::char_traits<char>, std::allocator<char> > const, std::basic_string<char, std::char_traits<char>, std::allocator<char> > > >::~_Rb_tree_node()	W	22	22	NEAR	1.0000	libstdcxx/system	1
_ZNSt13_Rb_tree_nodeISt4pairIKi13stSessionInfoEED1Ev	std::_Rb_tree_node<std::pair<int const, stSessionInfo> >::~_Rb_tree_node()	W	5	5	IDENTICAL	1.0000	libstdcxx/system	1
_ZNSt13_Rb_tree_nodeISt4pairIKi13stSessionInfoEED2Ev	std::_Rb_tree_node<std::pair<int const, stSessionInfo> >::~_Rb_tree_node()	W	5	5	IDENTICAL	1.0000	libstdcxx/system	1
_ZNSt13_Rb_tree_nodeISt4pairIKj5CUserEEC1IIRKS3_EEEDpOT_	std::_Rb_tree_node<std::pair<unsigned int const, CUser> >::_Rb_tree_node<std::pair<unsigned int const, CUser> const&>(std::pair<unsigned int const, CUser> const&)	W	76	76	NEAR	1.0000	libstdcxx/system	1
_ZNSt13_Rb_tree_nodeISt4pairIKj5CUserEEC2IIRKS3_EEEDpOT_	std::_Rb_tree_node<std::pair<unsigned int const, CUser> >::_Rb_tree_node<std::pair<unsigned int const, CUser> const&>(std::pair<unsigned int const, CUser> const&)	W	76	76	NEAR	1.0000	libstdcxx/system	1
_ZNSt13_Rb_tree_nodeISt4pairIKj5CUserEED1Ev	std::_Rb_tree_node<std::pair<unsigned int const, CUser> >::~_Rb_tree_node()	W	22	22	NEAR	1.0000	libstdcxx/system	1
_ZNSt13_Rb_tree_nodeISt4pairIKj5CUserEED2Ev	std::_Rb_tree_node<std::pair<unsigned int const, CUser> >::~_Rb_tree_node()	W	22	22	NEAR	1.0000	libstdcxx/system	1
_ZNSt13_Rb_tree_nodeISt4pairIKtPFiP15ISessionManagerP15CNetworkSessionP12PacketHeaderEEEC1IIRKSA_EEEDpOT_	std::_Rb_tree_node<std::pair<unsigned short const, int (*)(ISessionManager*, CNetworkSession*, PacketHeader*)> >::_Rb_tree_node<std::pair<unsigned short const, int (*)(ISessionManager*, CNetworkSession*, PacketHeader*)> const&>(std::pair<unsigned short const, int (*)(ISessionManager*, CNetworkSession*, PacketHeader*)> const&)	W	72	72	NEAR	1.0000	libstdcxx/system	1
_ZNSt13_Rb_tree_nodeISt4pairIKtPFiP15ISessionManagerP15CNetworkSessionP12PacketHeaderEEEC2IIRKSA_EEEDpOT_	std::_Rb_tree_node<std::pair<unsigned short const, int (*)(ISessionManager*, CNetworkSession*, PacketHeader*)> >::_Rb_tree_node<std::pair<unsigned short const, int (*)(ISessionManager*, CNetworkSession*, PacketHeader*)> const&>(std::pair<unsigned short const, int (*)(ISessionManager*, CNetworkSession*, PacketHeader*)> const&)	W	72	72	NEAR	1.0000	libstdcxx/system	1
_ZNSt13_Rb_tree_nodeISt4pairIKtPFiP15ISessionManagerP15CNetworkSessionP12PacketHeaderEEED1Ev	std::_Rb_tree_node<std::pair<unsigned short const, int (*)(ISessionManager*, CNetworkSession*, PacketHeader*)> >::~_Rb_tree_node()	W	5	5	IDENTICAL	1.0000	libstdcxx/system	1
_ZNSt13_Rb_tree_nodeISt4pairIKtPFiP15ISessionManagerP15CNetworkSessionP12PacketHeaderEEED2Ev	std::_Rb_tree_node<std::pair<unsigned short const, int (*)(ISessionManager*, CNetworkSession*, PacketHeader*)> >::~_Rb_tree_node()	W	5	5	IDENTICAL	1.0000	libstdcxx/system	1
_ZNSt13bad_exceptionD0Ev	std::bad_exception::~bad_exception()	T	52	53	DIFF	0.9412	libstdcxx/system	1
_ZNSt13bad_exceptionD1Ev	std::bad_exception::~bad_exception()	T	46	48	DIFF	0.8750	libstdcxx/system	1
_ZNSt13bad_exceptionD2Ev	std::bad_exception::~bad_exception()	T	46	48	DIFF	0.8750	libstdcxx/system	1
_ZNSt13basic_filebufIcSt11char_traitsIcEE13_M_set_bufferEi	std::basic_filebuf<char, std::char_traits<char> >::_M_set_buffer(int)	W	141	141	DIFF	0.9592	libstdcxx/system	1
_ZNSt13basic_filebufIcSt11char_traitsIcEE15_M_create_pbackEv	std::basic_filebuf<char, std::char_traits<char> >::_M_create_pback()	W	45	45	NEAR	1.0000	libstdcxx/system	1
_ZNSt13basic_filebufIcSt11char_traitsIcEE16_M_destroy_pbackEv	std::basic_filebuf<char, std::char_traits<char> >::_M_destroy_pback()	W	53	53	DIFF	1.0000	libstdcxx/system	1
_ZNSt13basic_filebufIcSt11char_traitsIcEE19_M_terminate_outputEv	std::basic_filebuf<char, std::char_traits<char> >::_M_terminate_output()	W	479	479	DIFF	0.9847	libstdcxx/system	1
_ZNSt13basic_filebufIcSt11char_traitsIcEE22_M_convert_to_externalEPci	std::basic_filebuf<char, std::char_traits<char> >::_M_convert_to_external(char*, int)	W	453	453	DIFF	0.9859	libstdcxx/system	1
_ZNSt13basic_filebufIcSt11char_traitsIcEE26_M_destroy_internal_bufferEv	std::basic_filebuf<char, std::char_traits<char> >::_M_destroy_internal_buffer()	W	97	99	DIFF	0.9259	libstdcxx/system	1
_ZNSt13basic_filebufIcSt11char_traitsIcEE27_M_allocate_internal_bufferEv	std::basic_filebuf<char, std::char_traits<char> >::_M_allocate_internal_buffer()	W	52	52	DIFF	0.9048	libstdcxx/system	1
_ZNSt13basic_filebufIcSt11char_traitsIcEE4openEPKcSt13_Ios_Openmode	std::basic_filebuf<char, std::char_traits<char> >::open(char const*, std::_Ios_Openmode)	W	290	290	DIFF	0.9759	libstdcxx/system	1
_ZNSt13basic_filebufIcSt11char_traitsIcEE4openERKSsSt13_Ios_Openmode	std::basic_filebuf<char, std::char_traits<char> >::open(std::basic_string<char, std::char_traits<char>, std::allocator<char> > const&, std::_Ios_Openmode)	W	20	21	DIFF	0.8750	libstdcxx/system	1
_ZNSt13basic_filebufIcSt11char_traitsIcEE4syncEv	std::basic_filebuf<char, std::char_traits<char> >::sync()	W	49	49	DIFF	0.9474	libstdcxx/system	1
_ZNSt13basic_filebufIcSt11char_traitsIcEE5closeEv	std::basic_filebuf<char, std::char_traits<char> >::close()	W	349	349	DIFF	0.9806	libstdcxx/system	1
_ZNSt13basic_filebufIcSt11char_traitsIcEE5imbueERKSt6locale	std::basic_filebuf<char, std::char_traits<char> >::imbue(std::locale const&)	W	538	538	DIFF	0.9867	libstdcxx/system	1
_ZNSt13basic_filebufIcSt11char_traitsIcEE6setbufEPci	std::basic_filebuf<char, std::char_traits<char> >::setbuf(char*, int)	W	127	127	DIFF	0.9787	libstdcxx/system	1
_ZNSt13basic_filebufIcSt11char_traitsIcEE6xsgetnEPci	std::basic_filebuf<char, std::char_traits<char> >::xsgetn(char*, int)	W	579	588	DIFF	0.9323	libstdcxx/system	1
_ZNSt13basic_filebufIcSt11char_traitsIcEE6xsputnEPKci	std::basic_filebuf<char, std::char_traits<char> >::xsputn(char const*, int)	W	275	283	DIFF	0.9101	libstdcxx/system	1
_ZNSt13basic_filebufIcSt11char_traitsIcEE7_M_seekExSt12_Ios_Seekdir11__mbstate_t	std::basic_filebuf<char, std::char_traits<char> >::_M_seek(long long, std::_Ios_Seekdir, __mbstate_t)	W	271	279	DIFF	0.9610	libstdcxx/system	1
_ZNSt13basic_filebufIcSt11char_traitsIcEE7seekoffExSt12_Ios_SeekdirSt13_Ios_Openmode	std::basic_filebuf<char, std::char_traits<char> >::seekoff(long long, std::_Ios_Seekdir, std::_Ios_Openmode)	W	533	533	DIFF	0.9878	libstdcxx/system	1
_ZNSt13basic_filebufIcSt11char_traitsIcEE7seekposESt4fposI11__mbstate_tESt13_Ios_Openmode	std::basic_filebuf<char, std::char_traits<char> >::seekpos(std::fpos<__mbstate_t>, std::_Ios_Openmode)	W	231	231	DIFF	0.9718	libstdcxx/system	1
_ZNSt13basic_filebufIcSt11char_traitsIcEE8overflowEi	std::basic_filebuf<char, std::char_traits<char> >::overflow(int)	W	258	258	DIFF	0.9880	libstdcxx/system	1
_ZNSt13basic_filebufIcSt11char_traitsIcEE9pbackfailEi	std::basic_filebuf<char, std::char_traits<char> >::pbackfail(int)	W	270	270	DIFF	0.9762	libstdcxx/system	1
_ZNSt13basic_filebufIcSt11char_traitsIcEE9showmanycEv	std::basic_filebuf<char, std::char_traits<char> >::showmanyc()	W	181	181	DIFF	0.9848	libstdcxx/system	1
_ZNSt13basic_filebufIcSt11char_traitsIcEE9underflowEv	std::basic_filebuf<char, std::char_traits<char> >::underflow()	W	996	1035	DIFF	0.9038	libstdcxx/system	1
_ZNSt13basic_filebufIcSt11char_traitsIcEEC1Ev	std::basic_filebuf<char, std::char_traits<char> >::basic_filebuf()	W	321	322	DIFF	0.8974	libstdcxx/system	1
_ZNSt13basic_filebufIcSt11char_traitsIcEEC2Ev	std::basic_filebuf<char, std::char_traits<char> >::basic_filebuf()	W	321	322	DIFF	0.8974	libstdcxx/system	1
_ZNSt13basic_filebufIcSt11char_traitsIcEED0Ev	std::basic_filebuf<char, std::char_traits<char> >::~basic_filebuf()	W	31	33	DIFF	0.8333	libstdcxx/system	1
_ZNSt13basic_filebufIcSt11char_traitsIcEED1Ev	std::basic_filebuf<char, std::char_traits<char> >::~basic_filebuf()	W	99	100	DIFF	0.9333	libstdcxx/system	1
_ZNSt13basic_filebufIcSt11char_traitsIcEED2Ev	std::basic_filebuf<char, std::char_traits<char> >::~basic_filebuf()	W	99	100	DIFF	0.9333	libstdcxx/system	1
_ZNSt13basic_filebufIwSt11char_traitsIwEE13_M_set_bufferEi	std::basic_filebuf<wchar_t, std::char_traits<wchar_t> >::_M_set_buffer(int)	W	141	141	DIFF	0.9592	libstdcxx/system	1
_ZNSt13basic_filebufIwSt11char_traitsIwEE15_M_create_pbackEv	std::basic_filebuf<wchar_t, std::char_traits<wchar_t> >::_M_create_pback()	W	45	45	NEAR	1.0000	libstdcxx/system	1
_ZNSt13basic_filebufIwSt11char_traitsIwEE16_M_destroy_pbackEv	std::basic_filebuf<wchar_t, std::char_traits<wchar_t> >::_M_destroy_pback()	W	56	56	DIFF	1.0000	libstdcxx/system	1
_ZNSt13basic_filebufIwSt11char_traitsIwEE19_M_terminate_outputEv	std::basic_filebuf<wchar_t, std::char_traits<wchar_t> >::_M_terminate_output()	W	479	479	DIFF	0.9847	libstdcxx/system	1
_ZNSt13basic_filebufIwSt11char_traitsIwEE22_M_convert_to_externalEPwi	std::basic_filebuf<wchar_t, std::char_traits<wchar_t> >::_M_convert_to_external(wchar_t*, int)	W	467	466	DIFF	0.9932	libstdcxx/system	1
_ZNSt13basic_filebufIwSt11char_traitsIwEE26_M_destroy_internal_bufferEv	std::basic_filebuf<wchar_t, std::char_traits<wchar_t> >::_M_destroy_internal_buffer()	W	100	102	DIFF	0.9259	libstdcxx/system	1
_ZNSt13basic_filebufIwSt11char_traitsIwEE27_M_allocate_internal_bufferEv	std::basic_filebuf<wchar_t, std::char_traits<wchar_t> >::_M_allocate_internal_buffer()	W	55	55	DIFF	0.9091	libstdcxx/system	1
_ZNSt13basic_filebufIwSt11char_traitsIwEE4openEPKcSt13_Ios_Openmode	std::basic_filebuf<wchar_t, std::char_traits<wchar_t> >::open(char const*, std::_Ios_Openmode)	W	290	290	DIFF	0.9759	libstdcxx/system	1
_ZNSt13basic_filebufIwSt11char_traitsIwEE4openERKSsSt13_Ios_Openmode	std::basic_filebuf<wchar_t, std::char_traits<wchar_t> >::open(std::basic_string<char, std::char_traits<char>, std::allocator<char> > const&, std::_Ios_Openmode)	W	20	21	DIFF	0.8750	libstdcxx/system	1
_ZNSt13basic_filebufIwSt11char_traitsIwEE4syncEv	std::basic_filebuf<wchar_t, std::char_traits<wchar_t> >::sync()	W	49	49	DIFF	0.9474	libstdcxx/system	1
_ZNSt13basic_filebufIwSt11char_traitsIwEE5closeEv	std::basic_filebuf<wchar_t, std::char_traits<wchar_t> >::close()	W	349	349	DIFF	0.9806	libstdcxx/system	1
_ZNSt13basic_filebufIwSt11char_traitsIwEE5imbueERKSt6locale	std::basic_filebuf<wchar_t, std::char_traits<wchar_t> >::imbue(std::locale const&)	W	538	538	DIFF	0.9867	libstdcxx/system	1
_ZNSt13basic_filebufIwSt11char_traitsIwEE6setbufEPwi	std::basic_filebuf<wchar_t, std::char_traits<wchar_t> >::setbuf(wchar_t*, int)	W	127	127	DIFF	0.9787	libstdcxx/system	1
_ZNSt13basic_filebufIwSt11char_traitsIwEE6xsgetnEPwi	std::basic_filebuf<wchar_t, std::char_traits<wchar_t> >::xsgetn(wchar_t*, int)	W	599	600	DIFF	0.9340	libstdcxx/system	1
_ZNSt13basic_filebufIwSt11char_traitsIwEE6xsputnEPKwi	std::basic_filebuf<wchar_t, std::char_traits<wchar_t> >::xsputn(wchar_t const*, int)	W	283	291	DIFF	0.9231	libstdcxx/system	1
_ZNSt13basic_filebufIwSt11char_traitsIwEE7_M_seekExSt12_Ios_Seekdir11__mbstate_t	std::basic_filebuf<wchar_t, std::char_traits<wchar_t> >::_M_seek(long long, std::_Ios_Seekdir, __mbstate_t)	W	271	279	DIFF	0.9610	libstdcxx/system	1
_ZNSt13basic_filebufIwSt11char_traitsIwEE7seekoffExSt12_Ios_SeekdirSt13_Ios_Openmode	std::basic_filebuf<wchar_t, std::char_traits<wchar_t> >::seekoff(long long, std::_Ios_Seekdir, std::_Ios_Openmode)	W	538	538	DIFF	0.9881	libstdcxx/system	1
_ZNSt13basic_filebufIwSt11char_traitsIwEE7seekposESt4fposI11__mbstate_tESt13_Ios_Openmode	std::basic_filebuf<wchar_t, std::char_traits<wchar_t> >::seekpos(std::fpos<__mbstate_t>, std::_Ios_Openmode)	W	199	207	DIFF	0.9677	libstdcxx/system	1
_ZNSt13basic_filebufIwSt11char_traitsIwEE8overflowEj	std::basic_filebuf<wchar_t, std::char_traits<wchar_t> >::overflow(unsigned int)	W	246	246	DIFF	0.9643	libstdcxx/system	1
_ZNSt13basic_filebufIwSt11char_traitsIwEE9pbackfailEj	std::basic_filebuf<wchar_t, std::char_traits<wchar_t> >::pbackfail(unsigned int)	W	270	270	DIFF	0.9762	libstdcxx/system	1
_ZNSt13basic_filebufIwSt11char_traitsIwEE9showmanycEv	std::basic_filebuf<wchar_t, std::char_traits<wchar_t> >::showmanyc()	W	181	181	DIFF	0.9552	libstdcxx/system	1
_ZNSt13basic_filebufIwSt11char_traitsIwEE9underflowEv	std::basic_filebuf<wchar_t, std::char_traits<wchar_t> >::underflow()	W	1007	1043	DIFF	0.9044	libstdcxx/system	1
_ZNSt13basic_filebufIwSt11char_traitsIwEEC1Ev	std::basic_filebuf<wchar_t, std::char_traits<wchar_t> >::basic_filebuf()	W	329	330	DIFF	0.9103	libstdcxx/system	1
_ZNSt13basic_filebufIwSt11char_traitsIwEEC2Ev	std::basic_filebuf<wchar_t, std::char_traits<wchar_t> >::basic_filebuf()	W	329	330	DIFF	0.9103	libstdcxx/system	1
_ZNSt13basic_filebufIwSt11char_traitsIwEED0Ev	std::basic_filebuf<wchar_t, std::char_traits<wchar_t> >::~basic_filebuf()	W	107	108	DIFF	0.9688	libstdcxx/system	1
_ZNSt13basic_filebufIwSt11char_traitsIwEED1Ev	std::basic_filebuf<wchar_t, std::char_traits<wchar_t> >::~basic_filebuf()	W	99	100	DIFF	0.9333	libstdcxx/system	1
_ZNSt13basic_filebufIwSt11char_traitsIwEED2Ev	std::basic_filebuf<wchar_t, std::char_traits<wchar_t> >::~basic_filebuf()	W	99	100	DIFF	0.9333	libstdcxx/system	1
_ZNSt13basic_fstreamIcSt11char_traitsIcEE4openEPKcSt13_Ios_Openmode	std::basic_fstream<char, std::char_traits<char> >::open(char const*, std::_Ios_Openmode)	W	91	100	DIFF	0.8788	libstdcxx/system	1
_ZNSt13basic_fstreamIcSt11char_traitsIcEE4openERKSsSt13_Ios_Openmode	std::basic_fstream<char, std::char_traits<char> >::open(std::basic_string<char, std::char_traits<char>, std::allocator<char> > const&, std::_Ios_Openmode)	W	99	100	DIFF	0.9118	libstdcxx/system	1
_ZNSt13basic_fstreamIcSt11char_traitsIcEE5closeEv	std::basic_fstream<char, std::char_traits<char> >::close()	W	61	70	DIFF	0.8462	libstdcxx/system	1
_ZNSt13basic_fstreamIcSt11char_traitsIcEE7is_openEv	std::basic_fstream<char, std::char_traits<char> >::is_open()	W	45	45	DIFF	0.8750	libstdcxx/system	1
_ZNSt13basic_fstreamIcSt11char_traitsIcEEC1EPKcSt13_Ios_Openmode	std::basic_fstream<char, std::char_traits<char> >::basic_fstream(char const*, std::_Ios_Openmode)	W	422	424	DIFF	0.9820	libstdcxx/system	1
_ZNSt13basic_fstreamIcSt11char_traitsIcEEC1ERKSsSt13_Ios_Openmode	std::basic_fstream<char, std::char_traits<char> >::basic_fstream(std::basic_string<char, std::char_traits<char>, std::allocator<char> > const&, std::_Ios_Openmode)	W	430	432	DIFF	0.9823	libstdcxx/system	1
_ZNSt13basic_fstreamIcSt11char_traitsIcEEC1Ev	std::basic_fstream<char, std::char_traits<char> >::basic_fstream()	W	339	340	DIFF	0.9880	libstdcxx/system	1
_ZNSt13basic_fstreamIcSt11char_traitsIcEEC2EPKcSt13_Ios_Openmode	std::basic_fstream<char, std::char_traits<char> >::basic_fstream(char const*, std::_Ios_Openmode)	W	324	326	DIFF	0.9813	libstdcxx/system	1
_ZNSt13basic_fstreamIcSt11char_traitsIcEEC2ERKSsSt13_Ios_Openmode	std::basic_fstream<char, std::char_traits<char> >::basic_fstream(std::basic_string<char, std::char_traits<char>, std::allocator<char> > const&, std::_Ios_Openmode)	W	332	334	DIFF	0.9907	libstdcxx/system	1
_ZNSt13basic_fstreamIcSt11char_traitsIcEEC2Ev	std::basic_fstream<char, std::char_traits<char> >::basic_fstream()	W	241	241	DIFF	0.9872	libstdcxx/system	1
_ZNSt13basic_fstreamIcSt11char_traitsIcEED0Ev	std::basic_fstream<char, std::char_traits<char> >::~basic_fstream()	W	185	187	DIFF	0.9565	libstdcxx/system	1
_ZNSt13basic_fstreamIcSt11char_traitsIcEED1Ev	std::basic_fstream<char, std::char_traits<char> >::~basic_fstream()	W	253	254	DIFF	0.9677	libstdcxx/system	1
_ZNSt13basic_fstreamIcSt11char_traitsIcEED2Ev	std::basic_fstream<char, std::char_traits<char> >::~basic_fstream()	W	205	206	DIFF	0.9524	libstdcxx/system	1
_ZNSt13basic_fstreamIwSt11char_traitsIwEE4openEPKcSt13_Ios_Openmode	std::basic_fstream<wchar_t, std::char_traits<wchar_t> >::open(char const*, std::_Ios_Openmode)	W	91	100	DIFF	0.8788	libstdcxx/system	1
_ZNSt13basic_fstreamIwSt11char_traitsIwEE4openERKSsSt13_Ios_Openmode	std::basic_fstream<wchar_t, std::char_traits<wchar_t> >::open(std::basic_string<char, std::char_traits<char>, std::allocator<char> > const&, std::_Ios_Openmode)	W	99	100	DIFF	0.9118	libstdcxx/system	1
_ZNSt13basic_fstreamIwSt11char_traitsIwEE5closeEv	std::basic_fstream<wchar_t, std::char_traits<wchar_t> >::close()	W	61	70	DIFF	0.8462	libstdcxx/system	1
_ZNSt13basic_fstreamIwSt11char_traitsIwEE7is_openEv	std::basic_fstream<wchar_t, std::char_traits<wchar_t> >::is_open()	W	45	45	DIFF	0.8750	libstdcxx/system	1
_ZNSt13basic_fstreamIwSt11char_traitsIwEEC1EPKcSt13_Ios_Openmode	std::basic_fstream<wchar_t, std::char_traits<wchar_t> >::basic_fstream(char const*, std::_Ios_Openmode)	W	430	432	DIFF	0.9821	libstdcxx/system	1
_ZNSt13basic_fstreamIwSt11char_traitsIwEEC1ERKSsSt13_Ios_Openmode	std::basic_fstream<wchar_t, std::char_traits<wchar_t> >::basic_fstream(std::basic_string<char, std::char_traits<char>, std::allocator<char> > const&, std::_Ios_Openmode)	W	430	432	DIFF	0.9821	libstdcxx/system	1
_ZNSt13basic_fstreamIwSt11char_traitsIwEEC1Ev	std::basic_fstream<wchar_t, std::char_traits<wchar_t> >::basic_fstream()	W	345	346	DIFF	0.9880	libstdcxx/system	1
_ZNSt13basic_fstreamIwSt11char_traitsIwEEC2EPKcSt13_Ios_Openmode	std::basic_fstream<wchar_t, std::char_traits<wchar_t> >::basic_fstream(char const*, std::_Ios_Openmode)	W	324	326	DIFF	0.9813	libstdcxx/system	1
_ZNSt13basic_fstreamIwSt11char_traitsIwEEC2ERKSsSt13_Ios_Openmode	std::basic_fstream<wchar_t, std::char_traits<wchar_t> >::basic_fstream(std::basic_string<char, std::char_traits<char>, std::allocator<char> > const&, std::_Ios_Openmode)	W	332	334	DIFF	0.9907	libstdcxx/system	1
_ZNSt13basic_fstreamIwSt11char_traitsIwEEC2Ev	std::basic_fstream<wchar_t, std::char_traits<wchar_t> >::basic_fstream()	W	241	241	DIFF	0.9872	libstdcxx/system	1
_ZNSt13basic_fstreamIwSt11char_traitsIwEED0Ev	std::basic_fstream<wchar_t, std::char_traits<wchar_t> >::~basic_fstream()	W	185	187	DIFF	0.9565	libstdcxx/system	1
_ZNSt13basic_fstreamIwSt11char_traitsIwEED1Ev	std::basic_fstream<wchar_t, std::char_traits<wchar_t> >::~basic_fstream()	W	253	254	DIFF	0.9677	libstdcxx/system	1
_ZNSt13basic_fstreamIwSt11char_traitsIwEED2Ev	std::basic_fstream<wchar_t, std::char_traits<wchar_t> >::~basic_fstream()	W	205	206	DIFF	0.9524	libstdcxx/system	1
_ZNSt13basic_istreamIwSt11char_traitsIwEE10_M_extractIPvEERS2_RT_	std::basic_istream<wchar_t, std::char_traits<wchar_t> >& std::basic_istream<wchar_t, std::char_traits<wchar_t> >::_M_extract<void*>(void*&)	W	314	313	DIFF	0.9778	libstdcxx/system	1
_ZNSt13basic_istreamIwSt11char_traitsIwEE10_M_extractIbEERS2_RT_	std::basic_istream<wchar_t, std::char_traits<wchar_t> >& std::basic_istream<wchar_t, std::char_traits<wchar_t> >::_M_extract<bool>(bool&)	W	314	313	DIFF	0.9778	libstdcxx/system	1
_ZNSt13basic_istreamIwSt11char_traitsIwEE10_M_extractIdEERS2_RT_	std::basic_istream<wchar_t, std::char_traits<wchar_t> >& std::basic_istream<wchar_t, std::char_traits<wchar_t> >::_M_extract<double>(double&)	W	314	313	DIFF	0.9778	libstdcxx/system	1
_ZNSt13basic_istreamIwSt11char_traitsIwEE10_M_extractIeEERS2_RT_	std::basic_istream<wchar_t, std::char_traits<wchar_t> >& std::basic_istream<wchar_t, std::char_traits<wchar_t> >::_M_extract<long double>(long double&)	W	314	313	DIFF	0.9778	libstdcxx/system	1
_ZNSt13basic_istreamIwSt11char_traitsIwEE10_M_extractIfEERS2_RT_	std::basic_istream<wchar_t, std::char_traits<wchar_t> >& std::basic_istream<wchar_t, std::char_traits<wchar_t> >::_M_extract<float>(float&)	W	314	313	DIFF	0.9778	libstdcxx/system	1
_ZNSt13basic_istreamIwSt11char_traitsIwEE10_M_extractIjEERS2_RT_	std::basic_istream<wchar_t, std::char_traits<wchar_t> >& std::basic_istream<wchar_t, std::char_traits<wchar_t> >::_M_extract<unsigned int>(unsigned int&)	W	314	313	DIFF	0.9778	libstdcxx/system	1
_ZNSt13basic_istreamIwSt11char_traitsIwEE10_M_extractIlEERS2_RT_	std::basic_istream<wchar_t, std::char_traits<wchar_t> >& std::basic_istream<wchar_t, std::char_traits<wchar_t> >::_M_extract<long>(long&)	W	314	313	DIFF	0.9778	libstdcxx/system	1
_ZNSt13basic_istreamIwSt11char_traitsIwEE10_M_extractImEERS2_RT_	std::basic_istream<wchar_t, std::char_traits<wchar_t> >& std::basic_istream<wchar_t, std::char_traits<wchar_t> >::_M_extract<unsigned long>(unsigned long&)	W	314	313	DIFF	0.9778	libstdcxx/system	1
_ZNSt13basic_istreamIwSt11char_traitsIwEE10_M_extractItEERS2_RT_	std::basic_istream<wchar_t, std::char_traits<wchar_t> >& std::basic_istream<wchar_t, std::char_traits<wchar_t> >::_M_extract<unsigned short>(unsigned short&)	W	314	313	DIFF	0.9778	libstdcxx/system	1
_ZNSt13basic_istreamIwSt11char_traitsIwEE10_M_extractIxEERS2_RT_	std::basic_istream<wchar_t, std::char_traits<wchar_t> >& std::basic_istream<wchar_t, std::char_traits<wchar_t> >::_M_extract<long long>(long long&)	W	314	313	DIFF	0.9778	libstdcxx/system	1
_ZNSt13basic_istreamIwSt11char_traitsIwEE10_M_extractIyEERS2_RT_	std::basic_istream<wchar_t, std::char_traits<wchar_t> >& std::basic_istream<wchar_t, std::char_traits<wchar_t> >::_M_extract<unsigned long long>(unsigned long long&)	W	314	313	DIFF	0.9778	libstdcxx/system	1
_ZNSt13basic_istreamIwSt11char_traitsIwEE3getEPwi	std::basic_istream<wchar_t, std::char_traits<wchar_t> >::get(wchar_t*, int)	W	79	81	DIFF	0.9231	libstdcxx/system	1
_ZNSt13basic_istreamIwSt11char_traitsIwEE3getEPwiw	std::basic_istream<wchar_t, std::char_traits<wchar_t> >::get(wchar_t*, int, wchar_t)	W	380	379	DIFF	0.9683	libstdcxx/system	1
_ZNSt13basic_istreamIwSt11char_traitsIwEE3getERSt15basic_streambufIwS1_E	std::basic_istream<wchar_t, std::char_traits<wchar_t> >::get(std::basic_streambuf<wchar_t, std::char_traits<wchar_t> >&)	W	72	74	DIFF	0.9167	libstdcxx/system	1
_ZNSt13basic_istreamIwSt11char_traitsIwEE3getERSt15basic_streambufIwS1_Ew	std::basic_istream<wchar_t, std::char_traits<wchar_t> >::get(std::basic_streambuf<wchar_t, std::char_traits<wchar_t> >&, wchar_t)	W	397	397	DIFF	0.9403	libstdcxx/system	1
_ZNSt13basic_istreamIwSt11char_traitsIwEE3getERw	std::basic_istream<wchar_t, std::char_traits<wchar_t> >::get(wchar_t&)	W	277	276	DIFF	0.9545	libstdcxx/system	1
_ZNSt13basic_istreamIwSt11char_traitsIwEE3getEv	std::basic_istream<wchar_t, std::char_traits<wchar_t> >::get()	W	266	271	DIFF	0.9294	libstdcxx/system	1
_ZNSt13basic_istreamIwSt11char_traitsIwEE4peekEv	std::basic_istream<wchar_t, std::char_traits<wchar_t> >::peek()	W	238	235	DIFF	0.9452	libstdcxx/system	1
_ZNSt13basic_istreamIwSt11char_traitsIwEE4readEPwi	std::basic_istream<wchar_t, std::char_traits<wchar_t> >::read(wchar_t*, int)	W	242	242	DIFF	0.9730	libstdcxx/system	1
_ZNSt13basic_istreamIwSt11char_traitsIwEE4syncEv	std::basic_istream<wchar_t, std::char_traits<wchar_t> >::sync()	W	221	222	DIFF	0.9565	libstdcxx/system	1
_ZNSt13basic_istreamIwSt11char_traitsIwEE5seekgESt4fposI11__mbstate_tE	std::basic_istream<wchar_t, std::char_traits<wchar_t> >::seekg(std::fpos<__mbstate_t>)	W	296	304	DIFF	0.9333	libstdcxx/system	1
_ZNSt13basic_istreamIwSt11char_traitsIwEE5seekgExSt12_Ios_Seekdir	std::basic_istream<wchar_t, std::char_traits<wchar_t> >::seekg(long long, std::_Ios_Seekdir)	W	272	272	DIFF	0.9634	libstdcxx/system	1
_ZNSt13basic_istreamIwSt11char_traitsIwEE5tellgEv	std::basic_istream<wchar_t, std::char_traits<wchar_t> >::tellg()	W	278	279	DIFF	0.9733	libstdcxx/system	1
_ZNSt13basic_istreamIwSt11char_traitsIwEE5ungetEv	std::basic_istream<wchar_t, std::char_traits<wchar_t> >::unget()	W	251	250	DIFF	0.9494	libstdcxx/system	1
_ZNSt13basic_istreamIwSt11char_traitsIwEE6ignoreEi	std::basic_istream<wchar_t, std::char_traits<wchar_t> >::ignore(int)	T	498	473	DIFF	0.8834	libstdcxx/system	1
_ZNSt13basic_istreamIwSt11char_traitsIwEE6ignoreEij	std::basic_istream<wchar_t, std::char_traits<wchar_t> >::ignore(int, unsigned int)	T	614	613	DIFF	0.9471	libstdcxx/system	1
_ZNSt13basic_istreamIwSt11char_traitsIwEE6ignoreEv	std::basic_istream<wchar_t, std::char_traits<wchar_t> >::ignore()	W	254	253	DIFF	0.9268	libstdcxx/system	1
_ZNSt13basic_istreamIwSt11char_traitsIwEE6sentryC1ERS2_b	std::basic_istream<wchar_t, std::char_traits<wchar_t> >::sentry::sentry(std::basic_istream<wchar_t, std::char_traits<wchar_t> >&, bool)	W	373	372	DIFF	0.9774	libstdcxx/system	1
_ZNSt13basic_istreamIwSt11char_traitsIwEE6sentryC2ERS2_b	std::basic_istream<wchar_t, std::char_traits<wchar_t> >::sentry::sentry(std::basic_istream<wchar_t, std::char_traits<wchar_t> >&, bool)	W	373	372	DIFF	0.9774	libstdcxx/system	1
_ZNSt13basic_istreamIwSt11char_traitsIwEE7getlineEPwi	std::basic_istream<wchar_t, std::char_traits<wchar_t> >::getline(wchar_t*, int)	W	79	81	DIFF	0.9231	libstdcxx/system	1
_ZNSt13basic_istreamIwSt11char_traitsIwEE7getlineEPwiw	std::basic_istream<wchar_t, std::char_traits<wchar_t> >::getline(wchar_t*, int, wchar_t)	T	564	557	DIFF	0.8984	libstdcxx/system	1
_ZNSt13basic_istreamIwSt11char_traitsIwEE7putbackEw	std::basic_istream<wchar_t, std::char_traits<wchar_t> >::putback(wchar_t)	W	261	260	DIFF	0.9643	libstdcxx/system	1
_ZNSt13basic_istreamIwSt11char_traitsIwEE8readsomeEPwi	std::basic_istream<wchar_t, std::char_traits<wchar_t> >::readsome(wchar_t*, int)	W	296	288	DIFF	0.9167	libstdcxx/system	1
_ZNSt13basic_istreamIwSt11char_traitsIwEEC1EPSt15basic_streambufIwS1_E	std::basic_istream<wchar_t, std::char_traits<wchar_t> >::basic_istream(std::basic_streambuf<wchar_t, std::char_traits<wchar_t> >*)	W	144	145	DIFF	0.9697	libstdcxx/system	1
_ZNSt13basic_istreamIwSt11char_traitsIwEEC1Ev	std::basic_istream<wchar_t, std::char_traits<wchar_t> >::basic_istream()	W	145	146	DIFF	0.9688	libstdcxx/system	1
_ZNSt13basic_istreamIwSt11char_traitsIwEEC2EPSt15basic_streambufIwS1_E	std::basic_istream<wchar_t, std::char_traits<wchar_t> >::basic_istream(std::basic_streambuf<wchar_t, std::char_traits<wchar_t> >*)	W	62	63	DIFF	0.9524	libstdcxx/system	1
_ZNSt13basic_istreamIwSt11char_traitsIwEEC2Ev	std::basic_istream<wchar_t, std::char_traits<wchar_t> >::basic_istream()	W	63	64	DIFF	0.9500	libstdcxx/system	1
_ZNSt13basic_istreamIwSt11char_traitsIwEED0Ev	std::basic_istream<wchar_t, std::char_traits<wchar_t> >::~basic_istream()	W	54	56	DIFF	0.8750	libstdcxx/system	1
_ZNSt13basic_istreamIwSt11char_traitsIwEED1Ev	std::basic_istream<wchar_t, std::char_traits<wchar_t> >::~basic_istream()	W	41	42	DIFF	0.9091	libstdcxx/system	1
_ZNSt13basic_istreamIwSt11char_traitsIwEED2Ev	std::basic_istream<wchar_t, std::char_traits<wchar_t> >::~basic_istream()	W	31	31	IDENTICAL	1.0000	libstdcxx/system	1
_ZNSt13basic_istreamIwSt11char_traitsIwEErsEPFRS2_S3_E	std::basic_istream<wchar_t, std::char_traits<wchar_t> >::operator>>(std::basic_istream<wchar_t, std::char_traits<wchar_t> >& (*)(std::basic_istream<wchar_t, std::char_traits<wchar_t> >&))	W	12	13	DIFF	0.8333	libstdcxx/system	1
_ZNSt13basic_istreamIwSt11char_traitsIwEErsEPFRSt8ios_baseS4_E	std::basic_istream<wchar_t, std::char_traits<wchar_t> >::operator>>(std::ios_base& (*)(std::ios_base&))	W	32	33	DIFF	0.9333	libstdcxx/system	1
_ZNSt13basic_istreamIwSt11char_traitsIwEErsEPFRSt9basic_iosIwS1_ES5_E	std::basic_istream<wchar_t, std::char_traits<wchar_t> >::operator>>(std::basic_ios<wchar_t, std::char_traits<wchar_t> >& (*)(std::basic_ios<wchar_t, std::char_traits<wchar_t> >&))	W	32	33	DIFF	0.9333	libstdcxx/system	1
_ZNSt13basic_istreamIwSt11char_traitsIwEErsEPSt15basic_streambufIwS1_E	std::basic_istream<wchar_t, std::char_traits<wchar_t> >::operator>>(std::basic_streambuf<wchar_t, std::char_traits<wchar_t> >*)	W	267	266	DIFF	0.9540	libstdcxx/system	1
_ZNSt13basic_istreamIwSt11char_traitsIwEErsERPv	std::basic_istream<wchar_t, std::char_traits<wchar_t> >::operator>>(void*&)	W	12	13	DIFF	0.8000	libstdcxx/system	1
_ZNSt13basic_istreamIwSt11char_traitsIwEErsERb	std::basic_istream<wchar_t, std::char_traits<wchar_t> >::operator>>(bool&)	W	12	13	DIFF	0.8000	libstdcxx/system	1
_ZNSt13basic_istreamIwSt11char_traitsIwEErsERd	std::basic_istream<wchar_t, std::char_traits<wchar_t> >::operator>>(double&)	W	12	13	DIFF	0.8000	libstdcxx/system	1
_ZNSt13basic_istreamIwSt11char_traitsIwEErsERe	std::basic_istream<wchar_t, std::char_traits<wchar_t> >::operator>>(long double&)	W	12	13	DIFF	0.8000	libstdcxx/system	1
_ZNSt13basic_istreamIwSt11char_traitsIwEErsERf	std::basic_istream<wchar_t, std::char_traits<wchar_t> >::operator>>(float&)	W	12	13	DIFF	0.8000	libstdcxx/system	1
_ZNSt13basic_istreamIwSt11char_traitsIwEErsERi	std::basic_istream<wchar_t, std::char_traits<wchar_t> >::operator>>(int&)	W	53	55	DIFF	0.9048	libstdcxx/system	1
_ZNSt13basic_istreamIwSt11char_traitsIwEErsERj	std::basic_istream<wchar_t, std::char_traits<wchar_t> >::operator>>(unsigned int&)	W	12	13	DIFF	0.8000	libstdcxx/system	1
_ZNSt13basic_istreamIwSt11char_traitsIwEErsERl	std::basic_istream<wchar_t, std::char_traits<wchar_t> >::operator>>(long&)	W	12	13	DIFF	0.8000	libstdcxx/system	1
_ZNSt13basic_istreamIwSt11char_traitsIwEErsERm	std::basic_istream<wchar_t, std::char_traits<wchar_t> >::operator>>(unsigned long&)	W	12	13	DIFF	0.8000	libstdcxx/system	1
_ZNSt13basic_istreamIwSt11char_traitsIwEErsERs	std::basic_istream<wchar_t, std::char_traits<wchar_t> >::operator>>(short&)	W	115	115	DIFF	0.9744	libstdcxx/system	1
_ZNSt13basic_istreamIwSt11char_traitsIwEErsERt	std::basic_istream<wchar_t, std::char_traits<wchar_t> >::operator>>(unsigned short&)	W	12	13	DIFF	0.8000	libstdcxx/system	1
_ZNSt13basic_istreamIwSt11char_traitsIwEErsERx	std::basic_istream<wchar_t, std::char_traits<wchar_t> >::operator>>(long long&)	W	12	13	DIFF	0.8000	libstdcxx/system	1
_ZNSt13basic_istreamIwSt11char_traitsIwEErsERy	std::basic_istream<wchar_t, std::char_traits<wchar_t> >::operator>>(unsigned long long&)	W	12	13	DIFF	0.8000	libstdcxx/system	1
_ZNSt13basic_ostreamIwSt11char_traitsIwEE3putEw	std::basic_ostream<wchar_t, std::char_traits<wchar_t> >::put(wchar_t)	W	346	354	DIFF	0.9821	libstdcxx/system	1
_ZNSt13basic_ostreamIwSt11char_traitsIwEE5flushEv	std::basic_ostream<wchar_t, std::char_traits<wchar_t> >::flush()	W	180	181	DIFF	0.9500	libstdcxx/system	1
_ZNSt13basic_ostreamIwSt11char_traitsIwEE5seekpESt4fposI11__mbstate_tE	std::basic_ostream<wchar_t, std::char_traits<wchar_t> >::seekp(std::fpos<__mbstate_t>)	W	296	304	DIFF	0.9333	libstdcxx/system	1
_ZNSt13basic_ostreamIwSt11char_traitsIwEE5seekpExSt12_Ios_Seekdir	std::basic_ostream<wchar_t, std::char_traits<wchar_t> >::seekp(long long, std::_Ios_Seekdir)	W	272	272	DIFF	0.9634	libstdcxx/system	1
_ZNSt13basic_ostreamIwSt11char_traitsIwEE5tellpEv	std::basic_ostream<wchar_t, std::char_traits<wchar_t> >::tellp()	W	278	279	DIFF	0.9733	libstdcxx/system	1
_ZNSt13basic_ostreamIwSt11char_traitsIwEE5writeEPKwi	std::basic_ostream<wchar_t, std::char_traits<wchar_t> >::write(wchar_t const*, int)	W	325	324	DIFF	0.9810	libstdcxx/system	1
_ZNSt13basic_ostreamIwSt11char_traitsIwEE6sentryC1ERS2_	std::basic_ostream<wchar_t, std::char_traits<wchar_t> >::sentry::sentry(std::basic_ostream<wchar_t, std::char_traits<wchar_t> >&)	W	111	111	DIFF	0.9756	libstdcxx/system	1
_ZNSt13basic_ostreamIwSt11char_traitsIwEE6sentryC2ERS2_	std::basic_ostream<wchar_t, std::char_traits<wchar_t> >::sentry::sentry(std::basic_ostream<wchar_t, std::char_traits<wchar_t> >&)	W	111	111	DIFF	0.9756	libstdcxx/system	1
_ZNSt13basic_ostreamIwSt11char_traitsIwEE6sentryD1Ev	std::basic_ostream<wchar_t, std::char_traits<wchar_t> >::sentry::~sentry()	W	102	111	DIFF	0.9024	libstdcxx/system	1
_ZNSt13basic_ostreamIwSt11char_traitsIwEE6sentryD2Ev	std::basic_ostream<wchar_t, std::char_traits<wchar_t> >::sentry::~sentry()	W	102	111	DIFF	0.9024	libstdcxx/system	1
_ZNSt13basic_ostreamIwSt11char_traitsIwEE8_M_writeEPKwi	std::basic_ostream<wchar_t, std::char_traits<wchar_t> >::_M_write(wchar_t const*, int)	W	98	98	DIFF	0.9714	libstdcxx/system	1
_ZNSt13basic_ostreamIwSt11char_traitsIwEE9_M_insertIPKvEERS2_T_	std::basic_ostream<wchar_t, std::char_traits<wchar_t> >& std::basic_ostream<wchar_t, std::char_traits<wchar_t> >::_M_insert<void const*>(void const*)	W	450	450	DIFF	0.9718	libstdcxx/system	1
_ZNSt13basic_ostreamIwSt11char_traitsIwEE9_M_insertIbEERS2_T_	std::basic_ostream<wchar_t, std::char_traits<wchar_t> >& std::basic_ostream<wchar_t, std::char_traits<wchar_t> >::_M_insert<bool>(bool)	W	458	452	DIFF	0.9722	libstdcxx/system	1
_ZNSt13basic_ostreamIwSt11char_traitsIwEE9_M_insertIdEERS2_T_	std::basic_ostream<wchar_t, std::char_traits<wchar_t> >& std::basic_ostream<wchar_t, std::char_traits<wchar_t> >::_M_insert<double>(double)	W	450	452	DIFF	0.9722	libstdcxx/system	1
_ZNSt13basic_ostreamIwSt11char_traitsIwEE9_M_insertIeEERS2_T_	std::basic_ostream<wchar_t, std::char_traits<wchar_t> >& std::basic_ostream<wchar_t, std::char_traits<wchar_t> >::_M_insert<long double>(long double)	W	450	450	DIFF	0.9718	libstdcxx/system	1
_ZNSt13basic_ostreamIwSt11char_traitsIwEE9_M_insertIlEERS2_T_	std::basic_ostream<wchar_t, std::char_traits<wchar_t> >& std::basic_ostream<wchar_t, std::char_traits<wchar_t> >::_M_insert<long>(long)	W	450	450	DIFF	0.9718	libstdcxx/system	1
_ZNSt13basic_ostreamIwSt11char_traitsIwEE9_M_insertImEERS2_T_	std::basic_ostream<wchar_t, std::char_traits<wchar_t> >& std::basic_ostream<wchar_t, std::char_traits<wchar_t> >::_M_insert<unsigned long>(unsigned long)	W	450	450	DIFF	0.9718	libstdcxx/system	1
_ZNSt13basic_ostreamIwSt11char_traitsIwEE9_M_insertIxEERS2_T_	std::basic_ostream<wchar_t, std::char_traits<wchar_t> >& std::basic_ostream<wchar_t, std::char_traits<wchar_t> >::_M_insert<long long>(long long)	W	474	468	DIFF	0.9733	libstdcxx/system	1
_ZNSt13basic_ostreamIwSt11char_traitsIwEE9_M_insertIyEERS2_T_	std::basic_ostream<wchar_t, std::char_traits<wchar_t> >& std::basic_ostream<wchar_t, std::char_traits<wchar_t> >::_M_insert<unsigned long long>(unsigned long long)	W	474	468	DIFF	0.9733	libstdcxx/system	1
_ZNSt13basic_ostreamIwSt11char_traitsIwEEC1EPSt15basic_streambufIwS1_E	std::basic_ostream<wchar_t, std::char_traits<wchar_t> >::basic_ostream(std::basic_streambuf<wchar_t, std::char_traits<wchar_t> >*)	W	137	138	DIFF	0.9688	libstdcxx/system	1
_ZNSt13basic_ostreamIwSt11char_traitsIwEEC1Ev	std::basic_ostream<wchar_t, std::char_traits<wchar_t> >::basic_ostream()	W	138	139	DIFF	0.9677	libstdcxx/system	1
_ZNSt13basic_ostreamIwSt11char_traitsIwEEC2EPSt15basic_streambufIwS1_E	std::basic_ostream<wchar_t, std::char_traits<wchar_t> >::basic_ostream(std::basic_streambuf<wchar_t, std::char_traits<wchar_t> >*)	W	55	56	DIFF	0.9500	libstdcxx/system	1
_ZNSt13basic_ostreamIwSt11char_traitsIwEEC2Ev	std::basic_ostream<wchar_t, std::char_traits<wchar_t> >::basic_ostream()	W	56	57	DIFF	0.9474	libstdcxx/system	1
_ZNSt13basic_ostreamIwSt11char_traitsIwEED0Ev	std::basic_ostream<wchar_t, std::char_traits<wchar_t> >::~basic_ostream()	W	47	49	DIFF	0.8667	libstdcxx/system	1
_ZNSt13basic_ostreamIwSt11char_traitsIwEED1Ev	std::basic_ostream<wchar_t, std::char_traits<wchar_t> >::~basic_ostream()	W	34	35	DIFF	0.9000	libstdcxx/system	1
_ZNSt13basic_ostreamIwSt11char_traitsIwEED2Ev	std::basic_ostream<wchar_t, std::char_traits<wchar_t> >::~basic_ostream()	W	24	24	IDENTICAL	1.0000	libstdcxx/system	1
_ZNSt13basic_ostreamIwSt11char_traitsIwEElsEPFRS2_S3_E	std::basic_ostream<wchar_t, std::char_traits<wchar_t> >::operator<<(std::basic_ostream<wchar_t, std::char_traits<wchar_t> >& (*)(std::basic_ostream<wchar_t, std::char_traits<wchar_t> >&))	W	12	13	DIFF	0.8333	libstdcxx/system	1
_ZNSt13basic_ostreamIwSt11char_traitsIwEElsEPFRSt8ios_baseS4_E	std::basic_ostream<wchar_t, std::char_traits<wchar_t> >::operator<<(std::ios_base& (*)(std::ios_base&))	W	32	33	DIFF	0.9333	libstdcxx/system	1
_ZNSt13basic_ostreamIwSt11char_traitsIwEElsEPFRSt9basic_iosIwS1_ES5_E	std::basic_ostream<wchar_t, std::char_traits<wchar_t> >::operator<<(std::basic_ios<wchar_t, std::char_traits<wchar_t> >& (*)(std::basic_ios<wchar_t, std::char_traits<wchar_t> >&))	W	32	33	DIFF	0.9333	libstdcxx/system	1
_ZNSt13basic_ostreamIwSt11char_traitsIwEElsEPKv	std::basic_ostream<wchar_t, std::char_traits<wchar_t> >::operator<<(void const*)	W	12	13	DIFF	0.8000	libstdcxx/system	1
_ZNSt13basic_ostreamIwSt11char_traitsIwEElsEPSt15basic_streambufIwS1_E	std::basic_ostream<wchar_t, std::char_traits<wchar_t> >::operator<<(std::basic_streambuf<wchar_t, std::char_traits<wchar_t> >*)	W	349	348	DIFF	0.9821	libstdcxx/system	1
_ZNSt13basic_ostreamIwSt11char_traitsIwEElsEb	std::basic_ostream<wchar_t, std::char_traits<wchar_t> >::operator<<(bool)	W	19	20	DIFF	0.8571	libstdcxx/system	1
_ZNSt13basic_ostreamIwSt11char_traitsIwEElsEd	std::basic_ostream<wchar_t, std::char_traits<wchar_t> >::operator<<(double)	W	12	13	DIFF	0.8000	libstdcxx/system	1
_ZNSt13basic_ostreamIwSt11char_traitsIwEElsEe	std::basic_ostream<wchar_t, std::char_traits<wchar_t> >::operator<<(long double)	W	12	13	DIFF	0.8000	libstdcxx/system	1
_ZNSt13basic_ostreamIwSt11char_traitsIwEElsEf	std::basic_ostream<wchar_t, std::char_traits<wchar_t> >::operator<<(float)	W	26	27	DIFF	0.9000	libstdcxx/system	1
_ZNSt13basic_ostreamIwSt11char_traitsIwEElsEi	std::basic_ostream<wchar_t, std::char_traits<wchar_t> >::operator<<(int)	W	24	25	DIFF	0.8889	libstdcxx/system	1
_ZNSt13basic_ostreamIwSt11char_traitsIwEElsEj	std::basic_ostream<wchar_t, std::char_traits<wchar_t> >::operator<<(unsigned int)	W	12	13	DIFF	0.8000	libstdcxx/system	1
_ZNSt13basic_ostreamIwSt11char_traitsIwEElsEl	std::basic_ostream<wchar_t, std::char_traits<wchar_t> >::operator<<(long)	W	12	13	DIFF	0.8000	libstdcxx/system	1
_ZNSt13basic_ostreamIwSt11char_traitsIwEElsEm	std::basic_ostream<wchar_t, std::char_traits<wchar_t> >::operator<<(unsigned long)	W	12	13	DIFF	0.8000	libstdcxx/system	1
_ZNSt13basic_ostreamIwSt11char_traitsIwEElsEs	std::basic_ostream<wchar_t, std::char_traits<wchar_t> >::operator<<(short)	W	71	71	DIFF	0.9200	libstdcxx/system	1
_ZNSt13basic_ostreamIwSt11char_traitsIwEElsEt	std::basic_ostream<wchar_t, std::char_traits<wchar_t> >::operator<<(unsigned short)	W	19	20	DIFF	0.8571	libstdcxx/system	1
_ZNSt13basic_ostreamIwSt11char_traitsIwEElsEx	std::basic_ostream<wchar_t, std::char_traits<wchar_t> >::operator<<(long long)	W	12	13	DIFF	0.8000	libstdcxx/system	1
_ZNSt13basic_ostreamIwSt11char_traitsIwEElsEy	std::basic_ostream<wchar_t, std::char_traits<wchar_t> >::operator<<(unsigned long long)	W	12	13	DIFF	0.8000	libstdcxx/system	1
_ZNSt13move_iteratorIP16STPvPBuddyDBInfoEC1ES1_	std::move_iterator<STPvPBuddyDBInfo*>::move_iterator(STPvPBuddyDBInfo*)	W	13	13	IDENTICAL	1.0000	libstdcxx/system	1
_ZNSt13move_iteratorIP16STPvPBuddyDBInfoEC2ES1_	std::move_iterator<STPvPBuddyDBInfo*>::move_iterator(STPvPBuddyDBInfo*)	W	13	13	IDENTICAL	1.0000	libstdcxx/system	1
_ZNSt13move_iteratorIP16STPvPBuddyDBInfoEppEv	std::move_iterator<STPvPBuddyDBInfo*>::operator++()	W	21	21	IDENTICAL	1.0000	libstdcxx/system	1
_ZNSt13move_iteratorIPSsEC1ES0_	std::move_iterator<std::basic_string<char, std::char_traits<char>, std::allocator<char> >*>::move_iterator(std::basic_string<char, std::char_traits<char>, std::allocator<char> >*)	W	13	13	IDENTICAL	1.0000	libstdcxx/system	1
_ZNSt13move_iteratorIPSsEC2ES0_	std::move_iterator<std::basic_string<char, std::char_traits<char>, std::allocator<char> >*>::move_iterator(std::basic_string<char, std::char_traits<char>, std::allocator<char> >*)	W	13	13	IDENTICAL	1.0000	libstdcxx/system	1
_ZNSt13move_iteratorIPSsEppEv	std::move_iterator<std::basic_string<char, std::char_traits<char>, std::allocator<char> >*>::operator++()	W	21	21	IDENTICAL	1.0000	libstdcxx/system	1
_ZNSt13runtime_errorC1ERKSs	std::runtime_error::runtime_error(std::basic_string<char, std::char_traits<char>, std::allocator<char> > const&)	T	62	64	DIFF	0.9048	libstdcxx/system	1
_ZNSt13runtime_errorC2ERKSs	std::runtime_error::runtime_error(std::basic_string<char, std::char_traits<char>, std::allocator<char> > const&)	T	62	64	DIFF	0.9048	libstdcxx/system	1
_ZNSt13runtime_errorD0Ev	std::runtime_error::~runtime_error()	T	31	33	DIFF	0.8333	libstdcxx/system	1
_ZNSt13runtime_errorD1Ev	std::runtime_error::~runtime_error()	T	92	94	DIFF	0.9375	libstdcxx/system	1
_ZNSt13runtime_errorD2Ev	std::runtime_error::~runtime_error()	T	92	94	DIFF	0.9375	libstdcxx/system	1
_ZNSt14basic_ifstreamIcSt11char_traitsIcEE4openEPKcSt13_Ios_Openmode	std::basic_ifstream<char, std::char_traits<char> >::open(char const*, std::_Ios_Openmode)	W	99	100	DIFF	0.8857	libstdcxx/system	1
_ZNSt14basic_ifstreamIcSt11char_traitsIcEE4openERKSsSt13_Ios_Openmode	std::basic_ifstream<char, std::char_traits<char> >::open(std::basic_string<char, std::char_traits<char>, std::allocator<char> > const&, std::_Ios_Openmode)	W	99	100	DIFF	0.9143	libstdcxx/system	1
_ZNSt14basic_ifstreamIcSt11char_traitsIcEE5closeEv	std::basic_ifstream<char, std::char_traits<char> >::close()	W	61	70	DIFF	0.8462	libstdcxx/system	1
_ZNSt14basic_ifstreamIcSt11char_traitsIcEE7is_openEv	std::basic_ifstream<char, std::char_traits<char> >::is_open()	W	45	45	DIFF	0.8750	libstdcxx/system	1
_ZNSt14basic_ifstreamIcSt11char_traitsIcEEC1EPKcSt13_Ios_Openmode	std::basic_ifstream<char, std::char_traits<char> >::basic_ifstream(char const*, std::_Ios_Openmode)	W	340	342	DIFF	0.9785	libstdcxx/system	1
_ZNSt14basic_ifstreamIcSt11char_traitsIcEEC1ERKSsSt13_Ios_Openmode	std::basic_ifstream<char, std::char_traits<char> >::basic_ifstream(std::basic_string<char, std::char_traits<char>, std::allocator<char> > const&, std::_Ios_Openmode)	W	340	342	DIFF	0.9785	libstdcxx/system	1
_ZNSt14basic_ifstreamIcSt11char_traitsIcEEC1Ev	std::basic_ifstream<char, std::char_traits<char> >::basic_ifstream()	W	264	264	DIFF	0.9844	libstdcxx/system	1
_ZNSt14basic_ifstreamIcSt11char_traitsIcEEC2EPKcSt13_Ios_Openmode	std::basic_ifstream<char, std::char_traits<char> >::basic_ifstream(char const*, std::_Ios_Openmode)	W	248	250	DIFF	0.9881	libstdcxx/system	1
_ZNSt14basic_ifstreamIcSt11char_traitsIcEEC2ERKSsSt13_Ios_Openmode	std::basic_ifstream<char, std::char_traits<char> >::basic_ifstream(std::basic_string<char, std::char_traits<char>, std::allocator<char> > const&, std::_Ios_Openmode)	W	248	250	DIFF	0.9765	libstdcxx/system	1
_ZNSt14basic_ifstreamIcSt11char_traitsIcEEC2Ev	std::basic_ifstream<char, std::char_traits<char> >::basic_ifstream()	W	170	169	DIFF	0.9630	libstdcxx/system	1
_ZNSt14basic_ifstreamIcSt11char_traitsIcEED0Ev	std::basic_ifstream<char, std::char_traits<char> >::~basic_ifstream()	W	158	159	DIFF	0.9744	libstdcxx/system	1
_ZNSt14basic_ifstreamIcSt11char_traitsIcEED1Ev	std::basic_ifstream<char, std::char_traits<char> >::~basic_ifstream()	W	150	151	DIFF	0.9730	libstdcxx/system	1
_ZNSt14basic_ifstreamIcSt11char_traitsIcEED2Ev	std::basic_ifstream<char, std::char_traits<char> >::~basic_ifstream()	W	102	103	DIFF	0.9706	libstdcxx/system	1
_ZNSt14basic_ifstreamIwSt11char_traitsIwEE4openEPKcSt13_Ios_Openmode	std::basic_ifstream<wchar_t, std::char_traits<wchar_t> >::open(char const*, std::_Ios_Openmode)	W	99	100	DIFF	0.8857	libstdcxx/system	1
_ZNSt14basic_ifstreamIwSt11char_traitsIwEE4openERKSsSt13_Ios_Openmode	std::basic_ifstream<wchar_t, std::char_traits<wchar_t> >::open(std::basic_string<char, std::char_traits<char>, std::allocator<char> > const&, std::_Ios_Openmode)	W	99	100	DIFF	0.9143	libstdcxx/system	1
_ZNSt14basic_ifstreamIwSt11char_traitsIwEE5closeEv	std::basic_ifstream<wchar_t, std::char_traits<wchar_t> >::close()	W	61	70	DIFF	0.8462	libstdcxx/system	1
_ZNSt14basic_ifstreamIwSt11char_traitsIwEE7is_openEv	std::basic_ifstream<wchar_t, std::char_traits<wchar_t> >::is_open()	W	45	45	DIFF	0.8750	libstdcxx/system	1
_ZNSt14basic_ifstreamIwSt11char_traitsIwEEC1EPKcSt13_Ios_Openmode	std::basic_ifstream<wchar_t, std::char_traits<wchar_t> >::basic_ifstream(char const*, std::_Ios_Openmode)	W	348	350	DIFF	0.9783	libstdcxx/system	1
_ZNSt14basic_ifstreamIwSt11char_traitsIwEEC1ERKSsSt13_Ios_Openmode	std::basic_ifstream<wchar_t, std::char_traits<wchar_t> >::basic_ifstream(std::basic_string<char, std::char_traits<char>, std::allocator<char> > const&, std::_Ios_Openmode)	W	348	350	DIFF	0.9787	libstdcxx/system	1
_ZNSt14basic_ifstreamIwSt11char_traitsIwEEC1Ev	std::basic_ifstream<wchar_t, std::char_traits<wchar_t> >::basic_ifstream()	W	270	270	DIFF	0.9844	libstdcxx/system	1
_ZNSt14basic_ifstreamIwSt11char_traitsIwEEC2EPKcSt13_Ios_Openmode	std::basic_ifstream<wchar_t, std::char_traits<wchar_t> >::basic_ifstream(char const*, std::_Ios_Openmode)	W	248	250	DIFF	0.9881	libstdcxx/system	1
_ZNSt14basic_ifstreamIwSt11char_traitsIwEEC2ERKSsSt13_Ios_Openmode	std::basic_ifstream<wchar_t, std::char_traits<wchar_t> >::basic_ifstream(std::basic_string<char, std::char_traits<char>, std::allocator<char> > const&, std::_Ios_Openmode)	W	248	250	DIFF	0.9765	libstdcxx/system	1
_ZNSt14basic_ifstreamIwSt11char_traitsIwEEC2Ev	std::basic_ifstream<wchar_t, std::char_traits<wchar_t> >::basic_ifstream()	W	170	169	DIFF	0.9630	libstdcxx/system	1
_ZNSt14basic_ifstreamIwSt11char_traitsIwEED0Ev	std::basic_ifstream<wchar_t, std::char_traits<wchar_t> >::~basic_ifstream()	W	158	159	DIFF	0.9744	libstdcxx/system	1
_ZNSt14basic_ifstreamIwSt11char_traitsIwEED1Ev	std::basic_ifstream<wchar_t, std::char_traits<wchar_t> >::~basic_ifstream()	W	219	220	DIFF	0.9636	libstdcxx/system	1
_ZNSt14basic_ifstreamIwSt11char_traitsIwEED2Ev	std::basic_ifstream<wchar_t, std::char_traits<wchar_t> >::~basic_ifstream()	W	177	178	DIFF	0.9630	libstdcxx/system	1
_ZNSt14basic_iostreamIwSt11char_traitsIwEEC1EPSt15basic_streambufIwS1_E	std::basic_iostream<wchar_t, std::char_traits<wchar_t> >::basic_iostream(std::basic_streambuf<wchar_t, std::char_traits<wchar_t> >*)	W	265	265	DIFF	0.9844	libstdcxx/system	1
_ZNSt14basic_iostreamIwSt11char_traitsIwEEC1Ev	std::basic_iostream<wchar_t, std::char_traits<wchar_t> >::basic_iostream()	W	267	267	DIFF	0.9839	libstdcxx/system	1
_ZNSt14basic_iostreamIwSt11char_traitsIwEEC2EPSt15basic_streambufIwS1_E	std::basic_iostream<wchar_t, std::char_traits<wchar_t> >::basic_iostream(std::basic_streambuf<wchar_t, std::char_traits<wchar_t> >*)	W	165	165	DIFF	0.9815	libstdcxx/system	1
_ZNSt14basic_iostreamIwSt11char_traitsIwEEC2Ev	std::basic_iostream<wchar_t, std::char_traits<wchar_t> >::basic_iostream()	W	157	158	DIFF	0.9804	libstdcxx/system	1
_ZNSt14basic_iostreamIwSt11char_traitsIwEED0Ev	std::basic_iostream<wchar_t, std::char_traits<wchar_t> >::~basic_iostream()	W	88	90	DIFF	0.9200	libstdcxx/system	1
_ZNSt14basic_iostreamIwSt11char_traitsIwEED1Ev	std::basic_iostream<wchar_t, std::char_traits<wchar_t> >::~basic_iostream()	W	82	84	DIFF	0.9130	libstdcxx/system	1
_ZNSt14basic_iostreamIwSt11char_traitsIwEED2Ev	std::basic_iostream<wchar_t, std::char_traits<wchar_t> >::~basic_iostream()	W	61	61	DIFF	1.0000	libstdcxx/system	1
_ZNSt14basic_ofstreamIcSt11char_traitsIcEE4openEPKcSt13_Ios_Openmode	std::basic_ofstream<char, std::char_traits<char> >::open(char const*, std::_Ios_Openmode)	W	99	100	DIFF	0.8857	libstdcxx/system	1
_ZNSt14basic_ofstreamIcSt11char_traitsIcEE4openERKSsSt13_Ios_Openmode	std::basic_ofstream<char, std::char_traits<char> >::open(std::basic_string<char, std::char_traits<char>, std::allocator<char> > const&, std::_Ios_Openmode)	W	99	100	DIFF	0.9143	libstdcxx/system	1
_ZNSt14basic_ofstreamIcSt11char_traitsIcEE5closeEv	std::basic_ofstream<char, std::char_traits<char> >::close()	W	61	70	DIFF	0.8462	libstdcxx/system	1
_ZNSt14basic_ofstreamIcSt11char_traitsIcEE7is_openEv	std::basic_ofstream<char, std::char_traits<char> >::is_open()	W	45	45	DIFF	0.8750	libstdcxx/system	1
_ZNSt14basic_ofstreamIcSt11char_traitsIcEEC1EPKcSt13_Ios_Openmode	std::basic_ofstream<char, std::char_traits<char> >::basic_ofstream(char const*, std::_Ios_Openmode)	W	325	327	DIFF	0.9778	libstdcxx/system	1
_ZNSt14basic_ofstreamIcSt11char_traitsIcEEC1ERKSsSt13_Ios_Openmode	std::basic_ofstream<char, std::char_traits<char> >::basic_ofstream(std::basic_string<char, std::char_traits<char>, std::allocator<char> > const&, std::_Ios_Openmode)	W	325	327	DIFF	0.9780	libstdcxx/system	1
_ZNSt14basic_ofstreamIcSt11char_traitsIcEEC1Ev	std::basic_ofstream<char, std::char_traits<char> >::basic_ofstream()	W	250	250	DIFF	0.9839	libstdcxx/system	1
_ZNSt14basic_ofstreamIcSt11char_traitsIcEEC2EPKcSt13_Ios_Openmode	std::basic_ofstream<char, std::char_traits<char> >::basic_ofstream(char const*, std::_Ios_Openmode)	W	233	235	DIFF	0.9756	libstdcxx/system	1
_ZNSt14basic_ofstreamIcSt11char_traitsIcEEC2ERKSsSt13_Ios_Openmode	std::basic_ofstream<char, std::char_traits<char> >::basic_ofstream(std::basic_string<char, std::char_traits<char>, std::allocator<char> > const&, std::_Ios_Openmode)	W	233	235	DIFF	0.9759	libstdcxx/system	1
_ZNSt14basic_ofstreamIcSt11char_traitsIcEEC2Ev	std::basic_ofstream<char, std::char_traits<char> >::basic_ofstream()	W	156	155	DIFF	0.9615	libstdcxx/system	1
_ZNSt14basic_ofstreamIcSt11char_traitsIcEED0Ev	std::basic_ofstream<char, std::char_traits<char> >::~basic_ofstream()	W	144	145	DIFF	0.9730	libstdcxx/system	1
_ZNSt14basic_ofstreamIcSt11char_traitsIcEED1Ev	std::basic_ofstream<char, std::char_traits<char> >::~basic_ofstream()	W	205	206	DIFF	0.9623	libstdcxx/system	1
_ZNSt14basic_ofstreamIcSt11char_traitsIcEED2Ev	std::basic_ofstream<char, std::char_traits<char> >::~basic_ofstream()	W	163	164	DIFF	0.9615	libstdcxx/system	1
_ZNSt14basic_ofstreamIwSt11char_traitsIwEE4openEPKcSt13_Ios_Openmode	std::basic_ofstream<wchar_t, std::char_traits<wchar_t> >::open(char const*, std::_Ios_Openmode)	W	99	100	DIFF	0.8857	libstdcxx/system	1
_ZNSt14basic_ofstreamIwSt11char_traitsIwEE4openERKSsSt13_Ios_Openmode	std::basic_ofstream<wchar_t, std::char_traits<wchar_t> >::open(std::basic_string<char, std::char_traits<char>, std::allocator<char> > const&, std::_Ios_Openmode)	W	99	100	DIFF	0.9143	libstdcxx/system	1
_ZNSt14basic_ofstreamIwSt11char_traitsIwEE5closeEv	std::basic_ofstream<wchar_t, std::char_traits<wchar_t> >::close()	W	61	70	DIFF	0.8462	libstdcxx/system	1
_ZNSt14basic_ofstreamIwSt11char_traitsIwEE7is_openEv	std::basic_ofstream<wchar_t, std::char_traits<wchar_t> >::is_open()	W	45	45	DIFF	0.8750	libstdcxx/system	1
_ZNSt14basic_ofstreamIwSt11char_traitsIwEEC1EPKcSt13_Ios_Openmode	std::basic_ofstream<wchar_t, std::char_traits<wchar_t> >::basic_ofstream(char const*, std::_Ios_Openmode)	W	333	335	DIFF	0.9778	libstdcxx/system	1
_ZNSt14basic_ofstreamIwSt11char_traitsIwEEC1ERKSsSt13_Ios_Openmode	std::basic_ofstream<wchar_t, std::char_traits<wchar_t> >::basic_ofstream(std::basic_string<char, std::char_traits<char>, std::allocator<char> > const&, std::_Ios_Openmode)	W	333	335	DIFF	0.9780	libstdcxx/system	1
_ZNSt14basic_ofstreamIwSt11char_traitsIwEEC1Ev	std::basic_ofstream<wchar_t, std::char_traits<wchar_t> >::basic_ofstream()	W	256	256	DIFF	0.9839	libstdcxx/system	1
_ZNSt14basic_ofstreamIwSt11char_traitsIwEEC2EPKcSt13_Ios_Openmode	std::basic_ofstream<wchar_t, std::char_traits<wchar_t> >::basic_ofstream(char const*, std::_Ios_Openmode)	W	233	235	DIFF	0.9756	libstdcxx/system	1
_ZNSt14basic_ofstreamIwSt11char_traitsIwEEC2ERKSsSt13_Ios_Openmode	std::basic_ofstream<wchar_t, std::char_traits<wchar_t> >::basic_ofstream(std::basic_string<char, std::char_traits<char>, std::allocator<char> > const&, std::_Ios_Openmode)	W	233	235	DIFF	0.9759	libstdcxx/system	1
_ZNSt14basic_ofstreamIwSt11char_traitsIwEEC2Ev	std::basic_ofstream<wchar_t, std::char_traits<wchar_t> >::basic_ofstream()	W	156	155	DIFF	0.9615	libstdcxx/system	1
_ZNSt14basic_ofstreamIwSt11char_traitsIwEED0Ev	std::basic_ofstream<wchar_t, std::char_traits<wchar_t> >::~basic_ofstream()	W	144	145	DIFF	0.9730	libstdcxx/system	1
_ZNSt14basic_ofstreamIwSt11char_traitsIwEED1Ev	std::basic_ofstream<wchar_t, std::char_traits<wchar_t> >::~basic_ofstream()	W	205	206	DIFF	0.9623	libstdcxx/system	1
_ZNSt14basic_ofstreamIwSt11char_traitsIwEED2Ev	std::basic_ofstream<wchar_t, std::char_traits<wchar_t> >::~basic_ofstream()	W	163	164	DIFF	0.9615	libstdcxx/system	1
_ZNSt14codecvt_bynameIcc11__mbstate_tEC1EPKcj	std::codecvt_byname<char, char, __mbstate_t>::codecvt_byname(char const*, unsigned int)	W	153	153	DIFF	0.9583	libstdcxx/system	1
_ZNSt14codecvt_bynameIcc11__mbstate_tEC2EPKcj	std::codecvt_byname<char, char, __mbstate_t>::codecvt_byname(char const*, unsigned int)	W	153	153	DIFF	0.9583	libstdcxx/system	1
_ZNSt14codecvt_bynameIcc11__mbstate_tED0Ev	std::codecvt_byname<char, char, __mbstate_t>::~codecvt_byname()	W	37	39	DIFF	0.8462	libstdcxx/system	1
_ZNSt14codecvt_bynameIcc11__mbstate_tED1Ev	std::codecvt_byname<char, char, __mbstate_t>::~codecvt_byname()	W	21	22	DIFF	0.8571	libstdcxx/system	1
_ZNSt14codecvt_bynameIcc11__mbstate_tED2Ev	std::codecvt_byname<char, char, __mbstate_t>::~codecvt_byname()	W	21	22	DIFF	0.8571	libstdcxx/system	1
_ZNSt14codecvt_bynameIwc11__mbstate_tEC1EPKcj	std::codecvt_byname<wchar_t, char, __mbstate_t>::codecvt_byname(char const*, unsigned int)	W	153	153	DIFF	0.9583	libstdcxx/system	1
_ZNSt14codecvt_bynameIwc11__mbstate_tEC2EPKcj	std::codecvt_byname<wchar_t, char, __mbstate_t>::codecvt_byname(char const*, unsigned int)	W	153	153	DIFF	0.9583	libstdcxx/system	1
_ZNSt14codecvt_bynameIwc11__mbstate_tED0Ev	std::codecvt_byname<wchar_t, char, __mbstate_t>::~codecvt_byname()	W	37	39	DIFF	0.8462	libstdcxx/system	1
_ZNSt14codecvt_bynameIwc11__mbstate_tED1Ev	std::codecvt_byname<wchar_t, char, __mbstate_t>::~codecvt_byname()	W	21	22	DIFF	0.8571	libstdcxx/system	1
_ZNSt14codecvt_bynameIwc11__mbstate_tED2Ev	std::codecvt_byname<wchar_t, char, __mbstate_t>::~codecvt_byname()	W	21	22	DIFF	0.8571	libstdcxx/system	1
_ZNSt14collate_bynameIcEC1EPKcj	std::collate_byname<char>::collate_byname(char const*, unsigned int)	W	187	187	DIFF	0.9821	libstdcxx/system	1
_ZNSt14collate_bynameIcEC2EPKcj	std::collate_byname<char>::collate_byname(char const*, unsigned int)	W	187	187	DIFF	0.9821	libstdcxx/system	1
_ZNSt14collate_bynameIcED0Ev	std::collate_byname<char>::~collate_byname()	W	70	72	DIFF	0.9091	libstdcxx/system	1
_ZNSt14collate_bynameIcED1Ev	std::collate_byname<char>::~collate_byname()	W	62	64	DIFF	0.9000	libstdcxx/system	1
_ZNSt14collate_bynameIcED2Ev	std::collate_byname<char>::~collate_byname()	W	62	64	DIFF	0.9000	libstdcxx/system	1
_ZNSt14collate_bynameIwEC1EPKcj	std::collate_byname<wchar_t>::collate_byname(char const*, unsigned int)	W	187	187	DIFF	0.9821	libstdcxx/system	1
_ZNSt14collate_bynameIwEC2EPKcj	std::collate_byname<wchar_t>::collate_byname(char const*, unsigned int)	W	187	187	DIFF	0.9821	libstdcxx/system	1
_ZNSt14collate_bynameIwED0Ev	std::collate_byname<wchar_t>::~collate_byname()	W	70	72	DIFF	0.9091	libstdcxx/system	1
_ZNSt14collate_bynameIwED1Ev	std::collate_byname<wchar_t>::~collate_byname()	W	62	64	DIFF	0.9000	libstdcxx/system	1
_ZNSt14collate_bynameIwED2Ev	std::collate_byname<wchar_t>::~collate_byname()	W	62	64	DIFF	0.9000	libstdcxx/system	1
_ZNSt14error_categoryD0Ev	std::error_category::~error_category()	W	21	22	DIFF	0.8571	libstdcxx/system	1
_ZNSt14error_categoryD1Ev	std::error_category::~error_category()	W	14	14	NEAR	1.0000	libstdcxx/system	1
_ZNSt14error_categoryD2Ev	std::error_category::~error_category()	W	14	14	NEAR	1.0000	libstdcxx/system	1
_ZNSt14overflow_errorC1ERKSs	std::overflow_error::overflow_error(std::basic_string<char, std::char_traits<char>, std::allocator<char> > const&)	T	37	39	DIFF	0.8571	libstdcxx/system	1
_ZNSt14overflow_errorC2ERKSs	std::overflow_error::overflow_error(std::basic_string<char, std::char_traits<char>, std::allocator<char> > const&)	T	37	39	DIFF	0.8571	libstdcxx/system	1
_ZNSt14overflow_errorD0Ev	std::overflow_error::~overflow_error()	W	37	39	DIFF	0.8462	libstdcxx/system	1
_ZNSt14overflow_errorD1Ev	std::overflow_error::~overflow_error()	W	21	22	DIFF	0.8571	libstdcxx/system	1
_ZNSt14overflow_errorD2Ev	std::overflow_error::~overflow_error()	W	21	22	DIFF	0.8571	libstdcxx/system	1
_ZNSt15basic_streambufIcSt11char_traitsIcEE10pubseekoffExSt12_Ios_SeekdirSt13_Ios_Openmode	std::basic_streambuf<char, std::char_traits<char> >::pubseekoff(long long, std::_Ios_Seekdir, std::_Ios_Openmode)	W	81	82	DIFF	0.9643	libstdcxx/system	1
_ZNSt15basic_streambufIcSt11char_traitsIcEE10pubseekposESt4fposI11__mbstate_tESt13_Ios_Openmode	std::basic_streambuf<char, std::char_traits<char> >::pubseekpos(std::fpos<__mbstate_t>, std::_Ios_Openmode)	W	72	73	DIFF	0.9600	libstdcxx/system	1
_ZNSt15basic_streambufIcSt11char_traitsIcEE4setgEPcS3_S3_	std::basic_streambuf<char, std::char_traits<char> >::setg(char*, char*, char*)	W	26	26	NEAR	1.0000	libstdcxx/system	1
_ZNSt15basic_streambufIcSt11char_traitsIcEE4setpEPcS3_	std::basic_streambuf<char, std::char_traits<char> >::setp(char*, char*)	W	23	23	NEAR	1.0000	libstdcxx/system	1
_ZNSt15basic_streambufIcSt11char_traitsIcEE4syncEv	std::basic_streambuf<char, std::char_traits<char> >::sync()	W	7	7	IDENTICAL	1.0000	libstdcxx/system	1
_ZNSt15basic_streambufIcSt11char_traitsIcEE5gbumpEi	std::basic_streambuf<char, std::char_traits<char> >::gbump(int)	W	14	14	IDENTICAL	1.0000	libstdcxx/system	1
_ZNSt15basic_streambufIcSt11char_traitsIcEE5imbueERKSt6locale	std::basic_streambuf<char, std::char_traits<char> >::imbue(std::locale const&)	W	5	5	IDENTICAL	1.0000	libstdcxx/system	1
_ZNSt15basic_streambufIcSt11char_traitsIcEE5pbumpEi	std::basic_streambuf<char, std::char_traits<char> >::pbump(int)	W	14	14	IDENTICAL	1.0000	libstdcxx/system	1
_ZNSt15basic_streambufIcSt11char_traitsIcEE5sgetcEv	std::basic_streambuf<char, std::char_traits<char> >::sgetc()	W	33	34	DIFF	0.9333	libstdcxx/system	1
_ZNSt15basic_streambufIcSt11char_traitsIcEE5sgetnEPci	std::basic_streambuf<char, std::char_traits<char> >::sgetn(char*, int)	W	17	18	DIFF	0.8750	libstdcxx/system	1
_ZNSt15basic_streambufIcSt11char_traitsIcEE5sputcEc	std::basic_streambuf<char, std::char_traits<char> >::sputc(char)	W	55	57	DIFF	0.9200	libstdcxx/system	1
_ZNSt15basic_streambufIcSt11char_traitsIcEE5sputnEPKci	std::basic_streambuf<char, std::char_traits<char> >::sputn(char const*, int)	W	17	18	DIFF	0.8750	libstdcxx/system	1
_ZNSt15basic_streambufIcSt11char_traitsIcEE5uflowEv	std::basic_streambuf<char, std::char_traits<char> >::uflow()	W	48	50	DIFF	0.9000	libstdcxx/system	1
_ZNSt15basic_streambufIcSt11char_traitsIcEE6sbumpcEv	std::basic_streambuf<char, std::char_traits<char> >::sbumpc()	W	39	40	DIFF	0.8824	libstdcxx/system	1
_ZNSt15basic_streambufIcSt11char_traitsIcEE6setbufEPci	std::basic_streambuf<char, std::char_traits<char> >::setbuf(char*, int)	W	8	8	IDENTICAL	1.0000	libstdcxx/system	1
_ZNSt15basic_streambufIcSt11char_traitsIcEE6snextcEv	std::basic_streambuf<char, std::char_traits<char> >::snextc()	W	76	79	DIFF	0.8788	libstdcxx/system	1
_ZNSt15basic_streambufIcSt11char_traitsIcEE6stosscEv	std::basic_streambuf<char, std::char_traits<char> >::stossc()	W	43	43	DIFF	0.8824	libstdcxx/system	1
_ZNSt15basic_streambufIcSt11char_traitsIcEE6xsgetnEPci	std::basic_streambuf<char, std::char_traits<char> >::xsgetn(char*, int)	W	125	134	DIFF	0.8704	libstdcxx/system	1
_ZNSt15basic_streambufIcSt11char_traitsIcEE6xsputnEPKci	std::basic_streambuf<char, std::char_traits<char> >::xsputn(char const*, int)	W	125	132	DIFF	0.8824	libstdcxx/system	1
_ZNSt15basic_streambufIcSt11char_traitsIcEE7pubsyncEv	std::basic_streambuf<char, std::char_traits<char> >::pubsync()	W	17	18	DIFF	0.8750	libstdcxx/system	1
_ZNSt15basic_streambufIcSt11char_traitsIcEE7seekoffExSt12_Ios_SeekdirSt13_Ios_Openmode	std::basic_streambuf<char, std::char_traits<char> >::seekoff(long long, std::_Ios_Seekdir, std::_Ios_Openmode)	W	37	37	IDENTICAL	1.0000	libstdcxx/system	1
_ZNSt15basic_streambufIcSt11char_traitsIcEE7seekposESt4fposI11__mbstate_tESt13_Ios_Openmode	std::basic_streambuf<char, std::char_traits<char> >::seekpos(std::fpos<__mbstate_t>, std::_Ios_Openmode)	W	37	37	IDENTICAL	1.0000	libstdcxx/system	1
_ZNSt15basic_streambufIcSt11char_traitsIcEE7sungetcEv	std::basic_streambuf<char, std::char_traits<char> >::sungetc()	W	47	48	DIFF	0.9444	libstdcxx/system	1
_ZNSt15basic_streambufIcSt11char_traitsIcEE8in_availEv	std::basic_streambuf<char, std::char_traits<char> >::in_avail()	W	32	32	DIFF	0.8667	libstdcxx/system	1
_ZNSt15basic_streambufIcSt11char_traitsIcEE8overflowEi	std::basic_streambuf<char, std::char_traits<char> >::overflow(int)	W	10	10	IDENTICAL	1.0000	libstdcxx/system	1
_ZNSt15basic_streambufIcSt11char_traitsIcEE8pubimbueERKSt6locale	std::basic_streambuf<char, std::char_traits<char> >::pubimbue(std::locale const&)	W	104	105	DIFF	0.9706	libstdcxx/system	1
_ZNSt15basic_streambufIcSt11char_traitsIcEE9pbackfailEi	std::basic_streambuf<char, std::char_traits<char> >::pbackfail(int)	W	10	10	IDENTICAL	1.0000	libstdcxx/system	1
_ZNSt15basic_streambufIcSt11char_traitsIcEE9pubsetbufEPci	std::basic_streambuf<char, std::char_traits<char> >::pubsetbuf(char*, int)	W	17	18	DIFF	0.8750	libstdcxx/system	1
_ZNSt15basic_streambufIcSt11char_traitsIcEE9showmanycEv	std::basic_streambuf<char, std::char_traits<char> >::showmanyc()	W	7	7	IDENTICAL	1.0000	libstdcxx/system	1
_ZNSt15basic_streambufIcSt11char_traitsIcEE9sputbackcEc	std::basic_streambuf<char, std::char_traits<char> >::sputbackc(char)	W	69	70	DIFF	0.8621	libstdcxx/system	1
_ZNSt15basic_streambufIcSt11char_traitsIcEE9underflowEv	std::basic_streambuf<char, std::char_traits<char> >::underflow()	W	10	10	IDENTICAL	1.0000	libstdcxx/system	1
_ZNSt15basic_streambufIcSt11char_traitsIcEEC1ERKS2_	std::basic_streambuf<char, std::char_traits<char> >::basic_streambuf(std::basic_streambuf<char, std::char_traits<char> > const&)	W	72	73	DIFF	0.8750	libstdcxx/system	1
_ZNSt15basic_streambufIcSt11char_traitsIcEEC1Ev	std::basic_streambuf<char, std::char_traits<char> >::basic_streambuf()	W	69	70	DIFF	0.9333	libstdcxx/system	1
_ZNSt15basic_streambufIcSt11char_traitsIcEEC2ERKS2_	std::basic_streambuf<char, std::char_traits<char> >::basic_streambuf(std::basic_streambuf<char, std::char_traits<char> > const&)	W	72	73	DIFF	0.8750	libstdcxx/system	1
_ZNSt15basic_streambufIcSt11char_traitsIcEEC2Ev	std::basic_streambuf<char, std::char_traits<char> >::basic_streambuf()	W	69	70	DIFF	0.9333	libstdcxx/system	1
_ZNSt15basic_streambufIcSt11char_traitsIcEED0Ev	std::basic_streambuf<char, std::char_traits<char> >::~basic_streambuf()	W	40	42	DIFF	0.8571	libstdcxx/system	1
_ZNSt15basic_streambufIcSt11char_traitsIcEED1Ev	std::basic_streambuf<char, std::char_traits<char> >::~basic_streambuf()	W	27	28	DIFF	0.8889	libstdcxx/system	1
_ZNSt15basic_streambufIcSt11char_traitsIcEED2Ev	std::basic_streambuf<char, std::char_traits<char> >::~basic_streambuf()	W	27	28	DIFF	0.8889	libstdcxx/system	1
_ZNSt15basic_streambufIcSt11char_traitsIcEEaSERKS2_	std::basic_streambuf<char, std::char_traits<char> >::operator=(std::basic_streambuf<char, std::char_traits<char> > const&)	W	8	8	IDENTICAL	1.0000	libstdcxx/system	1
_ZNSt15basic_streambufIwSt11char_traitsIwEE10pubseekoffExSt12_Ios_SeekdirSt13_Ios_Openmode	std::basic_streambuf<wchar_t, std::char_traits<wchar_t> >::pubseekoff(long long, std::_Ios_Seekdir, std::_Ios_Openmode)	W	81	82	DIFF	0.9643	libstdcxx/system	1
_ZNSt15basic_streambufIwSt11char_traitsIwEE10pubseekposESt4fposI11__mbstate_tESt13_Ios_Openmode	std::basic_streambuf<wchar_t, std::char_traits<wchar_t> >::pubseekpos(std::fpos<__mbstate_t>, std::_Ios_Openmode)	W	72	73	DIFF	0.9600	libstdcxx/system	1
_ZNSt15basic_streambufIwSt11char_traitsIwEE4setgEPwS3_S3_	std::basic_streambuf<wchar_t, std::char_traits<wchar_t> >::setg(wchar_t*, wchar_t*, wchar_t*)	W	26	26	NEAR	1.0000	libstdcxx/system	1
_ZNSt15basic_streambufIwSt11char_traitsIwEE4setpEPwS3_	std::basic_streambuf<wchar_t, std::char_traits<wchar_t> >::setp(wchar_t*, wchar_t*)	W	23	23	NEAR	1.0000	libstdcxx/system	1
_ZNSt15basic_streambufIwSt11char_traitsIwEE4syncEv	std::basic_streambuf<wchar_t, std::char_traits<wchar_t> >::sync()	W	7	7	IDENTICAL	1.0000	libstdcxx/system	1
_ZNSt15basic_streambufIwSt11char_traitsIwEE5gbumpEi	std::basic_streambuf<wchar_t, std::char_traits<wchar_t> >::gbump(int)	W	17	17	IDENTICAL	1.0000	libstdcxx/system	1
_ZNSt15basic_streambufIwSt11char_traitsIwEE5imbueERKSt6locale	std::basic_streambuf<wchar_t, std::char_traits<wchar_t> >::imbue(std::locale const&)	W	5	5	IDENTICAL	1.0000	libstdcxx/system	1
_ZNSt15basic_streambufIwSt11char_traitsIwEE5pbumpEi	std::basic_streambuf<wchar_t, std::char_traits<wchar_t> >::pbump(int)	W	17	17	IDENTICAL	1.0000	libstdcxx/system	1
_ZNSt15basic_streambufIwSt11char_traitsIwEE5sgetcEv	std::basic_streambuf<wchar_t, std::char_traits<wchar_t> >::sgetc()	W	32	33	DIFF	0.9333	libstdcxx/system	1
_ZNSt15basic_streambufIwSt11char_traitsIwEE5sgetnEPwi	std::basic_streambuf<wchar_t, std::char_traits<wchar_t> >::sgetn(wchar_t*, int)	W	17	18	DIFF	0.8750	libstdcxx/system	1
_ZNSt15basic_streambufIwSt11char_traitsIwEE5sputcEw	std::basic_streambuf<wchar_t, std::char_traits<wchar_t> >::sputc(wchar_t)	W	42	43	DIFF	0.9444	libstdcxx/system	1
_ZNSt15basic_streambufIwSt11char_traitsIwEE5sputnEPKwi	std::basic_streambuf<wchar_t, std::char_traits<wchar_t> >::sputn(wchar_t const*, int)	W	17	18	DIFF	0.8750	libstdcxx/system	1
_ZNSt15basic_streambufIwSt11char_traitsIwEE5uflowEv	std::basic_streambuf<wchar_t, std::char_traits<wchar_t> >::uflow()	W	47	49	DIFF	0.9000	libstdcxx/system	1
_ZNSt15basic_streambufIwSt11char_traitsIwEE6sbumpcEv	std::basic_streambuf<wchar_t, std::char_traits<wchar_t> >::sbumpc()	W	38	39	DIFF	0.8824	libstdcxx/system	1
_ZNSt15basic_streambufIwSt11char_traitsIwEE6setbufEPwi	std::basic_streambuf<wchar_t, std::char_traits<wchar_t> >::setbuf(wchar_t*, int)	W	8	8	IDENTICAL	1.0000	libstdcxx/system	1
_ZNSt15basic_streambufIwSt11char_traitsIwEE6snextcEv	std::basic_streambuf<wchar_t, std::char_traits<wchar_t> >::snextc()	W	72	75	DIFF	0.8750	libstdcxx/system	1
_ZNSt15basic_streambufIwSt11char_traitsIwEE6stosscEv	std::basic_streambuf<wchar_t, std::char_traits<wchar_t> >::stossc()	W	43	43	DIFF	0.8824	libstdcxx/system	1
_ZNSt15basic_streambufIwSt11char_traitsIwEE6xsgetnEPwi	std::basic_streambuf<wchar_t, std::char_traits<wchar_t> >::xsgetn(wchar_t*, int)	W	136	137	DIFF	0.8750	libstdcxx/system	1
_ZNSt15basic_streambufIwSt11char_traitsIwEE6xsputnEPKwi	std::basic_streambuf<wchar_t, std::char_traits<wchar_t> >::xsputn(wchar_t const*, int)	W	136	135	DIFF	0.8889	libstdcxx/system	1
_ZNSt15basic_streambufIwSt11char_traitsIwEE7pubsyncEv	std::basic_streambuf<wchar_t, std::char_traits<wchar_t> >::pubsync()	W	17	18	DIFF	0.8750	libstdcxx/system	1
_ZNSt15basic_streambufIwSt11char_traitsIwEE7seekoffExSt12_Ios_SeekdirSt13_Ios_Openmode	std::basic_streambuf<wchar_t, std::char_traits<wchar_t> >::seekoff(long long, std::_Ios_Seekdir, std::_Ios_Openmode)	W	37	37	IDENTICAL	1.0000	libstdcxx/system	1
_ZNSt15basic_streambufIwSt11char_traitsIwEE7seekposESt4fposI11__mbstate_tESt13_Ios_Openmode	std::basic_streambuf<wchar_t, std::char_traits<wchar_t> >::seekpos(std::fpos<__mbstate_t>, std::_Ios_Openmode)	W	37	37	IDENTICAL	1.0000	libstdcxx/system	1
_ZNSt15basic_streambufIwSt11char_traitsIwEE7sungetcEv	std::basic_streambuf<wchar_t, std::char_traits<wchar_t> >::sungetc()	W	46	47	DIFF	0.9444	libstdcxx/system	1
_ZNSt15basic_streambufIwSt11char_traitsIwEE8in_availEv	std::basic_streambuf<wchar_t, std::char_traits<wchar_t> >::in_avail()	W	32	32	DIFF	0.8667	libstdcxx/system	1
_ZNSt15basic_streambufIwSt11char_traitsIwEE8overflowEj	std::basic_streambuf<wchar_t, std::char_traits<wchar_t> >::overflow(unsigned int)	W	10	10	IDENTICAL	1.0000	libstdcxx/system	1
_ZNSt15basic_streambufIwSt11char_traitsIwEE8pubimbueERKSt6locale	std::basic_streambuf<wchar_t, std::char_traits<wchar_t> >::pubimbue(std::locale const&)	W	104	105	DIFF	0.9706	libstdcxx/system	1
_ZNSt15basic_streambufIwSt11char_traitsIwEE9pbackfailEj	std::basic_streambuf<wchar_t, std::char_traits<wchar_t> >::pbackfail(unsigned int)	W	10	10	IDENTICAL	1.0000	libstdcxx/system	1
_ZNSt15basic_streambufIwSt11char_traitsIwEE9pubsetbufEPwi	std::basic_streambuf<wchar_t, std::char_traits<wchar_t> >::pubsetbuf(wchar_t*, int)	W	17	18	DIFF	0.8750	libstdcxx/system	1
_ZNSt15basic_streambufIwSt11char_traitsIwEE9showmanycEv	std::basic_streambuf<wchar_t, std::char_traits<wchar_t> >::showmanyc()	W	7	7	IDENTICAL	1.0000	libstdcxx/system	1
_ZNSt15basic_streambufIwSt11char_traitsIwEE9sputbackcEw	std::basic_streambuf<wchar_t, std::char_traits<wchar_t> >::sputbackc(wchar_t)	W	53	53	DIFF	0.8636	libstdcxx/system	1
_ZNSt15basic_streambufIwSt11char_traitsIwEE9underflowEv	std::basic_streambuf<wchar_t, std::char_traits<wchar_t> >::underflow()	W	10	10	IDENTICAL	1.0000	libstdcxx/system	1
_ZNSt15basic_streambufIwSt11char_traitsIwEEC1ERKS2_	std::basic_streambuf<wchar_t, std::char_traits<wchar_t> >::basic_streambuf(std::basic_streambuf<wchar_t, std::char_traits<wchar_t> > const&)	W	72	73	DIFF	0.8750	libstdcxx/system	1
_ZNSt15basic_streambufIwSt11char_traitsIwEEC1Ev	std::basic_streambuf<wchar_t, std::char_traits<wchar_t> >::basic_streambuf()	W	69	70	DIFF	0.9333	libstdcxx/system	1
_ZNSt15basic_streambufIwSt11char_traitsIwEEC2ERKS2_	std::basic_streambuf<wchar_t, std::char_traits<wchar_t> >::basic_streambuf(std::basic_streambuf<wchar_t, std::char_traits<wchar_t> > const&)	W	72	73	DIFF	0.8750	libstdcxx/system	1
_ZNSt15basic_streambufIwSt11char_traitsIwEEC2Ev	std::basic_streambuf<wchar_t, std::char_traits<wchar_t> >::basic_streambuf()	W	69	70	DIFF	0.9333	libstdcxx/system	1
_ZNSt15basic_streambufIwSt11char_traitsIwEED0Ev	std::basic_streambuf<wchar_t, std::char_traits<wchar_t> >::~basic_streambuf()	W	40	42	DIFF	0.8571	libstdcxx/system	1
_ZNSt15basic_streambufIwSt11char_traitsIwEED1Ev	std::basic_streambuf<wchar_t, std::char_traits<wchar_t> >::~basic_streambuf()	W	27	28	DIFF	0.8889	libstdcxx/system	1
_ZNSt15basic_streambufIwSt11char_traitsIwEED2Ev	std::basic_streambuf<wchar_t, std::char_traits<wchar_t> >::~basic_streambuf()	W	27	28	DIFF	0.8889	libstdcxx/system	1
_ZNSt15basic_streambufIwSt11char_traitsIwEEaSERKS2_	std::basic_streambuf<wchar_t, std::char_traits<wchar_t> >::operator=(std::basic_streambuf<wchar_t, std::char_traits<wchar_t> > const&)	W	8	8	IDENTICAL	1.0000	libstdcxx/system	1
_ZNSt15messages_bynameIcEC1EPKcj	std::messages_byname<char>::messages_byname(char const*, unsigned int)	W	252	253	DIFF	0.9630	libstdcxx/system	1
_ZNSt15messages_bynameIcEC2EPKcj	std::messages_byname<char>::messages_byname(char const*, unsigned int)	W	252	253	DIFF	0.9630	libstdcxx/system	1
_ZNSt15messages_bynameIcED0Ev	std::messages_byname<char>::~messages_byname()	W	37	39	DIFF	0.8462	libstdcxx/system	1
_ZNSt15messages_bynameIcED1Ev	std::messages_byname<char>::~messages_byname()	W	21	22	DIFF	0.8571	libstdcxx/system	1
_ZNSt15messages_bynameIcED2Ev	std::messages_byname<char>::~messages_byname()	W	21	22	DIFF	0.8571	libstdcxx/system	1
_ZNSt15messages_bynameIwEC1EPKcj	std::messages_byname<wchar_t>::messages_byname(char const*, unsigned int)	W	252	253	DIFF	0.9630	libstdcxx/system	1
_ZNSt15messages_bynameIwEC2EPKcj	std::messages_byname<wchar_t>::messages_byname(char const*, unsigned int)	W	252	253	DIFF	0.9630	libstdcxx/system	1
_ZNSt15messages_bynameIwED0Ev	std::messages_byname<wchar_t>::~messages_byname()	W	37	39	DIFF	0.8462	libstdcxx/system	1
_ZNSt15messages_bynameIwED1Ev	std::messages_byname<wchar_t>::~messages_byname()	W	21	22	DIFF	0.8571	libstdcxx/system	1
_ZNSt15messages_bynameIwED2Ev	std::messages_byname<wchar_t>::~messages_byname()	W	21	22	DIFF	0.8571	libstdcxx/system	1
_ZNSt15numpunct_bynameIcEC1EPKcj	std::numpunct_byname<char>::numpunct_byname(char const*, unsigned int)	W	210	218	DIFF	0.9677	libstdcxx/system	1
_ZNSt15numpunct_bynameIcEC2EPKcj	std::numpunct_byname<char>::numpunct_byname(char const*, unsigned int)	W	210	218	DIFF	0.9677	libstdcxx/system	1
_ZNSt15numpunct_bynameIcED0Ev	std::numpunct_byname<char>::~numpunct_byname()	W	37	39	DIFF	0.8462	libstdcxx/system	1
_ZNSt15numpunct_bynameIcED1Ev	std::numpunct_byname<char>::~numpunct_byname()	W	21	22	DIFF	0.8571	libstdcxx/system	1
_ZNSt15numpunct_bynameIcED2Ev	std::numpunct_byname<char>::~numpunct_byname()	W	21	22	DIFF	0.8571	libstdcxx/system	1
_ZNSt15numpunct_bynameIwEC1EPKcj	std::numpunct_byname<wchar_t>::numpunct_byname(char const*, unsigned int)	W	210	218	DIFF	0.9677	libstdcxx/system	1
_ZNSt15numpunct_bynameIwEC2EPKcj	std::numpunct_byname<wchar_t>::numpunct_byname(char const*, unsigned int)	W	210	218	DIFF	0.9677	libstdcxx/system	1
_ZNSt15numpunct_bynameIwED0Ev	std::numpunct_byname<wchar_t>::~numpunct_byname()	W	37	39	DIFF	0.8462	libstdcxx/system	1
_ZNSt15numpunct_bynameIwED1Ev	std::numpunct_byname<wchar_t>::~numpunct_byname()	W	21	22	DIFF	0.8571	libstdcxx/system	1
_ZNSt15numpunct_bynameIwED2Ev	std::numpunct_byname<wchar_t>::~numpunct_byname()	W	21	22	DIFF	0.8571	libstdcxx/system	1
_ZNSt15time_get_bynameIcSt19istreambuf_iteratorIcSt11char_traitsIcEEEC1EPKcj	std::time_get_byname<char, std::istreambuf_iterator<char, std::char_traits<char> > >::time_get_byname(char const*, unsigned int)	W	26	26	NEAR	1.0000	libstdcxx/system	1
_ZNSt15time_get_bynameIcSt19istreambuf_iteratorIcSt11char_traitsIcEEEC2EPKcj	std::time_get_byname<char, std::istreambuf_iterator<char, std::char_traits<char> > >::time_get_byname(char const*, unsigned int)	W	26	26	NEAR	1.0000	libstdcxx/system	1
_ZNSt15time_get_bynameIcSt19istreambuf_iteratorIcSt11char_traitsIcEEED0Ev	std::time_get_byname<char, std::istreambuf_iterator<char, std::char_traits<char> > >::~time_get_byname()	W	37	39	DIFF	0.8462	libstdcxx/system	1
_ZNSt15time_get_bynameIcSt19istreambuf_iteratorIcSt11char_traitsIcEEED1Ev	std::time_get_byname<char, std::istreambuf_iterator<char, std::char_traits<char> > >::~time_get_byname()	W	21	22	DIFF	0.8571	libstdcxx/system	1
_ZNSt15time_get_bynameIcSt19istreambuf_iteratorIcSt11char_traitsIcEEED2Ev	std::time_get_byname<char, std::istreambuf_iterator<char, std::char_traits<char> > >::~time_get_byname()	W	21	22	DIFF	0.8571	libstdcxx/system	1
_ZNSt15time_get_bynameIwSt19istreambuf_iteratorIwSt11char_traitsIwEEEC1EPKcj	std::time_get_byname<wchar_t, std::istreambuf_iterator<wchar_t, std::char_traits<wchar_t> > >::time_get_byname(char const*, unsigned int)	W	26	26	NEAR	1.0000	libstdcxx/system	1
_ZNSt15time_get_bynameIwSt19istreambuf_iteratorIwSt11char_traitsIwEEEC2EPKcj	std::time_get_byname<wchar_t, std::istreambuf_iterator<wchar_t, std::char_traits<wchar_t> > >::time_get_byname(char const*, unsigned int)	W	26	26	NEAR	1.0000	libstdcxx/system	1
_ZNSt15time_get_bynameIwSt19istreambuf_iteratorIwSt11char_traitsIwEEED0Ev	std::time_get_byname<wchar_t, std::istreambuf_iterator<wchar_t, std::char_traits<wchar_t> > >::~time_get_byname()	W	37	39	DIFF	0.8462	libstdcxx/system	1
_ZNSt15time_get_bynameIwSt19istreambuf_iteratorIwSt11char_traitsIwEEED1Ev	std::time_get_byname<wchar_t, std::istreambuf_iterator<wchar_t, std::char_traits<wchar_t> > >::~time_get_byname()	W	21	22	DIFF	0.8571	libstdcxx/system	1
_ZNSt15time_get_bynameIwSt19istreambuf_iteratorIwSt11char_traitsIwEEED2Ev	std::time_get_byname<wchar_t, std::istreambuf_iterator<wchar_t, std::char_traits<wchar_t> > >::~time_get_byname()	W	21	22	DIFF	0.8571	libstdcxx/system	1
_ZNSt15time_put_bynameIcSt19ostreambuf_iteratorIcSt11char_traitsIcEEEC1EPKcj	std::time_put_byname<char, std::ostreambuf_iterator<char, std::char_traits<char> > >::time_put_byname(char const*, unsigned int)	W	26	26	NEAR	1.0000	libstdcxx/system	1
_ZNSt15time_put_bynameIcSt19ostreambuf_iteratorIcSt11char_traitsIcEEEC2EPKcj	std::time_put_byname<char, std::ostreambuf_iterator<char, std::char_traits<char> > >::time_put_byname(char const*, unsigned int)	W	26	26	NEAR	1.0000	libstdcxx/system	1
_ZNSt15time_put_bynameIcSt19ostreambuf_iteratorIcSt11char_traitsIcEEED0Ev	std::time_put_byname<char, std::ostreambuf_iterator<char, std::char_traits<char> > >::~time_put_byname()	W	37	39	DIFF	0.8462	libstdcxx/system	1
_ZNSt15time_put_bynameIcSt19ostreambuf_iteratorIcSt11char_traitsIcEEED1Ev	std::time_put_byname<char, std::ostreambuf_iterator<char, std::char_traits<char> > >::~time_put_byname()	W	21	22	DIFF	0.8571	libstdcxx/system	1
_ZNSt15time_put_bynameIcSt19ostreambuf_iteratorIcSt11char_traitsIcEEED2Ev	std::time_put_byname<char, std::ostreambuf_iterator<char, std::char_traits<char> > >::~time_put_byname()	W	21	22	DIFF	0.8571	libstdcxx/system	1
_ZNSt15time_put_bynameIwSt19ostreambuf_iteratorIwSt11char_traitsIwEEEC1EPKcj	std::time_put_byname<wchar_t, std::ostreambuf_iterator<wchar_t, std::char_traits<wchar_t> > >::time_put_byname(char const*, unsigned int)	W	26	26	NEAR	1.0000	libstdcxx/system	1
_ZNSt15time_put_bynameIwSt19ostreambuf_iteratorIwSt11char_traitsIwEEEC2EPKcj	std::time_put_byname<wchar_t, std::ostreambuf_iterator<wchar_t, std::char_traits<wchar_t> > >::time_put_byname(char const*, unsigned int)	W	26	26	NEAR	1.0000	libstdcxx/system	1
_ZNSt15time_put_bynameIwSt19ostreambuf_iteratorIwSt11char_traitsIwEEED0Ev	std::time_put_byname<wchar_t, std::ostreambuf_iterator<wchar_t, std::char_traits<wchar_t> > >::~time_put_byname()	W	37	39	DIFF	0.8462	libstdcxx/system	1
_ZNSt15time_put_bynameIwSt19ostreambuf_iteratorIwSt11char_traitsIwEEED1Ev	std::time_put_byname<wchar_t, std::ostreambuf_iterator<wchar_t, std::char_traits<wchar_t> > >::~time_put_byname()	W	21	22	DIFF	0.8571	libstdcxx/system	1
_ZNSt15time_put_bynameIwSt19ostreambuf_iteratorIwSt11char_traitsIwEEED2Ev	std::time_put_byname<wchar_t, std::ostreambuf_iterator<wchar_t, std::char_traits<wchar_t> > >::~time_put_byname()	W	21	22	DIFF	0.8571	libstdcxx/system	1
_ZNSt15underflow_errorC1ERKSs	std::underflow_error::underflow_error(std::basic_string<char, std::char_traits<char>, std::allocator<char> > const&)	T	37	39	DIFF	0.8571	libstdcxx/system	1
_ZNSt15underflow_errorC2ERKSs	std::underflow_error::underflow_error(std::basic_string<char, std::char_traits<char>, std::allocator<char> > const&)	T	37	39	DIFF	0.8571	libstdcxx/system	1
_ZNSt15underflow_errorD0Ev	std::underflow_error::~underflow_error()	W	37	39	DIFF	0.8462	libstdcxx/system	1
_ZNSt15underflow_errorD1Ev	std::underflow_error::~underflow_error()	W	21	22	DIFF	0.8571	libstdcxx/system	1
_ZNSt15underflow_errorD2Ev	std::underflow_error::~underflow_error()	W	21	22	DIFF	0.8571	libstdcxx/system	1
_ZNSt16__numpunct_cacheIcE8_M_cacheERKSt6locale	std::__numpunct_cache<char>::_M_cache(std::locale const&)	W	1158	1158	DIFF	0.9853	libstdcxx/system	1
_ZNSt16__numpunct_cacheIcEC1Ej	std::__numpunct_cache<char>::__numpunct_cache(unsigned int)	W	84	84	NEAR	1.0000	libstdcxx/system	1
_ZNSt16__numpunct_cacheIcEC2Ej	std::__numpunct_cache<char>::__numpunct_cache(unsigned int)	W	84	84	NEAR	1.0000	libstdcxx/system	1
_ZNSt16__numpunct_cacheIcED0Ev	std::__numpunct_cache<char>::~__numpunct_cache()	W	31	33	DIFF	0.8333	libstdcxx/system	1
_ZNSt16__numpunct_cacheIcED1Ev	std::__numpunct_cache<char>::~__numpunct_cache()	W	80	82	DIFF	0.9286	libstdcxx/system	1
_ZNSt16__numpunct_cacheIcED2Ev	std::__numpunct_cache<char>::~__numpunct_cache()	W	80	82	DIFF	0.9286	libstdcxx/system	1
_ZNSt16__numpunct_cacheIwE8_M_cacheERKSt6locale	std::__numpunct_cache<wchar_t>::_M_cache(std::locale const&)	W	987	989	DIFF	0.9825	libstdcxx/system	1
_ZNSt16__numpunct_cacheIwEC1Ej	std::__numpunct_cache<wchar_t>::__numpunct_cache(unsigned int)	W	93	93	NEAR	1.0000	libstdcxx/system	1
_ZNSt16__numpunct_cacheIwEC2Ej	std::__numpunct_cache<wchar_t>::__numpunct_cache(unsigned int)	W	93	93	NEAR	1.0000	libstdcxx/system	1
_ZNSt16__numpunct_cacheIwED0Ev	std::__numpunct_cache<wchar_t>::~__numpunct_cache()	W	31	33	DIFF	0.8333	libstdcxx/system	1
_ZNSt16__numpunct_cacheIwED1Ev	std::__numpunct_cache<wchar_t>::~__numpunct_cache()	W	83	85	DIFF	0.9286	libstdcxx/system	1
_ZNSt16__numpunct_cacheIwED2Ev	std::__numpunct_cache<wchar_t>::~__numpunct_cache()	W	83	85	DIFF	0.9286	libstdcxx/system	1
_ZNSt16invalid_argumentC1ERKSs	std::invalid_argument::invalid_argument(std::basic_string<char, std::char_traits<char>, std::allocator<char> > const&)	T	37	39	DIFF	0.8571	libstdcxx/system	1
_ZNSt16invalid_argumentC2ERKSs	std::invalid_argument::invalid_argument(std::basic_string<char, std::char_traits<char>, std::allocator<char> > const&)	T	37	39	DIFF	0.8571	libstdcxx/system	1
_ZNSt16invalid_argumentD0Ev	std::invalid_argument::~invalid_argument()	W	37	39	DIFF	0.8462	libstdcxx/system	1
_ZNSt16invalid_argumentD1Ev	std::invalid_argument::~invalid_argument()	W	21	22	DIFF	0.8571	libstdcxx/system	1
_ZNSt16invalid_argumentD2Ev	std::invalid_argument::~invalid_argument()	W	21	22	DIFF	0.8571	libstdcxx/system	1
_ZNSt17_Rb_tree_iteratorISt4pairIKSsP5CFLogEEC1EPSt13_Rb_tree_nodeIS4_E	std::_Rb_tree_iterator<std::pair<std::basic_string<char, std::char_traits<char>, std::allocator<char> > const, CFLog*> >::_Rb_tree_iterator(std::_Rb_tree_node<std::pair<std::basic_string<char, std::char_traits<char>, std::allocator<char> > const, CFLog*> >*)	W	13	13	IDENTICAL	1.0000	libstdcxx/system	1
_ZNSt17_Rb_tree_iteratorISt4pairIKSsP5CFLogEEC2EPSt13_Rb_tree_nodeIS4_E	std::_Rb_tree_iterator<std::pair<std::basic_string<char, std::char_traits<char>, std::allocator<char> > const, CFLog*> >::_Rb_tree_iterator(std::_Rb_tree_node<std::pair<std::basic_string<char, std::char_traits<char>, std::allocator<char> > const, CFLog*> >*)	W	13	13	IDENTICAL	1.0000	libstdcxx/system	1
_ZNSt17_Rb_tree_iteratorISt4pairIKSsP5CFLogEEmmEv	std::_Rb_tree_iterator<std::pair<std::basic_string<char, std::char_traits<char>, std::allocator<char> > const, CFLog*> >::operator--()	W	29	29	NEAR	1.0000	project	1
_ZNSt17_Rb_tree_iteratorISt4pairIKSsSsEEC1EPSt13_Rb_tree_nodeIS2_E	std::_Rb_tree_iterator<std::pair<std::basic_string<char, std::char_traits<char>, std::allocator<char> > const, std::basic_string<char, std::char_traits<char>, std::allocator<char> > > >::_Rb_tree_iterator(std::_Rb_tree_node<std::pair<std::basic_string<char, std::char_traits<char>, std::allocator<char> > const, std::basic_string<char, std::char_traits<char>, std::allocator<char> > > >*)	W	13	13	IDENTICAL	1.0000	libstdcxx/system	1
_ZNSt17_Rb_tree_iteratorISt4pairIKSsSsEEC2EPSt13_Rb_tree_nodeIS2_E	std::_Rb_tree_iterator<std::pair<std::basic_string<char, std::char_traits<char>, std::allocator<char> > const, std::basic_string<char, std::char_traits<char>, std::allocator<char> > > >::_Rb_tree_iterator(std::_Rb_tree_node<std::pair<std::basic_string<char, std::char_traits<char>, std::allocator<char> > const, std::basic_string<char, std::char_traits<char>, std::allocator<char> > > >*)	W	13	13	IDENTICAL	1.0000	libstdcxx/system	1
_ZNSt17_Rb_tree_iteratorISt4pairIKSsSsEEmmEv	std::_Rb_tree_iterator<std::pair<std::basic_string<char, std::char_traits<char>, std::allocator<char> > const, std::basic_string<char, std::char_traits<char>, std::allocator<char> > > >::operator--()	W	29	29	NEAR	1.0000	project	1
_ZNSt17_Rb_tree_iteratorISt4pairIKj5CUserEEC1EPSt13_Rb_tree_nodeIS3_E	std::_Rb_tree_iterator<std::pair<unsigned int const, CUser> >::_Rb_tree_iterator(std::_Rb_tree_node<std::pair<unsigned int const, CUser> >*)	W	13	13	IDENTICAL	1.0000	libstdcxx/system	1
_ZNSt17_Rb_tree_iteratorISt4pairIKj5CUserEEC2EPSt13_Rb_tree_nodeIS3_E	std::_Rb_tree_iterator<std::pair<unsigned int const, CUser> >::_Rb_tree_iterator(std::_Rb_tree_node<std::pair<unsigned int const, CUser> >*)	W	13	13	IDENTICAL	1.0000	libstdcxx/system	1
_ZNSt17_Rb_tree_iteratorISt4pairIKj5CUserEEmmEv	std::_Rb_tree_iterator<std::pair<unsigned int const, CUser> >::operator--()	W	29	29	NEAR	1.0000	project	1
_ZNSt17_Rb_tree_iteratorISt4pairIKj5CUserEEppEi	std::_Rb_tree_iterator<std::pair<unsigned int const, CUser> >::operator++(int)	W	61	61	NEAR	1.0000	project	1
_ZNSt17_Rb_tree_iteratorISt4pairIKj5CUserEEppEv	std::_Rb_tree_iterator<std::pair<unsigned int const, CUser> >::operator++()	W	29	29	NEAR	1.0000	project	1
_ZNSt17_Rb_tree_iteratorISt4pairIKtPFiP15ISessionManagerP15CNetworkSessionP12PacketHeaderEEEC1EPSt13_Rb_tree_nodeISA_E	std::_Rb_tree_iterator<std::pair<unsigned short const, int (*)(ISessionManager*, CNetworkSession*, PacketHeader*)> >::_Rb_tree_iterator(std::_Rb_tree_node<std::pair<unsigned short const, int (*)(ISessionManager*, CNetworkSession*, PacketHeader*)> >*)	W	13	13	IDENTICAL	1.0000	libstdcxx/system	1
_ZNSt17_Rb_tree_iteratorISt4pairIKtPFiP15ISessionManagerP15CNetworkSessionP12PacketHeaderEEEC2EPSt13_Rb_tree_nodeISA_E	std::_Rb_tree_iterator<std::pair<unsigned short const, int (*)(ISessionManager*, CNetworkSession*, PacketHeader*)> >::_Rb_tree_iterator(std::_Rb_tree_node<std::pair<unsigned short const, int (*)(ISessionManager*, CNetworkSession*, PacketHeader*)> >*)	W	13	13	IDENTICAL	1.0000	libstdcxx/system	1
_ZNSt17_Rb_tree_iteratorISt4pairIKtPFiP15ISessionManagerP15CNetworkSessionP12PacketHeaderEEEmmEv	std::_Rb_tree_iterator<std::pair<unsigned short const, int (*)(ISessionManager*, CNetworkSession*, PacketHeader*)> >::operator--()	W	29	29	NEAR	1.0000	libstdcxx/system	1
_ZNSt17__timepunct_cacheIcEC1Ej	std::__timepunct_cache<char>::__timepunct_cache(unsigned int)	W	413	413	NEAR	1.0000	libstdcxx/system	1
_ZNSt17__timepunct_cacheIcEC2Ej	std::__timepunct_cache<char>::__timepunct_cache(unsigned int)	W	413	413	NEAR	1.0000	libstdcxx/system	1
_ZNSt17__timepunct_cacheIcED0Ev	std::__timepunct_cache<char>::~__timepunct_cache()	W	31	33	DIFF	0.8333	libstdcxx/system	1
_ZNSt17__timepunct_cacheIcED1Ev	std::__timepunct_cache<char>::~__timepunct_cache()	W	21	22	DIFF	0.8571	libstdcxx/system	1
_ZNSt17__timepunct_cacheIcED2Ev	std::__timepunct_cache<char>::~__timepunct_cache()	W	21	22	DIFF	0.8571	libstdcxx/system	1
_ZNSt17__timepunct_cacheIwEC1Ej	std::__timepunct_cache<wchar_t>::__timepunct_cache(unsigned int)	W	413	413	NEAR	1.0000	libstdcxx/system	1
_ZNSt17__timepunct_cacheIwEC2Ej	std::__timepunct_cache<wchar_t>::__timepunct_cache(unsigned int)	W	413	413	NEAR	1.0000	libstdcxx/system	1
_ZNSt17__timepunct_cacheIwED0Ev	std::__timepunct_cache<wchar_t>::~__timepunct_cache()	W	31	33	DIFF	0.8333	libstdcxx/system	1
_ZNSt17__timepunct_cacheIwED1Ev	std::__timepunct_cache<wchar_t>::~__timepunct_cache()	W	21	22	DIFF	0.8571	libstdcxx/system	1
_ZNSt17__timepunct_cacheIwED2Ev	std::__timepunct_cache<wchar_t>::~__timepunct_cache()	W	21	22	DIFF	0.8571	libstdcxx/system	1
_ZNSt17moneypunct_bynameIcLb0EEC1EPKcj	std::moneypunct_byname<char, false>::moneypunct_byname(char const*, unsigned int)	W	226	234	DIFF	0.9688	libstdcxx/system	1
_ZNSt17moneypunct_bynameIcLb0EEC2EPKcj	std::moneypunct_byname<char, false>::moneypunct_byname(char const*, unsigned int)	W	226	234	DIFF	0.9688	libstdcxx/system	1
_ZNSt17moneypunct_bynameIcLb0EED0Ev	std::moneypunct_byname<char, false>::~moneypunct_byname()	W	37	39	DIFF	0.8462	libstdcxx/system	1
_ZNSt17moneypunct_bynameIcLb0EED1Ev	std::moneypunct_byname<char, false>::~moneypunct_byname()	W	21	22	DIFF	0.8571	libstdcxx/system	1
_ZNSt17moneypunct_bynameIcLb0EED2Ev	std::moneypunct_byname<char, false>::~moneypunct_byname()	W	21	22	DIFF	0.8571	libstdcxx/system	1
_ZNSt17moneypunct_bynameIcLb1EEC1EPKcj	std::moneypunct_byname<char, true>::moneypunct_byname(char const*, unsigned int)	W	226	234	DIFF	0.9688	libstdcxx/system	1
_ZNSt17moneypunct_bynameIcLb1EEC2EPKcj	std::moneypunct_byname<char, true>::moneypunct_byname(char const*, unsigned int)	W	226	234	DIFF	0.9688	libstdcxx/system	1
_ZNSt17moneypunct_bynameIcLb1EED0Ev	std::moneypunct_byname<char, true>::~moneypunct_byname()	W	37	39	DIFF	0.8462	libstdcxx/system	1
_ZNSt17moneypunct_bynameIcLb1EED1Ev	std::moneypunct_byname<char, true>::~moneypunct_byname()	W	21	22	DIFF	0.8571	libstdcxx/system	1
_ZNSt17moneypunct_bynameIcLb1EED2Ev	std::moneypunct_byname<char, true>::~moneypunct_byname()	W	21	22	DIFF	0.8571	libstdcxx/system	1
_ZNSt17moneypunct_bynameIwLb0EEC1EPKcj	std::moneypunct_byname<wchar_t, false>::moneypunct_byname(char const*, unsigned int)	W	226	234	DIFF	0.9688	libstdcxx/system	1
_ZNSt17moneypunct_bynameIwLb0EEC2EPKcj	std::moneypunct_byname<wchar_t, false>::moneypunct_byname(char const*, unsigned int)	W	226	234	DIFF	0.9688	libstdcxx/system	1
_ZNSt17moneypunct_bynameIwLb0EED0Ev	std::moneypunct_byname<wchar_t, false>::~moneypunct_byname()	W	37	39	DIFF	0.8462	libstdcxx/system	1
_ZNSt17moneypunct_bynameIwLb0EED1Ev	std::moneypunct_byname<wchar_t, false>::~moneypunct_byname()	W	21	22	DIFF	0.8571	libstdcxx/system	1
_ZNSt17moneypunct_bynameIwLb0EED2Ev	std::moneypunct_byname<wchar_t, false>::~moneypunct_byname()	W	21	22	DIFF	0.8571	libstdcxx/system	1
_ZNSt17moneypunct_bynameIwLb1EEC1EPKcj	std::moneypunct_byname<wchar_t, true>::moneypunct_byname(char const*, unsigned int)	W	226	234	DIFF	0.9688	libstdcxx/system	1
_ZNSt17moneypunct_bynameIwLb1EEC2EPKcj	std::moneypunct_byname<wchar_t, true>::moneypunct_byname(char const*, unsigned int)	W	226	234	DIFF	0.9688	libstdcxx/system	1
_ZNSt17moneypunct_bynameIwLb1EED0Ev	std::moneypunct_byname<wchar_t, true>::~moneypunct_byname()	W	37	39	DIFF	0.8462	libstdcxx/system	1
_ZNSt17moneypunct_bynameIwLb1EED1Ev	std::moneypunct_byname<wchar_t, true>::~moneypunct_byname()	W	21	22	DIFF	0.8571	libstdcxx/system	1
_ZNSt17moneypunct_bynameIwLb1EED2Ev	std::moneypunct_byname<wchar_t, true>::~moneypunct_byname()	W	21	22	DIFF	0.8571	libstdcxx/system	1
_ZNSt18__moneypunct_cacheIcLb0EE8_M_cacheERKSt6locale	std::__moneypunct_cache<char, false>::_M_cache(std::locale const&)	W	1351	1351	DIFF	0.9845	libstdcxx/system	1
_ZNSt18__moneypunct_cacheIcLb0EEC1Ej	std::__moneypunct_cache<char, false>::__moneypunct_cache(unsigned int)	W	137	137	NEAR	1.0000	libstdcxx/system	1
_ZNSt18__moneypunct_cacheIcLb0EEC2Ej	std::__moneypunct_cache<char, false>::__moneypunct_cache(unsigned int)	W	137	137	NEAR	1.0000	libstdcxx/system	1
_ZNSt18__moneypunct_cacheIcLb0EED0Ev	std::__moneypunct_cache<char, false>::~__moneypunct_cache()	W	31	33	DIFF	0.8333	libstdcxx/system	1
_ZNSt18__moneypunct_cacheIcLb0EED1Ev	std::__moneypunct_cache<char, false>::~__moneypunct_cache()	W	95	97	DIFF	0.9394	libstdcxx/system	1
_ZNSt18__moneypunct_cacheIcLb0EED2Ev	std::__moneypunct_cache<char, false>::~__moneypunct_cache()	W	95	97	DIFF	0.9394	libstdcxx/system	1
_ZNSt18__moneypunct_cacheIcLb1EE8_M_cacheERKSt6locale	std::__moneypunct_cache<char, true>::_M_cache(std::locale const&)	W	1351	1351	DIFF	0.9845	libstdcxx/system	1
_ZNSt18__moneypunct_cacheIcLb1EEC1Ej	std::__moneypunct_cache<char, true>::__moneypunct_cache(unsigned int)	W	137	137	NEAR	1.0000	libstdcxx/system	1
_ZNSt18__moneypunct_cacheIcLb1EEC2Ej	std::__moneypunct_cache<char, true>::__moneypunct_cache(unsigned int)	W	137	137	NEAR	1.0000	libstdcxx/system	1
_ZNSt18__moneypunct_cacheIcLb1EED0Ev	std::__moneypunct_cache<char, true>::~__moneypunct_cache()	W	31	33	DIFF	0.8333	libstdcxx/system	1
_ZNSt18__moneypunct_cacheIcLb1EED1Ev	std::__moneypunct_cache<char, true>::~__moneypunct_cache()	W	95	97	DIFF	0.9394	libstdcxx/system	1
_ZNSt18__moneypunct_cacheIcLb1EED2Ev	std::__moneypunct_cache<char, true>::~__moneypunct_cache()	W	95	97	DIFF	0.9394	libstdcxx/system	1
_ZNSt18__moneypunct_cacheIwLb0EE8_M_cacheERKSt6locale	std::__moneypunct_cache<wchar_t, false>::_M_cache(std::locale const&)	W	1292	1295	DIFF	0.9837	libstdcxx/system	1
_ZNSt18__moneypunct_cacheIwLb0EEC1Ej	std::__moneypunct_cache<wchar_t, false>::__moneypunct_cache(unsigned int)	W	143	143	NEAR	1.0000	libstdcxx/system	1
_ZNSt18__moneypunct_cacheIwLb0EEC2Ej	std::__moneypunct_cache<wchar_t, false>::__moneypunct_cache(unsigned int)	W	143	143	NEAR	1.0000	libstdcxx/system	1
_ZNSt18__moneypunct_cacheIwLb0EED0Ev	std::__moneypunct_cache<wchar_t, false>::~__moneypunct_cache()	W	31	33	DIFF	0.8333	libstdcxx/system	1
_ZNSt18__moneypunct_cacheIwLb0EED1Ev	std::__moneypunct_cache<wchar_t, false>::~__moneypunct_cache()	W	95	97	DIFF	0.9394	libstdcxx/system	1
_ZNSt18__moneypunct_cacheIwLb0EED2Ev	std::__moneypunct_cache<wchar_t, false>::~__moneypunct_cache()	W	95	97	DIFF	0.9394	libstdcxx/system	1
_ZNSt18__moneypunct_cacheIwLb1EE8_M_cacheERKSt6locale	std::__moneypunct_cache<wchar_t, true>::_M_cache(std::locale const&)	W	1292	1295	DIFF	0.9837	libstdcxx/system	1
_ZNSt18__moneypunct_cacheIwLb1EEC1Ej	std::__moneypunct_cache<wchar_t, true>::__moneypunct_cache(unsigned int)	W	143	143	NEAR	1.0000	libstdcxx/system	1
_ZNSt18__moneypunct_cacheIwLb1EEC2Ej	std::__moneypunct_cache<wchar_t, true>::__moneypunct_cache(unsigned int)	W	143	143	NEAR	1.0000	libstdcxx/system	1
_ZNSt18__moneypunct_cacheIwLb1EED0Ev	std::__moneypunct_cache<wchar_t, true>::~__moneypunct_cache()	W	31	33	DIFF	0.8333	libstdcxx/system	1
_ZNSt18__moneypunct_cacheIwLb1EED1Ev	std::__moneypunct_cache<wchar_t, true>::~__moneypunct_cache()	W	95	97	DIFF	0.9394	libstdcxx/system	1
_ZNSt18__moneypunct_cacheIwLb1EED2Ev	std::__moneypunct_cache<wchar_t, true>::~__moneypunct_cache()	W	95	97	DIFF	0.9394	libstdcxx/system	1
_ZNSt19istreambuf_iteratorIcSt11char_traitsIcEEppEv	std::istreambuf_iterator<char, std::char_traits<char> >::operator++()	W	55	57	DIFF	0.8696	libstdcxx/system	1
_ZNSt19istreambuf_iteratorIwSt11char_traitsIwEEppEv	std::istreambuf_iterator<wchar_t, std::char_traits<wchar_t> >::operator++()	W	55	57	DIFF	0.8696	libstdcxx/system	1
_ZNSt20__copy_move_backwardILb1ELb0ESt26random_access_iterator_tagE13__copy_move_bIP16STPvPBuddyDBInfoS4_EET0_T_S6_S5_	STPvPBuddyDBInfo* std::__copy_move_backward<true, false, std::random_access_iterator_tag>::__copy_move_b<STPvPBuddyDBInfo*, STPvPBuddyDBInfo*>(STPvPBuddyDBInfo*, STPvPBuddyDBInfo*, STPvPBuddyDBInfo*)	W	149	149	NEAR	1.0000	libstdcxx/system	1
_ZNSt20__copy_move_backwardILb1ELb0ESt26random_access_iterator_tagE13__copy_move_bIPSsS3_EET0_T_S5_S4_	std::basic_string<char, std::char_traits<char>, std::allocator<char> >* std::__copy_move_backward<true, false, std::random_access_iterator_tag>::__copy_move_b<std::basic_string<char, std::char_traits<char>, std::allocator<char> >*, std::basic_string<char, std::char_traits<char>, std::allocator<char> >*>(std::basic_string<char, std::char_traits<char>, std::allocator<char> >*, std::basic_string<char, std::char_traits<char>, std::allocator<char> >*, std::basic_string<char, std::char_traits<char>, std::allocator<char> >*)	W	80	80	NEAR	1.0000	libstdcxx/system	1
_ZNSt20__uninitialized_copyILb0EE18uninitialized_copyIN9__gnu_cxx17__normal_iteratorIPK16STPvPBuddyDBInfoSt6vectorIS4_SaIS4_EEEEPS4_EET0_T_SD_SC_	STPvPBuddyDBInfo* std::__uninitialized_copy<false>::uninitialized_copy<__gnu_cxx::__normal_iterator<STPvPBuddyDBInfo const*, std::vector<STPvPBuddyDBInfo, std::allocator<STPvPBuddyDBInfo> > >, STPvPBuddyDBInfo*>(__gnu_cxx::__normal_iterator<STPvPBuddyDBInfo const*, std::vector<STPvPBuddyDBInfo, std::allocator<STPvPBuddyDBInfo> > >, __gnu_cxx::__normal_iterator<STPvPBuddyDBInfo const*, std::vector<STPvPBuddyDBInfo, std::allocator<STPvPBuddyDBInfo> > >, STPvPBuddyDBInfo*)	W	230	141	DIFF	0.6267	libstdcxx/system	1
_ZNSt20__uninitialized_copyILb0EE18uninitialized_copyISt13move_iteratorIP16STPvPBuddyDBInfoES4_EET0_T_S7_S6_	STPvPBuddyDBInfo* std::__uninitialized_copy<false>::uninitialized_copy<std::move_iterator<STPvPBuddyDBInfo*>, STPvPBuddyDBInfo*>(std::move_iterator<STPvPBuddyDBInfo*>, std::move_iterator<STPvPBuddyDBInfo*>, STPvPBuddyDBInfo*)	W	230	141	DIFF	0.6267	libstdcxx/system	1
_ZNSt20__uninitialized_copyILb0EE18uninitialized_copyISt13move_iteratorIPSsES3_EET0_T_S6_S5_	std::basic_string<char, std::char_traits<char>, std::allocator<char> >* std::__uninitialized_copy<false>::uninitialized_copy<std::move_iterator<std::basic_string<char, std::char_traits<char>, std::allocator<char> >*>, std::basic_string<char, std::char_traits<char>, std::allocator<char> >*>(std::move_iterator<std::basic_string<char, std::char_traits<char>, std::allocator<char> >*>, std::move_iterator<std::basic_string<char, std::char_traits<char>, std::allocator<char> >*>, std::basic_string<char, std::char_traits<char>, std::allocator<char> >*)	W	197	141	DIFF	0.7015	libstdcxx/system	1
_ZNSt21__ctype_abstract_baseIcED0Ev	std::__ctype_abstract_base<char>::~__ctype_abstract_base()	W	37	39	DIFF	0.8462	libstdcxx/system	1
_ZNSt21__ctype_abstract_baseIcED1Ev	std::__ctype_abstract_base<char>::~__ctype_abstract_base()	W	21	22	DIFF	0.8571	libstdcxx/system	1
_ZNSt21__ctype_abstract_baseIcED2Ev	std::__ctype_abstract_base<char>::~__ctype_abstract_base()	W	21	22	DIFF	0.8571	libstdcxx/system	1
_ZNSt21__ctype_abstract_baseIwED0Ev	std::__ctype_abstract_base<wchar_t>::~__ctype_abstract_base()	W	37	39	DIFF	0.8462	libstdcxx/system	1
_ZNSt21__ctype_abstract_baseIwED1Ev	std::__ctype_abstract_base<wchar_t>::~__ctype_abstract_base()	W	21	22	DIFF	0.8571	libstdcxx/system	1
_ZNSt21__ctype_abstract_baseIwED2Ev	std::__ctype_abstract_base<wchar_t>::~__ctype_abstract_base()	W	21	22	DIFF	0.8571	libstdcxx/system	1
_ZNSt23_Rb_tree_const_iteratorISt4pairIKSsSsEEC1ERKSt17_Rb_tree_iteratorIS2_E	std::_Rb_tree_const_iterator<std::pair<std::basic_string<char, std::char_traits<char>, std::allocator<char> > const, std::basic_string<char, std::char_traits<char>, std::allocator<char> > > >::_Rb_tree_const_iterator(std::_Rb_tree_iterator<std::pair<std::basic_string<char, std::char_traits<char>, std::allocator<char> > const, std::basic_string<char, std::char_traits<char>, std::allocator<char> > > > const&)	W	15	15	IDENTICAL	1.0000	libstdcxx/system	1
_ZNSt23_Rb_tree_const_iteratorISt4pairIKSsSsEEC2ERKSt17_Rb_tree_iteratorIS2_E	std::_Rb_tree_const_iterator<std::pair<std::basic_string<char, std::char_traits<char>, std::allocator<char> > const, std::basic_string<char, std::char_traits<char>, std::allocator<char> > > >::_Rb_tree_const_iterator(std::_Rb_tree_iterator<std::pair<std::basic_string<char, std::char_traits<char>, std::allocator<char> > const, std::basic_string<char, std::char_traits<char>, std::allocator<char> > > > const&)	W	15	15	IDENTICAL	1.0000	libstdcxx/system	1
_ZNSt23_Rb_tree_const_iteratorISt4pairIKj5CUserEEC1ERKSt17_Rb_tree_iteratorIS3_E	std::_Rb_tree_const_iterator<std::pair<unsigned int const, CUser> >::_Rb_tree_const_iterator(std::_Rb_tree_iterator<std::pair<unsigned int const, CUser> > const&)	W	15	15	IDENTICAL	1.0000	project	1
_ZNSt23_Rb_tree_const_iteratorISt4pairIKj5CUserEEC2ERKSt17_Rb_tree_iteratorIS3_E	std::_Rb_tree_const_iterator<std::pair<unsigned int const, CUser> >::_Rb_tree_const_iterator(std::_Rb_tree_iterator<std::pair<unsigned int const, CUser> > const&)	W	15	15	IDENTICAL	1.0000	project	1
_ZNSt23__codecvt_abstract_baseIcc11__mbstate_tED0Ev	std::__codecvt_abstract_base<char, char, __mbstate_t>::~__codecvt_abstract_base()	W	37	39	DIFF	0.8462	libstdcxx/system	1
_ZNSt23__codecvt_abstract_baseIcc11__mbstate_tED1Ev	std::__codecvt_abstract_base<char, char, __mbstate_t>::~__codecvt_abstract_base()	W	21	22	DIFF	0.8571	libstdcxx/system	1
_ZNSt23__codecvt_abstract_baseIcc11__mbstate_tED2Ev	std::__codecvt_abstract_base<char, char, __mbstate_t>::~__codecvt_abstract_base()	W	21	22	DIFF	0.8571	libstdcxx/system	1
_ZNSt23__codecvt_abstract_baseIwc11__mbstate_tED0Ev	std::__codecvt_abstract_base<wchar_t, char, __mbstate_t>::~__codecvt_abstract_base()	W	37	39	DIFF	0.8462	libstdcxx/system	1
_ZNSt23__codecvt_abstract_baseIwc11__mbstate_tED1Ev	std::__codecvt_abstract_base<wchar_t, char, __mbstate_t>::~__codecvt_abstract_base()	W	21	22	DIFF	0.8571	libstdcxx/system	1
_ZNSt23__codecvt_abstract_baseIwc11__mbstate_tED2Ev	std::__codecvt_abstract_base<wchar_t, char, __mbstate_t>::~__codecvt_abstract_base()	W	21	22	DIFF	0.8571	libstdcxx/system	1
_ZNSt3mapISsP5CFLogSt4lessISsESaISt4pairIKSsS1_EEE3endEv	std::map<std::basic_string<char, std::char_traits<char>, std::allocator<char> >, CFLog*, std::less<std::basic_string<char, std::char_traits<char>, std::allocator<char> > >, std::allocator<std::pair<std::basic_string<char, std::char_traits<char>, std::allocator<char> > const, CFLog*> > >::end()	W	37	37	NEAR	1.0000	project	1
_ZNSt3mapISsP5CFLogSt4lessISsESaISt4pairIKSsS1_EEE4findERS5_	std::map<std::basic_string<char, std::char_traits<char>, std::allocator<char> >, CFLog*, std::less<std::basic_string<char, std::char_traits<char>, std::allocator<char> > >, std::allocator<std::pair<std::basic_string<char, std::char_traits<char>, std::allocator<char> > const, CFLog*> > >::find(std::basic_string<char, std::char_traits<char>, std::allocator<char> > const&)	W	44	44	NEAR	1.0000	project	1
_ZNSt3mapISsP5CFLogSt4lessISsESaISt4pairIKSsS1_EEE5eraseESt17_Rb_tree_iteratorIS6_E	std::map<std::basic_string<char, std::char_traits<char>, std::allocator<char> >, CFLog*, std::less<std::basic_string<char, std::char_traits<char>, std::allocator<char> > >, std::allocator<std::pair<std::basic_string<char, std::char_traits<char>, std::allocator<char> > const, CFLog*> > >::erase(std::_Rb_tree_iterator<std::pair<std::basic_string<char, std::char_traits<char>, std::allocator<char> > const, CFLog*> >)	W	26	26	NEAR	1.0000	project	1
_ZNSt3mapISsP5CFLogSt4lessISsESaISt4pairIKSsS1_EEE6insertERKS6_	std::map<std::basic_string<char, std::char_traits<char>, std::allocator<char> >, CFLog*, std::less<std::basic_string<char, std::char_traits<char>, std::allocator<char> > >, std::allocator<std::pair<std::basic_string<char, std::char_traits<char>, std::allocator<char> > const, CFLog*> > >::insert(std::pair<std::basic_string<char, std::char_traits<char>, std::allocator<char> > const, CFLog*> const&)	W	44	44	NEAR	1.0000	libstdcxx/system	1
_ZNSt3mapISsP5CFLogSt4lessISsESaISt4pairIKSsS1_EEEC1Ev	std::map<std::basic_string<char, std::char_traits<char>, std::allocator<char> >, CFLog*, std::less<std::basic_string<char, std::char_traits<char>, std::allocator<char> > >, std::allocator<std::pair<std::basic_string<char, std::char_traits<char>, std::allocator<char> > const, CFLog*> > >::map()	W	19	19	NEAR	1.0000	project	1
_ZNSt3mapISsP5CFLogSt4lessISsESaISt4pairIKSsS1_EEEC2Ev	std::map<std::basic_string<char, std::char_traits<char>, std::allocator<char> >, CFLog*, std::less<std::basic_string<char, std::char_traits<char>, std::allocator<char> > >, std::allocator<std::pair<std::basic_string<char, std::char_traits<char>, std::allocator<char> > const, CFLog*> > >::map()	W	19	19	NEAR	1.0000	project	1
_ZNSt3mapISsP5CFLogSt4lessISsESaISt4pairIKSsS1_EEED1Ev	std::map<std::basic_string<char, std::char_traits<char>, std::allocator<char> >, CFLog*, std::less<std::basic_string<char, std::char_traits<char>, std::allocator<char> > >, std::allocator<std::pair<std::basic_string<char, std::char_traits<char>, std::allocator<char> > const, CFLog*> > >::~map()	W	19	19	NEAR	1.0000	project	1
_ZNSt3mapISsP5CFLogSt4lessISsESaISt4pairIKSsS1_EEED2Ev	std::map<std::basic_string<char, std::char_traits<char>, std::allocator<char> >, CFLog*, std::less<std::basic_string<char, std::char_traits<char>, std::allocator<char> > >, std::allocator<std::pair<std::basic_string<char, std::char_traits<char>, std::allocator<char> > const, CFLog*> > >::~map()	W	19	19	NEAR	1.0000	project	1
_ZNSt3mapISsSsSt4lessISsESaISt4pairIKSsSsEEE3endEv	std::map<std::basic_string<char, std::char_traits<char>, std::allocator<char> >, std::basic_string<char, std::char_traits<char>, std::allocator<char> >, std::less<std::basic_string<char, std::char_traits<char>, std::allocator<char> > >, std::allocator<std::pair<std::basic_string<char, std::char_traits<char>, std::allocator<char> > const, std::basic_string<char, std::char_traits<char>, std::allocator<char> > > > >::end()	W	37	37	NEAR	1.0000	project	1
_ZNSt3mapISsSsSt4lessISsESaISt4pairIKSsSsEEE4findERS3_	std::map<std::basic_string<char, std::char_traits<char>, std::allocator<char> >, std::basic_string<char, std::char_traits<char>, std::allocator<char> >, std::less<std::basic_string<char, std::char_traits<char>, std::allocator<char> > >, std::allocator<std::pair<std::basic_string<char, std::char_traits<char>, std::allocator<char> > const, std::basic_string<char, std::char_traits<char>, std::allocator<char> > > > >::find(std::basic_string<char, std::char_traits<char>, std::allocator<char> > const&)	W	44	44	NEAR	1.0000	project	1
_ZNSt3mapISsSsSt4lessISsESaISt4pairIKSsSsEEE6insertERKS4_	std::map<std::basic_string<char, std::char_traits<char>, std::allocator<char> >, std::basic_string<char, std::char_traits<char>, std::allocator<char> >, std::less<std::basic_string<char, std::char_traits<char>, std::allocator<char> > >, std::allocator<std::pair<std::basic_string<char, std::char_traits<char>, std::allocator<char> > const, std::basic_string<char, std::char_traits<char>, std::allocator<char> > > > >::insert(std::pair<std::basic_string<char, std::char_traits<char>, std::allocator<char> > const, std::basic_string<char, std::char_traits<char>, std::allocator<char> > > const&)	W	44	44	NEAR	1.0000	project	1
_ZNSt3mapISsSsSt4lessISsESaISt4pairIKSsSsEEEC1Ev	std::map<std::basic_string<char, std::char_traits<char>, std::allocator<char> >, std::basic_string<char, std::char_traits<char>, std::allocator<char> >, std::less<std::basic_string<char, std::char_traits<char>, std::allocator<char> > >, std::allocator<std::pair<std::basic_string<char, std::char_traits<char>, std::allocator<char> > const, std::basic_string<char, std::char_traits<char>, std::allocator<char> > > > >::map()	W	19	19	NEAR	1.0000	project	1
_ZNSt3mapISsSsSt4lessISsESaISt4pairIKSsSsEEEC2Ev	std::map<std::basic_string<char, std::char_traits<char>, std::allocator<char> >, std::basic_string<char, std::char_traits<char>, std::allocator<char> >, std::less<std::basic_string<char, std::char_traits<char>, std::allocator<char> > >, std::allocator<std::pair<std::basic_string<char, std::char_traits<char>, std::allocator<char> > const, std::basic_string<char, std::char_traits<char>, std::allocator<char> > > > >::map()	W	19	19	NEAR	1.0000	project	1
_ZNSt3mapISsSsSt4lessISsESaISt4pairIKSsSsEEED1Ev	std::map<std::basic_string<char, std::char_traits<char>, std::allocator<char> >, std::basic_string<char, std::char_traits<char>, std::allocator<char> >, std::less<std::basic_string<char, std::char_traits<char>, std::allocator<char> > >, std::allocator<std::pair<std::basic_string<char, std::char_traits<char>, std::allocator<char> > const, std::basic_string<char, std::char_traits<char>, std::allocator<char> > > > >::~map()	W	19	19	NEAR	1.0000	project	1
_ZNSt3mapISsSsSt4lessISsESaISt4pairIKSsSsEEED2Ev	std::map<std::basic_string<char, std::char_traits<char>, std::allocator<char> >, std::basic_string<char, std::char_traits<char>, std::allocator<char> >, std::less<std::basic_string<char, std::char_traits<char>, std::allocator<char> > >, std::allocator<std::pair<std::basic_string<char, std::char_traits<char>, std::allocator<char> > const, std::basic_string<char, std::char_traits<char>, std::allocator<char> > > > >::~map()	W	19	19	NEAR	1.0000	project	1
_ZNSt3mapIi13stSessionInfoSt4lessIiESaISt4pairIKiS0_EEEC1Ev	std::map<int, stSessionInfo, std::less<int>, std::allocator<std::pair<int const, stSessionInfo> > >::map()	W	19	19	NEAR	1.0000	libstdcxx/system	1
_ZNSt3mapIi13stSessionInfoSt4lessIiESaISt4pairIKiS0_EEEC2Ev	std::map<int, stSessionInfo, std::less<int>, std::allocator<std::pair<int const, stSessionInfo> > >::map()	W	19	19	NEAR	1.0000	libstdcxx/system	1
_ZNSt3mapIi13stSessionInfoSt4lessIiESaISt4pairIKiS0_EEED1Ev	std::map<int, stSessionInfo, std::less<int>, std::allocator<std::pair<int const, stSessionInfo> > >::~map()	W	19	19	NEAR	1.0000	libstdcxx/system	1
_ZNSt3mapIi13stSessionInfoSt4lessIiESaISt4pairIKiS0_EEED2Ev	std::map<int, stSessionInfo, std::less<int>, std::allocator<std::pair<int const, stSessionInfo> > >::~map()	W	19	19	NEAR	1.0000	libstdcxx/system	1
_ZNSt3mapIj5CUserSt4lessIjESaISt4pairIKjS0_EEE3endEv	std::map<unsigned int, CUser, std::less<unsigned int>, std::allocator<std::pair<unsigned int const, CUser> > >::end()	W	37	37	NEAR	1.0000	project	1
_ZNSt3mapIj5CUserSt4lessIjESaISt4pairIKjS0_EEE4findERS4_	std::map<unsigned int, CUser, std::less<unsigned int>, std::allocator<std::pair<unsigned int const, CUser> > >::find(unsigned int const&)	W	44	44	NEAR	1.0000	project	1
_ZNSt3mapIj5CUserSt4lessIjESaISt4pairIKjS0_EEE5beginEv	std::map<unsigned int, CUser, std::less<unsigned int>, std::allocator<std::pair<unsigned int const, CUser> > >::begin()	W	37	37	NEAR	1.0000	project	1
_ZNSt3mapIj5CUserSt4lessIjESaISt4pairIKjS0_EEE5eraseESt17_Rb_tree_iteratorIS5_E	std::map<unsigned int, CUser, std::less<unsigned int>, std::allocator<std::pair<unsigned int const, CUser> > >::erase(std::_Rb_tree_iterator<std::pair<unsigned int const, CUser> >)	W	26	26	NEAR	1.0000	project	1
_ZNSt3mapIj5CUserSt4lessIjESaISt4pairIKjS0_EEE6insertERKS5_	std::map<unsigned int, CUser, std::less<unsigned int>, std::allocator<std::pair<unsigned int const, CUser> > >::insert(std::pair<unsigned int const, CUser> const&)	W	44	44	NEAR	1.0000	project	1
_ZNSt3mapIj5CUserSt4lessIjESaISt4pairIKjS0_EEEC1Ev	std::map<unsigned int, CUser, std::less<unsigned int>, std::allocator<std::pair<unsigned int const, CUser> > >::map()	W	19	19	NEAR	1.0000	project	1
_ZNSt3mapIj5CUserSt4lessIjESaISt4pairIKjS0_EEEC2Ev	std::map<unsigned int, CUser, std::less<unsigned int>, std::allocator<std::pair<unsigned int const, CUser> > >::map()	W	19	19	NEAR	1.0000	project	1
_ZNSt3mapIj5CUserSt4lessIjESaISt4pairIKjS0_EEED1Ev	std::map<unsigned int, CUser, std::less<unsigned int>, std::allocator<std::pair<unsigned int const, CUser> > >::~map()	W	19	19	NEAR	1.0000	project	1
_ZNSt3mapIj5CUserSt4lessIjESaISt4pairIKjS0_EEED2Ev	std::map<unsigned int, CUser, std::less<unsigned int>, std::allocator<std::pair<unsigned int const, CUser> > >::~map()	W	19	19	NEAR	1.0000	project	1
_ZNSt3mapItPFiP15ISessionManagerP15CNetworkSessionP12PacketHeaderESt4lessItESaISt4pairIKtS7_EEE3endEv	std::map<unsigned short, int (*)(ISessionManager*, CNetworkSession*, PacketHeader*), std::less<unsigned short>, std::allocator<std::pair<unsigned short const, int (*)(ISessionManager*, CNetworkSession*, PacketHeader*)> > >::end()	W	37	37	NEAR	1.0000	libstdcxx/system	1
_ZNSt3mapItPFiP15ISessionManagerP15CNetworkSessionP12PacketHeaderESt4lessItESaISt4pairIKtS7_EEE4findERSB_	std::map<unsigned short, int (*)(ISessionManager*, CNetworkSession*, PacketHeader*), std::less<unsigned short>, std::allocator<std::pair<unsigned short const, int (*)(ISessionManager*, CNetworkSession*, PacketHeader*)> > >::find(unsigned short const&)	W	44	44	NEAR	1.0000	libstdcxx/system	1
_ZNSt3mapItPFiP15ISessionManagerP15CNetworkSessionP12PacketHeaderESt4lessItESaISt4pairIKtS7_EEE6insertERKSC_	std::map<unsigned short, int (*)(ISessionManager*, CNetworkSession*, PacketHeader*), std::less<unsigned short>, std::allocator<std::pair<unsigned short const, int (*)(ISessionManager*, CNetworkSession*, PacketHeader*)> > >::insert(std::pair<unsigned short const, int (*)(ISessionManager*, CNetworkSession*, PacketHeader*)> const&)	W	44	44	NEAR	1.0000	libstdcxx/system	1
_ZNSt3mapItPFiP15ISessionManagerP15CNetworkSessionP12PacketHeaderESt4lessItESaISt4pairIKtS7_EEEC1Ev	std::map<unsigned short, int (*)(ISessionManager*, CNetworkSession*, PacketHeader*), std::less<unsigned short>, std::allocator<std::pair<unsigned short const, int (*)(ISessionManager*, CNetworkSession*, PacketHeader*)> > >::map()	W	19	19	NEAR	1.0000	libstdcxx/system	1
_ZNSt3mapItPFiP15ISessionManagerP15CNetworkSessionP12PacketHeaderESt4lessItESaISt4pairIKtS7_EEEC2Ev	std::map<unsigned short, int (*)(ISessionManager*, CNetworkSession*, PacketHeader*), std::less<unsigned short>, std::allocator<std::pair<unsigned short const, int (*)(ISessionManager*, CNetworkSession*, PacketHeader*)> > >::map()	W	19	19	NEAR	1.0000	libstdcxx/system	1
_ZNSt3mapItPFiP15ISessionManagerP15CNetworkSessionP12PacketHeaderESt4lessItESaISt4pairIKtS7_EEED1Ev	std::map<unsigned short, int (*)(ISessionManager*, CNetworkSession*, PacketHeader*), std::less<unsigned short>, std::allocator<std::pair<unsigned short const, int (*)(ISessionManager*, CNetworkSession*, PacketHeader*)> > >::~map()	W	19	19	NEAR	1.0000	libstdcxx/system	1
_ZNSt3mapItPFiP15ISessionManagerP15CNetworkSessionP12PacketHeaderESt4lessItESaISt4pairIKtS7_EEED2Ev	std::map<unsigned short, int (*)(ISessionManager*, CNetworkSession*, PacketHeader*), std::less<unsigned short>, std::allocator<std::pair<unsigned short const, int (*)(ISessionManager*, CNetworkSession*, PacketHeader*)> > >::~map()	W	19	19	NEAR	1.0000	libstdcxx/system	1
_ZNSt4pairIKSsP5CFLogEC1ERKS3_	std::pair<std::basic_string<char, std::char_traits<char>, std::allocator<char> > const, CFLog*>::pair(std::pair<std::basic_string<char, std::char_traits<char>, std::allocator<char> > const, CFLog*> const&)	W	38	38	NEAR	1.0000	project	1
_ZNSt4pairIKSsP5CFLogEC1ISsS2_EEOS_IT_T0_E	std::pair<std::basic_string<char, std::char_traits<char>, std::allocator<char> > const, CFLog*>::pair<std::basic_string<char, std::char_traits<char>, std::allocator<char> >, CFLog*>(std::pair<std::basic_string<char, std::char_traits<char>, std::allocator<char> >, CFLog*>&&)	W	56	56	NEAR	1.0000	libstdcxx/system	1
_ZNSt4pairIKSsP5CFLogEC2ERKS3_	std::pair<std::basic_string<char, std::char_traits<char>, std::allocator<char> > const, CFLog*>::pair(std::pair<std::basic_string<char, std::char_traits<char>, std::allocator<char> > const, CFLog*> const&)	W	38	38	NEAR	1.0000	project	1
_ZNSt4pairIKSsP5CFLogEC2ISsS2_EEOS_IT_T0_E	std::pair<std::basic_string<char, std::char_traits<char>, std::allocator<char> > const, CFLog*>::pair<std::basic_string<char, std::char_traits<char>, std::allocator<char> >, CFLog*>(std::pair<std::basic_string<char, std::char_traits<char>, std::allocator<char> >, CFLog*>&&)	W	56	56	NEAR	1.0000	libstdcxx/system	1
_ZNSt4pairIKSsP5CFLogED1Ev	std::pair<std::basic_string<char, std::char_traits<char>, std::allocator<char> > const, CFLog*>::~pair()	W	19	19	NEAR	1.0000	project	1
_ZNSt4pairIKSsP5CFLogED2Ev	std::pair<std::basic_string<char, std::char_traits<char>, std::allocator<char> > const, CFLog*>::~pair()	W	19	19	NEAR	1.0000	project	1
_ZNSt4pairIKSsSsEC1ERKS1_	std::pair<std::basic_string<char, std::char_traits<char>, std::allocator<char> > const, std::basic_string<char, std::char_traits<char>, std::allocator<char> > >::pair(std::pair<std::basic_string<char, std::char_traits<char>, std::allocator<char> > const, std::basic_string<char, std::char_traits<char>, std::allocator<char> > > const&)	W	86	86	NEAR	1.0000	project	1
_ZNSt4pairIKSsSsEC1ISsPcEEOS_IT_T0_E	std::pair<std::basic_string<char, std::char_traits<char>, std::allocator<char> > const, std::basic_string<char, std::char_traits<char>, std::allocator<char> > >::pair<std::basic_string<char, std::char_traits<char>, std::allocator<char> >, char*>(std::pair<std::basic_string<char, std::char_traits<char>, std::allocator<char> >, char*>&&)	W	152	152	NEAR	1.0000	libstdcxx/system	1
_ZNSt4pairIKSsSsEC2ERKS1_	std::pair<std::basic_string<char, std::char_traits<char>, std::allocator<char> > const, std::basic_string<char, std::char_traits<char>, std::allocator<char> > >::pair(std::pair<std::basic_string<char, std::char_traits<char>, std::allocator<char> > const, std::basic_string<char, std::char_traits<char>, std::allocator<char> > > const&)	W	86	86	NEAR	1.0000	project	1
_ZNSt4pairIKSsSsEC2ISsPcEEOS_IT_T0_E	std::pair<std::basic_string<char, std::char_traits<char>, std::allocator<char> > const, std::basic_string<char, std::char_traits<char>, std::allocator<char> > >::pair<std::basic_string<char, std::char_traits<char>, std::allocator<char> >, char*>(std::pair<std::basic_string<char, std::char_traits<char>, std::allocator<char> >, char*>&&)	W	152	152	NEAR	1.0000	libstdcxx/system	1
_ZNSt4pairIKSsSsED1Ev	std::pair<std::basic_string<char, std::char_traits<char>, std::allocator<char> > const, std::basic_string<char, std::char_traits<char>, std::allocator<char> > >::~pair()	W	69	69	NEAR	1.0000	project	1
_ZNSt4pairIKSsSsED2Ev	std::pair<std::basic_string<char, std::char_traits<char>, std::allocator<char> > const, std::basic_string<char, std::char_traits<char>, std::allocator<char> > >::~pair()	W	69	69	NEAR	1.0000	project	1
_ZNSt4pairIKj5CUserEC1ERKS2_	std::pair<unsigned int const, CUser>::pair(std::pair<unsigned int const, CUser> const&)	W	42	42	NEAR	1.0000	project	1
_ZNSt4pairIKj5CUserEC1IjS1_EEOS_IT_T0_E	std::pair<unsigned int const, CUser>::pair<unsigned int, CUser>(std::pair<unsigned int, CUser>&&)	W	58	58	NEAR	1.0000	libstdcxx/system	1
_ZNSt4pairIKj5CUserEC2ERKS2_	std::pair<unsigned int const, CUser>::pair(std::pair<unsigned int const, CUser> const&)	W	42	42	NEAR	1.0000	project	1
_ZNSt4pairIKj5CUserEC2IjS1_EEOS_IT_T0_E	std::pair<unsigned int const, CUser>::pair<unsigned int, CUser>(std::pair<unsigned int, CUser>&&)	W	58	58	NEAR	1.0000	libstdcxx/system	1
_ZNSt4pairIKj5CUserED1Ev	std::pair<unsigned int const, CUser>::~pair()	W	22	22	NEAR	1.0000	project	1
_ZNSt4pairIKj5CUserED2Ev	std::pair<unsigned int const, CUser>::~pair()	W	22	22	NEAR	1.0000	project	1
_ZNSt4pairIKtPFiP15ISessionManagerP15CNetworkSessionP12PacketHeaderEEC1ItS8_EEOS_IT_T0_E	std::pair<unsigned short const, int (*)(ISessionManager*, CNetworkSession*, PacketHeader*)>::pair<unsigned short, int (*)(ISessionManager*, CNetworkSession*, PacketHeader*)>(std::pair<unsigned short, int (*)(ISessionManager*, CNetworkSession*, PacketHeader*)>&&)	W	50	50	NEAR	1.0000	libstdcxx/system	1
_ZNSt4pairIKtPFiP15ISessionManagerP15CNetworkSessionP12PacketHeaderEEC2ItS8_EEOS_IT_T0_E	std::pair<unsigned short const, int (*)(ISessionManager*, CNetworkSession*, PacketHeader*)>::pair<unsigned short, int (*)(ISessionManager*, CNetworkSession*, PacketHeader*)>(std::pair<unsigned short, int (*)(ISessionManager*, CNetworkSession*, PacketHeader*)>&&)	W	50	50	NEAR	1.0000	libstdcxx/system	1
_ZNSt4pairISsP5CFLogEC1IRSsRS1_EEOT_OT0_	std::pair<std::basic_string<char, std::char_traits<char>, std::allocator<char> >, CFLog*>::pair<std::basic_string<char, std::char_traits<char>, std::allocator<char> >&, CFLog*&>(std::basic_string<char, std::char_traits<char>, std::allocator<char> >&, CFLog*&)	W	53	53	NEAR	1.0000	libstdcxx/system	1
_ZNSt4pairISsP5CFLogEC2IRSsRS1_EEOT_OT0_	std::pair<std::basic_string<char, std::char_traits<char>, std::allocator<char> >, CFLog*>::pair<std::basic_string<char, std::char_traits<char>, std::allocator<char> >&, CFLog*&>(std::basic_string<char, std::char_traits<char>, std::allocator<char> >&, CFLog*&)	W	53	53	NEAR	1.0000	libstdcxx/system	1
_ZNSt4pairISsP5CFLogED1Ev	std::pair<std::basic_string<char, std::char_traits<char>, std::allocator<char> >, CFLog*>::~pair()	W	19	19	NEAR	1.0000	libstdcxx/system	1
_ZNSt4pairISsP5CFLogED2Ev	std::pair<std::basic_string<char, std::char_traits<char>, std::allocator<char> >, CFLog*>::~pair()	W	19	19	NEAR	1.0000	libstdcxx/system	1
_ZNSt4pairISsPcEC1IRKSsRS0_EEOT_OT0_	std::pair<std::basic_string<char, std::char_traits<char>, std::allocator<char> >, char*>::pair<std::basic_string<char, std::char_traits<char>, std::allocator<char> > const&, char*&>(std::basic_string<char, std::char_traits<char>, std::allocator<char> > const&, char*&)	W	53	53	NEAR	1.0000	libstdcxx/system	1
_ZNSt4pairISsPcEC2IRKSsRS0_EEOT_OT0_	std::pair<std::basic_string<char, std::char_traits<char>, std::allocator<char> >, char*>::pair<std::basic_string<char, std::char_traits<char>, std::allocator<char> > const&, char*&>(std::basic_string<char, std::char_traits<char>, std::allocator<char> > const&, char*&)	W	53	53	NEAR	1.0000	libstdcxx/system	1
_ZNSt4pairISsPcED1Ev	std::pair<std::basic_string<char, std::char_traits<char>, std::allocator<char> >, char*>::~pair()	W	19	19	NEAR	1.0000	libstdcxx/system	1
_ZNSt4pairISsPcED2Ev	std::pair<std::basic_string<char, std::char_traits<char>, std::allocator<char> >, char*>::~pair()	W	19	19	NEAR	1.0000	libstdcxx/system	1
_ZNSt4pairISt17_Rb_tree_iteratorIS_IKSsP5CFLogEEbEC1IRS5_bEEOT_OT0_	std::pair<std::_Rb_tree_iterator<std::pair<std::basic_string<char, std::char_traits<char>, std::allocator<char> > const, CFLog*> >, bool>::pair<std::_Rb_tree_iterator<std::pair<std::basic_string<char, std::char_traits<char>, std::allocator<char> > const, CFLog*> >&, bool>(std::_Rb_tree_iterator<std::pair<std::basic_string<char, std::char_traits<char>, std::allocator<char> > const, CFLog*> >&, bool&&)	W	46	46	NEAR	1.0000	libstdcxx/system	1
_ZNSt4pairISt17_Rb_tree_iteratorIS_IKSsP5CFLogEEbEC1IS5_bEEOT_OT0_	std::pair<std::_Rb_tree_iterator<std::pair<std::basic_string<char, std::char_traits<char>, std::allocator<char> > const, CFLog*> >, bool>::pair<std::_Rb_tree_iterator<std::pair<std::basic_string<char, std::char_traits<char>, std::allocator<char> > const, CFLog*> >, bool>(std::_Rb_tree_iterator<std::pair<std::basic_string<char, std::char_traits<char>, std::allocator<char> > const, CFLog*> >&&, bool&&)	W	46	46	NEAR	1.0000	libstdcxx/system	1
_ZNSt4pairISt17_Rb_tree_iteratorIS_IKSsP5CFLogEEbEC2IRS5_bEEOT_OT0_	std::pair<std::_Rb_tree_iterator<std::pair<std::basic_string<char, std::char_traits<char>, std::allocator<char> > const, CFLog*> >, bool>::pair<std::_Rb_tree_iterator<std::pair<std::basic_string<char, std::char_traits<char>, std::allocator<char> > const, CFLog*> >&, bool>(std::_Rb_tree_iterator<std::pair<std::basic_string<char, std::char_traits<char>, std::allocator<char> > const, CFLog*> >&, bool&&)	W	46	46	NEAR	1.0000	libstdcxx/system	1
_ZNSt4pairISt17_Rb_tree_iteratorIS_IKSsP5CFLogEEbEC2IS5_bEEOT_OT0_	std::pair<std::_Rb_tree_iterator<std::pair<std::basic_string<char, std::char_traits<char>, std::allocator<char> > const, CFLog*> >, bool>::pair<std::_Rb_tree_iterator<std::pair<std::basic_string<char, std::char_traits<char>, std::allocator<char> > const, CFLog*> >, bool>(std::_Rb_tree_iterator<std::pair<std::basic_string<char, std::char_traits<char>, std::allocator<char> > const, CFLog*> >&&, bool&&)	W	46	46	NEAR	1.0000	libstdcxx/system	1
_ZNSt4pairISt17_Rb_tree_iteratorIS_IKSsSsEEbEC1IRS3_bEEOT_OT0_	std::pair<std::_Rb_tree_iterator<std::pair<std::basic_string<char, std::char_traits<char>, std::allocator<char> > const, std::basic_string<char, std::char_traits<char>, std::allocator<char> > > >, bool>::pair<std::_Rb_tree_iterator<std::pair<std::basic_string<char, std::char_traits<char>, std::allocator<char> > const, std::basic_string<char, std::char_traits<char>, std::allocator<char> > > >&, bool>(std::_Rb_tree_iterator<std::pair<std::basic_string<char, std::char_traits<char>, std::allocator<char> > const, std::basic_string<char, std::char_traits<char>, std::allocator<char> > > >&, bool&&)	W	46	46	NEAR	1.0000	libstdcxx/system	1
_ZNSt4pairISt17_Rb_tree_iteratorIS_IKSsSsEEbEC1IS3_bEEOT_OT0_	std::pair<std::_Rb_tree_iterator<std::pair<std::basic_string<char, std::char_traits<char>, std::allocator<char> > const, std::basic_string<char, std::char_traits<char>, std::allocator<char> > > >, bool>::pair<std::_Rb_tree_iterator<std::pair<std::basic_string<char, std::char_traits<char>, std::allocator<char> > const, std::basic_string<char, std::char_traits<char>, std::allocator<char> > > >, bool>(std::_Rb_tree_iterator<std::pair<std::basic_string<char, std::char_traits<char>, std::allocator<char> > const, std::basic_string<char, std::char_traits<char>, std::allocator<char> > > >&&, bool&&)	W	46	46	NEAR	1.0000	libstdcxx/system	1
_ZNSt4pairISt17_Rb_tree_iteratorIS_IKSsSsEEbEC2IRS3_bEEOT_OT0_	std::pair<std::_Rb_tree_iterator<std::pair<std::basic_string<char, std::char_traits<char>, std::allocator<char> > const, std::basic_string<char, std::char_traits<char>, std::allocator<char> > > >, bool>::pair<std::_Rb_tree_iterator<std::pair<std::basic_string<char, std::char_traits<char>, std::allocator<char> > const, std::basic_string<char, std::char_traits<char>, std::allocator<char> > > >&, bool>(std::_Rb_tree_iterator<std::pair<std::basic_string<char, std::char_traits<char>, std::allocator<char> > const, std::basic_string<char, std::char_traits<char>, std::allocator<char> > > >&, bool&&)	W	46	46	NEAR	1.0000	libstdcxx/system	1
_ZNSt4pairISt17_Rb_tree_iteratorIS_IKSsSsEEbEC2IS3_bEEOT_OT0_	std::pair<std::_Rb_tree_iterator<std::pair<std::basic_string<char, std::char_traits<char>, std::allocator<char> > const, std::basic_string<char, std::char_traits<char>, std::allocator<char> > > >, bool>::pair<std::_Rb_tree_iterator<std::pair<std::basic_string<char, std::char_traits<char>, std::allocator<char> > const, std::basic_string<char, std::char_traits<char>, std::allocator<char> > > >, bool>(std::_Rb_tree_iterator<std::pair<std::basic_string<char, std::char_traits<char>, std::allocator<char> > const, std::basic_string<char, std::char_traits<char>, std::allocator<char> > > >&&, bool&&)	W	46	46	NEAR	1.0000	libstdcxx/system	1
_ZNSt4pairISt17_Rb_tree_iteratorIS_IKj5CUserEEbEC1IRS4_bEEOT_OT0_	std::pair<std::_Rb_tree_iterator<std::pair<unsigned int const, CUser> >, bool>::pair<std::_Rb_tree_iterator<std::pair<unsigned int const, CUser> >&, bool>(std::_Rb_tree_iterator<std::pair<unsigned int const, CUser> >&, bool&&)	W	46	46	NEAR	1.0000	libstdcxx/system	1
_ZNSt4pairISt17_Rb_tree_iteratorIS_IKj5CUserEEbEC1IS4_bEEOT_OT0_	std::pair<std::_Rb_tree_iterator<std::pair<unsigned int const, CUser> >, bool>::pair<std::_Rb_tree_iterator<std::pair<unsigned int const, CUser> >, bool>(std::_Rb_tree_iterator<std::pair<unsigned int const, CUser> >&&, bool&&)	W	46	46	NEAR	1.0000	libstdcxx/system	1
_ZNSt4pairISt17_Rb_tree_iteratorIS_IKj5CUserEEbEC2IRS4_bEEOT_OT0_	std::pair<std::_Rb_tree_iterator<std::pair<unsigned int const, CUser> >, bool>::pair<std::_Rb_tree_iterator<std::pair<unsigned int const, CUser> >&, bool>(std::_Rb_tree_iterator<std::pair<unsigned int const, CUser> >&, bool&&)	W	46	46	NEAR	1.0000	libstdcxx/system	1
_ZNSt4pairISt17_Rb_tree_iteratorIS_IKj5CUserEEbEC2IS4_bEEOT_OT0_	std::pair<std::_Rb_tree_iterator<std::pair<unsigned int const, CUser> >, bool>::pair<std::_Rb_tree_iterator<std::pair<unsigned int const, CUser> >, bool>(std::_Rb_tree_iterator<std::pair<unsigned int const, CUser> >&&, bool&&)	W	46	46	NEAR	1.0000	libstdcxx/system	1
_ZNSt4pairISt17_Rb_tree_iteratorIS_IKtPFiP15ISessionManagerP15CNetworkSessionP12PacketHeaderEEEbEC1IRSB_bEEOT_OT0_	std::pair<std::_Rb_tree_iterator<std::pair<unsigned short const, int (*)(ISessionManager*, CNetworkSession*, PacketHeader*)> >, bool>::pair<std::_Rb_tree_iterator<std::pair<unsigned short const, int (*)(ISessionManager*, CNetworkSession*, PacketHeader*)> >&, bool>(std::_Rb_tree_iterator<std::pair<unsigned short const, int (*)(ISessionManager*, CNetworkSession*, PacketHeader*)> >&, bool&&)	W	46	46	NEAR	1.0000	libstdcxx/system	1
_ZNSt4pairISt17_Rb_tree_iteratorIS_IKtPFiP15ISessionManagerP15CNetworkSessionP12PacketHeaderEEEbEC1ISB_bEEOT_OT0_	std::pair<std::_Rb_tree_iterator<std::pair<unsigned short const, int (*)(ISessionManager*, CNetworkSession*, PacketHeader*)> >, bool>::pair<std::_Rb_tree_iterator<std::pair<unsigned short const, int (*)(ISessionManager*, CNetworkSession*, PacketHeader*)> >, bool>(std::_Rb_tree_iterator<std::pair<unsigned short const, int (*)(ISessionManager*, CNetworkSession*, PacketHeader*)> >&&, bool&&)	W	46	46	NEAR	1.0000	libstdcxx/system	1
_ZNSt4pairISt17_Rb_tree_iteratorIS_IKtPFiP15ISessionManagerP15CNetworkSessionP12PacketHeaderEEEbEC2IRSB_bEEOT_OT0_	std::pair<std::_Rb_tree_iterator<std::pair<unsigned short const, int (*)(ISessionManager*, CNetworkSession*, PacketHeader*)> >, bool>::pair<std::_Rb_tree_iterator<std::pair<unsigned short const, int (*)(ISessionManager*, CNetworkSession*, PacketHeader*)> >&, bool>(std::_Rb_tree_iterator<std::pair<unsigned short const, int (*)(ISessionManager*, CNetworkSession*, PacketHeader*)> >&, bool&&)	W	46	46	NEAR	1.0000	libstdcxx/system	1
_ZNSt4pairISt17_Rb_tree_iteratorIS_IKtPFiP15ISessionManagerP15CNetworkSessionP12PacketHeaderEEEbEC2ISB_bEEOT_OT0_	std::pair<std::_Rb_tree_iterator<std::pair<unsigned short const, int (*)(ISessionManager*, CNetworkSession*, PacketHeader*)> >, bool>::pair<std::_Rb_tree_iterator<std::pair<unsigned short const, int (*)(ISessionManager*, CNetworkSession*, PacketHeader*)> >, bool>(std::_Rb_tree_iterator<std::pair<unsigned short const, int (*)(ISessionManager*, CNetworkSession*, PacketHeader*)> >&&, bool&&)	W	46	46	NEAR	1.0000	libstdcxx/system	1
_ZNSt4pairIj5CUserEC1IKjS0_EERKS_IT_T0_E	std::pair<unsigned int, CUser>::pair<unsigned int const, CUser>(std::pair<unsigned int const, CUser> const&)	W	42	42	NEAR	1.0000	project	1
_ZNSt4pairIj5CUserEC1IRjS0_EEOT_OT0_	std::pair<unsigned int, CUser>::pair<unsigned int&, CUser>(unsigned int&, CUser&&)	W	55	55	NEAR	1.0000	libstdcxx/system	1
_ZNSt4pairIj5CUserEC2IKjS0_EERKS_IT_T0_E	std::pair<unsigned int, CUser>::pair<unsigned int const, CUser>(std::pair<unsigned int const, CUser> const&)	W	42	42	NEAR	1.0000	project	1
_ZNSt4pairIj5CUserEC2IRjS0_EEOT_OT0_	std::pair<unsigned int, CUser>::pair<unsigned int&, CUser>(unsigned int&, CUser&&)	W	55	55	NEAR	1.0000	libstdcxx/system	1
_ZNSt4pairIj5CUserED1Ev	std::pair<unsigned int, CUser>::~pair()	W	22	22	NEAR	1.0000	project	1
_ZNSt4pairIj5CUserED2Ev	std::pair<unsigned int, CUser>::~pair()	W	22	22	NEAR	1.0000	project	1
_ZNSt4pairItPFiP15ISessionManagerP15CNetworkSessionP12PacketHeaderEEC1IRtRS7_EEOT_OT0_	std::pair<unsigned short, int (*)(ISessionManager*, CNetworkSession*, PacketHeader*)>::pair<unsigned short&, int (*&)(ISessionManager*, CNetworkSession*, PacketHeader*)>(unsigned short&, int (*&)(ISessionManager*, CNetworkSession*, PacketHeader*))	W	47	47	NEAR	1.0000	libstdcxx/system	1
_ZNSt4pairItPFiP15ISessionManagerP15CNetworkSessionP12PacketHeaderEEC2IRtRS7_EEOT_OT0_	std::pair<unsigned short, int (*)(ISessionManager*, CNetworkSession*, PacketHeader*)>::pair<unsigned short&, int (*&)(ISessionManager*, CNetworkSession*, PacketHeader*)>(unsigned short&, int (*&)(ISessionManager*, CNetworkSession*, PacketHeader*))	W	47	47	NEAR	1.0000	libstdcxx/system	1
_ZNSt5__padIcSt11char_traitsIcEE6_S_padERSt8ios_basecPcPKcii	std::__pad<char, std::char_traits<char> >::_S_pad(std::ios_base&, char, char*, char const*, int, int)	W	490	490	DIFF	0.9643	libstdcxx/system	1
_ZNSt5__padIwSt11char_traitsIwEE6_S_padERSt8ios_basewPwPKwii	std::__pad<wchar_t, std::char_traits<wchar_t> >::_S_pad(std::ios_base&, wchar_t, wchar_t*, wchar_t const*, int, int)	W	437	453	DIFF	0.9470	libstdcxx/system	1
_ZNSt5ctypeIcE13classic_tableEv	std::ctype<char>::classic_table()	T	37	38	DIFF	0.9231	libstdcxx/system	1
_ZNSt5ctypeIcEC1EP15__locale_structPKtbj	std::ctype<char>::ctype(__locale_struct*, unsigned short const*, bool, unsigned int)	T	231	242	DIFF	0.9714	libstdcxx/system	1
_ZNSt5ctypeIcEC1EPKtbj	std::ctype<char>::ctype(unsigned short const*, bool, unsigned int)	T	234	234	DIFF	0.9710	libstdcxx/system	1
_ZNSt5ctypeIcEC2EP15__locale_structPKtbj	std::ctype<char>::ctype(__locale_struct*, unsigned short const*, bool, unsigned int)	T	231	242	DIFF	0.9714	libstdcxx/system	1
_ZNSt5ctypeIcEC2EPKtbj	std::ctype<char>::ctype(unsigned short const*, bool, unsigned int)	T	234	234	DIFF	0.9710	libstdcxx/system	1
_ZNSt5ctypeIcED0Ev	std::ctype<char>::~ctype()	T	31	33	DIFF	0.8333	libstdcxx/system	1
_ZNSt5ctypeIcED1Ev	std::ctype<char>::~ctype()	T	83	85	DIFF	0.9259	libstdcxx/system	1
_ZNSt5ctypeIcED2Ev	std::ctype<char>::~ctype()	T	83	85	DIFF	0.9259	libstdcxx/system	1
_ZNSt5ctypeIwE19_M_initialize_ctypeEv	std::ctype<wchar_t>::_M_initialize_ctype()	T	208	234	DIFF	0.8243	libstdcxx/system	1
_ZNSt5ctypeIwEC1EP15__locale_structj	std::ctype<wchar_t>::ctype(__locale_struct*, unsigned int)	T	88	90	DIFF	0.9286	libstdcxx/system	1
_ZNSt5ctypeIwEC1Ej	std::ctype<wchar_t>::ctype(unsigned int)	T	82	84	DIFF	0.9231	libstdcxx/system	1
_ZNSt5ctypeIwEC2EP15__locale_structj	std::ctype<wchar_t>::ctype(__locale_struct*, unsigned int)	T	88	90	DIFF	0.9286	libstdcxx/system	1
_ZNSt5ctypeIwEC2Ej	std::ctype<wchar_t>::ctype(unsigned int)	T	82	84	DIFF	0.9231	libstdcxx/system	1
_ZNSt5ctypeIwED0Ev	std::ctype<wchar_t>::~ctype()	T	31	33	DIFF	0.8333	libstdcxx/system	1
_ZNSt5ctypeIwED1Ev	std::ctype<wchar_t>::~ctype()	T	74	76	DIFF	0.9091	libstdcxx/system	1
_ZNSt5ctypeIwED2Ev	std::ctype<wchar_t>::~ctype()	T	74	76	DIFF	0.9091	libstdcxx/system	1
_ZNSt6locale13_S_initializeEv	std::locale::_S_initialize()	T	54	54	DIFF	0.8824	libstdcxx/system	1
_ZNSt6locale18_S_initialize_onceEv	std::locale::_S_initialize_once()	T	48	49	DIFF	0.9000	libstdcxx/system	1
_ZNSt6locale21_S_normalize_categoryEi	std::locale::_S_normalize_category(int)	T	135	135	DIFF	0.9804	libstdcxx/system	1
_ZNSt6locale5_Impl16_M_install_cacheEPKNS_5facetEj	std::locale::_Impl::_M_install_cache(std::locale::facet const*, unsigned int)	T	503	499	DIFF	0.8810	libstdcxx/system	1
_ZNSt6locale5_Impl16_M_install_facetEPKNS_2idEPKNS_5facetE	std::locale::_Impl::_M_install_facet(std::locale::id const*, std::locale::facet const*)	T	613	620	DIFF	0.9531	libstdcxx/system	1
_ZNSt6locale5_Impl16_M_replace_facetEPKS0_PKNS_2idE	std::locale::_Impl::_M_replace_facet(std::locale::_Impl const*, std::locale::id const*)	T	90	91	DIFF	0.9667	libstdcxx/system	1
_ZNSt6locale5_Impl19_M_replace_categoryEPKS0_PKPKNS_2idE	std::locale::_Impl::_M_replace_category(std::locale::_Impl const*, std::locale::id const* const*)	T	57	66	DIFF	0.8519	libstdcxx/system	1
_ZNSt6locale5_ImplC1ERKS0_j	std::locale::_Impl::_Impl(std::locale::_Impl const&, unsigned int)	T	419	420	DIFF	0.9552	libstdcxx/system	1
_ZNSt6locale5_ImplC1Ej	std::locale::_Impl::_Impl(unsigned int)	T	4044	4044	DIFF	0.9894	libstdcxx/system	1
_ZNSt6locale5_ImplC2ERKS0_j	std::locale::_Impl::_Impl(std::locale::_Impl const&, unsigned int)	T	419	420	DIFF	0.9552	libstdcxx/system	1
_ZNSt6locale5_ImplC2Ej	std::locale::_Impl::_Impl(unsigned int)	T	4044	4044	DIFF	0.9894	libstdcxx/system	1
_ZNSt6locale5_ImplD1Ev	std::locale::_Impl::~_Impl()	T	380	380	DIFF	0.9565	libstdcxx/system	1
_ZNSt6locale5_ImplD2Ev	std::locale::_Impl::~_Impl()	T	380	380	DIFF	0.9565	libstdcxx/system	1
_ZNSt6locale5facet13_S_get_c_nameEv	std::locale::facet::_S_get_c_name()	T	10	10	NEAR	1.0000	libstdcxx/system	1
_ZNSt6locale5facet15_S_get_c_localeEv	std::locale::facet::_S_get_c_locale()	T	36	36	DIFF	0.9231	libstdcxx/system	1
_ZNSt6locale5facet17_S_clone_c_localeERP15__locale_struct	std::locale::facet::_S_clone_c_locale(__locale_struct*&)	T	20	21	DIFF	0.8750	libstdcxx/system	1
_ZNSt6locale5facet18_S_create_c_localeERP15__locale_structPKcS2_	std::locale::facet::_S_create_c_locale(__locale_struct*&, char const*, __locale_struct*)	T	55	56	DIFF	0.9412	libstdcxx/system	1
_ZNSt6locale5facet18_S_initialize_onceEv	std::locale::facet::_S_initialize_once()	T	36	37	DIFF	0.8889	libstdcxx/system	1
_ZNSt6locale5facet19_S_destroy_c_localeERP15__locale_struct	std::locale::facet::_S_destroy_c_locale(__locale_struct*&)	T	46	55	DIFF	0.8182	libstdcxx/system	1
_ZNSt6locale5facetD0Ev	std::locale::facet::~facet()	T	21	22	DIFF	0.8571	libstdcxx/system	1
_ZNSt6locale5facetD1Ev	std::locale::facet::~facet()	T	14	14	NEAR	1.0000	libstdcxx/system	1
_ZNSt6locale5facetD2Ev	std::locale::facet::~facet()	T	14	14	NEAR	1.0000	libstdcxx/system	1
_ZNSt6locale6globalERKS_	std::locale::global(std::locale const&)	T	482	482	DIFF	0.9771	libstdcxx/system	1
_ZNSt6locale7classicEv	std::locale::classic()	T	39	40	DIFF	0.9091	libstdcxx/system	1
_ZNSt6localeC1EPNS_5_ImplE	std::locale::locale(std::locale::_Impl*)	T	13	13	NEAR	1.0000	libstdcxx/system	1
_ZNSt6localeC1ERKS_	std::locale::locale(std::locale const&)	T	33	33	NEAR	1.0000	libstdcxx/system	1
_ZNSt6localeC1Ev	std::locale::locale()	T	259	274	DIFF	0.9459	libstdcxx/system	1
_ZNSt6localeC2EPNS_5_ImplE	std::locale::locale(std::locale::_Impl*)	T	13	13	NEAR	1.0000	libstdcxx/system	1
_ZNSt6localeC2ERKS_	std::locale::locale(std::locale const&)	T	33	33	NEAR	1.0000	libstdcxx/system	1
_ZNSt6localeC2Ev	std::locale::locale()	T	259	274	DIFF	0.9459	libstdcxx/system	1
_ZNSt6localeD1Ev	std::locale::~locale()	T	103	104	DIFF	0.8947	libstdcxx/system	1
_ZNSt6localeD2Ev	std::locale::~locale()	T	103	104	DIFF	0.8947	libstdcxx/system	1
_ZNSt6localeaSERKS_	std::locale::operator=(std::locale const&)	T	129	129	DIFF	0.9574	libstdcxx/system	1
_ZNSt6vectorI16STPvPBuddyDBInfoSaIS0_EE13_M_insert_auxIIRKS0_EEEvN9__gnu_cxx17__normal_iteratorIPS0_S2_EEDpOT_	void std::vector<STPvPBuddyDBInfo, std::allocator<STPvPBuddyDBInfo> >::_M_insert_aux<STPvPBuddyDBInfo const&>(__gnu_cxx::__normal_iterator<STPvPBuddyDBInfo*, std::vector<STPvPBuddyDBInfo, std::allocator<STPvPBuddyDBInfo> > >, STPvPBuddyDBInfo const&)	W	761	761	NEAR	1.0000	libstdcxx/system	1
_ZNSt6vectorI16STPvPBuddyDBInfoSaIS0_EE15_M_erase_at_endEPS0_	std::vector<STPvPBuddyDBInfo, std::allocator<STPvPBuddyDBInfo> >::_M_erase_at_end(STPvPBuddyDBInfo*)	W	53	53	NEAR	1.0000	libstdcxx/system	1
_ZNSt6vectorI16STPvPBuddyDBInfoSaIS0_EE3endEv	std::vector<STPvPBuddyDBInfo, std::allocator<STPvPBuddyDBInfo> >::end()	W	38	38	NEAR	1.0000	project	1
_ZNSt6vectorI16STPvPBuddyDBInfoSaIS0_EE5beginEv	std::vector<STPvPBuddyDBInfo, std::allocator<STPvPBuddyDBInfo> >::begin()	W	35	35	NEAR	1.0000	project	1
_ZNSt6vectorI16STPvPBuddyDBInfoSaIS0_EE5clearEv	std::vector<STPvPBuddyDBInfo, std::allocator<STPvPBuddyDBInfo> >::clear()	W	28	28	NEAR	1.0000	libstdcxx/system	1
_ZNSt6vectorI16STPvPBuddyDBInfoSaIS0_EE5eraseEN9__gnu_cxx17__normal_iteratorIPS0_S2_EE	std::vector<STPvPBuddyDBInfo, std::allocator<STPvPBuddyDBInfo> >::erase(__gnu_cxx::__normal_iterator<STPvPBuddyDBInfo*, std::vector<STPvPBuddyDBInfo, std::allocator<STPvPBuddyDBInfo> > >)	W	229	229	NEAR	1.0000	project	1
_ZNSt6vectorI16STPvPBuddyDBInfoSaIS0_EE9push_backERKS0_	std::vector<STPvPBuddyDBInfo, std::allocator<STPvPBuddyDBInfo> >::push_back(STPvPBuddyDBInfo const&)	W	115	115	NEAR	1.0000	project	1
_ZNSt6vectorI16STPvPBuddyDBInfoSaIS0_EEC1ERKS2_	std::vector<STPvPBuddyDBInfo, std::allocator<STPvPBuddyDBInfo> >::vector(std::vector<STPvPBuddyDBInfo, std::allocator<STPvPBuddyDBInfo> > const&)	W	180	180	NEAR	1.0000	project	1
_ZNSt6vectorI16STPvPBuddyDBInfoSaIS0_EEC1Ev	std::vector<STPvPBuddyDBInfo, std::allocator<STPvPBuddyDBInfo> >::vector()	W	19	19	NEAR	1.0000	project	1
_ZNSt6vectorI16STPvPBuddyDBInfoSaIS0_EEC2ERKS2_	std::vector<STPvPBuddyDBInfo, std::allocator<STPvPBuddyDBInfo> >::vector(std::vector<STPvPBuddyDBInfo, std::allocator<STPvPBuddyDBInfo> > const&)	W	180	180	NEAR	1.0000	project	1
_ZNSt6vectorI16STPvPBuddyDBInfoSaIS0_EEC2Ev	std::vector<STPvPBuddyDBInfo, std::allocator<STPvPBuddyDBInfo> >::vector()	W	19	19	NEAR	1.0000	project	1
_ZNSt6vectorI16STPvPBuddyDBInfoSaIS0_EED1Ev	std::vector<STPvPBuddyDBInfo, std::allocator<STPvPBuddyDBInfo> >::~vector()	W	93	93	NEAR	1.0000	project	1
_ZNSt6vectorI16STPvPBuddyDBInfoSaIS0_EED2Ev	std::vector<STPvPBuddyDBInfo, std::allocator<STPvPBuddyDBInfo> >::~vector()	W	93	93	NEAR	1.0000	project	1
_ZNSt6vectorISsSaISsEE12emplace_backIISsEEEvDpOT_	void std::vector<std::basic_string<char, std::char_traits<char>, std::allocator<char> >, std::allocator<std::basic_string<char, std::char_traits<char>, std::allocator<char> > > >::emplace_back<std::basic_string<char, std::char_traits<char>, std::allocator<char> > >(std::basic_string<char, std::char_traits<char>, std::allocator<char> >&&)	W	137	137	NEAR	1.0000	libstdcxx/system	1
_ZNSt6vectorISsSaISsEE13_M_insert_auxIISsEEEvN9__gnu_cxx17__normal_iteratorIPSsS1_EEDpOT_	void std::vector<std::basic_string<char, std::char_traits<char>, std::allocator<char> >, std::allocator<std::basic_string<char, std::char_traits<char>, std::allocator<char> > > >::_M_insert_aux<std::basic_string<char, std::char_traits<char>, std::allocator<char> > >(__gnu_cxx::__normal_iterator<std::basic_string<char, std::char_traits<char>, std::allocator<char> >*, std::vector<std::basic_string<char, std::char_traits<char>, std::allocator<char> >, std::allocator<std::basic_string<char, std::char_traits<char>, std::allocator<char> > > > >, std::basic_string<char, std::char_traits<char>, std::allocator<char> >&&)	W	753	753	NEAR	1.0000	libstdcxx/system	1
_ZNSt6vectorISsSaISsEE3endEv	std::vector<std::basic_string<char, std::char_traits<char>, std::allocator<char> >, std::allocator<std::basic_string<char, std::char_traits<char>, std::allocator<char> > > >::end()	W	38	38	NEAR	1.0000	project	1
_ZNSt6vectorISsSaISsEE5beginEv	std::vector<std::basic_string<char, std::char_traits<char>, std::allocator<char> >, std::allocator<std::basic_string<char, std::char_traits<char>, std::allocator<char> > > >::begin()	W	35	35	NEAR	1.0000	project	1
_ZNSt6vectorISsSaISsEE9push_backEOSs	std::vector<std::basic_string<char, std::char_traits<char>, std::allocator<char> >, std::allocator<std::basic_string<char, std::char_traits<char>, std::allocator<char> > > >::push_back(std::basic_string<char, std::char_traits<char>, std::allocator<char> >&&)	W	34	34	NEAR	1.0000	libstdcxx/system	1
_ZNSt6vectorISsSaISsEEC1Ev	std::vector<std::basic_string<char, std::char_traits<char>, std::allocator<char> >, std::allocator<std::basic_string<char, std::char_traits<char>, std::allocator<char> > > >::vector()	W	19	19	NEAR	1.0000	project	1
_ZNSt6vectorISsSaISsEEC2Ev	std::vector<std::basic_string<char, std::char_traits<char>, std::allocator<char> >, std::allocator<std::basic_string<char, std::char_traits<char>, std::allocator<char> > > >::vector()	W	19	19	NEAR	1.0000	project	1
_ZNSt6vectorISsSaISsEED1Ev	std::vector<std::basic_string<char, std::char_traits<char>, std::allocator<char> >, std::allocator<std::basic_string<char, std::char_traits<char>, std::allocator<char> > > >::~vector()	W	93	93	NEAR	1.0000	project	1
_ZNSt6vectorISsSaISsEED2Ev	std::vector<std::basic_string<char, std::char_traits<char>, std::allocator<char> >, std::allocator<std::basic_string<char, std::char_traits<char>, std::allocator<char> > > >::~vector()	W	93	93	NEAR	1.0000	project	1
_ZNSt7codecvtIcc11__mbstate_tEC1EP15__locale_structj	std::codecvt<char, char, __mbstate_t>::codecvt(__locale_struct*, unsigned int)	T	76	78	DIFF	0.9200	libstdcxx/system	1
_ZNSt7codecvtIcc11__mbstate_tEC1Ej	std::codecvt<char, char, __mbstate_t>::codecvt(unsigned int)	T	70	72	DIFF	0.9130	libstdcxx/system	1
_ZNSt7codecvtIcc11__mbstate_tEC2EP15__locale_structj	std::codecvt<char, char, __mbstate_t>::codecvt(__locale_struct*, unsigned int)	T	76	78	DIFF	0.9200	libstdcxx/system	1
_ZNSt7codecvtIcc11__mbstate_tEC2Ej	std::codecvt<char, char, __mbstate_t>::codecvt(unsigned int)	T	70	72	DIFF	0.9130	libstdcxx/system	1
_ZNSt7codecvtIcc11__mbstate_tED0Ev	std::codecvt<char, char, __mbstate_t>::~codecvt()	T	31	33	DIFF	0.8333	libstdcxx/system	1
_ZNSt7codecvtIcc11__mbstate_tED1Ev	std::codecvt<char, char, __mbstate_t>::~codecvt()	T	74	76	DIFF	0.9091	libstdcxx/system	1
_ZNSt7codecvtIcc11__mbstate_tED2Ev	std::codecvt<char, char, __mbstate_t>::~codecvt()	T	74	76	DIFF	0.9091	libstdcxx/system	1
_ZNSt7codecvtIwc11__mbstate_tEC1EP15__locale_structj	std::codecvt<wchar_t, char, __mbstate_t>::codecvt(__locale_struct*, unsigned int)	T	76	78	DIFF	0.9200	libstdcxx/system	1
_ZNSt7codecvtIwc11__mbstate_tEC1Ej	std::codecvt<wchar_t, char, __mbstate_t>::codecvt(unsigned int)	T	70	72	DIFF	0.9130	libstdcxx/system	1
_ZNSt7codecvtIwc11__mbstate_tEC2EP15__locale_structj	std::codecvt<wchar_t, char, __mbstate_t>::codecvt(__locale_struct*, unsigned int)	T	76	78	DIFF	0.9200	libstdcxx/system	1
_ZNSt7codecvtIwc11__mbstate_tEC2Ej	std::codecvt<wchar_t, char, __mbstate_t>::codecvt(unsigned int)	T	70	72	DIFF	0.9130	libstdcxx/system	1
_ZNSt7codecvtIwc11__mbstate_tED0Ev	std::codecvt<wchar_t, char, __mbstate_t>::~codecvt()	T	31	33	DIFF	0.8333	libstdcxx/system	1
_ZNSt7codecvtIwc11__mbstate_tED1Ev	std::codecvt<wchar_t, char, __mbstate_t>::~codecvt()	T	74	76	DIFF	0.9091	libstdcxx/system	1
_ZNSt7codecvtIwc11__mbstate_tED2Ev	std::codecvt<wchar_t, char, __mbstate_t>::~codecvt()	T	74	76	DIFF	0.9091	libstdcxx/system	1
_ZNSt7collateIcEC1EP15__locale_structj	std::collate<char>::collate(__locale_struct*, unsigned int)	W	70	72	DIFF	0.9167	libstdcxx/system	1
_ZNSt7collateIcEC1Ej	std::collate<char>::collate(unsigned int)	W	64	66	DIFF	0.9091	libstdcxx/system	1
_ZNSt7collateIcEC2EP15__locale_structj	std::collate<char>::collate(__locale_struct*, unsigned int)	W	70	72	DIFF	0.9167	libstdcxx/system	1
_ZNSt7collateIcEC2Ej	std::collate<char>::collate(unsigned int)	W	64	66	DIFF	0.9091	libstdcxx/system	1
_ZNSt7collateIcED0Ev	std::collate<char>::~collate()	W	70	72	DIFF	0.9091	libstdcxx/system	1
_ZNSt7collateIcED1Ev	std::collate<char>::~collate()	W	62	64	DIFF	0.9000	libstdcxx/system	1
_ZNSt7collateIcED2Ev	std::collate<char>::~collate()	W	62	64	DIFF	0.9000	libstdcxx/system	1
_ZNSt7collateIwEC1EP15__locale_structj	std::collate<wchar_t>::collate(__locale_struct*, unsigned int)	W	70	72	DIFF	0.9167	libstdcxx/system	1
_ZNSt7collateIwEC1Ej	std::collate<wchar_t>::collate(unsigned int)	W	64	66	DIFF	0.9091	libstdcxx/system	1
_ZNSt7collateIwEC2EP15__locale_structj	std::collate<wchar_t>::collate(__locale_struct*, unsigned int)	W	70	72	DIFF	0.9167	libstdcxx/system	1
_ZNSt7collateIwEC2Ej	std::collate<wchar_t>::collate(unsigned int)	W	64	66	DIFF	0.9091	libstdcxx/system	1
_ZNSt7collateIwED0Ev	std::collate<wchar_t>::~collate()	W	70	72	DIFF	0.9091	libstdcxx/system	1
_ZNSt7collateIwED1Ev	std::collate<wchar_t>::~collate()	W	62	64	DIFF	0.9000	libstdcxx/system	1
_ZNSt7collateIwED2Ev	std::collate<wchar_t>::~collate()	W	62	64	DIFF	0.9000	libstdcxx/system	1
_ZNSt7num_getIcSt19istreambuf_iteratorIcSt11char_traitsIcEEEC1Ej	std::num_get<char, std::istreambuf_iterator<char, std::char_traits<char> > >::num_get(unsigned int)	W	26	26	NEAR	1.0000	libstdcxx/system	1
_ZNSt7num_getIcSt19istreambuf_iteratorIcSt11char_traitsIcEEEC2Ej	std::num_get<char, std::istreambuf_iterator<char, std::char_traits<char> > >::num_get(unsigned int)	W	26	26	NEAR	1.0000	libstdcxx/system	1
_ZNSt7num_getIcSt19istreambuf_iteratorIcSt11char_traitsIcEEED0Ev	std::num_get<char, std::istreambuf_iterator<char, std::char_traits<char> > >::~num_get()	W	37	39	DIFF	0.8462	libstdcxx/system	1
_ZNSt7num_getIcSt19istreambuf_iteratorIcSt11char_traitsIcEEED1Ev	std::num_get<char, std::istreambuf_iterator<char, std::char_traits<char> > >::~num_get()	W	21	22	DIFF	0.8571	libstdcxx/system	1
_ZNSt7num_getIcSt19istreambuf_iteratorIcSt11char_traitsIcEEED2Ev	std::num_get<char, std::istreambuf_iterator<char, std::char_traits<char> > >::~num_get()	W	21	22	DIFF	0.8571	libstdcxx/system	1
_ZNSt7num_getIwSt19istreambuf_iteratorIwSt11char_traitsIwEEEC1Ej	std::num_get<wchar_t, std::istreambuf_iterator<wchar_t, std::char_traits<wchar_t> > >::num_get(unsigned int)	W	26	26	NEAR	1.0000	libstdcxx/system	1
_ZNSt7num_getIwSt19istreambuf_iteratorIwSt11char_traitsIwEEEC2Ej	std::num_get<wchar_t, std::istreambuf_iterator<wchar_t, std::char_traits<wchar_t> > >::num_get(unsigned int)	W	26	26	NEAR	1.0000	libstdcxx/system	1
_ZNSt7num_getIwSt19istreambuf_iteratorIwSt11char_traitsIwEEED0Ev	std::num_get<wchar_t, std::istreambuf_iterator<wchar_t, std::char_traits<wchar_t> > >::~num_get()	W	37	39	DIFF	0.8462	libstdcxx/system	1
_ZNSt7num_getIwSt19istreambuf_iteratorIwSt11char_traitsIwEEED1Ev	std::num_get<wchar_t, std::istreambuf_iterator<wchar_t, std::char_traits<wchar_t> > >::~num_get()	W	21	22	DIFF	0.8571	libstdcxx/system	1
_ZNSt7num_getIwSt19istreambuf_iteratorIwSt11char_traitsIwEEED2Ev	std::num_get<wchar_t, std::istreambuf_iterator<wchar_t, std::char_traits<wchar_t> > >::~num_get()	W	21	22	DIFF	0.8571	libstdcxx/system	1
_ZNSt7num_putIcSt19ostreambuf_iteratorIcSt11char_traitsIcEEEC1Ej	std::num_put<char, std::ostreambuf_iterator<char, std::char_traits<char> > >::num_put(unsigned int)	W	26	26	NEAR	1.0000	libstdcxx/system	1
_ZNSt7num_putIcSt19ostreambuf_iteratorIcSt11char_traitsIcEEEC2Ej	std::num_put<char, std::ostreambuf_iterator<char, std::char_traits<char> > >::num_put(unsigned int)	W	26	26	NEAR	1.0000	libstdcxx/system	1
_ZNSt7num_putIcSt19ostreambuf_iteratorIcSt11char_traitsIcEEED0Ev	std::num_put<char, std::ostreambuf_iterator<char, std::char_traits<char> > >::~num_put()	W	37	39	DIFF	0.8462	libstdcxx/system	1
_ZNSt7num_putIcSt19ostreambuf_iteratorIcSt11char_traitsIcEEED1Ev	std::num_put<char, std::ostreambuf_iterator<char, std::char_traits<char> > >::~num_put()	W	21	22	DIFF	0.8571	libstdcxx/system	1
_ZNSt7num_putIcSt19ostreambuf_iteratorIcSt11char_traitsIcEEED2Ev	std::num_put<char, std::ostreambuf_iterator<char, std::char_traits<char> > >::~num_put()	W	21	22	DIFF	0.8571	libstdcxx/system	1
_ZNSt7num_putIwSt19ostreambuf_iteratorIwSt11char_traitsIwEEEC1Ej	std::num_put<wchar_t, std::ostreambuf_iterator<wchar_t, std::char_traits<wchar_t> > >::num_put(unsigned int)	W	26	26	NEAR	1.0000	libstdcxx/system	1
_ZNSt7num_putIwSt19ostreambuf_iteratorIwSt11char_traitsIwEEEC2Ej	std::num_put<wchar_t, std::ostreambuf_iterator<wchar_t, std::char_traits<wchar_t> > >::num_put(unsigned int)	W	26	26	NEAR	1.0000	libstdcxx/system	1
_ZNSt7num_putIwSt19ostreambuf_iteratorIwSt11char_traitsIwEEED0Ev	std::num_put<wchar_t, std::ostreambuf_iterator<wchar_t, std::char_traits<wchar_t> > >::~num_put()	W	37	39	DIFF	0.8462	libstdcxx/system	1
_ZNSt7num_putIwSt19ostreambuf_iteratorIwSt11char_traitsIwEEED1Ev	std::num_put<wchar_t, std::ostreambuf_iterator<wchar_t, std::char_traits<wchar_t> > >::~num_put()	W	21	22	DIFF	0.8571	libstdcxx/system	1
_ZNSt7num_putIwSt19ostreambuf_iteratorIwSt11char_traitsIwEEED2Ev	std::num_put<wchar_t, std::ostreambuf_iterator<wchar_t, std::char_traits<wchar_t> > >::~num_put()	W	21	22	DIFF	0.8571	libstdcxx/system	1
_ZNSt8_Rb_treeISsSt4pairIKSsP5CFLogESt10_Select1stIS4_ESt4lessISsESaIS4_EE10_M_insert_EPKSt18_Rb_tree_node_baseSD_RKS4_	std::_Rb_tree<std::basic_string<char, std::char_traits<char>, std::allocator<char> >, std::pair<std::basic_string<char, std::char_traits<char>, std::allocator<char> > const, CFLog*>, std::_Select1st<std::pair<std::basic_string<char, std::char_traits<char>, std::allocator<char> > const, CFLog*> >, std::less<std::basic_string<char, std::char_traits<char>, std::allocator<char> > >, std::allocator<std::pair<std::basic_string<char, std::char_traits<char>, std::allocator<char> > const, CFLog*> > >::_M_insert_(std::_Rb_tree_node_base const*, std::_Rb_tree_node_base const*, std::pair<std::basic_string<char, std::char_traits<char>, std::allocator<char> > const, CFLog*> const&)	W	200	200	NEAR	1.0000	libstdcxx/system	1
_ZNSt8_Rb_treeISsSt4pairIKSsP5CFLogESt10_Select1stIS4_ESt4lessISsESaIS4_EE11_M_get_nodeEv	std::_Rb_tree<std::basic_string<char, std::char_traits<char>, std::allocator<char> >, std::pair<std::basic_string<char, std::char_traits<char>, std::allocator<char> > const, CFLog*>, std::_Select1st<std::pair<std::basic_string<char, std::char_traits<char>, std::allocator<char> > const, CFLog*> >, std::less<std::basic_string<char, std::char_traits<char>, std::allocator<char> > >, std::allocator<std::pair<std::basic_string<char, std::char_traits<char>, std::allocator<char> > const, CFLog*> > >::_M_get_node()	W	35	35	NEAR	1.0000	project	1
_ZNSt8_Rb_treeISsSt4pairIKSsP5CFLogESt10_Select1stIS4_ESt4lessISsESaIS4_EE11_M_put_nodeEPSt13_Rb_tree_nodeIS4_E	std::_Rb_tree<std::basic_string<char, std::char_traits<char>, std::allocator<char> >, std::pair<std::basic_string<char, std::char_traits<char>, std::allocator<char> > const, CFLog*>, std::_Select1st<std::pair<std::basic_string<char, std::char_traits<char>, std::allocator<char> > const, CFLog*> >, std::less<std::basic_string<char, std::char_traits<char>, std::allocator<char> > >, std::allocator<std::pair<std::basic_string<char, std::char_traits<char>, std::allocator<char> > const, CFLog*> > >::_M_put_node(std::_Rb_tree_node<std::pair<std::basic_string<char, std::char_traits<char>, std::allocator<char> > const, CFLog*> >*)	W	34	34	NEAR	1.0000	project	1
_ZNSt8_Rb_treeISsSt4pairIKSsP5CFLogESt10_Select1stIS4_ESt4lessISsESaIS4_EE13_Rb_tree_implIS8_Lb0EE13_M_initializeEv	std::_Rb_tree<std::basic_string<char, std::char_traits<char>, std::allocator<char> >, std::pair<std::basic_string<char, std::char_traits<char>, std::allocator<char> > const, CFLog*>, std::_Select1st<std::pair<std::basic_string<char, std::char_traits<char>, std::allocator<char> > const, CFLog*> >, std::less<std::basic_string<char, std::char_traits<char>, std::allocator<char> > >, std::allocator<std::pair<std::basic_string<char, std::char_traits<char>, std::allocator<char> > const, CFLog*> > >::_Rb_tree_impl<std::less<std::basic_string<char, std::char_traits<char>, std::allocator<char> > >, false>::_M_initialize()	W	49	49	IDENTICAL	1.0000	libstdcxx/system	1
_ZNSt8_Rb_treeISsSt4pairIKSsP5CFLogESt10_Select1stIS4_ESt4lessISsESaIS4_EE13_Rb_tree_implIS8_Lb0EEC1Ev	std::_Rb_tree<std::basic_string<char, std::char_traits<char>, std::allocator<char> >, std::pair<std::basic_string<char, std::char_traits<char>, std::allocator<char> > const, CFLog*>, std::_Select1st<std::pair<std::basic_string<char, std::char_traits<char>, std::allocator<char> > const, CFLog*> >, std::less<std::basic_string<char, std::char_traits<char>, std::allocator<char> > >, std::allocator<std::pair<std::basic_string<char, std::char_traits<char>, std::allocator<char> > const, CFLog*> > >::_Rb_tree_impl<std::less<std::basic_string<char, std::char_traits<char>, std::allocator<char> > >, false>::_Rb_tree_impl()	W	80	80	NEAR	1.0000	project	1
_ZNSt8_Rb_treeISsSt4pairIKSsP5CFLogESt10_Select1stIS4_ESt4lessISsESaIS4_EE13_Rb_tree_implIS8_Lb0EEC2Ev	std::_Rb_tree<std::basic_string<char, std::char_traits<char>, std::allocator<char> >, std::pair<std::basic_string<char, std::char_traits<char>, std::allocator<char> > const, CFLog*>, std::_Select1st<std::pair<std::basic_string<char, std::char_traits<char>, std::allocator<char> > const, CFLog*> >, std::less<std::basic_string<char, std::char_traits<char>, std::allocator<char> > >, std::allocator<std::pair<std::basic_string<char, std::char_traits<char>, std::allocator<char> > const, CFLog*> > >::_Rb_tree_impl<std::less<std::basic_string<char, std::char_traits<char>, std::allocator<char> > >, false>::_Rb_tree_impl()	W	80	80	NEAR	1.0000	project	1
_ZNSt8_Rb_treeISsSt4pairIKSsP5CFLogESt10_Select1stIS4_ESt4lessISsESaIS4_EE13_Rb_tree_implIS8_Lb0EED1Ev	std::_Rb_tree<std::basic_string<char, std::char_traits<char>, std::allocator<char> >, std::pair<std::basic_string<char, std::char_traits<char>, std::allocator<char> > const, CFLog*>, std::_Select1st<std::pair<std::basic_string<char, std::char_traits<char>, std::allocator<char> > const, CFLog*> >, std::less<std::basic_string<char, std::char_traits<char>, std::allocator<char> > >, std::allocator<std::pair<std::basic_string<char, std::char_traits<char>, std::allocator<char> > const, CFLog*> > >::_Rb_tree_impl<std::less<std::basic_string<char, std::char_traits<char>, std::allocator<char> > >, false>::~_Rb_tree_impl()	W	19	19	NEAR	1.0000	project	1
_ZNSt8_Rb_treeISsSt4pairIKSsP5CFLogESt10_Select1stIS4_ESt4lessISsESaIS4_EE13_Rb_tree_implIS8_Lb0EED2Ev	std::_Rb_tree<std::basic_string<char, std::char_traits<char>, std::allocator<char> >, std::pair<std::basic_string<char, std::char_traits<char>, std::allocator<char> > const, CFLog*>, std::_Select1st<std::pair<std::basic_string<char, std::char_traits<char>, std::allocator<char> > const, CFLog*> >, std::less<std::basic_string<char, std::char_traits<char>, std::allocator<char> > >, std::allocator<std::pair<std::basic_string<char, std::char_traits<char>, std::allocator<char> > const, CFLog*> > >::_Rb_tree_impl<std::less<std::basic_string<char, std::char_traits<char>, std::allocator<char> > >, false>::~_Rb_tree_impl()	W	19	19	NEAR	1.0000	project	1
_ZNSt8_Rb_treeISsSt4pairIKSsP5CFLogESt10_Select1stIS4_ESt4lessISsESaIS4_EE14_M_create_nodeIIRKS4_EEEPSt13_Rb_tree_nodeIS4_EDpOT_	std::_Rb_tree_node<std::pair<std::basic_string<char, std::char_traits<char>, std::allocator<char> > const, CFLog*> >* std::_Rb_tree<std::basic_string<char, std::char_traits<char>, std::allocator<char> >, std::pair<std::basic_string<char, std::char_traits<char>, std::allocator<char> > const, CFLog*>, std::_Select1st<std::pair<std::basic_string<char, std::char_traits<char>, std::allocator<char> > const, CFLog*> >, std::less<std::basic_string<char, std::char_traits<char>, std::allocator<char> > >, std::allocator<std::pair<std::basic_string<char, std::char_traits<char>, std::allocator<char> > const, CFLog*> > >::_M_create_node<std::pair<std::basic_string<char, std::char_traits<char>, std::allocator<char> > const, CFLog*> const&>(std::pair<std::basic_string<char, std::char_traits<char>, std::allocator<char> > const, CFLog*> const&)	W	129	129	NEAR	1.0000	libstdcxx/system	1
_ZNSt8_Rb_treeISsSt4pairIKSsP5CFLogESt10_Select1stIS4_ESt4lessISsESaIS4_EE14_M_lower_boundEPSt13_Rb_tree_nodeIS4_ESD_RS1_	std::_Rb_tree<std::basic_string<char, std::char_traits<char>, std::allocator<char> >, std::pair<std::basic_string<char, std::char_traits<char>, std::allocator<char> > const, CFLog*>, std::_Select1st<std::pair<std::basic_string<char, std::char_traits<char>, std::allocator<char> > const, CFLog*> >, std::less<std::basic_string<char, std::char_traits<char>, std::allocator<char> > >, std::allocator<std::pair<std::basic_string<char, std::char_traits<char>, std::allocator<char> > const, CFLog*> > >::_M_lower_bound(std::_Rb_tree_node<std::pair<std::basic_string<char, std::char_traits<char>, std::allocator<char> > const, CFLog*> >*, std::_Rb_tree_node<std::pair<std::basic_string<char, std::char_traits<char>, std::allocator<char> > const, CFLog*> >*, std::basic_string<char, std::char_traits<char>, std::allocator<char> > const&)	W	124	124	NEAR	1.0000	libstdcxx/system	1
_ZNSt8_Rb_treeISsSt4pairIKSsP5CFLogESt10_Select1stIS4_ESt4lessISsESaIS4_EE15_M_destroy_nodeEPSt13_Rb_tree_nodeIS4_E	std::_Rb_tree<std::basic_string<char, std::char_traits<char>, std::allocator<char> >, std::pair<std::basic_string<char, std::char_traits<char>, std::allocator<char> > const, CFLog*>, std::_Select1st<std::pair<std::basic_string<char, std::char_traits<char>, std::allocator<char> > const, CFLog*> >, std::less<std::basic_string<char, std::char_traits<char>, std::allocator<char> > >, std::allocator<std::pair<std::basic_string<char, std::char_traits<char>, std::allocator<char> > const, CFLog*> > >::_M_destroy_node(std::_Rb_tree_node<std::pair<std::basic_string<char, std::char_traits<char>, std::allocator<char> > const, CFLog*> >*)	W	52	52	NEAR	1.0000	project	1
_ZNSt8_Rb_treeISsSt4pairIKSsP5CFLogESt10_Select1stIS4_ESt4lessISsESaIS4_EE16_M_insert_uniqueERKS4_	std::_Rb_tree<std::basic_string<char, std::char_traits<char>, std::allocator<char> >, std::pair<std::basic_string<char, std::char_traits<char>, std::allocator<char> > const, CFLog*>, std::_Select1st<std::pair<std::basic_string<char, std::char_traits<char>, std::allocator<char> > const, CFLog*> >, std::less<std::basic_string<char, std::char_traits<char>, std::allocator<char> > >, std::allocator<std::pair<std::basic_string<char, std::char_traits<char>, std::allocator<char> > const, CFLog*> > >::_M_insert_unique(std::pair<std::basic_string<char, std::char_traits<char>, std::allocator<char> > const, CFLog*> const&)	W	463	463	NEAR	1.0000	libstdcxx/system	1
_ZNSt8_Rb_treeISsSt4pairIKSsP5CFLogESt10_Select1stIS4_ESt4lessISsESaIS4_EE21_M_get_Node_allocatorEv	std::_Rb_tree<std::basic_string<char, std::char_traits<char>, std::allocator<char> >, std::pair<std::basic_string<char, std::char_traits<char>, std::allocator<char> > const, CFLog*>, std::_Select1st<std::pair<std::basic_string<char, std::char_traits<char>, std::allocator<char> > const, CFLog*> >, std::less<std::basic_string<char, std::char_traits<char>, std::allocator<char> > >, std::allocator<std::pair<std::basic_string<char, std::char_traits<char>, std::allocator<char> > const, CFLog*> > >::_M_get_Node_allocator()	W	8	8	IDENTICAL	1.0000	project	1
_ZNSt8_Rb_treeISsSt4pairIKSsP5CFLogESt10_Select1stIS4_ESt4lessISsESaIS4_EE3endEv	std::_Rb_tree<std::basic_string<char, std::char_traits<char>, std::allocator<char> >, std::pair<std::basic_string<char, std::char_traits<char>, std::allocator<char> > const, CFLog*>, std::_Select1st<std::pair<std::basic_string<char, std::char_traits<char>, std::allocator<char> > const, CFLog*> >, std::less<std::basic_string<char, std::char_traits<char>, std::allocator<char> > >, std::allocator<std::pair<std::basic_string<char, std::char_traits<char>, std::allocator<char> > const, CFLog*> > >::end()	W	38	38	NEAR	1.0000	project	1
_ZNSt8_Rb_treeISsSt4pairIKSsP5CFLogESt10_Select1stIS4_ESt4lessISsESaIS4_EE4findERS1_	std::_Rb_tree<std::basic_string<char, std::char_traits<char>, std::allocator<char> >, std::pair<std::basic_string<char, std::char_traits<char>, std::allocator<char> > const, CFLog*>, std::_Select1st<std::pair<std::basic_string<char, std::char_traits<char>, std::allocator<char> > const, CFLog*> >, std::less<std::basic_string<char, std::char_traits<char>, std::allocator<char> > >, std::allocator<std::pair<std::basic_string<char, std::char_traits<char>, std::allocator<char> > const, CFLog*> > >::find(std::basic_string<char, std::char_traits<char>, std::allocator<char> > const&)	W	190	190	NEAR	1.0000	project	1
_ZNSt8_Rb_treeISsSt4pairIKSsP5CFLogESt10_Select1stIS4_ESt4lessISsESaIS4_EE5beginEv	std::_Rb_tree<std::basic_string<char, std::char_traits<char>, std::allocator<char> >, std::pair<std::basic_string<char, std::char_traits<char>, std::allocator<char> > const, CFLog*>, std::_Select1st<std::pair<std::basic_string<char, std::char_traits<char>, std::allocator<char> > const, CFLog*> >, std::less<std::basic_string<char, std::char_traits<char>, std::allocator<char> > >, std::allocator<std::pair<std::basic_string<char, std::char_traits<char>, std::allocator<char> > const, CFLog*> > >::begin()	W	38	38	NEAR	1.0000	project	1
_ZNSt8_Rb_treeISsSt4pairIKSsP5CFLogESt10_Select1stIS4_ESt4lessISsESaIS4_EE5eraseESt17_Rb_tree_iteratorIS4_E	std::_Rb_tree<std::basic_string<char, std::char_traits<char>, std::allocator<char> >, std::pair<std::basic_string<char, std::char_traits<char>, std::allocator<char> > const, CFLog*>, std::_Select1st<std::pair<std::basic_string<char, std::char_traits<char>, std::allocator<char> > const, CFLog*> >, std::less<std::basic_string<char, std::char_traits<char>, std::allocator<char> > >, std::allocator<std::pair<std::basic_string<char, std::char_traits<char>, std::allocator<char> > const, CFLog*> > >::erase(std::_Rb_tree_iterator<std::pair<std::basic_string<char, std::char_traits<char>, std::allocator<char> > const, CFLog*> >)	W	65	65	NEAR	1.0000	project	1
_ZNSt8_Rb_treeISsSt4pairIKSsP5CFLogESt10_Select1stIS4_ESt4lessISsESaIS4_EE6_M_endEv	std::_Rb_tree<std::basic_string<char, std::char_traits<char>, std::allocator<char> >, std::pair<std::basic_string<char, std::char_traits<char>, std::allocator<char> > const, CFLog*>, std::_Select1st<std::pair<std::basic_string<char, std::char_traits<char>, std::allocator<char> > const, CFLog*> >, std::less<std::basic_string<char, std::char_traits<char>, std::allocator<char> > >, std::allocator<std::pair<std::basic_string<char, std::char_traits<char>, std::allocator<char> > const, CFLog*> > >::_M_end()	W	11	11	IDENTICAL	1.0000	project	1
_ZNSt8_Rb_treeISsSt4pairIKSsP5CFLogESt10_Select1stIS4_ESt4lessISsESaIS4_EE6_S_keyEPKSt13_Rb_tree_nodeIS4_E	std::_Rb_tree<std::basic_string<char, std::char_traits<char>, std::allocator<char> >, std::pair<std::basic_string<char, std::char_traits<char>, std::allocator<char> > const, CFLog*>, std::_Select1st<std::pair<std::basic_string<char, std::char_traits<char>, std::allocator<char> > const, CFLog*> >, std::less<std::basic_string<char, std::char_traits<char>, std::allocator<char> > >, std::allocator<std::pair<std::basic_string<char, std::char_traits<char>, std::allocator<char> > const, CFLog*> > >::_S_key(std::_Rb_tree_node<std::pair<std::basic_string<char, std::char_traits<char>, std::allocator<char> > const, CFLog*> > const*)	W	34	34	NEAR	1.0000	project	1
_ZNSt8_Rb_treeISsSt4pairIKSsP5CFLogESt10_Select1stIS4_ESt4lessISsESaIS4_EE6_S_keyEPKSt18_Rb_tree_node_base	std::_Rb_tree<std::basic_string<char, std::char_traits<char>, std::allocator<char> >, std::pair<std::basic_string<char, std::char_traits<char>, std::allocator<char> > const, CFLog*>, std::_Select1st<std::pair<std::basic_string<char, std::char_traits<char>, std::allocator<char> > const, CFLog*> >, std::less<std::basic_string<char, std::char_traits<char>, std::allocator<char> > >, std::allocator<std::pair<std::basic_string<char, std::char_traits<char>, std::allocator<char> > const, CFLog*> > >::_S_key(std::_Rb_tree_node_base const*)	W	34	34	NEAR	1.0000	project	1
_ZNSt8_Rb_treeISsSt4pairIKSsP5CFLogESt10_Select1stIS4_ESt4lessISsESaIS4_EE7_S_leftEPSt18_Rb_tree_node_base	std::_Rb_tree<std::basic_string<char, std::char_traits<char>, std::allocator<char> >, std::pair<std::basic_string<char, std::char_traits<char>, std::allocator<char> > const, CFLog*>, std::_Select1st<std::pair<std::basic_string<char, std::char_traits<char>, std::allocator<char> > const, CFLog*> >, std::less<std::basic_string<char, std::char_traits<char>, std::allocator<char> > >, std::allocator<std::pair<std::basic_string<char, std::char_traits<char>, std::allocator<char> > const, CFLog*> > >::_S_left(std::_Rb_tree_node_base*)	W	11	11	IDENTICAL	1.0000	project	1
_ZNSt8_Rb_treeISsSt4pairIKSsP5CFLogESt10_Select1stIS4_ESt4lessISsESaIS4_EE8_M_beginEv	std::_Rb_tree<std::basic_string<char, std::char_traits<char>, std::allocator<char> >, std::pair<std::basic_string<char, std::char_traits<char>, std::allocator<char> > const, CFLog*>, std::_Select1st<std::pair<std::basic_string<char, std::char_traits<char>, std::allocator<char> > const, CFLog*> >, std::less<std::basic_string<char, std::char_traits<char>, std::allocator<char> > >, std::allocator<std::pair<std::basic_string<char, std::char_traits<char>, std::allocator<char> > const, CFLog*> > >::_M_begin()	W	11	11	IDENTICAL	1.0000	project	1
_ZNSt8_Rb_treeISsSt4pairIKSsP5CFLogESt10_Select1stIS4_ESt4lessISsESaIS4_EE8_M_eraseEPSt13_Rb_tree_nodeIS4_E	std::_Rb_tree<std::basic_string<char, std::char_traits<char>, std::allocator<char> >, std::pair<std::basic_string<char, std::char_traits<char>, std::allocator<char> > const, CFLog*>, std::_Select1st<std::pair<std::basic_string<char, std::char_traits<char>, std::allocator<char> > const, CFLog*> >, std::less<std::basic_string<char, std::char_traits<char>, std::allocator<char> > >, std::allocator<std::pair<std::basic_string<char, std::char_traits<char>, std::allocator<char> > const, CFLog*> > >::_M_erase(std::_Rb_tree_node<std::pair<std::basic_string<char, std::char_traits<char>, std::allocator<char> > const, CFLog*> >*)	W	85	85	NEAR	1.0000	project	1
_ZNSt8_Rb_treeISsSt4pairIKSsP5CFLogESt10_Select1stIS4_ESt4lessISsESaIS4_EE8_S_rightEPSt18_Rb_tree_node_base	std::_Rb_tree<std::basic_string<char, std::char_traits<char>, std::allocator<char> >, std::pair<std::basic_string<char, std::char_traits<char>, std::allocator<char> > const, CFLog*>, std::_Select1st<std::pair<std::basic_string<char, std::char_traits<char>, std::allocator<char> > const, CFLog*> >, std::less<std::basic_string<char, std::char_traits<char>, std::allocator<char> > >, std::allocator<std::pair<std::basic_string<char, std::char_traits<char>, std::allocator<char> > const, CFLog*> > >::_S_right(std::_Rb_tree_node_base*)	W	11	11	IDENTICAL	1.0000	project	1
_ZNSt8_Rb_treeISsSt4pairIKSsP5CFLogESt10_Select1stIS4_ESt4lessISsESaIS4_EE8_S_valueEPKSt13_Rb_tree_nodeIS4_E	std::_Rb_tree<std::basic_string<char, std::char_traits<char>, std::allocator<char> >, std::pair<std::basic_string<char, std::char_traits<char>, std::allocator<char> > const, CFLog*>, std::_Select1st<std::pair<std::basic_string<char, std::char_traits<char>, std::allocator<char> > const, CFLog*> >, std::less<std::basic_string<char, std::char_traits<char>, std::allocator<char> > >, std::allocator<std::pair<std::basic_string<char, std::char_traits<char>, std::allocator<char> > const, CFLog*> > >::_S_value(std::_Rb_tree_node<std::pair<std::basic_string<char, std::char_traits<char>, std::allocator<char> > const, CFLog*> > const*)	W	11	11	IDENTICAL	1.0000	libstdcxx/system	1
_ZNSt8_Rb_treeISsSt4pairIKSsP5CFLogESt10_Select1stIS4_ESt4lessISsESaIS4_EE8_S_valueEPKSt18_Rb_tree_node_base	std::_Rb_tree<std::basic_string<char, std::char_traits<char>, std::allocator<char> >, std::pair<std::basic_string<char, std::char_traits<char>, std::allocator<char> > const, CFLog*>, std::_Select1st<std::pair<std::basic_string<char, std::char_traits<char>, std::allocator<char> > const, CFLog*> >, std::less<std::basic_string<char, std::char_traits<char>, std::allocator<char> > >, std::allocator<std::pair<std::basic_string<char, std::char_traits<char>, std::allocator<char> > const, CFLog*> > >::_S_value(std::_Rb_tree_node_base const*)	W	11	11	IDENTICAL	1.0000	libstdcxx/system	1
_ZNSt8_Rb_treeISsSt4pairIKSsP5CFLogESt10_Select1stIS4_ESt4lessISsESaIS4_EEC1Ev	std::_Rb_tree<std::basic_string<char, std::char_traits<char>, std::allocator<char> >, std::pair<std::basic_string<char, std::char_traits<char>, std::allocator<char> > const, CFLog*>, std::_Select1st<std::pair<std::basic_string<char, std::char_traits<char>, std::allocator<char> > const, CFLog*> >, std::less<std::basic_string<char, std::char_traits<char>, std::allocator<char> > >, std::allocator<std::pair<std::basic_string<char, std::char_traits<char>, std::allocator<char> > const, CFLog*> > >::_Rb_tree()	W	19	19	NEAR	1.0000	project	1
_ZNSt8_Rb_treeISsSt4pairIKSsP5CFLogESt10_Select1stIS4_ESt4lessISsESaIS4_EEC2Ev	std::_Rb_tree<std::basic_string<char, std::char_traits<char>, std::allocator<char> >, std::pair<std::basic_string<char, std::char_traits<char>, std::allocator<char> > const, CFLog*>, std::_Select1st<std::pair<std::basic_string<char, std::char_traits<char>, std::allocator<char> > const, CFLog*> >, std::less<std::basic_string<char, std::char_traits<char>, std::allocator<char> > >, std::allocator<std::pair<std::basic_string<char, std::char_traits<char>, std::allocator<char> > const, CFLog*> > >::_Rb_tree()	W	19	19	NEAR	1.0000	project	1
_ZNSt8_Rb_treeISsSt4pairIKSsP5CFLogESt10_Select1stIS4_ESt4lessISsESaIS4_EED1Ev	std::_Rb_tree<std::basic_string<char, std::char_traits<char>, std::allocator<char> >, std::pair<std::basic_string<char, std::char_traits<char>, std::allocator<char> > const, CFLog*>, std::_Select1st<std::pair<std::basic_string<char, std::char_traits<char>, std::allocator<char> > const, CFLog*> >, std::less<std::basic_string<char, std::char_traits<char>, std::allocator<char> > >, std::allocator<std::pair<std::basic_string<char, std::char_traits<char>, std::allocator<char> > const, CFLog*> > >::~_Rb_tree()	W	81	45	DIFF	0.4667	project	1
_ZNSt8_Rb_treeISsSt4pairIKSsP5CFLogESt10_Select1stIS4_ESt4lessISsESaIS4_EED2Ev	std::_Rb_tree<std::basic_string<char, std::char_traits<char>, std::allocator<char> >, std::pair<std::basic_string<char, std::char_traits<char>, std::allocator<char> > const, CFLog*>, std::_Select1st<std::pair<std::basic_string<char, std::char_traits<char>, std::allocator<char> > const, CFLog*> >, std::less<std::basic_string<char, std::char_traits<char>, std::allocator<char> > >, std::allocator<std::pair<std::basic_string<char, std::char_traits<char>, std::allocator<char> > const, CFLog*> > >::~_Rb_tree()	W	81	45	DIFF	0.4667	project	1
_ZNSt8_Rb_treeISsSt4pairIKSsSsESt10_Select1stIS2_ESt4lessISsESaIS2_EE10_M_insert_EPKSt18_Rb_tree_node_baseSB_RKS2_	std::_Rb_tree<std::basic_string<char, std::char_traits<char>, std::allocator<char> >, std::pair<std::basic_string<char, std::char_traits<char>, std::allocator<char> > const, std::basic_string<char, std::char_traits<char>, std::allocator<char> > >, std::_Select1st<std::pair<std::basic_string<char, std::char_traits<char>, std::allocator<char> > const, std::basic_string<char, std::char_traits<char>, std::allocator<char> > > >, std::less<std::basic_string<char, std::char_traits<char>, std::allocator<char> > >, std::allocator<std::pair<std::basic_string<char, std::char_traits<char>, std::allocator<char> > const, std::basic_string<char, std::char_traits<char>, std::allocator<char> > > > >::_M_insert_(std::_Rb_tree_node_base const*, std::_Rb_tree_node_base const*, std::pair<std::basic_string<char, std::char_traits<char>, std::allocator<char> > const, std::basic_string<char, std::char_traits<char>, std::allocator<char> > > const&)	W	200	200	NEAR	1.0000	libstdcxx/system	1
_ZNSt8_Rb_treeISsSt4pairIKSsSsESt10_Select1stIS2_ESt4lessISsESaIS2_EE11_M_get_nodeEv	std::_Rb_tree<std::basic_string<char, std::char_traits<char>, std::allocator<char> >, std::pair<std::basic_string<char, std::char_traits<char>, std::allocator<char> > const, std::basic_string<char, std::char_traits<char>, std::allocator<char> > >, std::_Select1st<std::pair<std::basic_string<char, std::char_traits<char>, std::allocator<char> > const, std::basic_string<char, std::char_traits<char>, std::allocator<char> > > >, std::less<std::basic_string<char, std::char_traits<char>, std::allocator<char> > >, std::allocator<std::pair<std::basic_string<char, std::char_traits<char>, std::allocator<char> > const, std::basic_string<char, std::char_traits<char>, std::allocator<char> > > > >::_M_get_node()	W	35	35	NEAR	1.0000	project	1
_ZNSt8_Rb_treeISsSt4pairIKSsSsESt10_Select1stIS2_ESt4lessISsESaIS2_EE11_M_put_nodeEPSt13_Rb_tree_nodeIS2_E	std::_Rb_tree<std::basic_string<char, std::char_traits<char>, std::allocator<char> >, std::pair<std::basic_string<char, std::char_traits<char>, std::allocator<char> > const, std::basic_string<char, std::char_traits<char>, std::allocator<char> > >, std::_Select1st<std::pair<std::basic_string<char, std::char_traits<char>, std::allocator<char> > const, std::basic_string<char, std::char_traits<char>, std::allocator<char> > > >, std::less<std::basic_string<char, std::char_traits<char>, std::allocator<char> > >, std::allocator<std::pair<std::basic_string<char, std::char_traits<char>, std::allocator<char> > const, std::basic_string<char, std::char_traits<char>, std::allocator<char> > > > >::_M_put_node(std::_Rb_tree_node<std::pair<std::basic_string<char, std::char_traits<char>, std::allocator<char> > const, std::basic_string<char, std::char_traits<char>, std::allocator<char> > > >*)	W	34	34	NEAR	1.0000	project	1
_ZNSt8_Rb_treeISsSt4pairIKSsSsESt10_Select1stIS2_ESt4lessISsESaIS2_EE13_Rb_tree_implIS6_Lb0EE13_M_initializeEv	std::_Rb_tree<std::basic_string<char, std::char_traits<char>, std::allocator<char> >, std::pair<std::basic_string<char, std::char_traits<char>, std::allocator<char> > const, std::basic_string<char, std::char_traits<char>, std::allocator<char> > >, std::_Select1st<std::pair<std::basic_string<char, std::char_traits<char>, std::allocator<char> > const, std::basic_string<char, std::char_traits<char>, std::allocator<char> > > >, std::less<std::basic_string<char, std::char_traits<char>, std::allocator<char> > >, std::allocator<std::pair<std::basic_string<char, std::char_traits<char>, std::allocator<char> > const, std::basic_string<char, std::char_traits<char>, std::allocator<char> > > > >::_Rb_tree_impl<std::less<std::basic_string<char, std::char_traits<char>, std::allocator<char> > >, false>::_M_initialize()	W	49	49	IDENTICAL	1.0000	libstdcxx/system	1
_ZNSt8_Rb_treeISsSt4pairIKSsSsESt10_Select1stIS2_ESt4lessISsESaIS2_EE13_Rb_tree_implIS6_Lb0EEC1Ev	std::_Rb_tree<std::basic_string<char, std::char_traits<char>, std::allocator<char> >, std::pair<std::basic_string<char, std::char_traits<char>, std::allocator<char> > const, std::basic_string<char, std::char_traits<char>, std::allocator<char> > >, std::_Select1st<std::pair<std::basic_string<char, std::char_traits<char>, std::allocator<char> > const, std::basic_string<char, std::char_traits<char>, std::allocator<char> > > >, std::less<std::basic_string<char, std::char_traits<char>, std::allocator<char> > >, std::allocator<std::pair<std::basic_string<char, std::char_traits<char>, std::allocator<char> > const, std::basic_string<char, std::char_traits<char>, std::allocator<char> > > > >::_Rb_tree_impl<std::less<std::basic_string<char, std::char_traits<char>, std::allocator<char> > >, false>::_Rb_tree_impl()	W	80	80	NEAR	1.0000	project	1
_ZNSt8_Rb_treeISsSt4pairIKSsSsESt10_Select1stIS2_ESt4lessISsESaIS2_EE13_Rb_tree_implIS6_Lb0EEC2Ev	std::_Rb_tree<std::basic_string<char, std::char_traits<char>, std::allocator<char> >, std::pair<std::basic_string<char, std::char_traits<char>, std::allocator<char> > const, std::basic_string<char, std::char_traits<char>, std::allocator<char> > >, std::_Select1st<std::pair<std::basic_string<char, std::char_traits<char>, std::allocator<char> > const, std::basic_string<char, std::char_traits<char>, std::allocator<char> > > >, std::less<std::basic_string<char, std::char_traits<char>, std::allocator<char> > >, std::allocator<std::pair<std::basic_string<char, std::char_traits<char>, std::allocator<char> > const, std::basic_string<char, std::char_traits<char>, std::allocator<char> > > > >::_Rb_tree_impl<std::less<std::basic_string<char, std::char_traits<char>, std::allocator<char> > >, false>::_Rb_tree_impl()	W	80	80	NEAR	1.0000	project	1
_ZNSt8_Rb_treeISsSt4pairIKSsSsESt10_Select1stIS2_ESt4lessISsESaIS2_EE13_Rb_tree_implIS6_Lb0EED1Ev	std::_Rb_tree<std::basic_string<char, std::char_traits<char>, std::allocator<char> >, std::pair<std::basic_string<char, std::char_traits<char>, std::allocator<char> > const, std::basic_string<char, std::char_traits<char>, std::allocator<char> > >, std::_Select1st<std::pair<std::basic_string<char, std::char_traits<char>, std::allocator<char> > const, std::basic_string<char, std::char_traits<char>, std::allocator<char> > > >, std::less<std::basic_string<char, std::char_traits<char>, std::allocator<char> > >, std::allocator<std::pair<std::basic_string<char, std::char_traits<char>, std::allocator<char> > const, std::basic_string<char, std::char_traits<char>, std::allocator<char> > > > >::_Rb_tree_impl<std::less<std::basic_string<char, std::char_traits<char>, std::allocator<char> > >, false>::~_Rb_tree_impl()	W	19	19	NEAR	1.0000	project	1
_ZNSt8_Rb_treeISsSt4pairIKSsSsESt10_Select1stIS2_ESt4lessISsESaIS2_EE13_Rb_tree_implIS6_Lb0EED2Ev	std::_Rb_tree<std::basic_string<char, std::char_traits<char>, std::allocator<char> >, std::pair<std::basic_string<char, std::char_traits<char>, std::allocator<char> > const, std::basic_string<char, std::char_traits<char>, std::allocator<char> > >, std::_Select1st<std::pair<std::basic_string<char, std::char_traits<char>, std::allocator<char> > const, std::basic_string<char, std::char_traits<char>, std::allocator<char> > > >, std::less<std::basic_string<char, std::char_traits<char>, std::allocator<char> > >, std::allocator<std::pair<std::basic_string<char, std::char_traits<char>, std::allocator<char> > const, std::basic_string<char, std::char_traits<char>, std::allocator<char> > > > >::_Rb_tree_impl<std::less<std::basic_string<char, std::char_traits<char>, std::allocator<char> > >, false>::~_Rb_tree_impl()	W	19	19	NEAR	1.0000	project	1
_ZNSt8_Rb_treeISsSt4pairIKSsSsESt10_Select1stIS2_ESt4lessISsESaIS2_EE14_M_create_nodeIIRKS2_EEEPSt13_Rb_tree_nodeIS2_EDpOT_	std::_Rb_tree_node<std::pair<std::basic_string<char, std::char_traits<char>, std::allocator<char> > const, std::basic_string<char, std::char_traits<char>, std::allocator<char> > > >* std::_Rb_tree<std::basic_string<char, std::char_traits<char>, std::allocator<char> >, std::pair<std::basic_string<char, std::char_traits<char>, std::allocator<char> > const, std::basic_string<char, std::char_traits<char>, std::allocator<char> > >, std::_Select1st<std::pair<std::basic_string<char, std::char_traits<char>, std::allocator<char> > const, std::basic_string<char, std::char_traits<char>, std::allocator<char> > > >, std::less<std::basic_string<char, std::char_traits<char>, std::allocator<char> > >, std::allocator<std::pair<std::basic_string<char, std::char_traits<char>, std::allocator<char> > const, std::basic_string<char, std::char_traits<char>, std::allocator<char> > > > >::_M_create_node<std::pair<std::basic_string<char, std::char_traits<char>, std::allocator<char> > const, std::basic_string<char, std::char_traits<char>, std::allocator<char> > > const&>(std::pair<std::basic_string<char, std::char_traits<char>, std::allocator<char> > const, std::basic_string<char, std::char_traits<char>, std::allocator<char> > > const&)	W	129	129	NEAR	1.0000	libstdcxx/system	1
_ZNSt8_Rb_treeISsSt4pairIKSsSsESt10_Select1stIS2_ESt4lessISsESaIS2_EE14_M_lower_boundEPSt13_Rb_tree_nodeIS2_ESB_RS1_	std::_Rb_tree<std::basic_string<char, std::char_traits<char>, std::allocator<char> >, std::pair<std::basic_string<char, std::char_traits<char>, std::allocator<char> > const, std::basic_string<char, std::char_traits<char>, std::allocator<char> > >, std::_Select1st<std::pair<std::basic_string<char, std::char_traits<char>, std::allocator<char> > const, std::basic_string<char, std::char_traits<char>, std::allocator<char> > > >, std::less<std::basic_string<char, std::char_traits<char>, std::allocator<char> > >, std::allocator<std::pair<std::basic_string<char, std::char_traits<char>, std::allocator<char> > const, std::basic_string<char, std::char_traits<char>, std::allocator<char> > > > >::_M_lower_bound(std::_Rb_tree_node<std::pair<std::basic_string<char, std::char_traits<char>, std::allocator<char> > const, std::basic_string<char, std::char_traits<char>, std::allocator<char> > > >*, std::_Rb_tree_node<std::pair<std::basic_string<char, std::char_traits<char>, std::allocator<char> > const, std::basic_string<char, std::char_traits<char>, std::allocator<char> > > >*, std::basic_string<char, std::char_traits<char>, std::allocator<char> > const&)	W	124	124	NEAR	1.0000	libstdcxx/system	1
_ZNSt8_Rb_treeISsSt4pairIKSsSsESt10_Select1stIS2_ESt4lessISsESaIS2_EE15_M_destroy_nodeEPSt13_Rb_tree_nodeIS2_E	std::_Rb_tree<std::basic_string<char, std::char_traits<char>, std::allocator<char> >, std::pair<std::basic_string<char, std::char_traits<char>, std::allocator<char> > const, std::basic_string<char, std::char_traits<char>, std::allocator<char> > >, std::_Select1st<std::pair<std::basic_string<char, std::char_traits<char>, std::allocator<char> > const, std::basic_string<char, std::char_traits<char>, std::allocator<char> > > >, std::less<std::basic_string<char, std::char_traits<char>, std::allocator<char> > >, std::allocator<std::pair<std::basic_string<char, std::char_traits<char>, std::allocator<char> > const, std::basic_string<char, std::char_traits<char>, std::allocator<char> > > > >::_M_destroy_node(std::_Rb_tree_node<std::pair<std::basic_string<char, std::char_traits<char>, std::allocator<char> > const, std::basic_string<char, std::char_traits<char>, std::allocator<char> > > >*)	W	52	52	NEAR	1.0000	project	1
_ZNSt8_Rb_treeISsSt4pairIKSsSsESt10_Select1stIS2_ESt4lessISsESaIS2_EE16_M_insert_uniqueERKS2_	std::_Rb_tree<std::basic_string<char, std::char_traits<char>, std::allocator<char> >, std::pair<std::basic_string<char, std::char_traits<char>, std::allocator<char> > const, std::basic_string<char, std::char_traits<char>, std::allocator<char> > >, std::_Select1st<std::pair<std::basic_string<char, std::char_traits<char>, std::allocator<char> > const, std::basic_string<char, std::char_traits<char>, std::allocator<char> > > >, std::less<std::basic_string<char, std::char_traits<char>, std::allocator<char> > >, std::allocator<std::pair<std::basic_string<char, std::char_traits<char>, std::allocator<char> > const, std::basic_string<char, std::char_traits<char>, std::allocator<char> > > > >::_M_insert_unique(std::pair<std::basic_string<char, std::char_traits<char>, std::allocator<char> > const, std::basic_string<char, std::char_traits<char>, std::allocator<char> > > const&)	W	463	463	NEAR	1.0000	project	1
_ZNSt8_Rb_treeISsSt4pairIKSsSsESt10_Select1stIS2_ESt4lessISsESaIS2_EE21_M_get_Node_allocatorEv	std::_Rb_tree<std::basic_string<char, std::char_traits<char>, std::allocator<char> >, std::pair<std::basic_string<char, std::char_traits<char>, std::allocator<char> > const, std::basic_string<char, std::char_traits<char>, std::allocator<char> > >, std::_Select1st<std::pair<std::basic_string<char, std::char_traits<char>, std::allocator<char> > const, std::basic_string<char, std::char_traits<char>, std::allocator<char> > > >, std::less<std::basic_string<char, std::char_traits<char>, std::allocator<char> > >, std::allocator<std::pair<std::basic_string<char, std::char_traits<char>, std::allocator<char> > const, std::basic_string<char, std::char_traits<char>, std::allocator<char> > > > >::_M_get_Node_allocator()	W	8	8	IDENTICAL	1.0000	project	1
_ZNSt8_Rb_treeISsSt4pairIKSsSsESt10_Select1stIS2_ESt4lessISsESaIS2_EE3endEv	std::_Rb_tree<std::basic_string<char, std::char_traits<char>, std::allocator<char> >, std::pair<std::basic_string<char, std::char_traits<char>, std::allocator<char> > const, std::basic_string<char, std::char_traits<char>, std::allocator<char> > >, std::_Select1st<std::pair<std::basic_string<char, std::char_traits<char>, std::allocator<char> > const, std::basic_string<char, std::char_traits<char>, std::allocator<char> > > >, std::less<std::basic_string<char, std::char_traits<char>, std::allocator<char> > >, std::allocator<std::pair<std::basic_string<char, std::char_traits<char>, std::allocator<char> > const, std::basic_string<char, std::char_traits<char>, std::allocator<char> > > > >::end()	W	38	38	NEAR	1.0000	project	1
_ZNSt8_Rb_treeISsSt4pairIKSsSsESt10_Select1stIS2_ESt4lessISsESaIS2_EE4findERS1_	std::_Rb_tree<std::basic_string<char, std::char_traits<char>, std::allocator<char> >, std::pair<std::basic_string<char, std::char_traits<char>, std::allocator<char> > const, std::basic_string<char, std::char_traits<char>, std::allocator<char> > >, std::_Select1st<std::pair<std::basic_string<char, std::char_traits<char>, std::allocator<char> > const, std::basic_string<char, std::char_traits<char>, std::allocator<char> > > >, std::less<std::basic_string<char, std::char_traits<char>, std::allocator<char> > >, std::allocator<std::pair<std::basic_string<char, std::char_traits<char>, std::allocator<char> > const, std::basic_string<char, std::char_traits<char>, std::allocator<char> > > > >::find(std::basic_string<char, std::char_traits<char>, std::allocator<char> > const&)	W	190	190	NEAR	1.0000	project	1
_ZNSt8_Rb_treeISsSt4pairIKSsSsESt10_Select1stIS2_ESt4lessISsESaIS2_EE5beginEv	std::_Rb_tree<std::basic_string<char, std::char_traits<char>, std::allocator<char> >, std::pair<std::basic_string<char, std::char_traits<char>, std::allocator<char> > const, std::basic_string<char, std::char_traits<char>, std::allocator<char> > >, std::_Select1st<std::pair<std::basic_string<char, std::char_traits<char>, std::allocator<char> > const, std::basic_string<char, std::char_traits<char>, std::allocator<char> > > >, std::less<std::basic_string<char, std::char_traits<char>, std::allocator<char> > >, std::allocator<std::pair<std::basic_string<char, std::char_traits<char>, std::allocator<char> > const, std::basic_string<char, std::char_traits<char>, std::allocator<char> > > > >::begin()	W	38	38	NEAR	1.0000	project	1
_ZNSt8_Rb_treeISsSt4pairIKSsSsESt10_Select1stIS2_ESt4lessISsESaIS2_EE6_M_endEv	std::_Rb_tree<std::basic_string<char, std::char_traits<char>, std::allocator<char> >, std::pair<std::basic_string<char, std::char_traits<char>, std::allocator<char> > const, std::basic_string<char, std::char_traits<char>, std::allocator<char> > >, std::_Select1st<std::pair<std::basic_string<char, std::char_traits<char>, std::allocator<char> > const, std::basic_string<char, std::char_traits<char>, std::allocator<char> > > >, std::less<std::basic_string<char, std::char_traits<char>, std::allocator<char> > >, std::allocator<std::pair<std::basic_string<char, std::char_traits<char>, std::allocator<char> > const, std::basic_string<char, std::char_traits<char>, std::allocator<char> > > > >::_M_end()	W	11	11	IDENTICAL	1.0000	project	1
_ZNSt8_Rb_treeISsSt4pairIKSsSsESt10_Select1stIS2_ESt4lessISsESaIS2_EE6_S_keyEPKSt13_Rb_tree_nodeIS2_E	std::_Rb_tree<std::basic_string<char, std::char_traits<char>, std::allocator<char> >, std::pair<std::basic_string<char, std::char_traits<char>, std::allocator<char> > const, std::basic_string<char, std::char_traits<char>, std::allocator<char> > >, std::_Select1st<std::pair<std::basic_string<char, std::char_traits<char>, std::allocator<char> > const, std::basic_string<char, std::char_traits<char>, std::allocator<char> > > >, std::less<std::basic_string<char, std::char_traits<char>, std::allocator<char> > >, std::allocator<std::pair<std::basic_string<char, std::char_traits<char>, std::allocator<char> > const, std::basic_string<char, std::char_traits<char>, std::allocator<char> > > > >::_S_key(std::_Rb_tree_node<std::pair<std::basic_string<char, std::char_traits<char>, std::allocator<char> > const, std::basic_string<char, std::char_traits<char>, std::allocator<char> > > > const*)	W	34	34	NEAR	1.0000	project	1
_ZNSt8_Rb_treeISsSt4pairIKSsSsESt10_Select1stIS2_ESt4lessISsESaIS2_EE6_S_keyEPKSt18_Rb_tree_node_base	std::_Rb_tree<std::basic_string<char, std::char_traits<char>, std::allocator<char> >, std::pair<std::basic_string<char, std::char_traits<char>, std::allocator<char> > const, std::basic_string<char, std::char_traits<char>, std::allocator<char> > >, std::_Select1st<std::pair<std::basic_string<char, std::char_traits<char>, std::allocator<char> > const, std::basic_string<char, std::char_traits<char>, std::allocator<char> > > >, std::less<std::basic_string<char, std::char_traits<char>, std::allocator<char> > >, std::allocator<std::pair<std::basic_string<char, std::char_traits<char>, std::allocator<char> > const, std::basic_string<char, std::char_traits<char>, std::allocator<char> > > > >::_S_key(std::_Rb_tree_node_base const*)	W	34	34	NEAR	1.0000	project	1
_ZNSt8_Rb_treeISsSt4pairIKSsSsESt10_Select1stIS2_ESt4lessISsESaIS2_EE7_S_leftEPSt18_Rb_tree_node_base	std::_Rb_tree<std::basic_string<char, std::char_traits<char>, std::allocator<char> >, std::pair<std::basic_string<char, std::char_traits<char>, std::allocator<char> > const, std::basic_string<char, std::char_traits<char>, std::allocator<char> > >, std::_Select1st<std::pair<std::basic_string<char, std::char_traits<char>, std::allocator<char> > const, std::basic_string<char, std::char_traits<char>, std::allocator<char> > > >, std::less<std::basic_string<char, std::char_traits<char>, std::allocator<char> > >, std::allocator<std::pair<std::basic_string<char, std::char_traits<char>, std::allocator<char> > const, std::basic_string<char, std::char_traits<char>, std::allocator<char> > > > >::_S_left(std::_Rb_tree_node_base*)	W	11	11	IDENTICAL	1.0000	project	1
_ZNSt8_Rb_treeISsSt4pairIKSsSsESt10_Select1stIS2_ESt4lessISsESaIS2_EE8_M_beginEv	std::_Rb_tree<std::basic_string<char, std::char_traits<char>, std::allocator<char> >, std::pair<std::basic_string<char, std::char_traits<char>, std::allocator<char> > const, std::basic_string<char, std::char_traits<char>, std::allocator<char> > >, std::_Select1st<std::pair<std::basic_string<char, std::char_traits<char>, std::allocator<char> > const, std::basic_string<char, std::char_traits<char>, std::allocator<char> > > >, std::less<std::basic_string<char, std::char_traits<char>, std::allocator<char> > >, std::allocator<std::pair<std::basic_string<char, std::char_traits<char>, std::allocator<char> > const, std::basic_string<char, std::char_traits<char>, std::allocator<char> > > > >::_M_begin()	W	11	11	IDENTICAL	1.0000	project	1
_ZNSt8_Rb_treeISsSt4pairIKSsSsESt10_Select1stIS2_ESt4lessISsESaIS2_EE8_M_eraseEPSt13_Rb_tree_nodeIS2_E	std::_Rb_tree<std::basic_string<char, std::char_traits<char>, std::allocator<char> >, std::pair<std::basic_string<char, std::char_traits<char>, std::allocator<char> > const, std::basic_string<char, std::char_traits<char>, std::allocator<char> > >, std::_Select1st<std::pair<std::basic_string<char, std::char_traits<char>, std::allocator<char> > const, std::basic_string<char, std::char_traits<char>, std::allocator<char> > > >, std::less<std::basic_string<char, std::char_traits<char>, std::allocator<char> > >, std::allocator<std::pair<std::basic_string<char, std::char_traits<char>, std::allocator<char> > const, std::basic_string<char, std::char_traits<char>, std::allocator<char> > > > >::_M_erase(std::_Rb_tree_node<std::pair<std::basic_string<char, std::char_traits<char>, std::allocator<char> > const, std::basic_string<char, std::char_traits<char>, std::allocator<char> > > >*)	W	85	85	NEAR	1.0000	project	1
_ZNSt8_Rb_treeISsSt4pairIKSsSsESt10_Select1stIS2_ESt4lessISsESaIS2_EE8_S_rightEPSt18_Rb_tree_node_base	std::_Rb_tree<std::basic_string<char, std::char_traits<char>, std::allocator<char> >, std::pair<std::basic_string<char, std::char_traits<char>, std::allocator<char> > const, std::basic_string<char, std::char_traits<char>, std::allocator<char> > >, std::_Select1st<std::pair<std::basic_string<char, std::char_traits<char>, std::allocator<char> > const, std::basic_string<char, std::char_traits<char>, std::allocator<char> > > >, std::less<std::basic_string<char, std::char_traits<char>, std::allocator<char> > >, std::allocator<std::pair<std::basic_string<char, std::char_traits<char>, std::allocator<char> > const, std::basic_string<char, std::char_traits<char>, std::allocator<char> > > > >::_S_right(std::_Rb_tree_node_base*)	W	11	11	IDENTICAL	1.0000	project	1
_ZNSt8_Rb_treeISsSt4pairIKSsSsESt10_Select1stIS2_ESt4lessISsESaIS2_EE8_S_valueEPKSt13_Rb_tree_nodeIS2_E	std::_Rb_tree<std::basic_string<char, std::char_traits<char>, std::allocator<char> >, std::pair<std::basic_string<char, std::char_traits<char>, std::allocator<char> > const, std::basic_string<char, std::char_traits<char>, std::allocator<char> > >, std::_Select1st<std::pair<std::basic_string<char, std::char_traits<char>, std::allocator<char> > const, std::basic_string<char, std::char_traits<char>, std::allocator<char> > > >, std::less<std::basic_string<char, std::char_traits<char>, std::allocator<char> > >, std::allocator<std::pair<std::basic_string<char, std::char_traits<char>, std::allocator<char> > const, std::basic_string<char, std::char_traits<char>, std::allocator<char> > > > >::_S_value(std::_Rb_tree_node<std::pair<std::basic_string<char, std::char_traits<char>, std::allocator<char> > const, std::basic_string<char, std::char_traits<char>, std::allocator<char> > > > const*)	W	11	11	IDENTICAL	1.0000	libstdcxx/system	1
_ZNSt8_Rb_treeISsSt4pairIKSsSsESt10_Select1stIS2_ESt4lessISsESaIS2_EE8_S_valueEPKSt18_Rb_tree_node_base	std::_Rb_tree<std::basic_string<char, std::char_traits<char>, std::allocator<char> >, std::pair<std::basic_string<char, std::char_traits<char>, std::allocator<char> > const, std::basic_string<char, std::char_traits<char>, std::allocator<char> > >, std::_Select1st<std::pair<std::basic_string<char, std::char_traits<char>, std::allocator<char> > const, std::basic_string<char, std::char_traits<char>, std::allocator<char> > > >, std::less<std::basic_string<char, std::char_traits<char>, std::allocator<char> > >, std::allocator<std::pair<std::basic_string<char, std::char_traits<char>, std::allocator<char> > const, std::basic_string<char, std::char_traits<char>, std::allocator<char> > > > >::_S_value(std::_Rb_tree_node_base const*)	W	11	11	IDENTICAL	1.0000	libstdcxx/system	1
_ZNSt8_Rb_treeISsSt4pairIKSsSsESt10_Select1stIS2_ESt4lessISsESaIS2_EEC1Ev	std::_Rb_tree<std::basic_string<char, std::char_traits<char>, std::allocator<char> >, std::pair<std::basic_string<char, std::char_traits<char>, std::allocator<char> > const, std::basic_string<char, std::char_traits<char>, std::allocator<char> > >, std::_Select1st<std::pair<std::basic_string<char, std::char_traits<char>, std::allocator<char> > const, std::basic_string<char, std::char_traits<char>, std::allocator<char> > > >, std::less<std::basic_string<char, std::char_traits<char>, std::allocator<char> > >, std::allocator<std::pair<std::basic_string<char, std::char_traits<char>, std::allocator<char> > const, std::basic_string<char, std::char_traits<char>, std::allocator<char> > > > >::_Rb_tree()	W	19	19	NEAR	1.0000	project	1
_ZNSt8_Rb_treeISsSt4pairIKSsSsESt10_Select1stIS2_ESt4lessISsESaIS2_EEC2Ev	std::_Rb_tree<std::basic_string<char, std::char_traits<char>, std::allocator<char> >, std::pair<std::basic_string<char, std::char_traits<char>, std::allocator<char> > const, std::basic_string<char, std::char_traits<char>, std::allocator<char> > >, std::_Select1st<std::pair<std::basic_string<char, std::char_traits<char>, std::allocator<char> > const, std::basic_string<char, std::char_traits<char>, std::allocator<char> > > >, std::less<std::basic_string<char, std::char_traits<char>, std::allocator<char> > >, std::allocator<std::pair<std::basic_string<char, std::char_traits<char>, std::allocator<char> > const, std::basic_string<char, std::char_traits<char>, std::allocator<char> > > > >::_Rb_tree()	W	19	19	NEAR	1.0000	project	1
_ZNSt8_Rb_treeISsSt4pairIKSsSsESt10_Select1stIS2_ESt4lessISsESaIS2_EED1Ev	std::_Rb_tree<std::basic_string<char, std::char_traits<char>, std::allocator<char> >, std::pair<std::basic_string<char, std::char_traits<char>, std::allocator<char> > const, std::basic_string<char, std::char_traits<char>, std::allocator<char> > >, std::_Select1st<std::pair<std::basic_string<char, std::char_traits<char>, std::allocator<char> > const, std::basic_string<char, std::char_traits<char>, std::allocator<char> > > >, std::less<std::basic_string<char, std::char_traits<char>, std::allocator<char> > >, std::allocator<std::pair<std::basic_string<char, std::char_traits<char>, std::allocator<char> > const, std::basic_string<char, std::char_traits<char>, std::allocator<char> > > > >::~_Rb_tree()	W	81	81	NEAR	1.0000	project	1
_ZNSt8_Rb_treeISsSt4pairIKSsSsESt10_Select1stIS2_ESt4lessISsESaIS2_EED2Ev	std::_Rb_tree<std::basic_string<char, std::char_traits<char>, std::allocator<char> >, std::pair<std::basic_string<char, std::char_traits<char>, std::allocator<char> > const, std::basic_string<char, std::char_traits<char>, std::allocator<char> > >, std::_Select1st<std::pair<std::basic_string<char, std::char_traits<char>, std::allocator<char> > const, std::basic_string<char, std::char_traits<char>, std::allocator<char> > > >, std::less<std::basic_string<char, std::char_traits<char>, std::allocator<char> > >, std::allocator<std::pair<std::basic_string<char, std::char_traits<char>, std::allocator<char> > const, std::basic_string<char, std::char_traits<char>, std::allocator<char> > > > >::~_Rb_tree()	W	81	81	NEAR	1.0000	project	1
_ZNSt8_Rb_treeIiSt4pairIKi13stSessionInfoESt10_Select1stIS3_ESt4lessIiESaIS3_EE11_M_put_nodeEPSt13_Rb_tree_nodeIS3_E	std::_Rb_tree<int, std::pair<int const, stSessionInfo>, std::_Select1st<std::pair<int const, stSessionInfo> >, std::less<int>, std::allocator<std::pair<int const, stSessionInfo> > >::_M_put_node(std::_Rb_tree_node<std::pair<int const, stSessionInfo> >*)	W	34	34	NEAR	1.0000	libstdcxx/system	1
_ZNSt8_Rb_treeIiSt4pairIKi13stSessionInfoESt10_Select1stIS3_ESt4lessIiESaIS3_EE13_Rb_tree_implIS7_Lb0EE13_M_initializeEv	std::_Rb_tree<int, std::pair<int const, stSessionInfo>, std::_Select1st<std::pair<int const, stSessionInfo> >, std::less<int>, std::allocator<std::pair<int const, stSessionInfo> > >::_Rb_tree_impl<std::less<int>, false>::_M_initialize()	W	49	49	IDENTICAL	1.0000	libstdcxx/system	1
_ZNSt8_Rb_treeIiSt4pairIKi13stSessionInfoESt10_Select1stIS3_ESt4lessIiESaIS3_EE13_Rb_tree_implIS7_Lb0EEC1Ev	std::_Rb_tree<int, std::pair<int const, stSessionInfo>, std::_Select1st<std::pair<int const, stSessionInfo> >, std::less<int>, std::allocator<std::pair<int const, stSessionInfo> > >::_Rb_tree_impl<std::less<int>, false>::_Rb_tree_impl()	W	80	80	NEAR	1.0000	libstdcxx/system	1
_ZNSt8_Rb_treeIiSt4pairIKi13stSessionInfoESt10_Select1stIS3_ESt4lessIiESaIS3_EE13_Rb_tree_implIS7_Lb0EEC2Ev	std::_Rb_tree<int, std::pair<int const, stSessionInfo>, std::_Select1st<std::pair<int const, stSessionInfo> >, std::less<int>, std::allocator<std::pair<int const, stSessionInfo> > >::_Rb_tree_impl<std::less<int>, false>::_Rb_tree_impl()	W	80	80	NEAR	1.0000	libstdcxx/system	1
_ZNSt8_Rb_treeIiSt4pairIKi13stSessionInfoESt10_Select1stIS3_ESt4lessIiESaIS3_EE13_Rb_tree_implIS7_Lb0EED1Ev	std::_Rb_tree<int, std::pair<int const, stSessionInfo>, std::_Select1st<std::pair<int const, stSessionInfo> >, std::less<int>, std::allocator<std::pair<int const, stSessionInfo> > >::_Rb_tree_impl<std::less<int>, false>::~_Rb_tree_impl()	W	19	19	NEAR	1.0000	libstdcxx/system	1
_ZNSt8_Rb_treeIiSt4pairIKi13stSessionInfoESt10_Select1stIS3_ESt4lessIiESaIS3_EE13_Rb_tree_implIS7_Lb0EED2Ev	std::_Rb_tree<int, std::pair<int const, stSessionInfo>, std::_Select1st<std::pair<int const, stSessionInfo> >, std::less<int>, std::allocator<std::pair<int const, stSessionInfo> > >::_Rb_tree_impl<std::less<int>, false>::~_Rb_tree_impl()	W	19	19	NEAR	1.0000	libstdcxx/system	1
_ZNSt8_Rb_treeIiSt4pairIKi13stSessionInfoESt10_Select1stIS3_ESt4lessIiESaIS3_EE15_M_destroy_nodeEPSt13_Rb_tree_nodeIS3_E	std::_Rb_tree<int, std::pair<int const, stSessionInfo>, std::_Select1st<std::pair<int const, stSessionInfo> >, std::less<int>, std::allocator<std::pair<int const, stSessionInfo> > >::_M_destroy_node(std::_Rb_tree_node<std::pair<int const, stSessionInfo> >*)	W	52	52	NEAR	1.0000	libstdcxx/system	1
_ZNSt8_Rb_treeIiSt4pairIKi13stSessionInfoESt10_Select1stIS3_ESt4lessIiESaIS3_EE21_M_get_Node_allocatorEv	std::_Rb_tree<int, std::pair<int const, stSessionInfo>, std::_Select1st<std::pair<int const, stSessionInfo> >, std::less<int>, std::allocator<std::pair<int const, stSessionInfo> > >::_M_get_Node_allocator()	W	8	8	IDENTICAL	1.0000	libstdcxx/system	1
_ZNSt8_Rb_treeIiSt4pairIKi13stSessionInfoESt10_Select1stIS3_ESt4lessIiESaIS3_EE7_S_leftEPSt18_Rb_tree_node_base	std::_Rb_tree<int, std::pair<int const, stSessionInfo>, std::_Select1st<std::pair<int const, stSessionInfo> >, std::less<int>, std::allocator<std::pair<int const, stSessionInfo> > >::_S_left(std::_Rb_tree_node_base*)	W	11	11	IDENTICAL	1.0000	libstdcxx/system	1
_ZNSt8_Rb_treeIiSt4pairIKi13stSessionInfoESt10_Select1stIS3_ESt4lessIiESaIS3_EE8_M_beginEv	std::_Rb_tree<int, std::pair<int const, stSessionInfo>, std::_Select1st<std::pair<int const, stSessionInfo> >, std::less<int>, std::allocator<std::pair<int const, stSessionInfo> > >::_M_begin()	W	11	11	IDENTICAL	1.0000	libstdcxx/system	1
_ZNSt8_Rb_treeIiSt4pairIKi13stSessionInfoESt10_Select1stIS3_ESt4lessIiESaIS3_EE8_M_eraseEPSt13_Rb_tree_nodeIS3_E	std::_Rb_tree<int, std::pair<int const, stSessionInfo>, std::_Select1st<std::pair<int const, stSessionInfo> >, std::less<int>, std::allocator<std::pair<int const, stSessionInfo> > >::_M_erase(std::_Rb_tree_node<std::pair<int const, stSessionInfo> >*)	W	85	85	NEAR	1.0000	libstdcxx/system	1
_ZNSt8_Rb_treeIiSt4pairIKi13stSessionInfoESt10_Select1stIS3_ESt4lessIiESaIS3_EE8_S_rightEPSt18_Rb_tree_node_base	std::_Rb_tree<int, std::pair<int const, stSessionInfo>, std::_Select1st<std::pair<int const, stSessionInfo> >, std::less<int>, std::allocator<std::pair<int const, stSessionInfo> > >::_S_right(std::_Rb_tree_node_base*)	W	11	11	IDENTICAL	1.0000	libstdcxx/system	1
_ZNSt8_Rb_treeIiSt4pairIKi13stSessionInfoESt10_Select1stIS3_ESt4lessIiESaIS3_EEC1Ev	std::_Rb_tree<int, std::pair<int const, stSessionInfo>, std::_Select1st<std::pair<int const, stSessionInfo> >, std::less<int>, std::allocator<std::pair<int const, stSessionInfo> > >::_Rb_tree()	W	19	19	NEAR	1.0000	libstdcxx/system	1
_ZNSt8_Rb_treeIiSt4pairIKi13stSessionInfoESt10_Select1stIS3_ESt4lessIiESaIS3_EEC2Ev	std::_Rb_tree<int, std::pair<int const, stSessionInfo>, std::_Select1st<std::pair<int const, stSessionInfo> >, std::less<int>, std::allocator<std::pair<int const, stSessionInfo> > >::_Rb_tree()	W	19	19	NEAR	1.0000	libstdcxx/system	1
_ZNSt8_Rb_treeIiSt4pairIKi13stSessionInfoESt10_Select1stIS3_ESt4lessIiESaIS3_EED1Ev	std::_Rb_tree<int, std::pair<int const, stSessionInfo>, std::_Select1st<std::pair<int const, stSessionInfo> >, std::less<int>, std::allocator<std::pair<int const, stSessionInfo> > >::~_Rb_tree()	W	81	81	NEAR	1.0000	libstdcxx/system	1
_ZNSt8_Rb_treeIiSt4pairIKi13stSessionInfoESt10_Select1stIS3_ESt4lessIiESaIS3_EED2Ev	std::_Rb_tree<int, std::pair<int const, stSessionInfo>, std::_Select1st<std::pair<int const, stSessionInfo> >, std::less<int>, std::allocator<std::pair<int const, stSessionInfo> > >::~_Rb_tree()	W	81	81	NEAR	1.0000	libstdcxx/system	1
_ZNSt8_Rb_treeIjSt4pairIKj5CUserESt10_Select1stIS3_ESt4lessIjESaIS3_EE10_M_insert_EPKSt18_Rb_tree_node_baseSC_RKS3_	std::_Rb_tree<unsigned int, std::pair<unsigned int const, CUser>, std::_Select1st<std::pair<unsigned int const, CUser> >, std::less<unsigned int>, std::allocator<std::pair<unsigned int const, CUser> > >::_M_insert_(std::_Rb_tree_node_base const*, std::_Rb_tree_node_base const*, std::pair<unsigned int const, CUser> const&)	W	200	200	NEAR	1.0000	libstdcxx/system	1
_ZNSt8_Rb_treeIjSt4pairIKj5CUserESt10_Select1stIS3_ESt4lessIjESaIS3_EE11_M_get_nodeEv	std::_Rb_tree<unsigned int, std::pair<unsigned int const, CUser>, std::_Select1st<std::pair<unsigned int const, CUser> >, std::less<unsigned int>, std::allocator<std::pair<unsigned int const, CUser> > >::_M_get_node()	W	35	35	NEAR	1.0000	project	1
_ZNSt8_Rb_treeIjSt4pairIKj5CUserESt10_Select1stIS3_ESt4lessIjESaIS3_EE11_M_put_nodeEPSt13_Rb_tree_nodeIS3_E	std::_Rb_tree<unsigned int, std::pair<unsigned int const, CUser>, std::_Select1st<std::pair<unsigned int const, CUser> >, std::less<unsigned int>, std::allocator<std::pair<unsigned int const, CUser> > >::_M_put_node(std::_Rb_tree_node<std::pair<unsigned int const, CUser> >*)	W	34	34	NEAR	1.0000	project	1
_ZNSt8_Rb_treeIjSt4pairIKj5CUserESt10_Select1stIS3_ESt4lessIjESaIS3_EE13_Rb_tree_implIS7_Lb0EE13_M_initializeEv	std::_Rb_tree<unsigned int, std::pair<unsigned int const, CUser>, std::_Select1st<std::pair<unsigned int const, CUser> >, std::less<unsigned int>, std::allocator<std::pair<unsigned int const, CUser> > >::_Rb_tree_impl<std::less<unsigned int>, false>::_M_initialize()	W	49	49	IDENTICAL	1.0000	libstdcxx/system	1
_ZNSt8_Rb_treeIjSt4pairIKj5CUserESt10_Select1stIS3_ESt4lessIjESaIS3_EE13_Rb_tree_implIS7_Lb0EEC1Ev	std::_Rb_tree<unsigned int, std::pair<unsigned int const, CUser>, std::_Select1st<std::pair<unsigned int const, CUser> >, std::less<unsigned int>, std::allocator<std::pair<unsigned int const, CUser> > >::_Rb_tree_impl<std::less<unsigned int>, false>::_Rb_tree_impl()	W	80	80	NEAR	1.0000	project	1
_ZNSt8_Rb_treeIjSt4pairIKj5CUserESt10_Select1stIS3_ESt4lessIjESaIS3_EE13_Rb_tree_implIS7_Lb0EEC2Ev	std::_Rb_tree<unsigned int, std::pair<unsigned int const, CUser>, std::_Select1st<std::pair<unsigned int const, CUser> >, std::less<unsigned int>, std::allocator<std::pair<unsigned int const, CUser> > >::_Rb_tree_impl<std::less<unsigned int>, false>::_Rb_tree_impl()	W	80	80	NEAR	1.0000	project	1
_ZNSt8_Rb_treeIjSt4pairIKj5CUserESt10_Select1stIS3_ESt4lessIjESaIS3_EE13_Rb_tree_implIS7_Lb0EED1Ev	std::_Rb_tree<unsigned int, std::pair<unsigned int const, CUser>, std::_Select1st<std::pair<unsigned int const, CUser> >, std::less<unsigned int>, std::allocator<std::pair<unsigned int const, CUser> > >::_Rb_tree_impl<std::less<unsigned int>, false>::~_Rb_tree_impl()	W	19	19	NEAR	1.0000	project	1
_ZNSt8_Rb_treeIjSt4pairIKj5CUserESt10_Select1stIS3_ESt4lessIjESaIS3_EE13_Rb_tree_implIS7_Lb0EED2Ev	std::_Rb_tree<unsigned int, std::pair<unsigned int const, CUser>, std::_Select1st<std::pair<unsigned int const, CUser> >, std::less<unsigned int>, std::allocator<std::pair<unsigned int const, CUser> > >::_Rb_tree_impl<std::less<unsigned int>, false>::~_Rb_tree_impl()	W	19	19	NEAR	1.0000	project	1
_ZNSt8_Rb_treeIjSt4pairIKj5CUserESt10_Select1stIS3_ESt4lessIjESaIS3_EE14_M_create_nodeIIRKS3_EEEPSt13_Rb_tree_nodeIS3_EDpOT_	std::_Rb_tree_node<std::pair<unsigned int const, CUser> >* std::_Rb_tree<unsigned int, std::pair<unsigned int const, CUser>, std::_Select1st<std::pair<unsigned int const, CUser> >, std::less<unsigned int>, std::allocator<std::pair<unsigned int const, CUser> > >::_M_create_node<std::pair<unsigned int const, CUser> const&>(std::pair<unsigned int const, CUser> const&)	W	129	129	NEAR	1.0000	libstdcxx/system	1
_ZNSt8_Rb_treeIjSt4pairIKj5CUserESt10_Select1stIS3_ESt4lessIjESaIS3_EE14_M_lower_boundEPSt13_Rb_tree_nodeIS3_ESC_RS1_	std::_Rb_tree<unsigned int, std::pair<unsigned int const, CUser>, std::_Select1st<std::pair<unsigned int const, CUser> >, std::less<unsigned int>, std::allocator<std::pair<unsigned int const, CUser> > >::_M_lower_bound(std::_Rb_tree_node<std::pair<unsigned int const, CUser> >*, std::_Rb_tree_node<std::pair<unsigned int const, CUser> >*, unsigned int const&)	W	124	124	NEAR	1.0000	libstdcxx/system	1
_ZNSt8_Rb_treeIjSt4pairIKj5CUserESt10_Select1stIS3_ESt4lessIjESaIS3_EE15_M_destroy_nodeEPSt13_Rb_tree_nodeIS3_E	std::_Rb_tree<unsigned int, std::pair<unsigned int const, CUser>, std::_Select1st<std::pair<unsigned int const, CUser> >, std::less<unsigned int>, std::allocator<std::pair<unsigned int const, CUser> > >::_M_destroy_node(std::_Rb_tree_node<std::pair<unsigned int const, CUser> >*)	W	52	52	NEAR	1.0000	project	1
_ZNSt8_Rb_treeIjSt4pairIKj5CUserESt10_Select1stIS3_ESt4lessIjESaIS3_EE16_M_insert_uniqueERKS3_	std::_Rb_tree<unsigned int, std::pair<unsigned int const, CUser>, std::_Select1st<std::pair<unsigned int const, CUser> >, std::less<unsigned int>, std::allocator<std::pair<unsigned int const, CUser> > >::_M_insert_unique(std::pair<unsigned int const, CUser> const&)	W	463	463	NEAR	1.0000	project	1
_ZNSt8_Rb_treeIjSt4pairIKj5CUserESt10_Select1stIS3_ESt4lessIjESaIS3_EE21_M_get_Node_allocatorEv	std::_Rb_tree<unsigned int, std::pair<unsigned int const, CUser>, std::_Select1st<std::pair<unsigned int const, CUser> >, std::less<unsigned int>, std::allocator<std::pair<unsigned int const, CUser> > >::_M_get_Node_allocator()	W	8	8	IDENTICAL	1.0000	project	1
_ZNSt8_Rb_treeIjSt4pairIKj5CUserESt10_Select1stIS3_ESt4lessIjESaIS3_EE3endEv	std::_Rb_tree<unsigned int, std::pair<unsigned int const, CUser>, std::_Select1st<std::pair<unsigned int const, CUser> >, std::less<unsigned int>, std::allocator<std::pair<unsigned int const, CUser> > >::end()	W	38	38	NEAR	1.0000	project	1
_ZNSt8_Rb_treeIjSt4pairIKj5CUserESt10_Select1stIS3_ESt4lessIjESaIS3_EE4findERS1_	std::_Rb_tree<unsigned int, std::pair<unsigned int const, CUser>, std::_Select1st<std::pair<unsigned int const, CUser> >, std::less<unsigned int>, std::allocator<std::pair<unsigned int const, CUser> > >::find(unsigned int const&)	W	190	190	NEAR	1.0000	project	1
_ZNSt8_Rb_treeIjSt4pairIKj5CUserESt10_Select1stIS3_ESt4lessIjESaIS3_EE5beginEv	std::_Rb_tree<unsigned int, std::pair<unsigned int const, CUser>, std::_Select1st<std::pair<unsigned int const, CUser> >, std::less<unsigned int>, std::allocator<std::pair<unsigned int const, CUser> > >::begin()	W	38	38	NEAR	1.0000	project	1
_ZNSt8_Rb_treeIjSt4pairIKj5CUserESt10_Select1stIS3_ESt4lessIjESaIS3_EE5eraseESt17_Rb_tree_iteratorIS3_E	std::_Rb_tree<unsigned int, std::pair<unsigned int const, CUser>, std::_Select1st<std::pair<unsigned int const, CUser> >, std::less<unsigned int>, std::allocator<std::pair<unsigned int const, CUser> > >::erase(std::_Rb_tree_iterator<std::pair<unsigned int const, CUser> >)	W	65	65	NEAR	1.0000	project	1
_ZNSt8_Rb_treeIjSt4pairIKj5CUserESt10_Select1stIS3_ESt4lessIjESaIS3_EE6_M_endEv	std::_Rb_tree<unsigned int, std::pair<unsigned int const, CUser>, std::_Select1st<std::pair<unsigned int const, CUser> >, std::less<unsigned int>, std::allocator<std::pair<unsigned int const, CUser> > >::_M_end()	W	11	11	IDENTICAL	1.0000	project	1
_ZNSt8_Rb_treeIjSt4pairIKj5CUserESt10_Select1stIS3_ESt4lessIjESaIS3_EE6_S_keyEPKSt13_Rb_tree_nodeIS3_E	std::_Rb_tree<unsigned int, std::pair<unsigned int const, CUser>, std::_Select1st<std::pair<unsigned int const, CUser> >, std::less<unsigned int>, std::allocator<std::pair<unsigned int const, CUser> > >::_S_key(std::_Rb_tree_node<std::pair<unsigned int const, CUser> > const*)	W	34	34	NEAR	1.0000	project	1
_ZNSt8_Rb_treeIjSt4pairIKj5CUserESt10_Select1stIS3_ESt4lessIjESaIS3_EE6_S_keyEPKSt18_Rb_tree_node_base	std::_Rb_tree<unsigned int, std::pair<unsigned int const, CUser>, std::_Select1st<std::pair<unsigned int const, CUser> >, std::less<unsigned int>, std::allocator<std::pair<unsigned int const, CUser> > >::_S_key(std::_Rb_tree_node_base const*)	W	34	34	NEAR	1.0000	project	1
_ZNSt8_Rb_treeIjSt4pairIKj5CUserESt10_Select1stIS3_ESt4lessIjESaIS3_EE7_S_leftEPSt18_Rb_tree_node_base	std::_Rb_tree<unsigned int, std::pair<unsigned int const, CUser>, std::_Select1st<std::pair<unsigned int const, CUser> >, std::less<unsigned int>, std::allocator<std::pair<unsigned int const, CUser> > >::_S_left(std::_Rb_tree_node_base*)	W	11	11	IDENTICAL	1.0000	project	1
_ZNSt8_Rb_treeIjSt4pairIKj5CUserESt10_Select1stIS3_ESt4lessIjESaIS3_EE8_M_beginEv	std::_Rb_tree<unsigned int, std::pair<unsigned int const, CUser>, std::_Select1st<std::pair<unsigned int const, CUser> >, std::less<unsigned int>, std::allocator<std::pair<unsigned int const, CUser> > >::_M_begin()	W	11	11	IDENTICAL	1.0000	project	1
_ZNSt8_Rb_treeIjSt4pairIKj5CUserESt10_Select1stIS3_ESt4lessIjESaIS3_EE8_M_eraseEPSt13_Rb_tree_nodeIS3_E	std::_Rb_tree<unsigned int, std::pair<unsigned int const, CUser>, std::_Select1st<std::pair<unsigned int const, CUser> >, std::less<unsigned int>, std::allocator<std::pair<unsigned int const, CUser> > >::_M_erase(std::_Rb_tree_node<std::pair<unsigned int const, CUser> >*)	W	85	85	NEAR	1.0000	project	1
_ZNSt8_Rb_treeIjSt4pairIKj5CUserESt10_Select1stIS3_ESt4lessIjESaIS3_EE8_S_rightEPSt18_Rb_tree_node_base	std::_Rb_tree<unsigned int, std::pair<unsigned int const, CUser>, std::_Select1st<std::pair<unsigned int const, CUser> >, std::less<unsigned int>, std::allocator<std::pair<unsigned int const, CUser> > >::_S_right(std::_Rb_tree_node_base*)	W	11	11	IDENTICAL	1.0000	project	1
_ZNSt8_Rb_treeIjSt4pairIKj5CUserESt10_Select1stIS3_ESt4lessIjESaIS3_EE8_S_valueEPKSt13_Rb_tree_nodeIS3_E	std::_Rb_tree<unsigned int, std::pair<unsigned int const, CUser>, std::_Select1st<std::pair<unsigned int const, CUser> >, std::less<unsigned int>, std::allocator<std::pair<unsigned int const, CUser> > >::_S_value(std::_Rb_tree_node<std::pair<unsigned int const, CUser> > const*)	W	11	11	IDENTICAL	1.0000	libstdcxx/system	1
_ZNSt8_Rb_treeIjSt4pairIKj5CUserESt10_Select1stIS3_ESt4lessIjESaIS3_EE8_S_valueEPKSt18_Rb_tree_node_base	std::_Rb_tree<unsigned int, std::pair<unsigned int const, CUser>, std::_Select1st<std::pair<unsigned int const, CUser> >, std::less<unsigned int>, std::allocator<std::pair<unsigned int const, CUser> > >::_S_value(std::_Rb_tree_node_base const*)	W	11	11	IDENTICAL	1.0000	libstdcxx/system	1
_ZNSt8_Rb_treeIjSt4pairIKj5CUserESt10_Select1stIS3_ESt4lessIjESaIS3_EEC1Ev	std::_Rb_tree<unsigned int, std::pair<unsigned int const, CUser>, std::_Select1st<std::pair<unsigned int const, CUser> >, std::less<unsigned int>, std::allocator<std::pair<unsigned int const, CUser> > >::_Rb_tree()	W	19	19	NEAR	1.0000	project	1
_ZNSt8_Rb_treeIjSt4pairIKj5CUserESt10_Select1stIS3_ESt4lessIjESaIS3_EEC2Ev	std::_Rb_tree<unsigned int, std::pair<unsigned int const, CUser>, std::_Select1st<std::pair<unsigned int const, CUser> >, std::less<unsigned int>, std::allocator<std::pair<unsigned int const, CUser> > >::_Rb_tree()	W	19	19	NEAR	1.0000	project	1
_ZNSt8_Rb_treeIjSt4pairIKj5CUserESt10_Select1stIS3_ESt4lessIjESaIS3_EED1Ev	std::_Rb_tree<unsigned int, std::pair<unsigned int const, CUser>, std::_Select1st<std::pair<unsigned int const, CUser> >, std::less<unsigned int>, std::allocator<std::pair<unsigned int const, CUser> > >::~_Rb_tree()	W	81	81	NEAR	1.0000	project	1
_ZNSt8_Rb_treeIjSt4pairIKj5CUserESt10_Select1stIS3_ESt4lessIjESaIS3_EED2Ev	std::_Rb_tree<unsigned int, std::pair<unsigned int const, CUser>, std::_Select1st<std::pair<unsigned int const, CUser> >, std::less<unsigned int>, std::allocator<std::pair<unsigned int const, CUser> > >::~_Rb_tree()	W	81	81	NEAR	1.0000	project	1
_ZNSt8_Rb_treeItSt4pairIKtPFiP15ISessionManagerP15CNetworkSessionP12PacketHeaderEESt10_Select1stISA_ESt4lessItESaISA_EE10_M_insert_EPKSt18_Rb_tree_node_baseSJ_RKSA_	std::_Rb_tree<unsigned short, std::pair<unsigned short const, int (*)(ISessionManager*, CNetworkSession*, PacketHeader*)>, std::_Select1st<std::pair<unsigned short const, int (*)(ISessionManager*, CNetworkSession*, PacketHeader*)> >, std::less<unsigned short>, std::allocator<std::pair<unsigned short const, int (*)(ISessionManager*, CNetworkSession*, PacketHeader*)> > >::_M_insert_(std::_Rb_tree_node_base const*, std::_Rb_tree_node_base const*, std::pair<unsigned short const, int (*)(ISessionManager*, CNetworkSession*, PacketHeader*)> const&)	W	200	200	NEAR	1.0000	libstdcxx/system	1
_ZNSt8_Rb_treeItSt4pairIKtPFiP15ISessionManagerP15CNetworkSessionP12PacketHeaderEESt10_Select1stISA_ESt4lessItESaISA_EE11_M_get_nodeEv	std::_Rb_tree<unsigned short, std::pair<unsigned short const, int (*)(ISessionManager*, CNetworkSession*, PacketHeader*)>, std::_Select1st<std::pair<unsigned short const, int (*)(ISessionManager*, CNetworkSession*, PacketHeader*)> >, std::less<unsigned short>, std::allocator<std::pair<unsigned short const, int (*)(ISessionManager*, CNetworkSession*, PacketHeader*)> > >::_M_get_node()	W	35	35	NEAR	1.0000	libstdcxx/system	1
_ZNSt8_Rb_treeItSt4pairIKtPFiP15ISessionManagerP15CNetworkSessionP12PacketHeaderEESt10_Select1stISA_ESt4lessItESaISA_EE11_M_put_nodeEPSt13_Rb_tree_nodeISA_E	std::_Rb_tree<unsigned short, std::pair<unsigned short const, int (*)(ISessionManager*, CNetworkSession*, PacketHeader*)>, std::_Select1st<std::pair<unsigned short const, int (*)(ISessionManager*, CNetworkSession*, PacketHeader*)> >, std::less<unsigned short>, std::allocator<std::pair<unsigned short const, int (*)(ISessionManager*, CNetworkSession*, PacketHeader*)> > >::_M_put_node(std::_Rb_tree_node<std::pair<unsigned short const, int (*)(ISessionManager*, CNetworkSession*, PacketHeader*)> >*)	W	34	34	NEAR	1.0000	libstdcxx/system	1
_ZNSt8_Rb_treeItSt4pairIKtPFiP15ISessionManagerP15CNetworkSessionP12PacketHeaderEESt10_Select1stISA_ESt4lessItESaISA_EE13_Rb_tree_implISE_Lb0EE13_M_initializeEv	std::_Rb_tree<unsigned short, std::pair<unsigned short const, int (*)(ISessionManager*, CNetworkSession*, PacketHeader*)>, std::_Select1st<std::pair<unsigned short const, int (*)(ISessionManager*, CNetworkSession*, PacketHeader*)> >, std::less<unsigned short>, std::allocator<std::pair<unsigned short const, int (*)(ISessionManager*, CNetworkSession*, PacketHeader*)> > >::_Rb_tree_impl<std::less<unsigned short>, false>::_M_initialize()	W	49	49	IDENTICAL	1.0000	libstdcxx/system	1
_ZNSt8_Rb_treeItSt4pairIKtPFiP15ISessionManagerP15CNetworkSessionP12PacketHeaderEESt10_Select1stISA_ESt4lessItESaISA_EE13_Rb_tree_implISE_Lb0EEC1Ev	std::_Rb_tree<unsigned short, std::pair<unsigned short const, int (*)(ISessionManager*, CNetworkSession*, PacketHeader*)>, std::_Select1st<std::pair<unsigned short const, int (*)(ISessionManager*, CNetworkSession*, PacketHeader*)> >, std::less<unsigned short>, std::allocator<std::pair<unsigned short const, int (*)(ISessionManager*, CNetworkSession*, PacketHeader*)> > >::_Rb_tree_impl<std::less<unsigned short>, false>::_Rb_tree_impl()	W	80	80	NEAR	1.0000	libstdcxx/system	1
_ZNSt8_Rb_treeItSt4pairIKtPFiP15ISessionManagerP15CNetworkSessionP12PacketHeaderEESt10_Select1stISA_ESt4lessItESaISA_EE13_Rb_tree_implISE_Lb0EEC2Ev	std::_Rb_tree<unsigned short, std::pair<unsigned short const, int (*)(ISessionManager*, CNetworkSession*, PacketHeader*)>, std::_Select1st<std::pair<unsigned short const, int (*)(ISessionManager*, CNetworkSession*, PacketHeader*)> >, std::less<unsigned short>, std::allocator<std::pair<unsigned short const, int (*)(ISessionManager*, CNetworkSession*, PacketHeader*)> > >::_Rb_tree_impl<std::less<unsigned short>, false>::_Rb_tree_impl()	W	80	80	NEAR	1.0000	libstdcxx/system	1
_ZNSt8_Rb_treeItSt4pairIKtPFiP15ISessionManagerP15CNetworkSessionP12PacketHeaderEESt10_Select1stISA_ESt4lessItESaISA_EE13_Rb_tree_implISE_Lb0EED1Ev	std::_Rb_tree<unsigned short, std::pair<unsigned short const, int (*)(ISessionManager*, CNetworkSession*, PacketHeader*)>, std::_Select1st<std::pair<unsigned short const, int (*)(ISessionManager*, CNetworkSession*, PacketHeader*)> >, std::less<unsigned short>, std::allocator<std::pair<unsigned short const, int (*)(ISessionManager*, CNetworkSession*, PacketHeader*)> > >::_Rb_tree_impl<std::less<unsigned short>, false>::~_Rb_tree_impl()	W	19	19	NEAR	1.0000	libstdcxx/system	1
_ZNSt8_Rb_treeItSt4pairIKtPFiP15ISessionManagerP15CNetworkSessionP12PacketHeaderEESt10_Select1stISA_ESt4lessItESaISA_EE13_Rb_tree_implISE_Lb0EED2Ev	std::_Rb_tree<unsigned short, std::pair<unsigned short const, int (*)(ISessionManager*, CNetworkSession*, PacketHeader*)>, std::_Select1st<std::pair<unsigned short const, int (*)(ISessionManager*, CNetworkSession*, PacketHeader*)> >, std::less<unsigned short>, std::allocator<std::pair<unsigned short const, int (*)(ISessionManager*, CNetworkSession*, PacketHeader*)> > >::_Rb_tree_impl<std::less<unsigned short>, false>::~_Rb_tree_impl()	W	19	19	NEAR	1.0000	libstdcxx/system	1
_ZNSt8_Rb_treeItSt4pairIKtPFiP15ISessionManagerP15CNetworkSessionP12PacketHeaderEESt10_Select1stISA_ESt4lessItESaISA_EE14_M_create_nodeIIRKSA_EEEPSt13_Rb_tree_nodeISA_EDpOT_	std::_Rb_tree_node<std::pair<unsigned short const, int (*)(ISessionManager*, CNetworkSession*, PacketHeader*)> >* std::_Rb_tree<unsigned short, std::pair<unsigned short const, int (*)(ISessionManager*, CNetworkSession*, PacketHeader*)>, std::_Select1st<std::pair<unsigned short const, int (*)(ISessionManager*, CNetworkSession*, PacketHeader*)> >, std::less<unsigned short>, std::allocator<std::pair<unsigned short const, int (*)(ISessionManager*, CNetworkSession*, PacketHeader*)> > >::_M_create_node<std::pair<unsigned short const, int (*)(ISessionManager*, CNetworkSession*, PacketHeader*)> const&>(std::pair<unsigned short const, int (*)(ISessionManager*, CNetworkSession*, PacketHeader*)> const&)	W	129	129	NEAR	1.0000	libstdcxx/system	1
_ZNSt8_Rb_treeItSt4pairIKtPFiP15ISessionManagerP15CNetworkSessionP12PacketHeaderEESt10_Select1stISA_ESt4lessItESaISA_EE14_M_lower_boundEPSt13_Rb_tree_nodeISA_ESJ_RS1_	std::_Rb_tree<unsigned short, std::pair<unsigned short const, int (*)(ISessionManager*, CNetworkSession*, PacketHeader*)>, std::_Select1st<std::pair<unsigned short const, int (*)(ISessionManager*, CNetworkSession*, PacketHeader*)> >, std::less<unsigned short>, std::allocator<std::pair<unsigned short const, int (*)(ISessionManager*, CNetworkSession*, PacketHeader*)> > >::_M_lower_bound(std::_Rb_tree_node<std::pair<unsigned short const, int (*)(ISessionManager*, CNetworkSession*, PacketHeader*)> >*, std::_Rb_tree_node<std::pair<unsigned short const, int (*)(ISessionManager*, CNetworkSession*, PacketHeader*)> >*, unsigned short const&)	W	124	124	NEAR	1.0000	libstdcxx/system	1
_ZNSt8_Rb_treeItSt4pairIKtPFiP15ISessionManagerP15CNetworkSessionP12PacketHeaderEESt10_Select1stISA_ESt4lessItESaISA_EE15_M_destroy_nodeEPSt13_Rb_tree_nodeISA_E	std::_Rb_tree<unsigned short, std::pair<unsigned short const, int (*)(ISessionManager*, CNetworkSession*, PacketHeader*)>, std::_Select1st<std::pair<unsigned short const, int (*)(ISessionManager*, CNetworkSession*, PacketHeader*)> >, std::less<unsigned short>, std::allocator<std::pair<unsigned short const, int (*)(ISessionManager*, CNetworkSession*, PacketHeader*)> > >::_M_destroy_node(std::_Rb_tree_node<std::pair<unsigned short const, int (*)(ISessionManager*, CNetworkSession*, PacketHeader*)> >*)	W	52	52	NEAR	1.0000	libstdcxx/system	1
_ZNSt8_Rb_treeItSt4pairIKtPFiP15ISessionManagerP15CNetworkSessionP12PacketHeaderEESt10_Select1stISA_ESt4lessItESaISA_EE16_M_insert_uniqueERKSA_	std::_Rb_tree<unsigned short, std::pair<unsigned short const, int (*)(ISessionManager*, CNetworkSession*, PacketHeader*)>, std::_Select1st<std::pair<unsigned short const, int (*)(ISessionManager*, CNetworkSession*, PacketHeader*)> >, std::less<unsigned short>, std::allocator<std::pair<unsigned short const, int (*)(ISessionManager*, CNetworkSession*, PacketHeader*)> > >::_M_insert_unique(std::pair<unsigned short const, int (*)(ISessionManager*, CNetworkSession*, PacketHeader*)> const&)	W	463	463	NEAR	1.0000	libstdcxx/system	1
_ZNSt8_Rb_treeItSt4pairIKtPFiP15ISessionManagerP15CNetworkSessionP12PacketHeaderEESt10_Select1stISA_ESt4lessItESaISA_EE21_M_get_Node_allocatorEv	std::_Rb_tree<unsigned short, std::pair<unsigned short const, int (*)(ISessionManager*, CNetworkSession*, PacketHeader*)>, std::_Select1st<std::pair<unsigned short const, int (*)(ISessionManager*, CNetworkSession*, PacketHeader*)> >, std::less<unsigned short>, std::allocator<std::pair<unsigned short const, int (*)(ISessionManager*, CNetworkSession*, PacketHeader*)> > >::_M_get_Node_allocator()	W	8	8	IDENTICAL	1.0000	libstdcxx/system	1
_ZNSt8_Rb_treeItSt4pairIKtPFiP15ISessionManagerP15CNetworkSessionP12PacketHeaderEESt10_Select1stISA_ESt4lessItESaISA_EE3endEv	std::_Rb_tree<unsigned short, std::pair<unsigned short const, int (*)(ISessionManager*, CNetworkSession*, PacketHeader*)>, std::_Select1st<std::pair<unsigned short const, int (*)(ISessionManager*, CNetworkSession*, PacketHeader*)> >, std::less<unsigned short>, std::allocator<std::pair<unsigned short const, int (*)(ISessionManager*, CNetworkSession*, PacketHeader*)> > >::end()	W	38	38	NEAR	1.0000	libstdcxx/system	1
_ZNSt8_Rb_treeItSt4pairIKtPFiP15ISessionManagerP15CNetworkSessionP12PacketHeaderEESt10_Select1stISA_ESt4lessItESaISA_EE4findERS1_	std::_Rb_tree<unsigned short, std::pair<unsigned short const, int (*)(ISessionManager*, CNetworkSession*, PacketHeader*)>, std::_Select1st<std::pair<unsigned short const, int (*)(ISessionManager*, CNetworkSession*, PacketHeader*)> >, std::less<unsigned short>, std::allocator<std::pair<unsigned short const, int (*)(ISessionManager*, CNetworkSession*, PacketHeader*)> > >::find(unsigned short const&)	W	190	190	NEAR	1.0000	libstdcxx/system	1
_ZNSt8_Rb_treeItSt4pairIKtPFiP15ISessionManagerP15CNetworkSessionP12PacketHeaderEESt10_Select1stISA_ESt4lessItESaISA_EE5beginEv	std::_Rb_tree<unsigned short, std::pair<unsigned short const, int (*)(ISessionManager*, CNetworkSession*, PacketHeader*)>, std::_Select1st<std::pair<unsigned short const, int (*)(ISessionManager*, CNetworkSession*, PacketHeader*)> >, std::less<unsigned short>, std::allocator<std::pair<unsigned short const, int (*)(ISessionManager*, CNetworkSession*, PacketHeader*)> > >::begin()	W	38	38	NEAR	1.0000	libstdcxx/system	1
_ZNSt8_Rb_treeItSt4pairIKtPFiP15ISessionManagerP15CNetworkSessionP12PacketHeaderEESt10_Select1stISA_ESt4lessItESaISA_EE6_M_endEv	std::_Rb_tree<unsigned short, std::pair<unsigned short const, int (*)(ISessionManager*, CNetworkSession*, PacketHeader*)>, std::_Select1st<std::pair<unsigned short const, int (*)(ISessionManager*, CNetworkSession*, PacketHeader*)> >, std::less<unsigned short>, std::allocator<std::pair<unsigned short const, int (*)(ISessionManager*, CNetworkSession*, PacketHeader*)> > >::_M_end()	W	11	11	IDENTICAL	1.0000	libstdcxx/system	1
_ZNSt8_Rb_treeItSt4pairIKtPFiP15ISessionManagerP15CNetworkSessionP12PacketHeaderEESt10_Select1stISA_ESt4lessItESaISA_EE6_S_keyEPKSt13_Rb_tree_nodeISA_E	std::_Rb_tree<unsigned short, std::pair<unsigned short const, int (*)(ISessionManager*, CNetworkSession*, PacketHeader*)>, std::_Select1st<std::pair<unsigned short const, int (*)(ISessionManager*, CNetworkSession*, PacketHeader*)> >, std::less<unsigned short>, std::allocator<std::pair<unsigned short const, int (*)(ISessionManager*, CNetworkSession*, PacketHeader*)> > >::_S_key(std::_Rb_tree_node<std::pair<unsigned short const, int (*)(ISessionManager*, CNetworkSession*, PacketHeader*)> > const*)	W	34	34	NEAR	1.0000	libstdcxx/system	1
_ZNSt8_Rb_treeItSt4pairIKtPFiP15ISessionManagerP15CNetworkSessionP12PacketHeaderEESt10_Select1stISA_ESt4lessItESaISA_EE6_S_keyEPKSt18_Rb_tree_node_base	std::_Rb_tree<unsigned short, std::pair<unsigned short const, int (*)(ISessionManager*, CNetworkSession*, PacketHeader*)>, std::_Select1st<std::pair<unsigned short const, int (*)(ISessionManager*, CNetworkSession*, PacketHeader*)> >, std::less<unsigned short>, std::allocator<std::pair<unsigned short const, int (*)(ISessionManager*, CNetworkSession*, PacketHeader*)> > >::_S_key(std::_Rb_tree_node_base const*)	W	34	34	NEAR	1.0000	libstdcxx/system	1
_ZNSt8_Rb_treeItSt4pairIKtPFiP15ISessionManagerP15CNetworkSessionP12PacketHeaderEESt10_Select1stISA_ESt4lessItESaISA_EE7_S_leftEPSt18_Rb_tree_node_base	std::_Rb_tree<unsigned short, std::pair<unsigned short const, int (*)(ISessionManager*, CNetworkSession*, PacketHeader*)>, std::_Select1st<std::pair<unsigned short const, int (*)(ISessionManager*, CNetworkSession*, PacketHeader*)> >, std::less<unsigned short>, std::allocator<std::pair<unsigned short const, int (*)(ISessionManager*, CNetworkSession*, PacketHeader*)> > >::_S_left(std::_Rb_tree_node_base*)	W	11	11	IDENTICAL	1.0000	libstdcxx/system	1
_ZNSt8_Rb_treeItSt4pairIKtPFiP15ISessionManagerP15CNetworkSessionP12PacketHeaderEESt10_Select1stISA_ESt4lessItESaISA_EE8_M_beginEv	std::_Rb_tree<unsigned short, std::pair<unsigned short const, int (*)(ISessionManager*, CNetworkSession*, PacketHeader*)>, std::_Select1st<std::pair<unsigned short const, int (*)(ISessionManager*, CNetworkSession*, PacketHeader*)> >, std::less<unsigned short>, std::allocator<std::pair<unsigned short const, int (*)(ISessionManager*, CNetworkSession*, PacketHeader*)> > >::_M_begin()	W	11	11	IDENTICAL	1.0000	libstdcxx/system	1
_ZNSt8_Rb_treeItSt4pairIKtPFiP15ISessionManagerP15CNetworkSessionP12PacketHeaderEESt10_Select1stISA_ESt4lessItESaISA_EE8_M_eraseEPSt13_Rb_tree_nodeISA_E	std::_Rb_tree<unsigned short, std::pair<unsigned short const, int (*)(ISessionManager*, CNetworkSession*, PacketHeader*)>, std::_Select1st<std::pair<unsigned short const, int (*)(ISessionManager*, CNetworkSession*, PacketHeader*)> >, std::less<unsigned short>, std::allocator<std::pair<unsigned short const, int (*)(ISessionManager*, CNetworkSession*, PacketHeader*)> > >::_M_erase(std::_Rb_tree_node<std::pair<unsigned short const, int (*)(ISessionManager*, CNetworkSession*, PacketHeader*)> >*)	W	85	85	NEAR	1.0000	libstdcxx/system	1
_ZNSt8_Rb_treeItSt4pairIKtPFiP15ISessionManagerP15CNetworkSessionP12PacketHeaderEESt10_Select1stISA_ESt4lessItESaISA_EE8_S_rightEPSt18_Rb_tree_node_base	std::_Rb_tree<unsigned short, std::pair<unsigned short const, int (*)(ISessionManager*, CNetworkSession*, PacketHeader*)>, std::_Select1st<std::pair<unsigned short const, int (*)(ISessionManager*, CNetworkSession*, PacketHeader*)> >, std::less<unsigned short>, std::allocator<std::pair<unsigned short const, int (*)(ISessionManager*, CNetworkSession*, PacketHeader*)> > >::_S_right(std::_Rb_tree_node_base*)	W	11	11	IDENTICAL	1.0000	libstdcxx/system	1
_ZNSt8_Rb_treeItSt4pairIKtPFiP15ISessionManagerP15CNetworkSessionP12PacketHeaderEESt10_Select1stISA_ESt4lessItESaISA_EE8_S_valueEPKSt13_Rb_tree_nodeISA_E	std::_Rb_tree<unsigned short, std::pair<unsigned short const, int (*)(ISessionManager*, CNetworkSession*, PacketHeader*)>, std::_Select1st<std::pair<unsigned short const, int (*)(ISessionManager*, CNetworkSession*, PacketHeader*)> >, std::less<unsigned short>, std::allocator<std::pair<unsigned short const, int (*)(ISessionManager*, CNetworkSession*, PacketHeader*)> > >::_S_value(std::_Rb_tree_node<std::pair<unsigned short const, int (*)(ISessionManager*, CNetworkSession*, PacketHeader*)> > const*)	W	11	11	IDENTICAL	1.0000	libstdcxx/system	1
_ZNSt8_Rb_treeItSt4pairIKtPFiP15ISessionManagerP15CNetworkSessionP12PacketHeaderEESt10_Select1stISA_ESt4lessItESaISA_EE8_S_valueEPKSt18_Rb_tree_node_base	std::_Rb_tree<unsigned short, std::pair<unsigned short const, int (*)(ISessionManager*, CNetworkSession*, PacketHeader*)>, std::_Select1st<std::pair<unsigned short const, int (*)(ISessionManager*, CNetworkSession*, PacketHeader*)> >, std::less<unsigned short>, std::allocator<std::pair<unsigned short const, int (*)(ISessionManager*, CNetworkSession*, PacketHeader*)> > >::_S_value(std::_Rb_tree_node_base const*)	W	11	11	IDENTICAL	1.0000	libstdcxx/system	1
_ZNSt8_Rb_treeItSt4pairIKtPFiP15ISessionManagerP15CNetworkSessionP12PacketHeaderEESt10_Select1stISA_ESt4lessItESaISA_EEC1Ev	std::_Rb_tree<unsigned short, std::pair<unsigned short const, int (*)(ISessionManager*, CNetworkSession*, PacketHeader*)>, std::_Select1st<std::pair<unsigned short const, int (*)(ISessionManager*, CNetworkSession*, PacketHeader*)> >, std::less<unsigned short>, std::allocator<std::pair<unsigned short const, int (*)(ISessionManager*, CNetworkSession*, PacketHeader*)> > >::_Rb_tree()	W	19	19	NEAR	1.0000	libstdcxx/system	1
_ZNSt8_Rb_treeItSt4pairIKtPFiP15ISessionManagerP15CNetworkSessionP12PacketHeaderEESt10_Select1stISA_ESt4lessItESaISA_EEC2Ev	std::_Rb_tree<unsigned short, std::pair<unsigned short const, int (*)(ISessionManager*, CNetworkSession*, PacketHeader*)>, std::_Select1st<std::pair<unsigned short const, int (*)(ISessionManager*, CNetworkSession*, PacketHeader*)> >, std::less<unsigned short>, std::allocator<std::pair<unsigned short const, int (*)(ISessionManager*, CNetworkSession*, PacketHeader*)> > >::_Rb_tree()	W	19	19	NEAR	1.0000	libstdcxx/system	1
_ZNSt8_Rb_treeItSt4pairIKtPFiP15ISessionManagerP15CNetworkSessionP12PacketHeaderEESt10_Select1stISA_ESt4lessItESaISA_EED1Ev	std::_Rb_tree<unsigned short, std::pair<unsigned short const, int (*)(ISessionManager*, CNetworkSession*, PacketHeader*)>, std::_Select1st<std::pair<unsigned short const, int (*)(ISessionManager*, CNetworkSession*, PacketHeader*)> >, std::less<unsigned short>, std::allocator<std::pair<unsigned short const, int (*)(ISessionManager*, CNetworkSession*, PacketHeader*)> > >::~_Rb_tree()	W	81	81	NEAR	1.0000	libstdcxx/system	1
_ZNSt8_Rb_treeItSt4pairIKtPFiP15ISessionManagerP15CNetworkSessionP12PacketHeaderEESt10_Select1stISA_ESt4lessItESaISA_EED2Ev	std::_Rb_tree<unsigned short, std::pair<unsigned short const, int (*)(ISessionManager*, CNetworkSession*, PacketHeader*)>, std::_Select1st<std::pair<unsigned short const, int (*)(ISessionManager*, CNetworkSession*, PacketHeader*)> >, std::less<unsigned short>, std::allocator<std::pair<unsigned short const, int (*)(ISessionManager*, CNetworkSession*, PacketHeader*)> > >::~_Rb_tree()	W	81	81	NEAR	1.0000	libstdcxx/system	1
_ZNSt8bad_castD0Ev	std::bad_cast::~bad_cast()	T	52	53	DIFF	0.9412	libstdcxx/system	1
_ZNSt8bad_castD1Ev	std::bad_cast::~bad_cast()	T	46	48	DIFF	0.8750	libstdcxx/system	1
_ZNSt8bad_castD2Ev	std::bad_cast::~bad_cast()	T	46	48	DIFF	0.8750	libstdcxx/system	1
_ZNSt8ios_base13_M_grow_wordsEib	std::ios_base::_M_grow_words(int, bool)	T	373	373	DIFF	0.9322	libstdcxx/system	1
_ZNSt8ios_base15sync_with_stdioEb	std::ios_base::sync_with_stdio(bool)	T	642	642	DIFF	0.9675	libstdcxx/system	1
_ZNSt8ios_base17_M_call_callbacksENS_5eventE	std::ios_base::_M_call_callbacks(std::ios_base::event)	T	93	93	DIFF	0.8919	libstdcxx/system	1
_ZNSt8ios_base17register_callbackEPFvNS_5eventERS_iEi	std::ios_base::register_callback(void (*)(std::ios_base::event, std::ios_base&, int), int)	T	55	57	DIFF	0.8947	libstdcxx/system	1
_ZNSt8ios_base20_M_dispose_callbacksEv	std::ios_base::_M_dispose_callbacks()	T	98	99	DIFF	0.9487	libstdcxx/system	1
_ZNSt8ios_base4InitC1Ev	std::ios_base::Init::Init()	T	1973	1974	DIFF	0.9890	libstdcxx/system	1
_ZNSt8ios_base4InitC2Ev	std::ios_base::Init::Init()	T	1973	1974	DIFF	0.9890	libstdcxx/system	1
_ZNSt8ios_base4InitD1Ev	std::ios_base::Init::~Init()	T	145	145	DIFF	0.9459	libstdcxx/system	1
_ZNSt8ios_base4InitD2Ev	std::ios_base::Init::~Init()	T	145	145	DIFF	0.9459	libstdcxx/system	1
_ZNSt8ios_base5imbueERKSt6locale	std::ios_base::imbue(std::locale const&)	T	84	85	DIFF	0.9615	libstdcxx/system	1
_ZNSt8ios_base6xallocEv	std::ios_base::xalloc()	T	46	46	DIFF	0.9286	libstdcxx/system	1
_ZNSt8ios_base7_M_initEv	std::ios_base::_M_init()	T	80	81	DIFF	0.9565	libstdcxx/system	1
_ZNSt8ios_base7failureC1ERKSs	std::ios_base::failure::failure(std::basic_string<char, std::char_traits<char>, std::allocator<char> > const&)	T	81	83	DIFF	0.9259	libstdcxx/system	1
_ZNSt8ios_base7failureC2ERKSs	std::ios_base::failure::failure(std::basic_string<char, std::char_traits<char>, std::allocator<char> > const&)	T	81	83	DIFF	0.9259	libstdcxx/system	1
_ZNSt8ios_base7failureD0Ev	std::ios_base::failure::~failure()	T	31	33	DIFF	0.8333	libstdcxx/system	1
_ZNSt8ios_base7failureD1Ev	std::ios_base::failure::~failure()	T	92	94	DIFF	0.9375	libstdcxx/system	1
_ZNSt8ios_base7failureD2Ev	std::ios_base::failure::~failure()	T	92	94	DIFF	0.9375	libstdcxx/system	1
_ZNSt8ios_baseC1Ev	std::ios_base::ios_base()	T	125	125	DIFF	0.8889	libstdcxx/system	1
_ZNSt8ios_baseC2Ev	std::ios_base::ios_base()	T	125	125	DIFF	0.8889	libstdcxx/system	1
_ZNSt8ios_baseD0Ev	std::ios_base::~ios_base()	T	31	33	DIFF	0.8333	libstdcxx/system	1
_ZNSt8ios_baseD1Ev	std::ios_base::~ios_base()	T	85	87	DIFF	0.8846	libstdcxx/system	1
_ZNSt8ios_baseD2Ev	std::ios_base::~ios_base()	T	85	87	DIFF	0.8846	libstdcxx/system	1
_ZNSt8messagesIcEC1EP15__locale_structPKcj	std::messages<char>::messages(__locale_struct*, char const*, unsigned int)	W	180	180	DIFF	0.9808	libstdcxx/system	1
_ZNSt8messagesIcEC1Ej	std::messages<char>::messages(unsigned int)	W	72	74	DIFF	0.9167	libstdcxx/system	1
_ZNSt8messagesIcEC2EP15__locale_structPKcj	std::messages<char>::messages(__locale_struct*, char const*, unsigned int)	W	180	180	DIFF	0.9808	libstdcxx/system	1
_ZNSt8messagesIcEC2Ej	std::messages<char>::messages(unsigned int)	W	72	74	DIFF	0.9167	libstdcxx/system	1
_ZNSt8messagesIcED0Ev	std::messages<char>::~messages()	W	31	33	DIFF	0.8333	libstdcxx/system	1
_ZNSt8messagesIcED1Ev	std::messages<char>::~messages()	W	94	95	DIFF	0.9667	libstdcxx/system	1
_ZNSt8messagesIcED2Ev	std::messages<char>::~messages()	W	94	95	DIFF	0.9667	libstdcxx/system	1
_ZNSt8messagesIwEC1EP15__locale_structPKcj	std::messages<wchar_t>::messages(__locale_struct*, char const*, unsigned int)	W	180	180	DIFF	0.9808	libstdcxx/system	1
_ZNSt8messagesIwEC1Ej	std::messages<wchar_t>::messages(unsigned int)	W	72	74	DIFF	0.9167	libstdcxx/system	1
_ZNSt8messagesIwEC2EP15__locale_structPKcj	std::messages<wchar_t>::messages(__locale_struct*, char const*, unsigned int)	W	180	180	DIFF	0.9808	libstdcxx/system	1
_ZNSt8messagesIwEC2Ej	std::messages<wchar_t>::messages(unsigned int)	W	72	74	DIFF	0.9167	libstdcxx/system	1
_ZNSt8messagesIwED0Ev	std::messages<wchar_t>::~messages()	W	31	33	DIFF	0.8333	libstdcxx/system	1
_ZNSt8messagesIwED1Ev	std::messages<wchar_t>::~messages()	W	94	95	DIFF	0.9667	libstdcxx/system	1
_ZNSt8messagesIwED2Ev	std::messages<wchar_t>::~messages()	W	94	95	DIFF	0.9667	libstdcxx/system	1
_ZNSt8numpunctIcE22_M_initialize_numpunctEP15__locale_struct	std::numpunct<char>::_M_initialize_numpunct(__locale_struct*)	T	381	389	DIFF	0.9485	libstdcxx/system	1
_ZNSt8numpunctIcEC1EP15__locale_structj	std::numpunct<char>::numpunct(__locale_struct*, unsigned int)	W	78	80	DIFF	0.9200	libstdcxx/system	1
_ZNSt8numpunctIcEC1EPSt16__numpunct_cacheIcEj	std::numpunct<char>::numpunct(std::__numpunct_cache<char>*, unsigned int)	W	78	80	DIFF	0.9200	libstdcxx/system	1
_ZNSt8numpunctIcEC1Ej	std::numpunct<char>::numpunct(unsigned int)	W	79	81	DIFF	0.9167	libstdcxx/system	1
_ZNSt8numpunctIcEC2EP15__locale_structj	std::numpunct<char>::numpunct(__locale_struct*, unsigned int)	W	78	80	DIFF	0.9200	libstdcxx/system	1
_ZNSt8numpunctIcEC2EPSt16__numpunct_cacheIcEj	std::numpunct<char>::numpunct(std::__numpunct_cache<char>*, unsigned int)	W	78	80	DIFF	0.9200	libstdcxx/system	1
_ZNSt8numpunctIcEC2Ej	std::numpunct<char>::numpunct(unsigned int)	W	79	81	DIFF	0.9167	libstdcxx/system	1
_ZNSt8numpunctIcED0Ev	std::numpunct<char>::~numpunct()	T	31	33	DIFF	0.8333	libstdcxx/system	1
_ZNSt8numpunctIcED1Ev	std::numpunct<char>::~numpunct()	T	66	68	DIFF	0.9130	libstdcxx/system	1
_ZNSt8numpunctIcED2Ev	std::numpunct<char>::~numpunct()	T	66	68	DIFF	0.9130	libstdcxx/system	1
_ZNSt8numpunctIwE22_M_initialize_numpunctEP15__locale_struct	std::numpunct<wchar_t>::_M_initialize_numpunct(__locale_struct*)	T	380	388	DIFF	0.9444	libstdcxx/system	1
_ZNSt8numpunctIwEC1EP15__locale_structj	std::numpunct<wchar_t>::numpunct(__locale_struct*, unsigned int)	W	78	80	DIFF	0.9200	libstdcxx/system	1
_ZNSt8numpunctIwEC1EPSt16__numpunct_cacheIwEj	std::numpunct<wchar_t>::numpunct(std::__numpunct_cache<wchar_t>*, unsigned int)	W	78	80	DIFF	0.9200	libstdcxx/system	1
_ZNSt8numpunctIwEC1Ej	std::numpunct<wchar_t>::numpunct(unsigned int)	W	79	81	DIFF	0.9167	libstdcxx/system	1
_ZNSt8numpunctIwEC2EP15__locale_structj	std::numpunct<wchar_t>::numpunct(__locale_struct*, unsigned int)	W	78	80	DIFF	0.9200	libstdcxx/system	1
_ZNSt8numpunctIwEC2EPSt16__numpunct_cacheIwEj	std::numpunct<wchar_t>::numpunct(std::__numpunct_cache<wchar_t>*, unsigned int)	W	78	80	DIFF	0.9200	libstdcxx/system	1
_ZNSt8numpunctIwEC2Ej	std::numpunct<wchar_t>::numpunct(unsigned int)	W	79	81	DIFF	0.9167	libstdcxx/system	1
_ZNSt8numpunctIwED0Ev	std::numpunct<wchar_t>::~numpunct()	T	31	33	DIFF	0.8333	libstdcxx/system	1
_ZNSt8numpunctIwED1Ev	std::numpunct<wchar_t>::~numpunct()	T	66	68	DIFF	0.9130	libstdcxx/system	1
_ZNSt8numpunctIwED2Ev	std::numpunct<wchar_t>::~numpunct()	T	66	68	DIFF	0.9130	libstdcxx/system	1
_ZNSt8time_getIcSt19istreambuf_iteratorIcSt11char_traitsIcEEEC1Ej	std::time_get<char, std::istreambuf_iterator<char, std::char_traits<char> > >::time_get(unsigned int)	W	26	26	NEAR	1.0000	libstdcxx/system	1
_ZNSt8time_getIcSt19istreambuf_iteratorIcSt11char_traitsIcEEEC2Ej	std::time_get<char, std::istreambuf_iterator<char, std::char_traits<char> > >::time_get(unsigned int)	W	26	26	NEAR	1.0000	libstdcxx/system	1
_ZNSt8time_getIcSt19istreambuf_iteratorIcSt11char_traitsIcEEED0Ev	std::time_get<char, std::istreambuf_iterator<char, std::char_traits<char> > >::~time_get()	W	37	39	DIFF	0.8462	libstdcxx/system	1
_ZNSt8time_getIcSt19istreambuf_iteratorIcSt11char_traitsIcEEED1Ev	std::time_get<char, std::istreambuf_iterator<char, std::char_traits<char> > >::~time_get()	W	21	22	DIFF	0.8571	libstdcxx/system	1
_ZNSt8time_getIcSt19istreambuf_iteratorIcSt11char_traitsIcEEED2Ev	std::time_get<char, std::istreambuf_iterator<char, std::char_traits<char> > >::~time_get()	W	21	22	DIFF	0.8571	libstdcxx/system	1
_ZNSt8time_getIwSt19istreambuf_iteratorIwSt11char_traitsIwEEEC1Ej	std::time_get<wchar_t, std::istreambuf_iterator<wchar_t, std::char_traits<wchar_t> > >::time_get(unsigned int)	W	26	26	NEAR	1.0000	libstdcxx/system	1
_ZNSt8time_getIwSt19istreambuf_iteratorIwSt11char_traitsIwEEEC2Ej	std::time_get<wchar_t, std::istreambuf_iterator<wchar_t, std::char_traits<wchar_t> > >::time_get(unsigned int)	W	26	26	NEAR	1.0000	libstdcxx/system	1
_ZNSt8time_getIwSt19istreambuf_iteratorIwSt11char_traitsIwEEED0Ev	std::time_get<wchar_t, std::istreambuf_iterator<wchar_t, std::char_traits<wchar_t> > >::~time_get()	W	37	39	DIFF	0.8462	libstdcxx/system	1
_ZNSt8time_getIwSt19istreambuf_iteratorIwSt11char_traitsIwEEED1Ev	std::time_get<wchar_t, std::istreambuf_iterator<wchar_t, std::char_traits<wchar_t> > >::~time_get()	W	21	22	DIFF	0.8571	libstdcxx/system	1
_ZNSt8time_getIwSt19istreambuf_iteratorIwSt11char_traitsIwEEED2Ev	std::time_get<wchar_t, std::istreambuf_iterator<wchar_t, std::char_traits<wchar_t> > >::~time_get()	W	21	22	DIFF	0.8571	libstdcxx/system	1
_ZNSt8time_putIcSt19ostreambuf_iteratorIcSt11char_traitsIcEEEC1Ej	std::time_put<char, std::ostreambuf_iterator<char, std::char_traits<char> > >::time_put(unsigned int)	W	26	26	NEAR	1.0000	libstdcxx/system	1
_ZNSt8time_putIcSt19ostreambuf_iteratorIcSt11char_traitsIcEEEC2Ej	std::time_put<char, std::ostreambuf_iterator<char, std::char_traits<char> > >::time_put(unsigned int)	W	26	26	NEAR	1.0000	libstdcxx/system	1
_ZNSt8time_putIcSt19ostreambuf_iteratorIcSt11char_traitsIcEEED0Ev	std::time_put<char, std::ostreambuf_iterator<char, std::char_traits<char> > >::~time_put()	W	37	39	DIFF	0.8462	libstdcxx/system	1
_ZNSt8time_putIcSt19ostreambuf_iteratorIcSt11char_traitsIcEEED1Ev	std::time_put<char, std::ostreambuf_iterator<char, std::char_traits<char> > >::~time_put()	W	21	22	DIFF	0.8571	libstdcxx/system	1
_ZNSt8time_putIcSt19ostreambuf_iteratorIcSt11char_traitsIcEEED2Ev	std::time_put<char, std::ostreambuf_iterator<char, std::char_traits<char> > >::~time_put()	W	21	22	DIFF	0.8571	libstdcxx/system	1
_ZNSt8time_putIwSt19ostreambuf_iteratorIwSt11char_traitsIwEEEC1Ej	std::time_put<wchar_t, std::ostreambuf_iterator<wchar_t, std::char_traits<wchar_t> > >::time_put(unsigned int)	W	26	26	NEAR	1.0000	libstdcxx/system	1
_ZNSt8time_putIwSt19ostreambuf_iteratorIwSt11char_traitsIwEEEC2Ej	std::time_put<wchar_t, std::ostreambuf_iterator<wchar_t, std::char_traits<wchar_t> > >::time_put(unsigned int)	W	26	26	NEAR	1.0000	libstdcxx/system	1
_ZNSt8time_putIwSt19ostreambuf_iteratorIwSt11char_traitsIwEEED0Ev	std::time_put<wchar_t, std::ostreambuf_iterator<wchar_t, std::char_traits<wchar_t> > >::~time_put()	W	37	39	DIFF	0.8462	libstdcxx/system	1
_ZNSt8time_putIwSt19ostreambuf_iteratorIwSt11char_traitsIwEEED1Ev	std::time_put<wchar_t, std::ostreambuf_iterator<wchar_t, std::char_traits<wchar_t> > >::~time_put()	W	21	22	DIFF	0.8571	libstdcxx/system	1
_ZNSt8time_putIwSt19ostreambuf_iteratorIwSt11char_traitsIwEEED2Ev	std::time_put<wchar_t, std::ostreambuf_iterator<wchar_t, std::char_traits<wchar_t> > >::~time_put()	W	21	22	DIFF	0.8571	libstdcxx/system	1
_ZNSt9bad_allocD0Ev	std::bad_alloc::~bad_alloc()	T	52	53	DIFF	0.9412	libstdcxx/system	1
_ZNSt9bad_allocD1Ev	std::bad_alloc::~bad_alloc()	T	46	48	DIFF	0.8750	libstdcxx/system	1
_ZNSt9bad_allocD2Ev	std::bad_alloc::~bad_alloc()	T	46	48	DIFF	0.8750	libstdcxx/system	1
_ZNSt9basic_iosIcSt11char_traitsIcEE10exceptionsESt12_Ios_Iostate	std::basic_ios<char, std::char_traits<char> >::exceptions(std::_Ios_Iostate)	W	27	28	DIFF	0.9000	libstdcxx/system	1
_ZNSt9basic_iosIcSt11char_traitsIcEE11_M_setstateESt12_Ios_Iostate	std::basic_ios<char, std::char_traits<char> >::_M_setstate(std::_Ios_Iostate)	W	27	28	DIFF	0.9091	libstdcxx/system	1
_ZNSt9basic_iosIcSt11char_traitsIcEE11_M_setstateESt12_Ios_Iostate.clone.1	std::basic_ios<char, std::char_traits<char> >::_M_setstate(std::_Ios_Iostate) [clone .clone.1]	t	23	24	DIFF	0.8889	libstdcxx/system	1
_ZNSt9basic_iosIcSt11char_traitsIcEE15_M_cache_localeERKSt6locale	std::basic_ios<char, std::char_traits<char> >::_M_cache_locale(std::locale const&)	W	129	131	DIFF	0.9487	libstdcxx/system	1
_ZNSt9basic_iosIcSt11char_traitsIcEE3tieEPSo	std::basic_ios<char, std::char_traits<char> >::tie(std::basic_ostream<char, std::char_traits<char> >*)	W	17	17	IDENTICAL	1.0000	libstdcxx/system	1
_ZNSt9basic_iosIcSt11char_traitsIcEE4fillEc	std::basic_ios<char, std::char_traits<char> >::fill(char)	W	126	126	DIFF	0.9535	libstdcxx/system	1
_ZNSt9basic_iosIcSt11char_traitsIcEE4initEPSt15basic_streambufIcS1_E	std::basic_ios<char, std::char_traits<char> >::init(std::basic_streambuf<char, std::char_traits<char> >*)	W	86	87	DIFF	0.9630	libstdcxx/system	1
_ZNSt9basic_iosIcSt11char_traitsIcEE5clearESt12_Ios_Iostate	std::basic_ios<char, std::char_traits<char> >::clear(std::_Ios_Iostate)	W	49	49	DIFF	0.9444	libstdcxx/system	1
_ZNSt9basic_iosIcSt11char_traitsIcEE5imbueERKSt6locale	std::basic_ios<char, std::char_traits<char> >::imbue(std::locale const&)	W	195	197	DIFF	0.9667	libstdcxx/system	1
_ZNSt9basic_iosIcSt11char_traitsIcEE5rdbufEPSt15basic_streambufIcS1_E	std::basic_ios<char, std::char_traits<char> >::rdbuf(std::basic_streambuf<char, std::char_traits<char> >*)	W	43	45	DIFF	0.8750	libstdcxx/system	1
_ZNSt9basic_iosIcSt11char_traitsIcEE7copyfmtERKS2_	std::basic_ios<char, std::char_traits<char> >::copyfmt(std::basic_ios<char, std::char_traits<char> > const&)	W	565	565	DIFF	0.9641	libstdcxx/system	1
_ZNSt9basic_iosIcSt11char_traitsIcEE8setstateESt12_Ios_Iostate	std::basic_ios<char, std::char_traits<char> >::setstate(std::_Ios_Iostate)	W	24	25	DIFF	0.8889	libstdcxx/system	1
_ZNSt9basic_iosIcSt11char_traitsIcEEC1EPSt15basic_streambufIcS1_E	std::basic_ios<char, std::char_traits<char> >::basic_ios(std::basic_streambuf<char, std::char_traits<char> >*)	W	116	118	DIFF	0.9310	libstdcxx/system	1
_ZNSt9basic_iosIcSt11char_traitsIcEEC1Ev	std::basic_ios<char, std::char_traits<char> >::basic_ios()	W	79	81	DIFF	0.8947	libstdcxx/system	1
_ZNSt9basic_iosIcSt11char_traitsIcEEC2EPSt15basic_streambufIcS1_E	std::basic_ios<char, std::char_traits<char> >::basic_ios(std::basic_streambuf<char, std::char_traits<char> >*)	W	116	118	DIFF	0.9310	libstdcxx/system	1
_ZNSt9basic_iosIcSt11char_traitsIcEEC2Ev	std::basic_ios<char, std::char_traits<char> >::basic_ios()	W	79	81	DIFF	0.8947	libstdcxx/system	1
_ZNSt9basic_iosIcSt11char_traitsIcEED0Ev	std::basic_ios<char, std::char_traits<char> >::~basic_ios()	W	37	39	DIFF	0.8462	libstdcxx/system	1
_ZNSt9basic_iosIcSt11char_traitsIcEED1Ev	std::basic_ios<char, std::char_traits<char> >::~basic_ios()	W	21	22	DIFF	0.8571	libstdcxx/system	1
_ZNSt9basic_iosIcSt11char_traitsIcEED2Ev	std::basic_ios<char, std::char_traits<char> >::~basic_ios()	W	21	22	DIFF	0.8571	libstdcxx/system	1
_ZNSt9basic_iosIwSt11char_traitsIwEE10exceptionsESt12_Ios_Iostate	std::basic_ios<wchar_t, std::char_traits<wchar_t> >::exceptions(std::_Ios_Iostate)	W	27	28	DIFF	0.9000	libstdcxx/system	1
_ZNSt9basic_iosIwSt11char_traitsIwEE11_M_setstateESt12_Ios_Iostate	std::basic_ios<wchar_t, std::char_traits<wchar_t> >::_M_setstate(std::_Ios_Iostate)	W	27	28	DIFF	0.9091	libstdcxx/system	1
_ZNSt9basic_iosIwSt11char_traitsIwEE11_M_setstateESt12_Ios_Iostate.clone.4	std::basic_ios<wchar_t, std::char_traits<wchar_t> >::_M_setstate(std::_Ios_Iostate) [clone .clone.4]	t	23	24	DIFF	0.8889	libstdcxx/system	1
_ZNSt9basic_iosIwSt11char_traitsIwEE15_M_cache_localeERKSt6locale	std::basic_ios<wchar_t, std::char_traits<wchar_t> >::_M_cache_locale(std::locale const&)	W	135	137	DIFF	0.9487	libstdcxx/system	1
_ZNSt9basic_iosIwSt11char_traitsIwEE3tieEPSt13basic_ostreamIwS1_E	std::basic_ios<wchar_t, std::char_traits<wchar_t> >::tie(std::basic_ostream<wchar_t, std::char_traits<wchar_t> >*)	W	17	17	IDENTICAL	1.0000	libstdcxx/system	1
_ZNSt9basic_iosIwSt11char_traitsIwEE4fillEw	std::basic_ios<wchar_t, std::char_traits<wchar_t> >::fill(wchar_t)	W	82	91	DIFF	0.8710	libstdcxx/system	1
_ZNSt9basic_iosIwSt11char_traitsIwEE4initEPSt15basic_streambufIwS1_E	std::basic_ios<wchar_t, std::char_traits<wchar_t> >::init(std::basic_streambuf<wchar_t, std::char_traits<wchar_t> >*)	W	89	90	DIFF	0.9630	libstdcxx/system	1
_ZNSt9basic_iosIwSt11char_traitsIwEE5clearESt12_Ios_Iostate	std::basic_ios<wchar_t, std::char_traits<wchar_t> >::clear(std::_Ios_Iostate)	W	49	49	DIFF	0.9444	libstdcxx/system	1
_ZNSt9basic_iosIwSt11char_traitsIwEE5imbueERKSt6locale	std::basic_ios<wchar_t, std::char_traits<wchar_t> >::imbue(std::locale const&)	W	195	197	DIFF	0.9667	libstdcxx/system	1
_ZNSt9basic_iosIwSt11char_traitsIwEE5rdbufEPSt15basic_streambufIwS1_E	std::basic_ios<wchar_t, std::char_traits<wchar_t> >::rdbuf(std::basic_streambuf<wchar_t, std::char_traits<wchar_t> >*)	W	43	45	DIFF	0.8750	libstdcxx/system	1
_ZNSt9basic_iosIwSt11char_traitsIwEE7copyfmtERKS2_	std::basic_ios<wchar_t, std::char_traits<wchar_t> >::copyfmt(std::basic_ios<wchar_t, std::char_traits<wchar_t> > const&)	W	511	511	DIFF	0.9669	libstdcxx/system	1
_ZNSt9basic_iosIwSt11char_traitsIwEE8setstateESt12_Ios_Iostate	std::basic_ios<wchar_t, std::char_traits<wchar_t> >::setstate(std::_Ios_Iostate)	W	24	25	DIFF	0.8889	libstdcxx/system	1
_ZNSt9basic_iosIwSt11char_traitsIwEEC1EPSt15basic_streambufIwS1_E	std::basic_ios<wchar_t, std::char_traits<wchar_t> >::basic_ios(std::basic_streambuf<wchar_t, std::char_traits<wchar_t> >*)	W	122	124	DIFF	0.9310	libstdcxx/system	1
_ZNSt9basic_iosIwSt11char_traitsIwEEC1Ev	std::basic_ios<wchar_t, std::char_traits<wchar_t> >::basic_ios()	W	85	87	DIFF	0.8947	libstdcxx/system	1
_ZNSt9basic_iosIwSt11char_traitsIwEEC2EPSt15basic_streambufIwS1_E	std::basic_ios<wchar_t, std::char_traits<wchar_t> >::basic_ios(std::basic_streambuf<wchar_t, std::char_traits<wchar_t> >*)	W	122	124	DIFF	0.9310	libstdcxx/system	1
_ZNSt9basic_iosIwSt11char_traitsIwEEC2Ev	std::basic_ios<wchar_t, std::char_traits<wchar_t> >::basic_ios()	W	85	87	DIFF	0.8947	libstdcxx/system	1
_ZNSt9basic_iosIwSt11char_traitsIwEED0Ev	std::basic_ios<wchar_t, std::char_traits<wchar_t> >::~basic_ios()	W	37	39	DIFF	0.8462	libstdcxx/system	1
_ZNSt9basic_iosIwSt11char_traitsIwEED1Ev	std::basic_ios<wchar_t, std::char_traits<wchar_t> >::~basic_ios()	W	21	22	DIFF	0.8571	libstdcxx/system	1
_ZNSt9basic_iosIwSt11char_traitsIwEED2Ev	std::basic_ios<wchar_t, std::char_traits<wchar_t> >::~basic_ios()	W	21	22	DIFF	0.8571	libstdcxx/system	1
_ZNSt9exceptionD0Ev	std::exception::~exception()	T	52	53	DIFF	0.9412	libstdcxx/system	1
_ZNSt9exceptionD1Ev	std::exception::~exception()	T	30	30	NEAR	1.0000	libstdcxx/system	1
_ZNSt9exceptionD2Ev	std::exception::~exception()	T	30	30	NEAR	1.0000	libstdcxx/system	1
_ZNSt9money_getIcSt19istreambuf_iteratorIcSt11char_traitsIcEEEC1Ej	std::money_get<char, std::istreambuf_iterator<char, std::char_traits<char> > >::money_get(unsigned int)	W	26	26	NEAR	1.0000	libstdcxx/system	1
_ZNSt9money_getIcSt19istreambuf_iteratorIcSt11char_traitsIcEEEC2Ej	std::money_get<char, std::istreambuf_iterator<char, std::char_traits<char> > >::money_get(unsigned int)	W	26	26	NEAR	1.0000	libstdcxx/system	1
_ZNSt9money_getIcSt19istreambuf_iteratorIcSt11char_traitsIcEEED0Ev	std::money_get<char, std::istreambuf_iterator<char, std::char_traits<char> > >::~money_get()	W	37	39	DIFF	0.8462	libstdcxx/system	1
_ZNSt9money_getIcSt19istreambuf_iteratorIcSt11char_traitsIcEEED1Ev	std::money_get<char, std::istreambuf_iterator<char, std::char_traits<char> > >::~money_get()	W	21	22	DIFF	0.8571	libstdcxx/system	1
_ZNSt9money_getIcSt19istreambuf_iteratorIcSt11char_traitsIcEEED2Ev	std::money_get<char, std::istreambuf_iterator<char, std::char_traits<char> > >::~money_get()	W	21	22	DIFF	0.8571	libstdcxx/system	1
_ZNSt9money_getIwSt19istreambuf_iteratorIwSt11char_traitsIwEEEC1Ej	std::money_get<wchar_t, std::istreambuf_iterator<wchar_t, std::char_traits<wchar_t> > >::money_get(unsigned int)	W	26	26	NEAR	1.0000	libstdcxx/system	1
_ZNSt9money_getIwSt19istreambuf_iteratorIwSt11char_traitsIwEEEC2Ej	std::money_get<wchar_t, std::istreambuf_iterator<wchar_t, std::char_traits<wchar_t> > >::money_get(unsigned int)	W	26	26	NEAR	1.0000	libstdcxx/system	1
_ZNSt9money_getIwSt19istreambuf_iteratorIwSt11char_traitsIwEEED0Ev	std::money_get<wchar_t, std::istreambuf_iterator<wchar_t, std::char_traits<wchar_t> > >::~money_get()	W	37	39	DIFF	0.8462	libstdcxx/system	1
_ZNSt9money_getIwSt19istreambuf_iteratorIwSt11char_traitsIwEEED1Ev	std::money_get<wchar_t, std::istreambuf_iterator<wchar_t, std::char_traits<wchar_t> > >::~money_get()	W	21	22	DIFF	0.8571	libstdcxx/system	1
_ZNSt9money_getIwSt19istreambuf_iteratorIwSt11char_traitsIwEEED2Ev	std::money_get<wchar_t, std::istreambuf_iterator<wchar_t, std::char_traits<wchar_t> > >::~money_get()	W	21	22	DIFF	0.8571	libstdcxx/system	1
_ZNSt9money_putIcSt19ostreambuf_iteratorIcSt11char_traitsIcEEEC1Ej	std::money_put<char, std::ostreambuf_iterator<char, std::char_traits<char> > >::money_put(unsigned int)	W	26	26	NEAR	1.0000	libstdcxx/system	1
_ZNSt9money_putIcSt19ostreambuf_iteratorIcSt11char_traitsIcEEEC2Ej	std::money_put<char, std::ostreambuf_iterator<char, std::char_traits<char> > >::money_put(unsigned int)	W	26	26	NEAR	1.0000	libstdcxx/system	1
_ZNSt9money_putIcSt19ostreambuf_iteratorIcSt11char_traitsIcEEED0Ev	std::money_put<char, std::ostreambuf_iterator<char, std::char_traits<char> > >::~money_put()	W	37	39	DIFF	0.8462	libstdcxx/system	1
_ZNSt9money_putIcSt19ostreambuf_iteratorIcSt11char_traitsIcEEED1Ev	std::money_put<char, std::ostreambuf_iterator<char, std::char_traits<char> > >::~money_put()	W	21	22	DIFF	0.8571	libstdcxx/system	1
_ZNSt9money_putIcSt19ostreambuf_iteratorIcSt11char_traitsIcEEED2Ev	std::money_put<char, std::ostreambuf_iterator<char, std::char_traits<char> > >::~money_put()	W	21	22	DIFF	0.8571	libstdcxx/system	1
_ZNSt9money_putIwSt19ostreambuf_iteratorIwSt11char_traitsIwEEEC1Ej	std::money_put<wchar_t, std::ostreambuf_iterator<wchar_t, std::char_traits<wchar_t> > >::money_put(unsigned int)	W	26	26	NEAR	1.0000	libstdcxx/system	1
_ZNSt9money_putIwSt19ostreambuf_iteratorIwSt11char_traitsIwEEEC2Ej	std::money_put<wchar_t, std::ostreambuf_iterator<wchar_t, std::char_traits<wchar_t> > >::money_put(unsigned int)	W	26	26	NEAR	1.0000	libstdcxx/system	1
_ZNSt9money_putIwSt19ostreambuf_iteratorIwSt11char_traitsIwEEED0Ev	std::money_put<wchar_t, std::ostreambuf_iterator<wchar_t, std::char_traits<wchar_t> > >::~money_put()	W	37	39	DIFF	0.8462	libstdcxx/system	1
_ZNSt9money_putIwSt19ostreambuf_iteratorIwSt11char_traitsIwEEED1Ev	std::money_put<wchar_t, std::ostreambuf_iterator<wchar_t, std::char_traits<wchar_t> > >::~money_put()	W	21	22	DIFF	0.8571	libstdcxx/system	1
_ZNSt9money_putIwSt19ostreambuf_iteratorIwSt11char_traitsIwEEED2Ev	std::money_put<wchar_t, std::ostreambuf_iterator<wchar_t, std::char_traits<wchar_t> > >::~money_put()	W	21	22	DIFF	0.8571	libstdcxx/system	1
_ZNSt9type_infoD0Ev	std::type_info::~type_info()	T	52	53	DIFF	0.9412	libstdcxx/system	1
_ZNSt9type_infoD1Ev	std::type_info::~type_info()	T	30	30	NEAR	1.0000	libstdcxx/system	1
_ZNSt9type_infoD2Ev	std::type_info::~type_info()	T	30	30	NEAR	1.0000	libstdcxx/system	1
_ZSt10unexpectedv	std::unexpected()	T	34	35	DIFF	0.9000	libstdcxx/system	1
_ZSt13__copy_move_aILb1EP16STPvPBuddyDBInfoS1_ET1_T0_S3_S2_	STPvPBuddyDBInfo* std::__copy_move_a<true, STPvPBuddyDBInfo*, STPvPBuddyDBInfo*>(STPvPBuddyDBInfo*, STPvPBuddyDBInfo*, STPvPBuddyDBInfo*)	W	37	37	NEAR	1.0000	libstdcxx/system	1
_ZSt13__int_to_charIcmEiPT_T0_PKS0_St13_Ios_Fmtflagsb	int std::__int_to_char<char, unsigned long>(char*, unsigned long, char const*, std::_Ios_Fmtflags, bool)	W	152	148	DIFF	0.9180	libstdcxx/system	1
_ZSt13__int_to_charIcyEiPT_T0_PKS0_St13_Ios_Fmtflagsb	int std::__int_to_char<char, unsigned long long>(char*, unsigned long long, char const*, std::_Ios_Fmtflags, bool)	W	222	223	DIFF	0.9211	libstdcxx/system	1
_ZSt13__int_to_charIwmEiPT_T0_PKS0_St13_Ios_Fmtflagsb	int std::__int_to_char<wchar_t, unsigned long>(wchar_t*, unsigned long, wchar_t const*, std::_Ios_Fmtflags, bool)	W	153	150	DIFF	0.9048	libstdcxx/system	1
_ZSt13__int_to_charIwyEiPT_T0_PKS0_St13_Ios_Fmtflagsb	int std::__int_to_char<wchar_t, unsigned long long>(wchar_t*, unsigned long long, wchar_t const*, std::_Ios_Fmtflags, bool)	W	223	225	DIFF	0.9103	libstdcxx/system	1
_ZSt13move_backwardIP16STPvPBuddyDBInfoS1_ET0_T_S3_S2_	STPvPBuddyDBInfo* std::move_backward<STPvPBuddyDBInfo*, STPvPBuddyDBInfo*>(STPvPBuddyDBInfo*, STPvPBuddyDBInfo*, STPvPBuddyDBInfo*)	W	56	56	NEAR	1.0000	libstdcxx/system	1
_ZSt13move_backwardIPSsS0_ET0_T_S2_S1_	std::basic_string<char, std::char_traits<char>, std::allocator<char> >* std::move_backward<std::basic_string<char, std::char_traits<char>, std::allocator<char> >*, std::basic_string<char, std::char_traits<char>, std::allocator<char> >*>(std::basic_string<char, std::char_traits<char>, std::allocator<char> >*, std::basic_string<char, std::char_traits<char>, std::allocator<char> >*, std::basic_string<char, std::char_traits<char>, std::allocator<char> >*)	W	56	56	NEAR	1.0000	libstdcxx/system	1
_ZSt13set_terminatePFvvE	std::set_terminate(void (*)())	T	31	31	DIFF	1.0000	libstdcxx/system	1
_ZSt14__add_groupingIcEPT_S1_S0_PKcjPKS0_S5_	char* std::__add_grouping<char>(char*, char, char const*, unsigned int, char const*, char const*)	W	383	383	DIFF	0.9104	libstdcxx/system	1
_ZSt14__add_groupingIwEPT_S1_S0_PKcjPKS0_S5_	wchar_t* std::__add_grouping<wchar_t>(wchar_t*, wchar_t, char const*, unsigned int, wchar_t const*, wchar_t const*)	W	396	420	DIFF	0.8849	libstdcxx/system	1
_ZSt14__convert_to_vIdEvPKcRT_RSt12_Ios_IostateRKP15__locale_struct	void std::__convert_to_v<double>(char const*, double&, std::_Ios_Iostate&, __locale_struct* const&)	T	161	161	DIFF	0.8871	libstdcxx/system	1
_ZSt14__convert_to_vIeEvPKcRT_RSt12_Ios_IostateRKP15__locale_struct	void std::__convert_to_v<long double>(char const*, long double&, std::_Ios_Iostate&, __locale_struct* const&)	T	185	177	DIFF	0.8923	libstdcxx/system	1
_ZSt14__convert_to_vIfEvPKcRT_RSt12_Ios_IostateRKP15__locale_struct	void std::__convert_to_v<float>(char const*, float&, std::_Ios_Iostate&, __locale_struct* const&)	T	163	163	DIFF	0.8852	libstdcxx/system	1
_ZSt14__copy_move_a2ILb1EN9__gnu_cxx17__normal_iteratorIP16STPvPBuddyDBInfoSt6vectorIS2_SaIS2_EEEES7_ET1_T0_S9_S8_	__gnu_cxx::__normal_iterator<STPvPBuddyDBInfo*, std::vector<STPvPBuddyDBInfo, std::allocator<STPvPBuddyDBInfo> > > std::__copy_move_a2<true, __gnu_cxx::__normal_iterator<STPvPBuddyDBInfo*, std::vector<STPvPBuddyDBInfo, std::allocator<STPvPBuddyDBInfo> > >, __gnu_cxx::__normal_iterator<STPvPBuddyDBInfo*, std::vector<STPvPBuddyDBInfo, std::allocator<STPvPBuddyDBInfo> > > >(__gnu_cxx::__normal_iterator<STPvPBuddyDBInfo*, std::vector<STPvPBuddyDBInfo, std::allocator<STPvPBuddyDBInfo> > >, __gnu_cxx::__normal_iterator<STPvPBuddyDBInfo*, std::vector<STPvPBuddyDBInfo, std::allocator<STPvPBuddyDBInfo> > >, __gnu_cxx::__normal_iterator<STPvPBuddyDBInfo*, std::vector<STPvPBuddyDBInfo, std::allocator<STPvPBuddyDBInfo> > >)	W	95	95	NEAR	1.0000	libstdcxx/system	1
_ZSt14set_unexpectedPFvvE	std::set_unexpected(void (*)())	T	31	31	DIFF	1.0000	libstdcxx/system	1
_ZSt15set_new_handlerPFvvE	std::set_new_handler(void (*)())	T	31	31	DIFF	1.0000	libstdcxx/system	1
_ZSt15system_categoryv	std::system_category()	T	10	10	NEAR	1.0000	libstdcxx/system	1
_ZSt16__convert_from_vRKP15__locale_structPciPKcz	std::__convert_from_v(__locale_struct* const&, char*, int, char const*, ...)	W	81	82	DIFF	0.9643	libstdcxx/system	1
_ZSt16__ostream_insertIcSt11char_traitsIcEERSt13basic_ostreamIT_T0_ES6_PKS3_i	std::basic_ostream<char, std::char_traits<char> >& std::__ostream_insert<char, std::char_traits<char> >(std::basic_ostream<char, std::char_traits<char> >&, char const*, int)	W	914	914	DIFF	0.9721	libstdcxx/system	1
_ZSt16__ostream_insertIwSt11char_traitsIwEERSt13basic_ostreamIT_T0_ES6_PKS3_i	std::basic_ostream<wchar_t, std::char_traits<wchar_t> >& std::__ostream_insert<wchar_t, std::char_traits<wchar_t> >(std::basic_ostream<wchar_t, std::char_traits<wchar_t> >&, wchar_t const*, int)	W	860	860	DIFF	0.9812	libstdcxx/system	1
_ZSt16__throw_bad_castv	std::__throw_bad_cast()	T	48	49	DIFF	0.9000	libstdcxx/system	1
_ZSt16generic_categoryv	std::generic_category()	T	10	10	NEAR	1.0000	libstdcxx/system	1
_ZSt17__copy_streambufsIcSt11char_traitsIcEEiPSt15basic_streambufIT_T0_ES6_	int std::__copy_streambufs<char, std::char_traits<char> >(std::basic_streambuf<char, std::char_traits<char> >*, std::basic_streambuf<char, std::char_traits<char> >*)	W	33	34	DIFF	0.9167	libstdcxx/system	1
_ZSt17__copy_streambufsIwSt11char_traitsIwEEiPSt15basic_streambufIT_T0_ES6_	int std::__copy_streambufs<wchar_t, std::char_traits<wchar_t> >(std::basic_streambuf<wchar_t, std::char_traits<wchar_t> >*, std::basic_streambuf<wchar_t, std::char_traits<wchar_t> >*)	W	33	34	DIFF	0.9167	libstdcxx/system	1
_ZSt17__throw_bad_allocv	std::__throw_bad_alloc()	T	48	49	DIFF	0.9000	libstdcxx/system	1
_ZSt17__verify_groupingPKcjRKSs	std::__verify_grouping(char const*, unsigned int, std::basic_string<char, std::char_traits<char>, std::allocator<char> > const&)	T	145	145	DIFF	0.9153	libstdcxx/system	1
_ZSt18_Rb_tree_decrementPKSt18_Rb_tree_node_base	std::_Rb_tree_decrement(std::_Rb_tree_node_base const*)	T	78	78	NEAR	1.0000	libstdcxx/system	1
_ZSt18_Rb_tree_decrementPSt18_Rb_tree_node_base	std::_Rb_tree_decrement(std::_Rb_tree_node_base*)	T	76	76	DIFF	1.0000	libstdcxx/system	1
_ZSt18_Rb_tree_incrementPKSt18_Rb_tree_node_base	std::_Rb_tree_increment(std::_Rb_tree_node_base const*)	T	61	60	DIFF	0.8966	libstdcxx/system	1
_ZSt18_Rb_tree_incrementPSt18_Rb_tree_node_base	std::_Rb_tree_increment(std::_Rb_tree_node_base*)	T	69	68	DIFF	0.9333	libstdcxx/system	1
_ZSt18__throw_bad_typeidv	std::__throw_bad_typeid()	T	48	49	DIFF	0.9000	libstdcxx/system	1
_ZSt18make_move_iteratorIP16STPvPBuddyDBInfoESt13move_iteratorIT_ERKS3_	std::move_iterator<STPvPBuddyDBInfo*> std::make_move_iterator<STPvPBuddyDBInfo*>(STPvPBuddyDBInfo* const&)	W	37	37	NEAR	1.0000	libstdcxx/system	1
_ZSt18make_move_iteratorIPSsESt13move_iteratorIT_ERKS2_	std::move_iterator<std::basic_string<char, std::char_traits<char>, std::allocator<char> >*> std::make_move_iterator<std::basic_string<char, std::char_traits<char>, std::allocator<char> >*>(std::basic_string<char, std::char_traits<char>, std::allocator<char> >* const&)	W	37	37	NEAR	1.0000	libstdcxx/system	1
_ZSt18uncaught_exceptionv	std::uncaught_exception()	T	37	39	DIFF	0.8571	libstdcxx/system	1
_ZSt18uninitialized_copyIN9__gnu_cxx17__normal_iteratorIPK16STPvPBuddyDBInfoSt6vectorIS2_SaIS2_EEEEPS2_ET0_T_SB_SA_	STPvPBuddyDBInfo* std::uninitialized_copy<__gnu_cxx::__normal_iterator<STPvPBuddyDBInfo const*, std::vector<STPvPBuddyDBInfo, std::allocator<STPvPBuddyDBInfo> > >, STPvPBuddyDBInfo*>(__gnu_cxx::__normal_iterator<STPvPBuddyDBInfo const*, std::vector<STPvPBuddyDBInfo, std::allocator<STPvPBuddyDBInfo> > >, __gnu_cxx::__normal_iterator<STPvPBuddyDBInfo const*, std::vector<STPvPBuddyDBInfo, std::allocator<STPvPBuddyDBInfo> > >, STPvPBuddyDBInfo*)	W	33	33	NEAR	1.0000	project	1
_ZSt18uninitialized_copyISt13move_iteratorIP16STPvPBuddyDBInfoES2_ET0_T_S5_S4_	STPvPBuddyDBInfo* std::uninitialized_copy<std::move_iterator<STPvPBuddyDBInfo*>, STPvPBuddyDBInfo*>(std::move_iterator<STPvPBuddyDBInfo*>, std::move_iterator<STPvPBuddyDBInfo*>, STPvPBuddyDBInfo*)	W	33	33	NEAR	1.0000	libstdcxx/system	1
_ZSt18uninitialized_copyISt13move_iteratorIPSsES1_ET0_T_S4_S3_	std::basic_string<char, std::char_traits<char>, std::allocator<char> >* std::uninitialized_copy<std::move_iterator<std::basic_string<char, std::char_traits<char>, std::allocator<char> >*>, std::basic_string<char, std::char_traits<char>, std::allocator<char> >*>(std::move_iterator<std::basic_string<char, std::char_traits<char>, std::allocator<char> >*>, std::move_iterator<std::basic_string<char, std::char_traits<char>, std::allocator<char> >*>, std::basic_string<char, std::char_traits<char>, std::allocator<char> >*)	W	33	33	NEAR	1.0000	libstdcxx/system	1
_ZSt19__iterator_categoryIN9__gnu_cxx17__normal_iteratorIP16STPvPBuddyDBInfoSt6vectorIS2_SaIS2_EEEEENSt15iterator_traitsIT_E17iterator_categoryERKS9_	std::iterator_traits<__gnu_cxx::__normal_iterator<STPvPBuddyDBInfo*, std::vector<STPvPBuddyDBInfo, std::allocator<STPvPBuddyDBInfo> > > >::iterator_category std::__iterator_category<__gnu_cxx::__normal_iterator<STPvPBuddyDBInfo*, std::vector<STPvPBuddyDBInfo, std::allocator<STPvPBuddyDBInfo> > > >(__gnu_cxx::__normal_iterator<STPvPBuddyDBInfo*, std::vector<STPvPBuddyDBInfo, std::allocator<STPvPBuddyDBInfo> > > const&)	W	10	10	IDENTICAL	1.0000	libstdcxx/system	1
_ZSt19__iterator_categoryISt17_Rb_tree_iteratorISt4pairIKj5CUserEEENSt15iterator_traitsIT_E17iterator_categoryERKS7_	std::iterator_traits<std::_Rb_tree_iterator<std::pair<unsigned int const, CUser> > >::iterator_category std::__iterator_category<std::_Rb_tree_iterator<std::pair<unsigned int const, CUser> > >(std::_Rb_tree_iterator<std::pair<unsigned int const, CUser> > const&)	W	10	10	IDENTICAL	1.0000	libstdcxx/system	1
_ZSt19__throw_ios_failurePKc	std::__throw_ios_failure(char const*)	T	161	162	DIFF	0.9783	libstdcxx/system	1
_ZSt19__throw_logic_errorPKc	std::__throw_logic_error(char const*)	T	202	203	DIFF	0.9828	libstdcxx/system	1
_ZSt19__throw_range_errorPKc	std::__throw_range_error(char const*)	T	202	203	DIFF	0.9828	libstdcxx/system	1
_ZSt20_Rb_tree_black_countPKSt18_Rb_tree_node_baseS1_	std::_Rb_tree_black_count(std::_Rb_tree_node_base const*, std::_Rb_tree_node_base const*)	T	44	44	DIFF	1.0000	libstdcxx/system	1
_ZSt20_Rb_tree_rotate_leftPSt18_Rb_tree_node_baseRS0_	std::_Rb_tree_rotate_left(std::_Rb_tree_node_base*, std::_Rb_tree_node_base*&)	T	77	77	DIFF	1.0000	libstdcxx/system	1
_ZSt20__throw_domain_errorPKc	std::__throw_domain_error(char const*)	T	202	203	DIFF	0.9828	libstdcxx/system	1
_ZSt20__throw_length_errorPKc	std::__throw_length_error(char const*)	T	202	203	DIFF	0.9828	libstdcxx/system	1
_ZSt20__throw_out_of_rangePKc	std::__throw_out_of_range(char const*)	T	202	203	DIFF	0.9828	libstdcxx/system	1
_ZSt20__throw_system_errori	std::__throw_system_error(int)	T	205	206	DIFF	0.9825	libstdcxx/system	1
_ZSt21_Rb_tree_rotate_rightPSt18_Rb_tree_node_baseRS0_	std::_Rb_tree_rotate_right(std::_Rb_tree_node_base*, std::_Rb_tree_node_base*&)	T	77	77	DIFF	1.0000	libstdcxx/system	1
_ZSt21__copy_streambufs_eofIcSt11char_traitsIcEEiPSt15basic_streambufIT_T0_ES6_Rb	int std::__copy_streambufs_eof<char, std::char_traits<char> >(std::basic_streambuf<char, std::char_traits<char> >*, std::basic_streambuf<char, std::char_traits<char> >*, bool&)	T	262	263	DIFF	0.9495	libstdcxx/system	1
_ZSt21__copy_streambufs_eofIwSt11char_traitsIwEEiPSt15basic_streambufIT_T0_ES6_Rb	int std::__copy_streambufs_eof<wchar_t, std::char_traits<wchar_t> >(std::basic_streambuf<wchar_t, std::char_traits<wchar_t> >*, std::basic_streambuf<wchar_t, std::char_traits<wchar_t> >*, bool&)	T	248	249	DIFF	0.9368	libstdcxx/system	1
_ZSt21__throw_bad_exceptionv	std::__throw_bad_exception()	T	48	49	DIFF	0.9000	libstdcxx/system	1
_ZSt21__throw_runtime_errorPKc	std::__throw_runtime_error(char const*)	T	202	203	DIFF	0.9828	libstdcxx/system	1
_ZSt22__copy_move_backward_aILb1EP16STPvPBuddyDBInfoS1_ET1_T0_S3_S2_	STPvPBuddyDBInfo* std::__copy_move_backward_a<true, STPvPBuddyDBInfo*, STPvPBuddyDBInfo*>(STPvPBuddyDBInfo*, STPvPBuddyDBInfo*, STPvPBuddyDBInfo*)	W	37	37	NEAR	1.0000	libstdcxx/system	1
_ZSt22__copy_move_backward_aILb1EPSsS0_ET1_T0_S2_S1_	std::basic_string<char, std::char_traits<char>, std::allocator<char> >* std::__copy_move_backward_a<true, std::basic_string<char, std::char_traits<char>, std::allocator<char> >*, std::basic_string<char, std::char_traits<char>, std::allocator<char> >*>(std::basic_string<char, std::char_traits<char>, std::allocator<char> >*, std::basic_string<char, std::char_traits<char>, std::allocator<char> >*, std::basic_string<char, std::char_traits<char>, std::allocator<char> >*)	W	37	37	NEAR	1.0000	libstdcxx/system	1
_ZSt22__throw_overflow_errorPKc	std::__throw_overflow_error(char const*)	T	202	203	DIFF	0.9828	libstdcxx/system	1
_ZSt22__uninitialized_copy_aIN9__gnu_cxx17__normal_iteratorIPK16STPvPBuddyDBInfoSt6vectorIS2_SaIS2_EEEEPS2_S2_ET0_T_SB_SA_RSaIT1_E	STPvPBuddyDBInfo* std::__uninitialized_copy_a<__gnu_cxx::__normal_iterator<STPvPBuddyDBInfo const*, std::vector<STPvPBuddyDBInfo, std::allocator<STPvPBuddyDBInfo> > >, STPvPBuddyDBInfo*, STPvPBuddyDBInfo>(__gnu_cxx::__normal_iterator<STPvPBuddyDBInfo const*, std::vector<STPvPBuddyDBInfo, std::allocator<STPvPBuddyDBInfo> > >, __gnu_cxx::__normal_iterator<STPvPBuddyDBInfo const*, std::vector<STPvPBuddyDBInfo, std::allocator<STPvPBuddyDBInfo> > >, STPvPBuddyDBInfo*, std::allocator<STPvPBuddyDBInfo>&)	W	33	33	NEAR	1.0000	project	1
_ZSt22__uninitialized_copy_aISt13move_iteratorIP16STPvPBuddyDBInfoES2_S1_ET0_T_S5_S4_RSaIT1_E	STPvPBuddyDBInfo* std::__uninitialized_copy_a<std::move_iterator<STPvPBuddyDBInfo*>, STPvPBuddyDBInfo*, STPvPBuddyDBInfo>(std::move_iterator<STPvPBuddyDBInfo*>, std::move_iterator<STPvPBuddyDBInfo*>, STPvPBuddyDBInfo*, std::allocator<STPvPBuddyDBInfo>&)	W	33	33	NEAR	1.0000	libstdcxx/system	1
_ZSt22__uninitialized_copy_aISt13move_iteratorIPSsES1_SsET0_T_S4_S3_RSaIT1_E	std::basic_string<char, std::char_traits<char>, std::allocator<char> >* std::__uninitialized_copy_a<std::move_iterator<std::basic_string<char, std::char_traits<char>, std::allocator<char> >*>, std::basic_string<char, std::char_traits<char>, std::allocator<char> >*, std::basic_string<char, std::char_traits<char>, std::allocator<char> > >(std::move_iterator<std::basic_string<char, std::char_traits<char>, std::allocator<char> >*>, std::move_iterator<std::basic_string<char, std::char_traits<char>, std::allocator<char> >*>, std::basic_string<char, std::char_traits<char>, std::allocator<char> >*, std::allocator<std::basic_string<char, std::char_traits<char>, std::allocator<char> > >&)	W	33	33	NEAR	1.0000	libstdcxx/system	1
_ZSt22__uninitialized_move_aIP16STPvPBuddyDBInfoS1_SaIS0_EET0_T_S4_S3_RT1_	STPvPBuddyDBInfo* std::__uninitialized_move_a<STPvPBuddyDBInfo*, STPvPBuddyDBInfo*, std::allocator<STPvPBuddyDBInfo> >(STPvPBuddyDBInfo*, STPvPBuddyDBInfo*, STPvPBuddyDBInfo*, std::allocator<STPvPBuddyDBInfo>&)	W	82	82	NEAR	1.0000	libstdcxx/system	1
_ZSt22__uninitialized_move_aIPSsS0_SaISsEET0_T_S3_S2_RT1_	std::basic_string<char, std::char_traits<char>, std::allocator<char> >* std::__uninitialized_move_a<std::basic_string<char, std::char_traits<char>, std::allocator<char> >*, std::basic_string<char, std::char_traits<char>, std::allocator<char> >*, std::allocator<std::basic_string<char, std::char_traits<char>, std::allocator<char> > > >(std::basic_string<char, std::char_traits<char>, std::allocator<char> >*, std::basic_string<char, std::char_traits<char>, std::allocator<char> >*, std::basic_string<char, std::char_traits<char>, std::allocator<char> >*, std::allocator<std::basic_string<char, std::char_traits<char>, std::allocator<char> > >&)	W	82	82	NEAR	1.0000	libstdcxx/system	1
_ZSt23__copy_move_backward_a2ILb1EP16STPvPBuddyDBInfoS1_ET1_T0_S3_S2_	STPvPBuddyDBInfo* std::__copy_move_backward_a2<true, STPvPBuddyDBInfo*, STPvPBuddyDBInfo*>(STPvPBuddyDBInfo*, STPvPBuddyDBInfo*, STPvPBuddyDBInfo*)	W	68	68	NEAR	1.0000	libstdcxx/system	1
_ZSt23__copy_move_backward_a2ILb1EPSsS0_ET1_T0_S2_S1_	std::basic_string<char, std::char_traits<char>, std::allocator<char> >* std::__copy_move_backward_a2<true, std::basic_string<char, std::char_traits<char>, std::allocator<char> >*, std::basic_string<char, std::char_traits<char>, std::allocator<char> >*>(std::basic_string<char, std::char_traits<char>, std::allocator<char> >*, std::basic_string<char, std::char_traits<char>, std::allocator<char> >*, std::basic_string<char, std::char_traits<char>, std::allocator<char> >*)	W	68	68	NEAR	1.0000	libstdcxx/system	1
_ZSt23__throw_underflow_errorPKc	std::__throw_underflow_error(char const*)	T	202	203	DIFF	0.9828	libstdcxx/system	1
_ZSt24__throw_invalid_argumentPKc	std::__throw_invalid_argument(char const*)	T	202	203	DIFF	0.9828	libstdcxx/system	1
_ZSt28_Rb_tree_rebalance_for_erasePSt18_Rb_tree_node_baseRS_	std::_Rb_tree_rebalance_for_erase(std::_Rb_tree_node_base*, std::_Rb_tree_node_base&)	T	1064	1064	DIFF	1.0000	libstdcxx/system	1
_ZSt29_Rb_tree_insert_and_rebalancebPSt18_Rb_tree_node_baseS0_RS_	std::_Rb_tree_insert_and_rebalance(bool, std::_Rb_tree_node_base*, std::_Rb_tree_node_base*, std::_Rb_tree_node_base&)	T	667	667	DIFF	0.9852	libstdcxx/system	1
_ZSt2wsIcSt11char_traitsIcEERSt13basic_istreamIT_T0_ES6_	std::basic_istream<char, std::char_traits<char> >& std::ws<char, std::char_traits<char> >(std::basic_istream<char, std::char_traits<char> >&)	W	215	217	DIFF	0.9375	libstdcxx/system	1
_ZSt2wsIwSt11char_traitsIwEERSt13basic_istreamIT_T0_ES6_	std::basic_istream<wchar_t, std::char_traits<wchar_t> >& std::ws<wchar_t, std::char_traits<wchar_t> >(std::basic_istream<wchar_t, std::char_traits<wchar_t> >&)	W	243	244	DIFF	0.9556	libstdcxx/system	1
_ZSt3maxIjERKT_S2_S2_	unsigned int const& std::max<unsigned int>(unsigned int const&, unsigned int const&)	W	27	27	NEAR	1.0000	project	1
_ZSt3minIjERKT_S2_S2_	unsigned int const& std::min<unsigned int>(unsigned int const&, unsigned int const&)	W	27	27	NEAR	1.0000	project	1
_ZSt4endlIcSt11char_traitsIcEERSt13basic_ostreamIT_T0_ES6_	std::basic_ostream<char, std::char_traits<char> >& std::endl<char, std::char_traits<char> >(std::basic_ostream<char, std::char_traits<char> >&)	W	103	103	DIFF	0.9394	libstdcxx/system	1
_ZSt4endlIwSt11char_traitsIwEERSt13basic_ostreamIT_T0_ES6_	std::basic_ostream<wchar_t, std::char_traits<wchar_t> >& std::endl<wchar_t, std::char_traits<wchar_t> >(std::basic_ostream<wchar_t, std::char_traits<wchar_t> >&)	W	72	74	DIFF	0.9130	libstdcxx/system	1
_ZSt4endsIcSt11char_traitsIcEERSt13basic_ostreamIT_T0_ES6_	std::basic_ostream<char, std::char_traits<char> >& std::ends<char, std::char_traits<char> >(std::basic_ostream<char, std::char_traits<char> >&)	W	27	28	DIFF	0.8889	libstdcxx/system	1
_ZSt4endsIwSt11char_traitsIwEERSt13basic_ostreamIT_T0_ES6_	std::basic_ostream<wchar_t, std::char_traits<wchar_t> >& std::ends<wchar_t, std::char_traits<wchar_t> >(std::basic_ostream<wchar_t, std::char_traits<wchar_t> >&)	W	27	28	DIFF	0.8889	libstdcxx/system	1
_ZSt4moveIN9__gnu_cxx17__normal_iteratorIP16STPvPBuddyDBInfoSt6vectorIS2_SaIS2_EEEES7_ET0_T_S9_S8_	__gnu_cxx::__normal_iterator<STPvPBuddyDBInfo*, std::vector<STPvPBuddyDBInfo, std::allocator<STPvPBuddyDBInfo> > > std::move<__gnu_cxx::__normal_iterator<STPvPBuddyDBInfo*, std::vector<STPvPBuddyDBInfo, std::allocator<STPvPBuddyDBInfo> > >, __gnu_cxx::__normal_iterator<STPvPBuddyDBInfo*, std::vector<STPvPBuddyDBInfo, std::allocator<STPvPBuddyDBInfo> > > >(__gnu_cxx::__normal_iterator<STPvPBuddyDBInfo*, std::vector<STPvPBuddyDBInfo, std::allocator<STPvPBuddyDBInfo> > >, __gnu_cxx::__normal_iterator<STPvPBuddyDBInfo*, std::vector<STPvPBuddyDBInfo, std::allocator<STPvPBuddyDBInfo> > >, __gnu_cxx::__normal_iterator<STPvPBuddyDBInfo*, std::vector<STPvPBuddyDBInfo, std::allocator<STPvPBuddyDBInfo> > >)	W	93	93	NEAR	1.0000	libstdcxx/system	1
_ZSt4moveIR16STPvPBuddyDBInfoEONSt16remove_referenceIT_E4typeEOS3_	std::remove_reference<STPvPBuddyDBInfo&>::type&& std::move<STPvPBuddyDBInfo&>(STPvPBuddyDBInfo&)	W	8	8	IDENTICAL	1.0000	libstdcxx/system	1
_ZSt4moveIR5CUserEONSt16remove_referenceIT_E4typeEOS3_	std::remove_reference<CUser&>::type&& std::move<CUser&>(CUser&)	W	8	8	IDENTICAL	1.0000	libstdcxx/system	1
_ZSt4moveIRP5CFLogEONSt16remove_referenceIT_E4typeEOS4_	std::remove_reference<CFLog*&>::type&& std::move<CFLog*&>(CFLog*&)	W	8	8	IDENTICAL	1.0000	libstdcxx/system	1
_ZSt4moveIRPFiP15ISessionManagerP15CNetworkSessionP12PacketHeaderEEONSt16remove_referenceIT_E4typeEOSA_	std::remove_reference<int (*&)(ISessionManager*, CNetworkSession*, PacketHeader*)>::type&& std::move<int (*&)(ISessionManager*, CNetworkSession*, PacketHeader*)>(int (*&)(ISessionManager*, CNetworkSession*, PacketHeader*))	W	8	8	IDENTICAL	1.0000	libstdcxx/system	1
_ZSt4moveIRPcEONSt16remove_referenceIT_E4typeEOS3_	std::remove_reference<char*&>::type&& std::move<char*&>(char*&)	W	8	8	IDENTICAL	1.0000	libstdcxx/system	1
_ZSt4moveIRSsEONSt16remove_referenceIT_E4typeEOS2_	std::remove_reference<std::basic_string<char, std::char_traits<char>, std::allocator<char> >&>::type&& std::move<std::basic_string<char, std::char_traits<char>, std::allocator<char> >&>(std::basic_string<char, std::char_traits<char>, std::allocator<char> >&)	W	8	8	IDENTICAL	1.0000	libstdcxx/system	1
_ZSt4moveIRjEONSt16remove_referenceIT_E4typeEOS2_	std::remove_reference<unsigned int&>::type&& std::move<unsigned int&>(unsigned int&)	W	8	8	IDENTICAL	1.0000	libstdcxx/system	1
_ZSt4moveIRtEONSt16remove_referenceIT_E4typeEOS2_	std::remove_reference<unsigned short&>::type&& std::move<unsigned short&>(unsigned short&)	W	8	8	IDENTICAL	1.0000	libstdcxx/system	1
_ZSt5flushIcSt11char_traitsIcEERSt13basic_ostreamIT_T0_ES6_	std::basic_ostream<char, std::char_traits<char> >& std::flush<char, std::char_traits<char> >(std::basic_ostream<char, std::char_traits<char> >&)	W	12	13	DIFF	0.8000	libstdcxx/system	1
_ZSt5flushIwSt11char_traitsIwEERSt13basic_ostreamIT_T0_ES6_	std::basic_ostream<wchar_t, std::char_traits<wchar_t> >& std::flush<wchar_t, std::char_traits<wchar_t> >(std::basic_ostream<wchar_t, std::char_traits<wchar_t> >&)	W	12	13	DIFF	0.8000	libstdcxx/system	1
_ZSt7find_ifIN9__gnu_cxx17__normal_iteratorIP16STPvPBuddyDBInfoSt6vectorIS2_SaIS2_EEEE10CFindBuddyET_S9_S9_T0_	__gnu_cxx::__normal_iterator<STPvPBuddyDBInfo*, std::vector<STPvPBuddyDBInfo, std::allocator<STPvPBuddyDBInfo> > > std::find_if<__gnu_cxx::__normal_iterator<STPvPBuddyDBInfo*, std::vector<STPvPBuddyDBInfo, std::allocator<STPvPBuddyDBInfo> > >, CFindBuddy>(__gnu_cxx::__normal_iterator<STPvPBuddyDBInfo*, std::vector<STPvPBuddyDBInfo, std::allocator<STPvPBuddyDBInfo> > >, __gnu_cxx::__normal_iterator<STPvPBuddyDBInfo*, std::vector<STPvPBuddyDBInfo, std::allocator<STPvPBuddyDBInfo> > >, CFindBuddy)	W	143	143	NEAR	1.0000	project	1
_ZSt7find_ifISt17_Rb_tree_iteratorISt4pairIKj5CUserEE9CFindUserET_S7_S7_T0_	std::_Rb_tree_iterator<std::pair<unsigned int const, CUser> > std::find_if<std::_Rb_tree_iterator<std::pair<unsigned int const, CUser> >, CFindUser>(std::_Rb_tree_iterator<std::pair<unsigned int const, CUser> >, std::_Rb_tree_iterator<std::pair<unsigned int const, CUser> >, CFindUser)	W	143	143	NEAR	1.0000	project	1
_ZSt7forwardI16STPvPBuddyDBInfoEOT_ONSt8identityIS1_E4typeE	STPvPBuddyDBInfo&& std::forward<STPvPBuddyDBInfo>(std::identity<STPvPBuddyDBInfo>::type&&)	W	8	8	IDENTICAL	1.0000	libstdcxx/system	1
_ZSt7forwardI5CUserEOT_ONSt8identityIS1_E4typeE	CUser&& std::forward<CUser>(std::identity<CUser>::type&&)	W	8	8	IDENTICAL	1.0000	libstdcxx/system	1
_ZSt7forwardIRK16STPvPBuddyDBInfoEOT_ONSt8identityIS3_E4typeE	STPvPBuddyDBInfo const& std::forward<STPvPBuddyDBInfo const&>(std::identity<STPvPBuddyDBInfo const&>::type&&)	W	8	8	IDENTICAL	1.0000	libstdcxx/system	1
_ZSt7forwardIRKSsEOT_ONSt8identityIS2_E4typeE	std::basic_string<char, std::char_traits<char>, std::allocator<char> > const& std::forward<std::basic_string<char, std::char_traits<char>, std::allocator<char> > const&>(std::identity<std::basic_string<char, std::char_traits<char>, std::allocator<char> > const&>::type&&)	W	8	8	IDENTICAL	1.0000	libstdcxx/system	1
_ZSt7forwardIRKSt4pairIKSsP5CFLogEEOT_ONSt8identityIS7_E4typeE	std::pair<std::basic_string<char, std::char_traits<char>, std::allocator<char> > const, CFLog*> const& std::forward<std::pair<std::basic_string<char, std::char_traits<char>, std::allocator<char> > const, CFLog*> const&>(std::identity<std::pair<std::basic_string<char, std::char_traits<char>, std::allocator<char> > const, CFLog*> const&>::type&&)	W	8	8	IDENTICAL	1.0000	libstdcxx/system	1
_ZSt7forwardIRKSt4pairIKSsSsEEOT_ONSt8identityIS5_E4typeE	std::pair<std::basic_string<char, std::char_traits<char>, std::allocator<char> > const, std::basic_string<char, std::char_traits<char>, std::allocator<char> > > const& std::forward<std::pair<std::basic_string<char, std::char_traits<char>, std::allocator<char> > const, std::basic_string<char, std::char_traits<char>, std::allocator<char> > > const&>(std::identity<std::pair<std::basic_string<char, std::char_traits<char>, std::allocator<char> > const, std::basic_string<char, std::char_traits<char>, std::allocator<char> > > const&>::type&&)	W	8	8	IDENTICAL	1.0000	libstdcxx/system	1
_ZSt7forwardIRKSt4pairIKj5CUserEEOT_ONSt8identityIS6_E4typeE	std::pair<unsigned int const, CUser> const& std::forward<std::pair<unsigned int const, CUser> const&>(std::identity<std::pair<unsigned int const, CUser> const&>::type&&)	W	8	8	IDENTICAL	1.0000	libstdcxx/system	1
_ZSt7forwardIRKSt4pairIKtPFiP15ISessionManagerP15CNetworkSessionP12PacketHeaderEEEOT_ONSt8identityISD_E4typeE	std::pair<unsigned short const, int (*)(ISessionManager*, CNetworkSession*, PacketHeader*)> const& std::forward<std::pair<unsigned short const, int (*)(ISessionManager*, CNetworkSession*, PacketHeader*)> const&>(std::identity<std::pair<unsigned short const, int (*)(ISessionManager*, CNetworkSession*, PacketHeader*)> const&>::type&&)	W	8	8	IDENTICAL	1.0000	libstdcxx/system	1
_ZSt7forwardIRP5CFLogEOT_ONSt8identityIS3_E4typeE	CFLog*& std::forward<CFLog*&>(std::identity<CFLog*&>::type&&)	W	8	8	IDENTICAL	1.0000	libstdcxx/system	1
_ZSt7forwardIRPFiP15ISessionManagerP15CNetworkSessionP12PacketHeaderEEOT_ONSt8identityIS9_E4typeE	int (*&std::forward<int (*&)(ISessionManager*, CNetworkSession*, PacketHeader*)>(std::identity<int (*&)(ISessionManager*, CNetworkSession*, PacketHeader*)>::type&&))(ISessionManager*, CNetworkSession*, PacketHeader*)	W	8	8	IDENTICAL	1.0000	libstdcxx/system	1
_ZSt7forwardIRPcEOT_ONSt8identityIS2_E4typeE	char*& std::forward<char*&>(std::identity<char*&>::type&&)	W	8	8	IDENTICAL	1.0000	libstdcxx/system	1
_ZSt7forwardIRSsEOT_ONSt8identityIS1_E4typeE	std::basic_string<char, std::char_traits<char>, std::allocator<char> >& std::forward<std::basic_string<char, std::char_traits<char>, std::allocator<char> >&>(std::identity<std::basic_string<char, std::char_traits<char>, std::allocator<char> >&>::type&&)	W	8	8	IDENTICAL	1.0000	libstdcxx/system	1
_ZSt7forwardIRSt17_Rb_tree_iteratorISt4pairIKSsP5CFLogEEEOT_ONSt8identityIS8_E4typeE	std::_Rb_tree_iterator<std::pair<std::basic_string<char, std::char_traits<char>, std::allocator<char> > const, CFLog*> >& std::forward<std::_Rb_tree_iterator<std::pair<std::basic_string<char, std::char_traits<char>, std::allocator<char> > const, CFLog*> >&>(std::identity<std::_Rb_tree_iterator<std::pair<std::basic_string<char, std::char_traits<char>, std::allocator<char> > const, CFLog*> >&>::type&&)	W	8	8	IDENTICAL	1.0000	libstdcxx/system	1
_ZSt7forwardIRSt17_Rb_tree_iteratorISt4pairIKSsSsEEEOT_ONSt8identityIS6_E4typeE	std::_Rb_tree_iterator<std::pair<std::basic_string<char, std::char_traits<char>, std::allocator<char> > const, std::basic_string<char, std::char_traits<char>, std::allocator<char> > > >& std::forward<std::_Rb_tree_iterator<std::pair<std::basic_string<char, std::char_traits<char>, std::allocator<char> > const, std::basic_string<char, std::char_traits<char>, std::allocator<char> > > >&>(std::identity<std::_Rb_tree_iterator<std::pair<std::basic_string<char, std::char_traits<char>, std::allocator<char> > const, std::basic_string<char, std::char_traits<char>, std::allocator<char> > > >&>::type&&)	W	8	8	IDENTICAL	1.0000	libstdcxx/system	1
_ZSt7forwardIRSt17_Rb_tree_iteratorISt4pairIKj5CUserEEEOT_ONSt8identityIS7_E4typeE	std::_Rb_tree_iterator<std::pair<unsigned int const, CUser> >& std::forward<std::_Rb_tree_iterator<std::pair<unsigned int const, CUser> >&>(std::identity<std::_Rb_tree_iterator<std::pair<unsigned int const, CUser> >&>::type&&)	W	8	8	IDENTICAL	1.0000	libstdcxx/system	1
_ZSt7forwardIRSt17_Rb_tree_iteratorISt4pairIKtPFiP15ISessionManagerP15CNetworkSessionP12PacketHeaderEEEEOT_ONSt8identityISE_E4typeE	std::_Rb_tree_iterator<std::pair<unsigned short const, int (*)(ISessionManager*, CNetworkSession*, PacketHeader*)> >& std::forward<std::_Rb_tree_iterator<std::pair<unsigned short const, int (*)(ISessionManager*, CNetworkSession*, PacketHeader*)> >&>(std::identity<std::_Rb_tree_iterator<std::pair<unsigned short const, int (*)(ISessionManager*, CNetworkSession*, PacketHeader*)> >&>::type&&)	W	8	8	IDENTICAL	1.0000	libstdcxx/system	1
_ZSt7forwardIRjEOT_ONSt8identityIS1_E4typeE	unsigned int& std::forward<unsigned int&>(std::identity<unsigned int&>::type&&)	W	8	8	IDENTICAL	1.0000	libstdcxx/system	1
_ZSt7forwardIRtEOT_ONSt8identityIS1_E4typeE	unsigned short& std::forward<unsigned short&>(std::identity<unsigned short&>::type&&)	W	8	8	IDENTICAL	1.0000	libstdcxx/system	1
_ZSt7forwardISsEOT_ONSt8identityIS0_E4typeE	std::basic_string<char, std::char_traits<char>, std::allocator<char> >&& std::forward<std::basic_string<char, std::char_traits<char>, std::allocator<char> > >(std::identity<std::basic_string<char, std::char_traits<char>, std::allocator<char> > >::type&&)	W	8	8	IDENTICAL	1.0000	libstdcxx/system	1
_ZSt7forwardISt17_Rb_tree_iteratorISt4pairIKSsP5CFLogEEEOT_ONSt8identityIS7_E4typeE	std::_Rb_tree_iterator<std::pair<std::basic_string<char, std::char_traits<char>, std::allocator<char> > const, CFLog*> >&& std::forward<std::_Rb_tree_iterator<std::pair<std::basic_string<char, std::char_traits<char>, std::allocator<char> > const, CFLog*> > >(std::identity<std::_Rb_tree_iterator<std::pair<std::basic_string<char, std::char_traits<char>, std::allocator<char> > const, CFLog*> > >::type&&)	W	8	8	IDENTICAL	1.0000	libstdcxx/system	1
_ZSt7forwardISt17_Rb_tree_iteratorISt4pairIKSsSsEEEOT_ONSt8identityIS5_E4typeE	std::_Rb_tree_iterator<std::pair<std::basic_string<char, std::char_traits<char>, std::allocator<char> > const, std::basic_string<char, std::char_traits<char>, std::allocator<char> > > >&& std::forward<std::_Rb_tree_iterator<std::pair<std::basic_string<char, std::char_traits<char>, std::allocator<char> > const, std::basic_string<char, std::char_traits<char>, std::allocator<char> > > > >(std::identity<std::_Rb_tree_iterator<std::pair<std::basic_string<char, std::char_traits<char>, std::allocator<char> > const, std::basic_string<char, std::char_traits<char>, std::allocator<char> > > > >::type&&)	W	8	8	IDENTICAL	1.0000	libstdcxx/system	1
_ZSt7forwardISt17_Rb_tree_iteratorISt4pairIKj5CUserEEEOT_ONSt8identityIS6_E4typeE	std::_Rb_tree_iterator<std::pair<unsigned int const, CUser> >&& std::forward<std::_Rb_tree_iterator<std::pair<unsigned int const, CUser> > >(std::identity<std::_Rb_tree_iterator<std::pair<unsigned int const, CUser> > >::type&&)	W	8	8	IDENTICAL	1.0000	libstdcxx/system	1
_ZSt7forwardISt17_Rb_tree_iteratorISt4pairIKtPFiP15ISessionManagerP15CNetworkSessionP12PacketHeaderEEEEOT_ONSt8identityISD_E4typeE	std::_Rb_tree_iterator<std::pair<unsigned short const, int (*)(ISessionManager*, CNetworkSession*, PacketHeader*)> >&& std::forward<std::_Rb_tree_iterator<std::pair<unsigned short const, int (*)(ISessionManager*, CNetworkSession*, PacketHeader*)> > >(std::identity<std::_Rb_tree_iterator<std::pair<unsigned short const, int (*)(ISessionManager*, CNetworkSession*, PacketHeader*)> > >::type&&)	W	8	8	IDENTICAL	1.0000	libstdcxx/system	1
_ZSt7forwardIbEOT_ONSt8identityIS0_E4typeE	bool&& std::forward<bool>(std::identity<bool>::type&&)	W	8	8	IDENTICAL	1.0000	libstdcxx/system	1
_ZSt7getlineIcSt11char_traitsIcESaIcEERSt13basic_istreamIT_T0_ES7_RSbIS4_S5_T1_E	std::basic_istream<char, std::char_traits<char> >& std::getline<char, std::char_traits<char>, std::allocator<char> >(std::basic_istream<char, std::char_traits<char> >&, std::basic_string<char, std::char_traits<char>, std::allocator<char> >&)	W	95	103	DIFF	0.9118	libstdcxx/system	1
_ZSt7getlineIcSt11char_traitsIcESaIcEERSt13basic_istreamIT_T0_ES7_RSbIS4_S5_T1_ES4_	std::basic_istream<char, std::char_traits<char> >& std::getline<char, std::char_traits<char>, std::allocator<char> >(std::basic_istream<char, std::char_traits<char> >&, std::basic_string<char, std::char_traits<char>, std::allocator<char> >&, char)	T	684	693	DIFF	0.9171	libstdcxx/system	1
_ZSt7getlineIwSt11char_traitsIwESaIwEERSt13basic_istreamIT_T0_ES7_RSbIS4_S5_T1_E	std::basic_istream<wchar_t, std::char_traits<wchar_t> >& std::getline<wchar_t, std::char_traits<wchar_t>, std::allocator<wchar_t> >(std::basic_istream<wchar_t, std::char_traits<wchar_t> >&, std::basic_string<wchar_t, std::char_traits<wchar_t>, std::allocator<wchar_t> >&)	W	72	74	DIFF	0.9167	libstdcxx/system	1
_ZSt7getlineIwSt11char_traitsIwESaIwEERSt13basic_istreamIT_T0_ES7_RSbIS4_S5_T1_ES4_	std::basic_istream<wchar_t, std::char_traits<wchar_t> >& std::getline<wchar_t, std::char_traits<wchar_t>, std::allocator<wchar_t> >(std::basic_istream<wchar_t, std::char_traits<wchar_t> >&, std::basic_string<wchar_t, std::char_traits<wchar_t>, std::allocator<wchar_t> >&, wchar_t)	T	711	711	DIFF	0.9543	libstdcxx/system	1
_ZSt7setfillIcESt8_SetfillIT_ES1_	std::_Setfill<char> std::setfill<char>(char)	W	15	15	IDENTICAL	1.0000	libstdcxx/system	1
_ZSt7setfillIwESt8_SetfillIT_ES1_	std::_Setfill<wchar_t> std::setfill<wchar_t>(wchar_t)	W	15	15	IDENTICAL	1.0000	libstdcxx/system	1
_ZSt8_DestroyIP16STPvPBuddyDBInfoEvT_S2_	void std::_Destroy<STPvPBuddyDBInfo*>(STPvPBuddyDBInfo*, STPvPBuddyDBInfo*)	W	26	26	NEAR	1.0000	project	1
_ZSt8_DestroyIP16STPvPBuddyDBInfoS0_EvT_S2_RSaIT0_E	void std::_Destroy<STPvPBuddyDBInfo*, STPvPBuddyDBInfo>(STPvPBuddyDBInfo*, STPvPBuddyDBInfo*, std::allocator<STPvPBuddyDBInfo>&)	W	26	26	NEAR	1.0000	libstdcxx/system	1
_ZSt8_DestroyIPSsEvT_S1_	void std::_Destroy<std::basic_string<char, std::char_traits<char>, std::allocator<char> >*>(std::basic_string<char, std::char_traits<char>, std::allocator<char> >*, std::basic_string<char, std::char_traits<char>, std::allocator<char> >*)	W	26	26	NEAR	1.0000	project	1
_ZSt8_DestroyIPSsSsEvT_S1_RSaIT0_E	void std::_Destroy<std::basic_string<char, std::char_traits<char>, std::allocator<char> >*, std::basic_string<char, std::char_traits<char>, std::allocator<char> > >(std::basic_string<char, std::char_traits<char>, std::allocator<char> >*, std::basic_string<char, std::char_traits<char>, std::allocator<char> >*, std::allocator<std::basic_string<char, std::char_traits<char>, std::allocator<char> > >&)	W	26	26	NEAR	1.0000	libstdcxx/system	1
_ZSt8_DestroyISsEvPT_	void std::_Destroy<std::basic_string<char, std::char_traits<char>, std::allocator<char> > >(std::basic_string<char, std::char_traits<char>, std::allocator<char> >*)	W	19	19	NEAR	1.0000	project	1
_ZSt9__find_ifIN9__gnu_cxx17__normal_iteratorIP16STPvPBuddyDBInfoSt6vectorIS2_SaIS2_EEEE10CFindBuddyET_S9_S9_T0_St26random_access_iterator_tag	__gnu_cxx::__normal_iterator<STPvPBuddyDBInfo*, std::vector<STPvPBuddyDBInfo, std::allocator<STPvPBuddyDBInfo> > > std::__find_if<__gnu_cxx::__normal_iterator<STPvPBuddyDBInfo*, std::vector<STPvPBuddyDBInfo, std::allocator<STPvPBuddyDBInfo> > >, CFindBuddy>(__gnu_cxx::__normal_iterator<STPvPBuddyDBInfo*, std::vector<STPvPBuddyDBInfo, std::allocator<STPvPBuddyDBInfo> > >, __gnu_cxx::__normal_iterator<STPvPBuddyDBInfo*, std::vector<STPvPBuddyDBInfo, std::allocator<STPvPBuddyDBInfo> > >, CFindBuddy, std::random_access_iterator_tag)	W	459	459	NEAR	1.0000	libstdcxx/system	1
_ZSt9__find_ifISt17_Rb_tree_iteratorISt4pairIKj5CUserEE9CFindUserET_S7_S7_T0_St18input_iterator_tag	std::_Rb_tree_iterator<std::pair<unsigned int const, CUser> > std::__find_if<std::_Rb_tree_iterator<std::pair<unsigned int const, CUser> >, CFindUser>(std::_Rb_tree_iterator<std::pair<unsigned int const, CUser> >, std::_Rb_tree_iterator<std::pair<unsigned int const, CUser> >, CFindUser, std::input_iterator_tag)	W	197	197	NEAR	1.0000	libstdcxx/system	1
_ZSt9has_facetISt10moneypunctIcLb0EEEbRKSt6locale	bool std::has_facet<std::moneypunct<char, false> >(std::locale const&)	W	105	105	DIFF	0.9688	libstdcxx/system	1
_ZSt9has_facetISt10moneypunctIwLb0EEEbRKSt6locale	bool std::has_facet<std::moneypunct<wchar_t, false> >(std::locale const&)	W	105	105	DIFF	0.9688	libstdcxx/system	1
_ZSt9has_facetISt11__timepunctIcEEbRKSt6locale	bool std::has_facet<std::__timepunct<char> >(std::locale const&)	W	105	105	DIFF	0.9688	libstdcxx/system	1
_ZSt9has_facetISt11__timepunctIwEEbRKSt6locale	bool std::has_facet<std::__timepunct<wchar_t> >(std::locale const&)	W	105	105	DIFF	0.9688	libstdcxx/system	1
_ZSt9has_facetISt5ctypeIcEEbRKSt6locale	bool std::has_facet<std::ctype<char> >(std::locale const&)	W	105	105	DIFF	0.9688	libstdcxx/system	1
_ZSt9has_facetISt5ctypeIwEEbRKSt6locale	bool std::has_facet<std::ctype<wchar_t> >(std::locale const&)	W	105	105	DIFF	0.9688	libstdcxx/system	1
_ZSt9has_facetISt7codecvtIcc11__mbstate_tEEbRKSt6locale	bool std::has_facet<std::codecvt<char, char, __mbstate_t> >(std::locale const&)	W	105	105	DIFF	0.9688	libstdcxx/system	1
_ZSt9has_facetISt7codecvtIwc11__mbstate_tEEbRKSt6locale	bool std::has_facet<std::codecvt<wchar_t, char, __mbstate_t> >(std::locale const&)	W	105	105	DIFF	0.9688	libstdcxx/system	1
_ZSt9has_facetISt7collateIcEEbRKSt6locale	bool std::has_facet<std::collate<char> >(std::locale const&)	W	105	105	DIFF	0.9688	libstdcxx/system	1
_ZSt9has_facetISt7collateIwEEbRKSt6locale	bool std::has_facet<std::collate<wchar_t> >(std::locale const&)	W	105	105	DIFF	0.9688	libstdcxx/system	1
_ZSt9has_facetISt7num_getIcSt19istreambuf_iteratorIcSt11char_traitsIcEEEEbRKSt6locale	bool std::has_facet<std::num_get<char, std::istreambuf_iterator<char, std::char_traits<char> > > >(std::locale const&)	W	105	105	DIFF	0.9688	libstdcxx/system	1
_ZSt9has_facetISt7num_getIwSt19istreambuf_iteratorIwSt11char_traitsIwEEEEbRKSt6locale	bool std::has_facet<std::num_get<wchar_t, std::istreambuf_iterator<wchar_t, std::char_traits<wchar_t> > > >(std::locale const&)	W	105	105	DIFF	0.9688	libstdcxx/system	1
_ZSt9has_facetISt7num_putIcSt19ostreambuf_iteratorIcSt11char_traitsIcEEEEbRKSt6locale	bool std::has_facet<std::num_put<char, std::ostreambuf_iterator<char, std::char_traits<char> > > >(std::locale const&)	W	105	105	DIFF	0.9688	libstdcxx/system	1
_ZSt9has_facetISt7num_putIwSt19ostreambuf_iteratorIwSt11char_traitsIwEEEEbRKSt6locale	bool std::has_facet<std::num_put<wchar_t, std::ostreambuf_iterator<wchar_t, std::char_traits<wchar_t> > > >(std::locale const&)	W	105	105	DIFF	0.9688	libstdcxx/system	1
_ZSt9has_facetISt8messagesIcEEbRKSt6locale	bool std::has_facet<std::messages<char> >(std::locale const&)	W	105	105	DIFF	0.9688	libstdcxx/system	1
_ZSt9has_facetISt8messagesIwEEbRKSt6locale	bool std::has_facet<std::messages<wchar_t> >(std::locale const&)	W	105	105	DIFF	0.9688	libstdcxx/system	1
_ZSt9has_facetISt8numpunctIcEEbRKSt6locale	bool std::has_facet<std::numpunct<char> >(std::locale const&)	W	105	105	DIFF	0.9688	libstdcxx/system	1
_ZSt9has_facetISt8numpunctIwEEbRKSt6locale	bool std::has_facet<std::numpunct<wchar_t> >(std::locale const&)	W	105	105	DIFF	0.9688	libstdcxx/system	1
_ZSt9has_facetISt8time_getIcSt19istreambuf_iteratorIcSt11char_traitsIcEEEEbRKSt6locale	bool std::has_facet<std::time_get<char, std::istreambuf_iterator<char, std::char_traits<char> > > >(std::locale const&)	W	105	105	DIFF	0.9688	libstdcxx/system	1
_ZSt9has_facetISt8time_getIwSt19istreambuf_iteratorIwSt11char_traitsIwEEEEbRKSt6locale	bool std::has_facet<std::time_get<wchar_t, std::istreambuf_iterator<wchar_t, std::char_traits<wchar_t> > > >(std::locale const&)	W	105	105	DIFF	0.9688	libstdcxx/system	1
_ZSt9has_facetISt8time_putIcSt19ostreambuf_iteratorIcSt11char_traitsIcEEEEbRKSt6locale	bool std::has_facet<std::time_put<char, std::ostreambuf_iterator<char, std::char_traits<char> > > >(std::locale const&)	W	105	105	DIFF	0.9688	libstdcxx/system	1
_ZSt9has_facetISt8time_putIwSt19ostreambuf_iteratorIwSt11char_traitsIwEEEEbRKSt6locale	bool std::has_facet<std::time_put<wchar_t, std::ostreambuf_iterator<wchar_t, std::char_traits<wchar_t> > > >(std::locale const&)	W	105	105	DIFF	0.9688	libstdcxx/system	1
_ZSt9has_facetISt9money_getIcSt19istreambuf_iteratorIcSt11char_traitsIcEEEEbRKSt6locale	bool std::has_facet<std::money_get<char, std::istreambuf_iterator<char, std::char_traits<char> > > >(std::locale const&)	W	105	105	DIFF	0.9688	libstdcxx/system	1
_ZSt9has_facetISt9money_getIwSt19istreambuf_iteratorIwSt11char_traitsIwEEEEbRKSt6locale	bool std::has_facet<std::money_get<wchar_t, std::istreambuf_iterator<wchar_t, std::char_traits<wchar_t> > > >(std::locale const&)	W	105	105	DIFF	0.9688	libstdcxx/system	1
_ZSt9has_facetISt9money_putIcSt19ostreambuf_iteratorIcSt11char_traitsIcEEEEbRKSt6locale	bool std::has_facet<std::money_put<char, std::ostreambuf_iterator<char, std::char_traits<char> > > >(std::locale const&)	W	105	105	DIFF	0.9688	libstdcxx/system	1
_ZSt9has_facetISt9money_putIwSt19ostreambuf_iteratorIwSt11char_traitsIwEEEEbRKSt6locale	bool std::has_facet<std::money_put<wchar_t, std::ostreambuf_iterator<wchar_t, std::char_traits<wchar_t> > > >(std::locale const&)	W	105	105	DIFF	0.9688	libstdcxx/system	1
_ZSt9make_pairIRKSsRPcESt4pairINSt17__decay_and_stripIT_E6__typeENS5_IT0_E6__typeEEOS6_OS9_	std::pair<std::__decay_and_strip<std::basic_string<char, std::char_traits<char>, std::allocator<char> > const&>::__type, std::__decay_and_strip<char*&>::__type> std::make_pair<std::basic_string<char, std::char_traits<char>, std::allocator<char> > const&, char*&>(std::basic_string<char, std::char_traits<char>, std::allocator<char> > const&, char*&)	W	68	68	NEAR	1.0000	libstdcxx/system	1
_ZSt9make_pairIRSsRP5CFLogESt4pairINSt17__decay_and_stripIT_E6__typeENS5_IT0_E6__typeEEOS6_OS9_	std::pair<std::__decay_and_strip<std::basic_string<char, std::char_traits<char>, std::allocator<char> >&>::__type, std::__decay_and_strip<CFLog*&>::__type> std::make_pair<std::basic_string<char, std::char_traits<char>, std::allocator<char> >&, CFLog*&>(std::basic_string<char, std::char_traits<char>, std::allocator<char> >&, CFLog*&)	W	68	68	NEAR	1.0000	libstdcxx/system	1
_ZSt9make_pairIRj5CUserESt4pairINSt17__decay_and_stripIT_E6__typeENS3_IT0_E6__typeEEOS4_OS7_	std::pair<std::__decay_and_strip<unsigned int&>::__type, std::__decay_and_strip<CUser>::__type> std::make_pair<unsigned int&, CUser>(unsigned int&, CUser&&)	W	68	68	NEAR	1.0000	libstdcxx/system	1
_ZSt9make_pairIRtRPFiP15ISessionManagerP15CNetworkSessionP12PacketHeaderEESt4pairINSt17__decay_and_stripIT_E6__typeENSB_IT0_E6__typeEEOSC_OSF_	std::pair<std::__decay_and_strip<unsigned short&>::__type, std::__decay_and_strip<int (*&)(ISessionManager*, CNetworkSession*, PacketHeader*)>::__type> std::make_pair<unsigned short&, int (*&)(ISessionManager*, CNetworkSession*, PacketHeader*)>(unsigned short&, int (*&)(ISessionManager*, CNetworkSession*, PacketHeader*))	W	62	62	NEAR	1.0000	libstdcxx/system	1
_ZSt9terminatev	std::terminate()	T	34	35	DIFF	0.9000	libstdcxx/system	1
_ZSt9use_facetISt10moneypunctIcLb0EEERKT_RKSt6locale	std::moneypunct<char, false> const& std::use_facet<std::moneypunct<char, false> >(std::locale const&)	W	90	90	DIFF	0.9600	libstdcxx/system	1
_ZSt9use_facetISt10moneypunctIcLb1EEERKT_RKSt6locale	std::moneypunct<char, true> const& std::use_facet<std::moneypunct<char, true> >(std::locale const&)	W	90	90	DIFF	0.9600	libstdcxx/system	1
_ZSt9use_facetISt10moneypunctIwLb0EEERKT_RKSt6locale	std::moneypunct<wchar_t, false> const& std::use_facet<std::moneypunct<wchar_t, false> >(std::locale const&)	W	90	90	DIFF	0.9600	libstdcxx/system	1
_ZSt9use_facetISt10moneypunctIwLb1EEERKT_RKSt6locale	std::moneypunct<wchar_t, true> const& std::use_facet<std::moneypunct<wchar_t, true> >(std::locale const&)	W	90	90	DIFF	0.9600	libstdcxx/system	1
_ZSt9use_facetISt11__timepunctIcEERKT_RKSt6locale	std::__timepunct<char> const& std::use_facet<std::__timepunct<char> >(std::locale const&)	W	90	90	DIFF	0.9600	libstdcxx/system	1
_ZSt9use_facetISt11__timepunctIwEERKT_RKSt6locale	std::__timepunct<wchar_t> const& std::use_facet<std::__timepunct<wchar_t> >(std::locale const&)	W	90	90	DIFF	0.9600	libstdcxx/system	1
_ZSt9use_facetISt5ctypeIcEERKT_RKSt6locale	std::ctype<char> const& std::use_facet<std::ctype<char> >(std::locale const&)	W	90	90	DIFF	0.9600	libstdcxx/system	1
_ZSt9use_facetISt5ctypeIwEERKT_RKSt6locale	std::ctype<wchar_t> const& std::use_facet<std::ctype<wchar_t> >(std::locale const&)	W	90	90	DIFF	0.9600	libstdcxx/system	1
_ZSt9use_facetISt7codecvtIcc11__mbstate_tEERKT_RKSt6locale	std::codecvt<char, char, __mbstate_t> const& std::use_facet<std::codecvt<char, char, __mbstate_t> >(std::locale const&)	W	90	90	DIFF	0.9600	libstdcxx/system	1
_ZSt9use_facetISt7codecvtIwc11__mbstate_tEERKT_RKSt6locale	std::codecvt<wchar_t, char, __mbstate_t> const& std::use_facet<std::codecvt<wchar_t, char, __mbstate_t> >(std::locale const&)	W	90	90	DIFF	0.9600	libstdcxx/system	1
_ZSt9use_facetISt7collateIcEERKT_RKSt6locale	std::collate<char> const& std::use_facet<std::collate<char> >(std::locale const&)	W	90	90	DIFF	0.9600	libstdcxx/system	1
_ZSt9use_facetISt7collateIwEERKT_RKSt6locale	std::collate<wchar_t> const& std::use_facet<std::collate<wchar_t> >(std::locale const&)	W	90	90	DIFF	0.9600	libstdcxx/system	1
_ZSt9use_facetISt7num_getIcSt19istreambuf_iteratorIcSt11char_traitsIcEEEERKT_RKSt6locale	std::num_get<char, std::istreambuf_iterator<char, std::char_traits<char> > > const& std::use_facet<std::num_get<char, std::istreambuf_iterator<char, std::char_traits<char> > > >(std::locale const&)	W	90	90	DIFF	0.9600	libstdcxx/system	1
_ZSt9use_facetISt7num_getIwSt19istreambuf_iteratorIwSt11char_traitsIwEEEERKT_RKSt6locale	std::num_get<wchar_t, std::istreambuf_iterator<wchar_t, std::char_traits<wchar_t> > > const& std::use_facet<std::num_get<wchar_t, std::istreambuf_iterator<wchar_t, std::char_traits<wchar_t> > > >(std::locale const&)	W	90	90	DIFF	0.9600	libstdcxx/system	1
_ZSt9use_facetISt7num_putIcSt19ostreambuf_iteratorIcSt11char_traitsIcEEEERKT_RKSt6locale	std::num_put<char, std::ostreambuf_iterator<char, std::char_traits<char> > > const& std::use_facet<std::num_put<char, std::ostreambuf_iterator<char, std::char_traits<char> > > >(std::locale const&)	W	90	90	DIFF	0.9600	libstdcxx/system	1
_ZSt9use_facetISt7num_putIwSt19ostreambuf_iteratorIwSt11char_traitsIwEEEERKT_RKSt6locale	std::num_put<wchar_t, std::ostreambuf_iterator<wchar_t, std::char_traits<wchar_t> > > const& std::use_facet<std::num_put<wchar_t, std::ostreambuf_iterator<wchar_t, std::char_traits<wchar_t> > > >(std::locale const&)	W	90	90	DIFF	0.9600	libstdcxx/system	1
_ZSt9use_facetISt8messagesIcEERKT_RKSt6locale	std::messages<char> const& std::use_facet<std::messages<char> >(std::locale const&)	W	90	90	DIFF	0.9600	libstdcxx/system	1
_ZSt9use_facetISt8messagesIwEERKT_RKSt6locale	std::messages<wchar_t> const& std::use_facet<std::messages<wchar_t> >(std::locale const&)	W	90	90	DIFF	0.9600	libstdcxx/system	1
_ZSt9use_facetISt8numpunctIcEERKT_RKSt6locale	std::numpunct<char> const& std::use_facet<std::numpunct<char> >(std::locale const&)	W	90	90	DIFF	0.9600	libstdcxx/system	1
_ZSt9use_facetISt8numpunctIwEERKT_RKSt6locale	std::numpunct<wchar_t> const& std::use_facet<std::numpunct<wchar_t> >(std::locale const&)	W	90	90	DIFF	0.9600	libstdcxx/system	1
_ZSt9use_facetISt8time_getIcSt19istreambuf_iteratorIcSt11char_traitsIcEEEERKT_RKSt6locale	std::time_get<char, std::istreambuf_iterator<char, std::char_traits<char> > > const& std::use_facet<std::time_get<char, std::istreambuf_iterator<char, std::char_traits<char> > > >(std::locale const&)	W	90	90	DIFF	0.9600	libstdcxx/system	1
_ZSt9use_facetISt8time_getIwSt19istreambuf_iteratorIwSt11char_traitsIwEEEERKT_RKSt6locale	std::time_get<wchar_t, std::istreambuf_iterator<wchar_t, std::char_traits<wchar_t> > > const& std::use_facet<std::time_get<wchar_t, std::istreambuf_iterator<wchar_t, std::char_traits<wchar_t> > > >(std::locale const&)	W	90	90	DIFF	0.9600	libstdcxx/system	1
_ZSt9use_facetISt8time_putIcSt19ostreambuf_iteratorIcSt11char_traitsIcEEEERKT_RKSt6locale	std::time_put<char, std::ostreambuf_iterator<char, std::char_traits<char> > > const& std::use_facet<std::time_put<char, std::ostreambuf_iterator<char, std::char_traits<char> > > >(std::locale const&)	W	90	90	DIFF	0.9600	libstdcxx/system	1
_ZSt9use_facetISt8time_putIwSt19ostreambuf_iteratorIwSt11char_traitsIwEEEERKT_RKSt6locale	std::time_put<wchar_t, std::ostreambuf_iterator<wchar_t, std::char_traits<wchar_t> > > const& std::use_facet<std::time_put<wchar_t, std::ostreambuf_iterator<wchar_t, std::char_traits<wchar_t> > > >(std::locale const&)	W	90	90	DIFF	0.9600	libstdcxx/system	1
_ZSt9use_facetISt9money_getIcSt19istreambuf_iteratorIcSt11char_traitsIcEEEERKT_RKSt6locale	std::money_get<char, std::istreambuf_iterator<char, std::char_traits<char> > > const& std::use_facet<std::money_get<char, std::istreambuf_iterator<char, std::char_traits<char> > > >(std::locale const&)	W	90	90	DIFF	0.9600	libstdcxx/system	1
_ZSt9use_facetISt9money_getIwSt19istreambuf_iteratorIwSt11char_traitsIwEEEERKT_RKSt6locale	std::money_get<wchar_t, std::istreambuf_iterator<wchar_t, std::char_traits<wchar_t> > > const& std::use_facet<std::money_get<wchar_t, std::istreambuf_iterator<wchar_t, std::char_traits<wchar_t> > > >(std::locale const&)	W	90	90	DIFF	0.9600	libstdcxx/system	1
_ZSt9use_facetISt9money_putIcSt19ostreambuf_iteratorIcSt11char_traitsIcEEEERKT_RKSt6locale	std::money_put<char, std::ostreambuf_iterator<char, std::char_traits<char> > > const& std::use_facet<std::money_put<char, std::ostreambuf_iterator<char, std::char_traits<char> > > >(std::locale const&)	W	90	90	DIFF	0.9600	libstdcxx/system	1
_ZSt9use_facetISt9money_putIwSt19ostreambuf_iteratorIwSt11char_traitsIwEEEERKT_RKSt6locale	std::money_put<wchar_t, std::ostreambuf_iterator<wchar_t, std::char_traits<wchar_t> > > const& std::use_facet<std::money_put<wchar_t, std::ostreambuf_iterator<wchar_t, std::char_traits<wchar_t> > > >(std::locale const&)	W	90	90	DIFF	0.9600	libstdcxx/system	1
_ZSteqIP16STPvPBuddyDBInfoS1_EbRKSt13move_iteratorIT_ERKS2_IT0_E	bool std::operator==<STPvPBuddyDBInfo*, STPvPBuddyDBInfo*>(std::move_iterator<STPvPBuddyDBInfo*> const&, std::move_iterator<STPvPBuddyDBInfo*> const&)	W	42	42	NEAR	1.0000	libstdcxx/system	1
_ZSteqIPSsS0_EbRKSt13move_iteratorIT_ERKS1_IT0_E	bool std::operator==<std::basic_string<char, std::char_traits<char>, std::allocator<char> >*, std::basic_string<char, std::char_traits<char>, std::allocator<char> >*>(std::move_iterator<std::basic_string<char, std::char_traits<char>, std::allocator<char> >*> const&, std::move_iterator<std::basic_string<char, std::char_traits<char>, std::allocator<char> >*> const&)	W	42	42	NEAR	1.0000	libstdcxx/system	1
_ZStlsISt11char_traitsIcEERSt13basic_ostreamIcT_ES5_PKa	std::basic_ostream<char, std::char_traits<char> >& std::operator<< <std::char_traits<char> >(std::basic_ostream<char, std::char_traits<char> >&, signed char const*)	W	101	102	DIFF	0.9189	libstdcxx/system	1
_ZStlsISt11char_traitsIcEERSt13basic_ostreamIcT_ES5_PKc	std::basic_ostream<char, std::char_traits<char> >& std::operator<< <std::char_traits<char> >(std::basic_ostream<char, std::char_traits<char> >&, char const*)	W	101	102	DIFF	0.9189	libstdcxx/system	1
_ZStlsISt11char_traitsIcEERSt13basic_ostreamIcT_ES5_PKh	std::basic_ostream<char, std::char_traits<char> >& std::operator<< <std::char_traits<char> >(std::basic_ostream<char, std::char_traits<char> >&, unsigned char const*)	W	101	102	DIFF	0.9189	libstdcxx/system	1
_ZStlsISt11char_traitsIcEERSt13basic_ostreamIcT_ES5_a	std::basic_ostream<char, std::char_traits<char> >& std::operator<< <std::char_traits<char> >(std::basic_ostream<char, std::char_traits<char> >&, signed char)	W	40	41	DIFF	0.9231	libstdcxx/system	1
_ZStlsISt11char_traitsIcEERSt13basic_ostreamIcT_ES5_c	std::basic_ostream<char, std::char_traits<char> >& std::operator<< <std::char_traits<char> >(std::basic_ostream<char, std::char_traits<char> >&, char)	W	40	41	DIFF	0.9231	libstdcxx/system	1
_ZStlsISt11char_traitsIcEERSt13basic_ostreamIcT_ES5_h	std::basic_ostream<char, std::char_traits<char> >& std::operator<< <std::char_traits<char> >(std::basic_ostream<char, std::char_traits<char> >&, unsigned char)	W	40	41	DIFF	0.9231	libstdcxx/system	1
_ZStlsIcSt11char_traitsIcEERSt13basic_ostreamIT_T0_ES6_St12_Setiosflags	std::basic_ostream<char, std::char_traits<char> >& std::operator<< <char, std::char_traits<char> >(std::basic_ostream<char, std::char_traits<char> >&, std::_Setiosflags)	W	22	22	IDENTICAL	1.0000	libstdcxx/system	1
_ZStlsIcSt11char_traitsIcEERSt13basic_ostreamIT_T0_ES6_St13_Setprecision	std::basic_ostream<char, std::char_traits<char> >& std::operator<< <char, std::char_traits<char> >(std::basic_ostream<char, std::char_traits<char> >&, std::_Setprecision)	W	20	20	IDENTICAL	1.0000	libstdcxx/system	1
_ZStlsIcSt11char_traitsIcEERSt13basic_ostreamIT_T0_ES6_St14_Resetiosflags	std::basic_ostream<char, std::char_traits<char> >& std::operator<< <char, std::char_traits<char> >(std::basic_ostream<char, std::char_traits<char> >&, std::_Resetiosflags)	W	24	24	DIFF	1.0000	libstdcxx/system	1
_ZStlsIcSt11char_traitsIcEERSt13basic_ostreamIT_T0_ES6_St5_Setw	std::basic_ostream<char, std::char_traits<char> >& std::operator<< <char, std::char_traits<char> >(std::basic_ostream<char, std::char_traits<char> >&, std::_Setw)	W	20	20	IDENTICAL	1.0000	libstdcxx/system	1
_ZStlsIcSt11char_traitsIcEERSt13basic_ostreamIT_T0_ES6_St8_Setbase	std::basic_ostream<char, std::char_traits<char> >& std::operator<< <char, std::char_traits<char> >(std::basic_ostream<char, std::char_traits<char> >&, std::_Setbase)	W	59	60	DIFF	0.9600	libstdcxx/system	1
_ZStlsIcSt11char_traitsIcEERSt13basic_ostreamIT_T0_ES6_St8_SetfillIS3_E	std::basic_ostream<char, std::char_traits<char> >& std::operator<< <char, std::char_traits<char> >(std::basic_ostream<char, std::char_traits<char> >&, std::_Setfill<char>)	W	119	119	DIFF	0.9500	libstdcxx/system	1
_ZStlsIcSt11char_traitsIcESaIcEERSt13basic_ostreamIT_T0_ES7_RKSbIS4_S5_T1_E	std::basic_ostream<char, std::char_traits<char> >& std::operator<< <char, std::char_traits<char>, std::allocator<char> >(std::basic_ostream<char, std::char_traits<char> >&, std::basic_string<char, std::char_traits<char>, std::allocator<char> > const&)	W	35	36	DIFF	0.9231	libstdcxx/system	1
_ZStlsIwSt11char_traitsIwEERSt13basic_ostreamIT_T0_ES6_PKS3_	std::basic_ostream<wchar_t, std::char_traits<wchar_t> >& std::operator<< <wchar_t, std::char_traits<wchar_t> >(std::basic_ostream<wchar_t, std::char_traits<wchar_t> >&, wchar_t const*)	W	101	102	DIFF	0.9189	libstdcxx/system	1
_ZStlsIwSt11char_traitsIwEERSt13basic_ostreamIT_T0_ES6_PKc	std::basic_ostream<wchar_t, std::char_traits<wchar_t> >& std::operator<< <wchar_t, std::char_traits<wchar_t> >(std::basic_ostream<wchar_t, std::char_traits<wchar_t> >&, char const*)	W	369	369	DIFF	0.9512	libstdcxx/system	1
_ZStlsIwSt11char_traitsIwEERSt13basic_ostreamIT_T0_ES6_S3_	std::basic_ostream<wchar_t, std::char_traits<wchar_t> >& std::operator<< <wchar_t, std::char_traits<wchar_t> >(std::basic_ostream<wchar_t, std::char_traits<wchar_t> >&, wchar_t)	W	34	35	DIFF	0.9091	libstdcxx/system	1
_ZStlsIwSt11char_traitsIwEERSt13basic_ostreamIT_T0_ES6_St12_Setiosflags	std::basic_ostream<wchar_t, std::char_traits<wchar_t> >& std::operator<< <wchar_t, std::char_traits<wchar_t> >(std::basic_ostream<wchar_t, std::char_traits<wchar_t> >&, std::_Setiosflags)	W	22	22	IDENTICAL	1.0000	libstdcxx/system	1
_ZStlsIwSt11char_traitsIwEERSt13basic_ostreamIT_T0_ES6_St13_Setprecision	std::basic_ostream<wchar_t, std::char_traits<wchar_t> >& std::operator<< <wchar_t, std::char_traits<wchar_t> >(std::basic_ostream<wchar_t, std::char_traits<wchar_t> >&, std::_Setprecision)	W	20	20	IDENTICAL	1.0000	libstdcxx/system	1
_ZStlsIwSt11char_traitsIwEERSt13basic_ostreamIT_T0_ES6_St14_Resetiosflags	std::basic_ostream<wchar_t, std::char_traits<wchar_t> >& std::operator<< <wchar_t, std::char_traits<wchar_t> >(std::basic_ostream<wchar_t, std::char_traits<wchar_t> >&, std::_Resetiosflags)	W	24	24	DIFF	1.0000	libstdcxx/system	1
_ZStlsIwSt11char_traitsIwEERSt13basic_ostreamIT_T0_ES6_St5_Setw	std::basic_ostream<wchar_t, std::char_traits<wchar_t> >& std::operator<< <wchar_t, std::char_traits<wchar_t> >(std::basic_ostream<wchar_t, std::char_traits<wchar_t> >&, std::_Setw)	W	20	20	IDENTICAL	1.0000	libstdcxx/system	1
_ZStlsIwSt11char_traitsIwEERSt13basic_ostreamIT_T0_ES6_St8_Setbase	std::basic_ostream<wchar_t, std::char_traits<wchar_t> >& std::operator<< <wchar_t, std::char_traits<wchar_t> >(std::basic_ostream<wchar_t, std::char_traits<wchar_t> >&, std::_Setbase)	W	59	60	DIFF	0.9600	libstdcxx/system	1
_ZStlsIwSt11char_traitsIwEERSt13basic_ostreamIT_T0_ES6_St8_SetfillIS3_E	std::basic_ostream<wchar_t, std::char_traits<wchar_t> >& std::operator<< <wchar_t, std::char_traits<wchar_t> >(std::basic_ostream<wchar_t, std::char_traits<wchar_t> >&, std::_Setfill<wchar_t>)	W	88	88	DIFF	0.9032	libstdcxx/system	1
_ZStlsIwSt11char_traitsIwEERSt13basic_ostreamIT_T0_ES6_c	std::basic_ostream<wchar_t, std::char_traits<wchar_t> >& std::operator<< <wchar_t, std::char_traits<wchar_t> >(std::basic_ostream<wchar_t, std::char_traits<wchar_t> >&, char)	W	82	84	DIFF	0.9259	libstdcxx/system	1
_ZStlsIwSt11char_traitsIwESaIwEERSt13basic_ostreamIT_T0_ES7_RKSbIS4_S5_T1_E	std::basic_ostream<wchar_t, std::char_traits<wchar_t> >& std::operator<< <wchar_t, std::char_traits<wchar_t>, std::allocator<wchar_t> >(std::basic_ostream<wchar_t, std::char_traits<wchar_t> >&, std::basic_string<wchar_t, std::char_traits<wchar_t>, std::allocator<wchar_t> > const&)	W	35	36	DIFF	0.9231	libstdcxx/system	1
_ZStltIcSt11char_traitsIcESaIcEEbRKSbIT_T0_T1_ES8_	bool std::operator< <char, std::char_traits<char>, std::allocator<char> >(std::basic_string<char, std::char_traits<char>, std::allocator<char> > const&, std::basic_string<char, std::char_traits<char>, std::allocator<char> > const&)	W	29	29	NEAR	1.0000	project	1
_ZStneIP16STPvPBuddyDBInfoS1_EbRKSt13move_iteratorIT_ERKS2_IT0_E	bool std::operator!=<STPvPBuddyDBInfo*, STPvPBuddyDBInfo*>(std::move_iterator<STPvPBuddyDBInfo*> const&, std::move_iterator<STPvPBuddyDBInfo*> const&)	W	29	29	NEAR	1.0000	libstdcxx/system	1
_ZStneIPSsS0_EbRKSt13move_iteratorIT_ERKS1_IT0_E	bool std::operator!=<std::basic_string<char, std::char_traits<char>, std::allocator<char> >*, std::basic_string<char, std::char_traits<char>, std::allocator<char> >*>(std::move_iterator<std::basic_string<char, std::char_traits<char>, std::allocator<char> >*> const&, std::move_iterator<std::basic_string<char, std::char_traits<char>, std::allocator<char> >*> const&)	W	29	29	NEAR	1.0000	libstdcxx/system	1
_ZStplIcSt11char_traitsIcESaIcEESbIT_T0_T1_EPKS3_RKS6_	std::basic_string<char, std::char_traits<char>, std::allocator<char> > std::operator+<char, std::char_traits<char>, std::allocator<char> >(char const*, std::basic_string<char, std::char_traits<char>, std::allocator<char> > const&)	W	126	126	DIFF	0.9744	libstdcxx/system	1
_ZStplIcSt11char_traitsIcESaIcEESbIT_T0_T1_ERKS6_S8_	std::basic_string<char, std::char_traits<char>, std::allocator<char> > std::operator+<char, std::char_traits<char>, std::allocator<char> >(std::basic_string<char, std::char_traits<char>, std::allocator<char> > const&, std::basic_string<char, std::char_traits<char>, std::allocator<char> > const&)	W	72	74	DIFF	0.9167	libstdcxx/system	1
_ZStplIcSt11char_traitsIcESaIcEESbIT_T0_T1_ES3_RKS6_	std::basic_string<char, std::char_traits<char>, std::allocator<char> > std::operator+<char, std::char_traits<char>, std::allocator<char> >(char, std::basic_string<char, std::char_traits<char>, std::allocator<char> > const&)	W	123	124	DIFF	0.9730	libstdcxx/system	1
_ZStplIwSt11char_traitsIwESaIwEESbIT_T0_T1_EPKS3_RKS6_	std::basic_string<wchar_t, std::char_traits<wchar_t>, std::allocator<wchar_t> > std::operator+<wchar_t, std::char_traits<wchar_t>, std::allocator<wchar_t> >(wchar_t const*, std::basic_string<wchar_t, std::char_traits<wchar_t>, std::allocator<wchar_t> > const&)	W	126	126	DIFF	0.9744	libstdcxx/system	1
_ZStplIwSt11char_traitsIwESaIwEESbIT_T0_T1_ERKS6_S8_	std::basic_string<wchar_t, std::char_traits<wchar_t>, std::allocator<wchar_t> > std::operator+<wchar_t, std::char_traits<wchar_t>, std::allocator<wchar_t> >(std::basic_string<wchar_t, std::char_traits<wchar_t>, std::allocator<wchar_t> > const&, std::basic_string<wchar_t, std::char_traits<wchar_t>, std::allocator<wchar_t> > const&)	W	72	74	DIFF	0.9167	libstdcxx/system	1
_ZStplIwSt11char_traitsIwESaIwEESbIT_T0_T1_ES3_RKS6_	std::basic_string<wchar_t, std::char_traits<wchar_t>, std::allocator<wchar_t> > std::operator+<wchar_t, std::char_traits<wchar_t>, std::allocator<wchar_t> >(wchar_t, std::basic_string<wchar_t, std::char_traits<wchar_t>, std::allocator<wchar_t> > const&)	W	111	112	DIFF	0.9697	libstdcxx/system	1
_ZStrsISt11char_traitsIcEERSt13basic_istreamIcT_ES5_Pa	std::basic_istream<char, std::char_traits<char> >& std::operator>><std::char_traits<char> >(std::basic_istream<char, std::char_traits<char> >&, signed char*)	W	12	13	DIFF	0.8000	libstdcxx/system	1
_ZStrsISt11char_traitsIcEERSt13basic_istreamIcT_ES5_Ph	std::basic_istream<char, std::char_traits<char> >& std::operator>><std::char_traits<char> >(std::basic_istream<char, std::char_traits<char> >&, unsigned char*)	W	12	13	DIFF	0.8000	libstdcxx/system	1
_ZStrsISt11char_traitsIcEERSt13basic_istreamIcT_ES5_Ra	std::basic_istream<char, std::char_traits<char> >& std::operator>><std::char_traits<char> >(std::basic_istream<char, std::char_traits<char> >&, signed char&)	W	12	13	DIFF	0.8000	libstdcxx/system	1
_ZStrsISt11char_traitsIcEERSt13basic_istreamIcT_ES5_Rh	std::basic_istream<char, std::char_traits<char> >& std::operator>><std::char_traits<char> >(std::basic_istream<char, std::char_traits<char> >&, unsigned char&)	W	12	13	DIFF	0.8000	libstdcxx/system	1
_ZStrsIcSt11char_traitsIcEERSt13basic_istreamIT_T0_ES6_PS3_	std::basic_istream<char, std::char_traits<char> >& std::operator>><char, std::char_traits<char> >(std::basic_istream<char, std::char_traits<char> >&, char*)	T	652	654	DIFF	0.9372	libstdcxx/system	1
_ZStrsIcSt11char_traitsIcEERSt13basic_istreamIT_T0_ES6_RS3_	std::basic_istream<char, std::char_traits<char> >& std::operator>><char, std::char_traits<char> >(std::basic_istream<char, std::char_traits<char> >&, char&)	W	229	238	DIFF	0.9324	libstdcxx/system	1
_ZStrsIcSt11char_traitsIcEERSt13basic_istreamIT_T0_ES6_St12_Setiosflags	std::basic_istream<char, std::char_traits<char> >& std::operator>><char, std::char_traits<char> >(std::basic_istream<char, std::char_traits<char> >&, std::_Setiosflags)	W	22	22	IDENTICAL	1.0000	libstdcxx/system	1
_ZStrsIcSt11char_traitsIcEERSt13basic_istreamIT_T0_ES6_St13_Setprecision	std::basic_istream<char, std::char_traits<char> >& std::operator>><char, std::char_traits<char> >(std::basic_istream<char, std::char_traits<char> >&, std::_Setprecision)	W	20	20	IDENTICAL	1.0000	libstdcxx/system	1
_ZStrsIcSt11char_traitsIcEERSt13basic_istreamIT_T0_ES6_St14_Resetiosflags	std::basic_istream<char, std::char_traits<char> >& std::operator>><char, std::char_traits<char> >(std::basic_istream<char, std::char_traits<char> >&, std::_Resetiosflags)	W	24	24	DIFF	1.0000	libstdcxx/system	1
_ZStrsIcSt11char_traitsIcEERSt13basic_istreamIT_T0_ES6_St5_Setw	std::basic_istream<char, std::char_traits<char> >& std::operator>><char, std::char_traits<char> >(std::basic_istream<char, std::char_traits<char> >&, std::_Setw)	W	20	20	IDENTICAL	1.0000	libstdcxx/system	1
_ZStrsIcSt11char_traitsIcEERSt13basic_istreamIT_T0_ES6_St8_Setbase	std::basic_istream<char, std::char_traits<char> >& std::operator>><char, std::char_traits<char> >(std::basic_istream<char, std::char_traits<char> >&, std::_Setbase)	W	59	60	DIFF	0.9600	libstdcxx/system	1
_ZStrsIcSt11char_traitsIcEERSt13basic_istreamIT_T0_ES6_St8_SetfillIS3_E	std::basic_istream<char, std::char_traits<char> >& std::operator>><char, std::char_traits<char> >(std::basic_istream<char, std::char_traits<char> >&, std::_Setfill<char>)	W	119	119	DIFF	0.9500	libstdcxx/system	1
_ZStrsIcSt11char_traitsIcESaIcEERSt13basic_istreamIT_T0_ES7_RSbIS4_S5_T1_E	std::basic_istream<char, std::char_traits<char> >& std::operator>><char, std::char_traits<char>, std::allocator<char> >(std::basic_istream<char, std::char_traits<char> >&, std::basic_string<char, std::char_traits<char>, std::allocator<char> >&)	T	802	783	DIFF	0.9461	libstdcxx/system	1
_ZStrsIwSt11char_traitsIwEERSt13basic_istreamIT_T0_ES6_PS3_	std::basic_istream<wchar_t, std::char_traits<wchar_t> >& std::operator>><wchar_t, std::char_traits<wchar_t> >(std::basic_istream<wchar_t, std::char_traits<wchar_t> >&, wchar_t*)	W	562	557	DIFF	0.9322	libstdcxx/system	1
_ZStrsIwSt11char_traitsIwEERSt13basic_istreamIT_T0_ES6_RS3_	std::basic_istream<wchar_t, std::char_traits<wchar_t> >& std::operator>><wchar_t, std::char_traits<wchar_t> >(std::basic_istream<wchar_t, std::char_traits<wchar_t> >&, wchar_t&)	W	244	253	DIFF	0.8916	libstdcxx/system	1
_ZStrsIwSt11char_traitsIwEERSt13basic_istreamIT_T0_ES6_St12_Setiosflags	std::basic_istream<wchar_t, std::char_traits<wchar_t> >& std::operator>><wchar_t, std::char_traits<wchar_t> >(std::basic_istream<wchar_t, std::char_traits<wchar_t> >&, std::_Setiosflags)	W	22	22	IDENTICAL	1.0000	libstdcxx/system	1
_ZStrsIwSt11char_traitsIwEERSt13basic_istreamIT_T0_ES6_St13_Setprecision	std::basic_istream<wchar_t, std::char_traits<wchar_t> >& std::operator>><wchar_t, std::char_traits<wchar_t> >(std::basic_istream<wchar_t, std::char_traits<wchar_t> >&, std::_Setprecision)	W	20	20	IDENTICAL	1.0000	libstdcxx/system	1
_ZStrsIwSt11char_traitsIwEERSt13basic_istreamIT_T0_ES6_St14_Resetiosflags	std::basic_istream<wchar_t, std::char_traits<wchar_t> >& std::operator>><wchar_t, std::char_traits<wchar_t> >(std::basic_istream<wchar_t, std::char_traits<wchar_t> >&, std::_Resetiosflags)	W	24	24	DIFF	1.0000	libstdcxx/system	1
_ZStrsIwSt11char_traitsIwEERSt13basic_istreamIT_T0_ES6_St5_Setw	std::basic_istream<wchar_t, std::char_traits<wchar_t> >& std::operator>><wchar_t, std::char_traits<wchar_t> >(std::basic_istream<wchar_t, std::char_traits<wchar_t> >&, std::_Setw)	W	20	20	IDENTICAL	1.0000	libstdcxx/system	1
_ZStrsIwSt11char_traitsIwEERSt13basic_istreamIT_T0_ES6_St8_Setbase	std::basic_istream<wchar_t, std::char_traits<wchar_t> >& std::operator>><wchar_t, std::char_traits<wchar_t> >(std::basic_istream<wchar_t, std::char_traits<wchar_t> >&, std::_Setbase)	W	59	60	DIFF	0.9600	libstdcxx/system	1
_ZStrsIwSt11char_traitsIwEERSt13basic_istreamIT_T0_ES6_St8_SetfillIS3_E	std::basic_istream<wchar_t, std::char_traits<wchar_t> >& std::operator>><wchar_t, std::char_traits<wchar_t> >(std::basic_istream<wchar_t, std::char_traits<wchar_t> >&, std::_Setfill<wchar_t>)	W	88	88	DIFF	0.9032	libstdcxx/system	1
_ZStrsIwSt11char_traitsIwESaIwEERSt13basic_istreamIT_T0_ES7_RSbIS4_S5_T1_E	std::basic_istream<wchar_t, std::char_traits<wchar_t> >& std::operator>><wchar_t, std::char_traits<wchar_t>, std::allocator<wchar_t> >(std::basic_istream<wchar_t, std::char_traits<wchar_t> >&, std::basic_string<wchar_t, std::char_traits<wchar_t>, std::allocator<wchar_t> >&)	W	741	733	DIFF	0.9495	libstdcxx/system	1
_ZThn4_N15CSessionManagerD0Ev	non-virtual thunk to CSessionManager::~CSessionManager()	T	7	7	NEAR	1.0000	project	1
_ZThn4_N15CSessionManagerD1Ev	non-virtual thunk to CSessionManager::~CSessionManager()	T	10	10	NEAR	1.0000	project	1
_ZThn8_NSdD0Ev	non-virtual thunk to std::basic_iostream<char, std::char_traits<char> >::~basic_iostream()	W	7	7	NEAR	1.0000	libstdcxx/system	1
_ZThn8_NSdD1Ev	non-virtual thunk to std::basic_iostream<char, std::char_traits<char> >::~basic_iostream()	W	7	7	NEAR	1.0000	libstdcxx/system	1
_ZThn8_NSt13basic_fstreamIcSt11char_traitsIcEED0Ev	non-virtual thunk to std::basic_fstream<char, std::char_traits<char> >::~basic_fstream()	W	7	7	NEAR	1.0000	libstdcxx/system	1
_ZThn8_NSt13basic_fstreamIcSt11char_traitsIcEED1Ev	non-virtual thunk to std::basic_fstream<char, std::char_traits<char> >::~basic_fstream()	W	7	7	NEAR	1.0000	libstdcxx/system	1
_ZThn8_NSt13basic_fstreamIwSt11char_traitsIwEED0Ev	non-virtual thunk to std::basic_fstream<wchar_t, std::char_traits<wchar_t> >::~basic_fstream()	W	7	7	NEAR	1.0000	libstdcxx/system	1
_ZThn8_NSt13basic_fstreamIwSt11char_traitsIwEED1Ev	non-virtual thunk to std::basic_fstream<wchar_t, std::char_traits<wchar_t> >::~basic_fstream()	W	7	7	NEAR	1.0000	libstdcxx/system	1
_ZThn8_NSt14basic_iostreamIwSt11char_traitsIwEED0Ev	non-virtual thunk to std::basic_iostream<wchar_t, std::char_traits<wchar_t> >::~basic_iostream()	W	7	7	NEAR	1.0000	libstdcxx/system	1
_ZThn8_NSt14basic_iostreamIwSt11char_traitsIwEED1Ev	non-virtual thunk to std::basic_iostream<wchar_t, std::char_traits<wchar_t> >::~basic_iostream()	W	7	7	NEAR	1.0000	libstdcxx/system	1
_ZTv0_n12_NSdD0Ev	virtual thunk to std::basic_iostream<char, std::char_traits<char> >::~basic_iostream()	W	15	15	NEAR	1.0000	libstdcxx/system	1
_ZTv0_n12_NSdD1Ev	virtual thunk to std::basic_iostream<char, std::char_traits<char> >::~basic_iostream()	W	15	15	NEAR	1.0000	libstdcxx/system	1
_ZTv0_n12_NSiD0Ev	virtual thunk to std::basic_istream<char, std::char_traits<char> >::~basic_istream()	W	15	15	NEAR	1.0000	libstdcxx/system	1
_ZTv0_n12_NSiD1Ev	virtual thunk to std::basic_istream<char, std::char_traits<char> >::~basic_istream()	W	15	15	NEAR	1.0000	libstdcxx/system	1
_ZTv0_n12_NSoD0Ev	virtual thunk to std::basic_ostream<char, std::char_traits<char> >::~basic_ostream()	W	15	15	NEAR	1.0000	libstdcxx/system	1
_ZTv0_n12_NSoD1Ev	virtual thunk to std::basic_ostream<char, std::char_traits<char> >::~basic_ostream()	W	15	15	NEAR	1.0000	libstdcxx/system	1
_ZTv0_n12_NSt13basic_fstreamIcSt11char_traitsIcEED0Ev	virtual thunk to std::basic_fstream<char, std::char_traits<char> >::~basic_fstream()	W	15	15	NEAR	1.0000	libstdcxx/system	1
_ZTv0_n12_NSt13basic_fstreamIcSt11char_traitsIcEED1Ev	virtual thunk to std::basic_fstream<char, std::char_traits<char> >::~basic_fstream()	W	15	15	NEAR	1.0000	libstdcxx/system	1
_ZTv0_n12_NSt13basic_fstreamIwSt11char_traitsIwEED0Ev	virtual thunk to std::basic_fstream<wchar_t, std::char_traits<wchar_t> >::~basic_fstream()	W	15	15	NEAR	1.0000	libstdcxx/system	1
_ZTv0_n12_NSt13basic_fstreamIwSt11char_traitsIwEED1Ev	virtual thunk to std::basic_fstream<wchar_t, std::char_traits<wchar_t> >::~basic_fstream()	W	15	15	NEAR	1.0000	libstdcxx/system	1
_ZTv0_n12_NSt13basic_istreamIwSt11char_traitsIwEED0Ev	virtual thunk to std::basic_istream<wchar_t, std::char_traits<wchar_t> >::~basic_istream()	W	15	15	NEAR	1.0000	libstdcxx/system	1
_ZTv0_n12_NSt13basic_istreamIwSt11char_traitsIwEED1Ev	virtual thunk to std::basic_istream<wchar_t, std::char_traits<wchar_t> >::~basic_istream()	W	15	15	NEAR	1.0000	libstdcxx/system	1
_ZTv0_n12_NSt13basic_ostreamIwSt11char_traitsIwEED0Ev	virtual thunk to std::basic_ostream<wchar_t, std::char_traits<wchar_t> >::~basic_ostream()	W	15	15	NEAR	1.0000	libstdcxx/system	1
_ZTv0_n12_NSt13basic_ostreamIwSt11char_traitsIwEED1Ev	virtual thunk to std::basic_ostream<wchar_t, std::char_traits<wchar_t> >::~basic_ostream()	W	15	15	NEAR	1.0000	libstdcxx/system	1
_ZTv0_n12_NSt14basic_ifstreamIcSt11char_traitsIcEED0Ev	virtual thunk to std::basic_ifstream<char, std::char_traits<char> >::~basic_ifstream()	W	15	15	NEAR	1.0000	libstdcxx/system	1
_ZTv0_n12_NSt14basic_ifstreamIcSt11char_traitsIcEED1Ev	virtual thunk to std::basic_ifstream<char, std::char_traits<char> >::~basic_ifstream()	W	15	15	NEAR	1.0000	libstdcxx/system	1
_ZTv0_n12_NSt14basic_ifstreamIwSt11char_traitsIwEED0Ev	virtual thunk to std::basic_ifstream<wchar_t, std::char_traits<wchar_t> >::~basic_ifstream()	W	15	15	NEAR	1.0000	libstdcxx/system	1
_ZTv0_n12_NSt14basic_ifstreamIwSt11char_traitsIwEED1Ev	virtual thunk to std::basic_ifstream<wchar_t, std::char_traits<wchar_t> >::~basic_ifstream()	W	15	15	NEAR	1.0000	libstdcxx/system	1
_ZTv0_n12_NSt14basic_iostreamIwSt11char_traitsIwEED0Ev	virtual thunk to std::basic_iostream<wchar_t, std::char_traits<wchar_t> >::~basic_iostream()	W	15	15	NEAR	1.0000	libstdcxx/system	1
_ZTv0_n12_NSt14basic_iostreamIwSt11char_traitsIwEED1Ev	virtual thunk to std::basic_iostream<wchar_t, std::char_traits<wchar_t> >::~basic_iostream()	W	15	15	NEAR	1.0000	libstdcxx/system	1
_ZTv0_n12_NSt14basic_ofstreamIcSt11char_traitsIcEED0Ev	virtual thunk to std::basic_ofstream<char, std::char_traits<char> >::~basic_ofstream()	W	15	15	NEAR	1.0000	libstdcxx/system	1
_ZTv0_n12_NSt14basic_ofstreamIcSt11char_traitsIcEED1Ev	virtual thunk to std::basic_ofstream<char, std::char_traits<char> >::~basic_ofstream()	W	15	15	NEAR	1.0000	libstdcxx/system	1
_ZTv0_n12_NSt14basic_ofstreamIwSt11char_traitsIwEED0Ev	virtual thunk to std::basic_ofstream<wchar_t, std::char_traits<wchar_t> >::~basic_ofstream()	W	15	15	NEAR	1.0000	libstdcxx/system	1
_ZTv0_n12_NSt14basic_ofstreamIwSt11char_traitsIwEED1Ev	virtual thunk to std::basic_ofstream<wchar_t, std::char_traits<wchar_t> >::~basic_ofstream()	W	15	15	NEAR	1.0000	libstdcxx/system	1
_ZdaPv	operator delete[](void*)	T	35	37	DIFF	0.8462	libstdcxx/system	1
_ZdlPv	operator delete(void*)	T	39	41	DIFF	0.8667	libstdcxx/system	1
_ZdlPvS_	operator delete(void*, void*)	W	5	5	IDENTICAL	1.0000	project	1
_Znaj	operator new[](unsigned int)	T	56	58	DIFF	0.8947	libstdcxx/system	1
_ZnajRKSt9nothrow_t	operator new[](unsigned int, std::nothrow_t const&)	T	42	44	DIFF	0.8667	libstdcxx/system	1
_Znwj	operator new(unsigned int)	T	157	166	DIFF	0.9245	libstdcxx/system	1
_ZnwjPv	operator new(unsigned int, void*)	W	8	8	IDENTICAL	1.0000	project	1
_ZnwjRKSt9nothrow_t	operator new(unsigned int, std::nothrow_t const&)	T	146	146	DIFF	0.9245	libstdcxx/system	1
__cxa_allocate_dependent_exception	__cxa_allocate_dependent_exception	T	363	351	DIFF	0.9608	libstdcxx/system	1
__cxa_allocate_exception	__cxa_allocate_exception	T	475	483	DIFF	0.8643	libstdcxx/system	1
__cxa_bad_cast	__cxa_bad_cast	T	69	70	DIFF	0.9412	libstdcxx/system	1
__cxa_bad_typeid	__cxa_bad_typeid	T	69	70	DIFF	0.9412	libstdcxx/system	1
__cxa_begin_catch	__cxa_begin_catch	T	171	179	DIFF	0.9492	libstdcxx/system	1
__cxa_call_terminate	__cxa_call_terminate	T	85	85	DIFF	0.9231	libstdcxx/system	1
__cxa_call_unexpected	__cxa_call_unexpected	T	264	265	DIFF	0.9730	libstdcxx/system	1
__cxa_current_exception_type	__cxa_current_exception_type	T	55	55	DIFF	0.9091	libstdcxx/system	1
__cxa_demangle	__cxa_demangle	T	407	407	DIFF	0.9916	libstdcxx/system	1
__cxa_end_catch	__cxa_end_catch	T	175	175	DIFF	0.9333	libstdcxx/system	1
__cxa_free_dependent_exception	__cxa_free_dependent_exception	T	299	299	DIFF	0.9759	libstdcxx/system	1
__cxa_free_exception	__cxa_free_exception	T	296	296	DIFF	0.9750	libstdcxx/system	1
__cxa_get_exception_ptr	__cxa_get_exception_ptr	T	11	11	IDENTICAL	1.0000	libstdcxx/system	1
__cxa_get_globals	__cxa_get_globals	T	30	30	NEAR	1.0000	libstdcxx/system	1
__cxa_get_globals_fast	__cxa_get_globals_fast	T	30	30	NEAR	1.0000	libstdcxx/system	1
__cxa_guard_abort	__cxa_guard_abort	T	100	101	DIFF	0.8710	libstdcxx/system	1
__cxa_guard_acquire	__cxa_guard_acquire	T	235	236	DIFF	0.9459	libstdcxx/system	1
__cxa_guard_release	__cxa_guard_release	T	103	104	DIFF	0.9032	libstdcxx/system	1
__cxa_pure_virtual	__cxa_pure_virtual	T	53	54	DIFF	0.9167	libstdcxx/system	1
__cxa_rethrow	__cxa_rethrow	T	106	106	DIFF	0.9032	libstdcxx/system	1
__cxa_throw	__cxa_throw	T	113	123	DIFF	0.8750	libstdcxx/system	1
__deregister_frame	__deregister_frame	T	49	49	NEAR	1.0000	libstdcxx/system	1
__deregister_frame_info	__deregister_frame_info	T	12	12	NEAR	1.0000	libstdcxx/system	1
__deregister_frame_info_bases	__deregister_frame_info_bases	T	255	255	NEAR	1.0000	libstdcxx/system	1
__dynamic_cast	__dynamic_cast	T	266	265	DIFF	0.9780	libstdcxx/system	1
__frame_state_for	__frame_state_for	T	300	300	NEAR	1.0000	libstdcxx/system	1
__gcclibcxx_demangle_callback	__gcclibcxx_demangle_callback	T	58	58	DIFF	0.9130	libstdcxx/system	1
__gxx_personality_v0	__gxx_personality_v0	T	1360	1360	DIFF	0.9532	libstdcxx/system	1
__libc_csu_fini	__libc_csu_fini	T	5	0	MISSING	0.0000	libstdcxx/system	1
__libc_csu_init	__libc_csu_init	T	105	0	MISSING	0.0000	libstdcxx/system	1
__register_frame	__register_frame	T	66	66	NEAR	1.0000	libstdcxx/system	1
__register_frame_info	__register_frame_info	T	42	42	NEAR	1.0000	libstdcxx/system	1
__register_frame_info_bases	__register_frame_info_bases	T	153	153	NEAR	1.0000	libstdcxx/system	1
__register_frame_info_table	__register_frame_info_table	T	42	42	NEAR	1.0000	libstdcxx/system	1
__register_frame_info_table_bases	__register_frame_info_table_bases	T	147	147	NEAR	1.0000	libstdcxx/system	1
__register_frame_table	__register_frame_table	T	51	51	NEAR	1.0000	libstdcxx/system	1
__stack_chk_fail_local	__stack_chk_fail_local	T	20	20	DIFF	0.6667	libstdcxx/system	1
__udivdi3	__udivdi3	T	296	296	NEAR	1.0000	libstdcxx/system	1
__umoddi3	__umoddi3	T	315	315	NEAR	1.0000	libstdcxx/system	1
add_fdes	add_fdes	t	279	279	NEAR	1.0000	libstdcxx/system	1
base_from_cb_data	base_from_cb_data	t	106	106	NEAR	1.0000	libstdcxx/system	1
base_from_object	base_from_object	t	106	106	NEAR	1.0000	libstdcxx/system	1
classify_object_over_fdes	classify_object_over_fdes	t	361	361	NEAR	1.0000	libstdcxx/system	1
d_append_buffer	d_append_buffer	t	167	176	DIFF	0.9200	libstdcxx/system	1
d_append_char	d_append_char	t	124	124	DIFF	0.9062	libstdcxx/system	1
d_append_string	d_append_string	t	192	193	DIFF	0.9464	libstdcxx/system	1
d_bare_function_type	d_bare_function_type	t	250	250	DIFF	0.9310	libstdcxx/system	1
d_call_offset	d_call_offset	t	100	100	DIFF	0.9211	libstdcxx/system	1
d_cv_qualifiers	d_cv_qualifiers	t	161	162	DIFF	0.9672	libstdcxx/system	1
d_demangle_callback	d_demangle_callback	t	821	817	DIFF	0.9789	libstdcxx/system	1
d_encoding	d_encoding	t	1449	1449	DIFF	0.9636	libstdcxx/system	1
d_expr_primary	d_expr_primary	t	317	317	DIFF	0.8899	libstdcxx/system	1
d_expression	d_expression	t	994	994	DIFF	0.9734	libstdcxx/system	1
d_exprlist	d_exprlist	t	161	162	DIFF	0.8966	libstdcxx/system	1
d_find_pack	d_find_pack	t	180	180	DIFF	0.9286	libstdcxx/system	1
d_growable_string_callback_adapter	d_growable_string_callback_adapter	t	242	242	DIFF	0.9744	libstdcxx/system	1
d_make_comp	d_make_comp	t	141	141	DIFF	0.9423	libstdcxx/system	1
d_make_name	d_make_name	t	97	97	DIFF	0.9211	libstdcxx/system	1
d_name	d_name	t	872	881	DIFF	0.9197	libstdcxx/system	1
d_number	d_number	t	127	127	DIFF	0.8936	libstdcxx/system	1
d_operator_name	d_operator_name	t	394	416	DIFF	0.9259	libstdcxx/system	1
d_print_array_type	d_print_array_type	t	812	812	DIFF	0.9885	libstdcxx/system	1
d_print_cast	d_print_cast	t	409	417	DIFF	0.9583	libstdcxx/system	1
d_print_comp	d_print_comp	t	5220	5220	DIFF	0.9896	libstdcxx/system	1
d_print_expr_op	d_print_expr_op	t	199	208	DIFF	0.9167	libstdcxx/system	1
d_print_function_type	d_print_function_type	t	860	860	DIFF	0.9895	libstdcxx/system	1
d_print_mod	d_print_mod	t	282	282	DIFF	0.9886	libstdcxx/system	1
d_print_mod_list	d_print_mod_list	t	347	348	DIFF	0.9504	libstdcxx/system	1
d_print_subexpr	d_print_subexpr	t	258	266	DIFF	0.9365	libstdcxx/system	1
d_source_name	d_source_name	t	230	230	DIFF	0.9750	libstdcxx/system	1
d_substitution	d_substitution	t	508	508	DIFF	0.9551	libstdcxx/system	1
d_template_args	d_template_args	t	278	279	DIFF	0.9032	libstdcxx/system	1
d_template_param	d_template_param	t	113	113	DIFF	0.9556	libstdcxx/system	1
d_type	d_type	t	1887	1887	DIFF	0.9491	libstdcxx/system	1
d_unqualified_name	d_unqualified_name	t	458	458	DIFF	0.9589	libstdcxx/system	1
execute_cfa_program	execute_cfa_program	t	2455	2506	DIFF	0.9288	libstdcxx/system	1
execute_stack_op	execute_stack_op	t	3709	3685	DIFF	0.7545	libstdcxx/system	1
fde_mixed_encoding_compare	fde_mixed_encoding_compare	t	140	137	DIFF	0.9200	libstdcxx/system	1
fde_single_encoding_compare	fde_single_encoding_compare	t	124	125	DIFF	0.9318	libstdcxx/system	1
fde_unencoded_compare	fde_unencoded_compare	t	28	32	DIFF	0.7857	libstdcxx/system	1
frame_downheap	frame_downheap	t	184	195	DIFF	0.9577	libstdcxx/system	1
frame_heapsort	frame_heapsort	t	150	150	NEAR	1.0000	libstdcxx/system	1
get_cie_encoding	get_cie_encoding	t	274	274	NEAR	1.0000	libstdcxx/system	1
init_dwarf_reg_size_table	init_dwarf_reg_size_table	t	128	128	NEAR	1.0000	libstdcxx/system	1
linear_search_fdes	linear_search_fdes	t	323	323	NEAR	1.0000	libstdcxx/system	1
main	main	T	1335	1363	DIFF	0.9350	project	1
pthread_equal	pthread_equal	W	17	17	DIFF	1.0000	libstdcxx/system	1
read_encoded_value_with_base	read_encoded_value_with_base	t	411	424	DIFF	0.8301	libstdcxx/system	1
read_sleb128	read_sleb128	t	78	78	NEAR	1.0000	libstdcxx/system	1
search_object	search_object	t	1623	1625	DIFF	0.9902	libstdcxx/system	1
size_of_encoded_value	size_of_encoded_value	t	104	104	NEAR	1.0000	libstdcxx/system	1
uw_frame_state_for	uw_frame_state_for	t	2080	2046	DIFF	0.9469	libstdcxx/system	1
uw_init_context_1	uw_init_context_1	t	329	329	NEAR	1.0000	libstdcxx/system	1
uw_install_context_1	uw_install_context_1	t	285	285	NEAR	1.0000	libstdcxx/system	1
uw_update_context	uw_update_context	t	140	140	NEAR	1.0000	libstdcxx/system	1
uw_update_context_1	uw_update_context_1	t	1009	1009	DIFF	0.9766	libstdcxx/system	1
_ZSt10_ConstructI16STPvPBuddyDBInfoRKS0_EvPT_OT0_	void std::_Construct<STPvPBuddyDBInfo, STPvPBuddyDBInfo const&>(STPvPBuddyDBInfo*, STPvPBuddyDBInfo const&)		0	124	EXTRA	0.0000	libstdcxx/system	0
_ZSt10_ConstructI16STPvPBuddyDBInfoS0_EvPT_OT0_	void std::_Construct<STPvPBuddyDBInfo, STPvPBuddyDBInfo>(STPvPBuddyDBInfo*, STPvPBuddyDBInfo&&)		0	124	EXTRA	0.0000	libstdcxx/system	0
_ZSt10_ConstructISsSsEvPT_OT0_	void std::_Construct<std::basic_string<char, std::char_traits<char>, std::allocator<char> >, std::basic_string<char, std::char_traits<char>, std::allocator<char> > >(std::basic_string<char, std::char_traits<char>, std::allocator<char> >*, std::basic_string<char, std::char_traits<char>, std::allocator<char> >&&)		0	103	EXTRA	0.0000	libstdcxx/system	0
__x86.get_pc_thunk.bx	__x86.get_pc_thunk.bx		0	4	EXTRA	0.0000	libstdcxx/system	0
_dl_relocate_static_pie	_dl_relocate_static_pie		0	1	EXTRA	0.0000	libstdcxx/system	0
_start	_start		0	50	EXTRA	0.0000	libstdcxx/system	0
