id	svc	status	mangled	demangled	file	line	report
DNF-MON-NEAR-0001	mon	NEAR	_ZN10CAppConfig11Parse_TableEPci	CAppConfig::Parse_Table(char*, int)	source/DNFServer/GameServer/Monitor/DNFAppConfig.cpp	65	function_reports/monitor/_ZN10CAppConfig11Parse_TableEPci.md
DNF-MON-DIFF-0001	mon	DIFF	_ZN10CIPCounter11setLoadTermEh	CIPCounter::setLoadTerm(unsigned char)	source/DNFServer/GameServer/Monitor/IPCounter.cpp	67	function_reports/monitor/_ZN10CIPCounter11setLoadTermEh.md
DNF-MON-DIFF-0002	mon	DIFF	_ZN10CIPCounter13setMinIPCountEh	CIPCounter::setMinIPCount(unsigned char)	source/DNFServer/GameServer/Monitor/IPCounter.cpp	82	function_reports/monitor/_ZN10CIPCounter13setMinIPCountEh.md
DNF-MON-NEAR-0002	mon	NEAR	_ZN10CIPCounter9setOptionEhh	CIPCounter::setOption(unsigned char, unsigned char)	source/DNFServer/GameServer/Monitor/IPCounter.cpp	92	function_reports/monitor/_ZN10CIPCounter9setOptionEhh.md
DNF-MON-NEAR-0003	mon	NEAR	_ZN11CCashObject15GetBuddysObjectEPP6CBuddy	CCashObject::GetBuddysObject(CBuddy**)	source/DNFServer/GameServer/Monitor/CashObject.cpp	104	function_reports/monitor/_ZN11CCashObject15GetBuddysObjectEPP6CBuddy.md
DNF-MON-DIFF-0003	mon	DIFF	_ZN11CUdpHandler16InitServerSocketEi	CUdpHandler::InitServerSocket(int)	source/DNFServer/GameServer/Monitor/DNFUdpHandler.cpp	41	function_reports/monitor/_ZN11CUdpHandler16InitServerSocketEi.md
DNF-MON-DIFF-0004	mon	DIFF	_ZN12CAppStopInit4InitEP12CApplicationiPPc	CAppStopInit::Init(CApplication*, int, char**)	source/DNFServer/GameServer/Monitor/DNFAppStopInit.cpp	32	function_reports/monitor/_ZN12CAppStopInit4InitEP12CApplicationiPPc.md
DNF-MON-DIFF-0005	mon	DIFF	_ZN12CApplication15TranslateSignalEv	CApplication::TranslateSignal()	source/DNFServer/GameServer/Monitor/DNFApplication.cpp	951	function_reports/monitor/_ZN12CApplication15TranslateSignalEv.md
DNF-MON-DIFF-0006	mon	DIFF	_ZN12CApplication4LoadEiPPc	CApplication::Load(int, char**)	source/DNFServer/GameServer/Monitor/DNFApplication.cpp	312	function_reports/monitor/_ZN12CApplication4LoadEiPPc.md
DNF-MON-DIFF-0007	mon	DIFF	_ZN12CBuddyHandle11addFromCashEP6CBuddy	CBuddyHandle::addFromCash(CBuddy*)	source/DNFServer/GameServer/Monitor/DNFBuddyHandle.cpp	195	function_reports/monitor/_ZN12CBuddyHandle11addFromCashEP6CBuddy.md
DNF-MON-DIFF-0008	mon	DIFF	_ZN12CBuddyHandle11printBuddysEPc	CBuddyHandle::printBuddys(char*)	source/DNFServer/GameServer/Monitor/DNFBuddyHandle.cpp	248	function_reports/monitor/_ZN12CBuddyHandle11printBuddysEPc.md
DNF-MON-DIFF-0009	mon	DIFF	_ZN12CBuddyHandle5addDBEP14CServerHandlerPc	CBuddyHandle::addDB(CServerHandler*, char*)	source/DNFServer/GameServer/Monitor/DNFBuddyHandle.cpp	47	function_reports/monitor/_ZN12CBuddyHandle5addDBEP14CServerHandlerPc.md
DNF-MON-NEAR-0004	mon	NEAR	_ZN12CUserManager11AddSchoolNoEjh	CUserManager::AddSchoolNo(unsigned int, unsigned char)	source/DNFServer/GameServer/Monitor/DNFUserManager.cpp	582	function_reports/monitor/_ZN12CUserManager11AddSchoolNoEjh.md
DNF-MON-DIFF-0010	mon	DIFF	_ZN12CUserManager14GetSchoolCountEjPjRh	CUserManager::GetSchoolCount(unsigned int, unsigned int*, unsigned char&)	source/DNFServer/GameServer/Monitor/DNFUserManager.cpp	341	function_reports/monitor/_ZN12CUserManager14GetSchoolCountEjPjRh.md
DNF-MON-NEAR-0005	mon	NEAR	_ZN12CUserManager15ProcessByMinuteEv	CUserManager::ProcessByMinute()	source/DNFServer/GameServer/Monitor/DNFUserManager.cpp	85	function_reports/monitor/_ZN12CUserManager15ProcessByMinuteEv.md
DNF-MON-NEAR-0006	mon	NEAR	_ZN12CUserManager17InsertUser_CharNoEjP5CUser	CUserManager::InsertUser_CharNo(unsigned int, CUser*)	source/DNFServer/GameServer/Monitor/DNFUserManager.cpp	432	function_reports/monitor/_ZN12CUserManager17InsertUser_CharNoEjP5CUser.md
DNF-MON-NEAR-0007	mon	NEAR	_ZN12CUserManager19InsertUser_CharNameEPcP5CUser	CUserManager::InsertUser_CharName(char*, CUser*)	source/DNFServer/GameServer/Monitor/DNFUserManager.cpp	455	function_reports/monitor/_ZN12CUserManager19InsertUser_CharNameEPcP5CUser.md
DNF-MON-DIFF-0011	mon	DIFF	_ZN12CUserManager23SendConnectedBuddysListEP5CUser	CUserManager::SendConnectedBuddysList(CUser*)	source/DNFServer/GameServer/Monitor/DNFUserManager.cpp	292	function_reports/monitor/_ZN12CUserManager23SendConnectedBuddysListEP5CUser.md
DNF-MON-DIFF-0012	mon	DIFF	_ZN12CUserManager27DeleteUsersOnGameServerDownEP11CGameServer	CUserManager::DeleteUsersOnGameServerDown(CGameServer*)	source/DNFServer/GameServer/Monitor/DNFUserManager.cpp	176	function_reports/monitor/_ZN12CUserManager27DeleteUsersOnGameServerDownEP11CGameServer.md
DNF-MON-DIFF-0013	mon	DIFF	_ZN12CUserManager30DeleteUsersOnTcpGameServerDownEP14CTcpGameServer	CUserManager::DeleteUsersOnTcpGameServerDown(CTcpGameServer*)	source/DNFServer/GameServer/Monitor/DNFUserManager.cpp	234	function_reports/monitor/_ZN12CUserManager30DeleteUsersOnTcpGameServerDownEP14CTcpGameServer.md
DNF-MON-DIFF-0014	mon	DIFF	_ZN12momiji_event13EndEffectTask10_DoExecuteEv	momiji_event::EndEffectTask::_DoExecute()	source/DNFServer/GameServer/Monitor/Arad_MomijiEvent.cpp	69	function_reports/monitor/_ZN12momiji_event13EndEffectTask10_DoExecuteEv.md
DNF-MON-DIFF-0015	mon	DIFF	_ZN13CAppStartInit4InitEP12CApplicationiPPc	CAppStartInit::Init(CApplication*, int, char**)	source/DNFServer/GameServer/Monitor/DNFAppStartInit.cpp	40	function_reports/monitor/_ZN13CAppStartInit4InitEP12CApplicationiPPc.md
DNF-MON-DIFF-0016	mon	DIFF	_ZN13CMemberExpTbl11Parse_TableEPci	CMemberExpTbl::Parse_Table(char*, int)	source/DNFServer/GameServer/Monitor/DNFMemberConfig.cpp	85	function_reports/monitor/_ZN13CMemberExpTbl11Parse_TableEPci.md
DNF-MON-DIFF-0017	mon	DIFF	_ZN13CMemberExpTbl17GetMemberExpLevelEj	CMemberExpTbl::GetMemberExpLevel(unsigned int)	source/DNFServer/GameServer/Monitor/DNFMemberConfig.cpp	104	function_reports/monitor/_ZN13CMemberExpTbl17GetMemberExpLevelEj.md
DNF-MON-DIFF-0018	mon	DIFF	_ZN13CTcpNetSystem10SendPacketEv	CTcpNetSystem::SendPacket()	source/DNFServer/GameServer/Monitor/TcpNetSystem.cpp	252	function_reports/monitor/_ZN13CTcpNetSystem10SendPacketEv.md
DNF-MON-DIFF-0019	mon	DIFF	_ZN13CTcpNetSystem14OpenTcpServiceERiPKct	CTcpNetSystem::OpenTcpService(int&, char const*, unsigned short)	source/DNFServer/GameServer/Monitor/TcpNetSystem.cpp	187	function_reports/monitor/_ZN13CTcpNetSystem14OpenTcpServiceERiPKct.md
DNF-MON-DIFF-0020	mon	DIFF	_ZN13CTcpNetSystem19CleanTcpSendPacketQEv	CTcpNetSystem::CleanTcpSendPacketQ()	source/DNFServer/GameServer/Monitor/TcpNetSystem.cpp	371	function_reports/monitor/_ZN13CTcpNetSystem19CleanTcpSendPacketQEv.md
DNF-MON-DIFF-0021	mon	DIFF	_ZN13CTcpNetSystem4InitEt	CTcpNetSystem::Init(unsigned short)	source/DNFServer/GameServer/Monitor/TcpNetSystem.cpp	168	function_reports/monitor/_ZN13CTcpNetSystem4InitEt.md
DNF-MON-DIFF-0022	mon	DIFF	_ZN13np_server_xml10CServerXml9StrPunishEiPKcNS_12_eStringTypeE	np_server_xml::CServerXml::StrPunish(int, char const*, np_server_xml::_eStringType)	source/DNFServer/GameServer/Monitor/ServerXml.cpp	164	function_reports/monitor/_ZN13np_server_xml10CServerXml9StrPunishEiPKcNS_12_eStringTypeE.md
DNF-MON-DIFF-0023	mon	DIFF	_ZN14CMemberManager10LoadMemberEjR14STMemberDBInfojjP14CServerHandler	CMemberManager::LoadMember(unsigned int, STMemberDBInfo&, unsigned int, unsigned int, CServerHandler*)	source/DNFServer/GameServer/Monitor/DNFMemberManager.cpp	224	function_reports/monitor/_ZN14CMemberManager10LoadMemberEjR14STMemberDBInfojjP14CServerHandler.md
DNF-MON-DIFF-0024	mon	DIFF	_ZN14CMemberManager12DeleteMemberEjb	CMemberManager::DeleteMember(unsigned int, bool)	source/DNFServer/GameServer/Monitor/DNFMemberManager.cpp	95	function_reports/monitor/_ZN14CMemberManager12DeleteMemberEjb.md
DNF-MON-DIFF-0025	mon	DIFF	_ZN14CMemberManager12InsertMemberEjP7CMember	CMemberManager::InsertMember(unsigned int, CMember*)	source/DNFServer/GameServer/Monitor/DNFMemberManager.cpp	346	function_reports/monitor/_ZN14CMemberManager12InsertMemberEjP7CMember.md
DNF-MON-DIFF-0026	mon	DIFF	_ZN14CMemberManager13MemerMemLoginEjP5CUser	CMemberManager::MemerMemLogin(unsigned int, CUser*)	source/DNFServer/GameServer/Monitor/DNFMemberManager.cpp	522	function_reports/monitor/_ZN14CMemberManager13MemerMemLoginEjP5CUser.md
DNF-MON-DIFF-0027	mon	DIFF	_ZN14CMemberManager14RegisterMemberEP7CMembersP5CUserb	CMemberManager::RegisterMember(CMember*, short, CUser*, bool)	source/DNFServer/GameServer/Monitor/DNFMemberManager.cpp	423	function_reports/monitor/_ZN14CMemberManager14RegisterMemberEP7CMembersP5CUserb.md
DNF-MON-DIFF-0028	mon	DIFF	_ZN14CMemberManager15MemberMemLogoutEjP5CUserb	CMemberManager::MemberMemLogout(unsigned int, CUser*, bool)	source/DNFServer/GameServer/Monitor/DNFMemberManager.cpp	124	function_reports/monitor/_ZN14CMemberManager15MemberMemLogoutEjP5CUserb.md
DNF-MON-DIFF-0029	mon	DIFF	_ZN14CMemberManager19SaveMemberOnConnectEP14CServerHandlerP5CUserS3_h	CMemberManager::SaveMemberOnConnect(CServerHandler*, CUser*, CUser*, unsigned char)	source/DNFServer/GameServer/Monitor/DNFMemberManager.cpp	363	function_reports/monitor/_ZN14CMemberManager19SaveMemberOnConnectEP14CServerHandlerP5CUserS3_h.md
DNF-MON-DIFF-0030	mon	DIFF	_ZN14CMemberManager21IsPossableMemberEnterEP5CUserP7CMemberS1_S3_i	CMemberManager::IsPossableMemberEnter(CUser*, CMember*, CUser*, CMember*, int)	source/DNFServer/GameServer/Monitor/DNFMemberManager.cpp	178	function_reports/monitor/_ZN14CMemberManager21IsPossableMemberEnterEP5CUserP7CMemberS1_S3_i.md
DNF-MON-DIFF-0031	mon	DIFF	_ZN14CMemberManager21SaveMemberOnUnConnectEP14CServerHandlerjjjh	CMemberManager::SaveMemberOnUnConnect(CServerHandler*, unsigned int, unsigned int, unsigned int, unsigned char)	source/DNFServer/GameServer/Monitor/DNFMemberManager.cpp	393	function_reports/monitor/_ZN14CMemberManager21SaveMemberOnUnConnectEP14CServerHandlerjjjh.md
DNF-MON-DIFF-0032	mon	DIFF	_ZN14CMemberManager25MemberRegisterFlagProcessEv	CMemberManager::MemberRegisterFlagProcess()	source/DNFServer/GameServer/Monitor/DNFMemberManager.cpp	62	function_reports/monitor/_ZN14CMemberManager25MemberRegisterFlagProcessEv.md
DNF-MON-DIFF-0033	mon	DIFF	_ZN14CPacketCounterILi1000ELi10240EE12AfterProcessEi	CPacketCounter<1000, 10240>::AfterProcess(int)	source/DNFServer/GameServer/Monitor/PacketCounter.h	310	function_reports/monitor/_ZN14CPacketCounterILi1000ELi10240EE12AfterProcessEi.md
DNF-MON-DIFF-0034	mon	DIFF	_ZN14CPacketDecoder10TcpProcessEv	CPacketDecoder::TcpProcess()	source/DNFServer/GameServer/Monitor/DNFPacketDecoder.cpp	201	function_reports/monitor/_ZN14CPacketDecoder10TcpProcessEv.md
DNF-MON-DIFF-0035	mon	DIFF	_ZN14CPacketDecoder10UdpProcessEv	CPacketDecoder::UdpProcess()	source/DNFServer/GameServer/Monitor/DNFPacketDecoder.cpp	241	function_reports/monitor/_ZN14CPacketDecoder10UdpProcessEv.md
DNF-MON-DIFF-0036	mon	DIFF	_ZN14CPacketDecoder9MsgDecodeEP12PacketHeader	CPacketDecoder::MsgDecode(PacketHeader*)	source/DNFServer/GameServer/Monitor/DNFPacketDecoder.cpp	281	function_reports/monitor/_ZN14CPacketDecoder9MsgDecodeEP12PacketHeader.md
DNF-MON-DIFF-0037	mon	DIFF	_ZN14CServerHandler20GetTcpGameServerByChEh	CServerHandler::GetTcpGameServerByCh(unsigned char)	source/DNFServer/GameServer/Monitor/DNFServerHandler.cpp	225	function_reports/monitor/_ZN14CServerHandler20GetTcpGameServerByChEh.md
DNF-MON-DIFF-0038	mon	DIFF	_ZN14CServerHandler7ProcessEv	CServerHandler::Process()	source/DNFServer/GameServer/Monitor/DNFServerHandler.cpp	73	function_reports/monitor/_ZN14CServerHandler7ProcessEv.md
DNF-MON-DIFF-0039	mon	DIFF	_ZN15exchange_server18CCacheCharacterMgr14CollectGarbageEv	exchange_server::CCacheCharacterMgr::CollectGarbage()	source/DNFServer/GameServer/Monitor/DNFManagerServer.cpp	333	function_reports/monitor/_ZN15exchange_server18CCacheCharacterMgr14CollectGarbageEv.md
DNF-MON-DIFF-0040	mon	DIFF	_ZN15init_accusation22CInitAccusationListMgr11setScheduleERKb	init_accusation::CInitAccusationListMgr::setSchedule(bool const&)	source/DNFServer/GameServer/Monitor/DNFApplication.cpp	186	function_reports/monitor/_ZN15init_accusation22CInitAccusationListMgr11setScheduleERKb.md
DNF-MON-DIFF-0041	mon	DIFF	_ZN16CDNFProhibitUser20IsTimeOutConnectableEv	CDNFProhibitUser::IsTimeOutConnectable()	source/DNFServer/GameServer/Monitor/DNFProhibitUserC5.cpp	8	function_reports/monitor/_ZN16CDNFProhibitUser20IsTimeOutConnectableEv.md
DNF-MON-DIFF-0042	mon	DIFF	_ZN16CDNFProhibitUser22SetUserConnectableTimeEjscb	CDNFProhibitUser::SetUserConnectableTime(unsigned int, short, char, bool)	source/DNFServer/GameServer/Monitor/DNFProhibitUser.cpp	63	function_reports/monitor/_ZN16CDNFProhibitUser22SetUserConnectableTimeEjscb.md
DNF-MON-DIFF-0043	mon	DIFF	_ZN16CServerInterface19IsHeartBeatTimeOverEv	CServerInterface::IsHeartBeatTimeOver()	source/DNFServer/GameServer/Monitor/DNFServerInterface.cpp	92	function_reports/monitor/_ZN16CServerInterface19IsHeartBeatTimeOverEv.md
DNF-MON-DIFF-0044	mon	DIFF	_ZN16CTcpAcceptThread8dispatchEPv	CTcpAcceptThread::dispatch(void*)	source/DNFServer/GameServer/Monitor/DNFTcpAcceptThread.cpp	56	function_reports/monitor/_ZN16CTcpAcceptThread8dispatchEPv.md
DNF-MON-DIFF-0045	mon	DIFF	_ZN16village_attacked23CVillageAttackedManager10OnScheduleEv	village_attacked::CVillageAttackedManager::OnSchedule()	source/DNFServer/GameServer/Monitor/VillageAttackedManager.cpp	194	function_reports/monitor/_ZN16village_attacked23CVillageAttackedManager10OnScheduleEv.md
DNF-MON-DIFF-0046	mon	DIFF	_ZN16village_attacked23CVillageAttackedManager11InsertTimerEii	village_attacked::CVillageAttackedManager::InsertTimer(int, int)	source/DNFServer/GameServer/Monitor/VillageAttackedManager.cpp	177	function_reports/monitor/_ZN16village_attacked23CVillageAttackedManager11InsertTimerEii.md
DNF-MON-DIFF-0047	mon	DIFF	_ZN16village_attacked23CVillageAttackedManager14SendCharacRankEv	village_attacked::CVillageAttackedManager::SendCharacRank()	source/DNFServer/GameServer/Monitor/VillageAttackedManager.cpp	565	function_reports/monitor/_ZN16village_attacked23CVillageAttackedManager14SendCharacRankEv.md
DNF-MON-DIFF-0048	mon	DIFF	_ZN16village_attacked23CVillageAttackedManager18UpdateHuntingPointEPP5CUserbPiPj	village_attacked::CVillageAttackedManager::UpdateHuntingPoint(CUser**, bool, int*, unsigned int*)	source/DNFServer/GameServer/Monitor/VillageAttackedManager.cpp	507	function_reports/monitor/_ZN16village_attacked23CVillageAttackedManager18UpdateHuntingPointEPP5CUserbPiPj.md
DNF-MON-DIFF-0049	mon	DIFF	_ZN16village_attacked23CVillageAttackedManager20OnEndVillageAttackedEv	village_attacked::CVillageAttackedManager::OnEndVillageAttacked()	source/DNFServer/GameServer/Monitor/VillageAttackedManager.cpp	330	function_reports/monitor/_ZN16village_attacked23CVillageAttackedManager20OnEndVillageAttackedEv.md
DNF-MON-DIFF-0050	mon	DIFF	_ZN16village_attacked23CVillageAttackedManager25SendRequestRevengeDungeonEPc	village_attacked::CVillageAttackedManager::SendRequestRevengeDungeon(char*)	source/DNFServer/GameServer/Monitor/VillageAttackedManager.cpp	707	function_reports/monitor/_ZN16village_attacked23CVillageAttackedManager25SendRequestRevengeDungeonEPc.md
DNF-MON-DIFF-0051	mon	DIFF	_ZN16village_attacked23CVillageAttackedManager34OnServerGroupRewardVillageAttackedEv	village_attacked::CVillageAttackedManager::OnServerGroupRewardVillageAttacked()	source/DNFServer/GameServer/Monitor/VillageAttackedManager.cpp	475	function_reports/monitor/_ZN16village_attacked23CVillageAttackedManager34OnServerGroupRewardVillageAttackedEv.md
DNF-MON-DIFF-0052	mon	DIFF	_ZN17CPacketTranslater11OnCharLoginEP12PacketHeader	CPacketTranslater::OnCharLogin(PacketHeader*)	source/DNFServer/GameServer/Monitor/DNFPacketTranslater.cpp	721	function_reports/monitor/_ZN17CPacketTranslater11OnCharLoginEP12PacketHeader.md
DNF-MON-DIFF-0053	mon	DIFF	_ZN17CPacketTranslater11OnHeartBeatEP12PacketHeader	CPacketTranslater::OnHeartBeat(PacketHeader*)	source/DNFServer/GameServer/Monitor/DNFPacketTranslater.cpp	658	function_reports/monitor/_ZN17CPacketTranslater11OnHeartBeatEP12PacketHeader.md
DNF-MON-DIFF-0054	mon	DIFF	_ZN17CPacketTranslater12OnCeraUpdateEP12PacketHeader	CPacketTranslater::OnCeraUpdate(PacketHeader*)	source/DNFServer/GameServer/Monitor/DNFPacketTranslater.cpp	977	function_reports/monitor/_ZN17CPacketTranslater12OnCeraUpdateEP12PacketHeader.md
DNF-MON-DIFF-0055	mon	DIFF	_ZN17CPacketTranslater14OnGMRequestMidEP12PacketHeader	CPacketTranslater::OnGMRequestMid(PacketHeader*)	source/DNFServer/GameServer/Monitor/DNFPacketTranslater.cpp	3100	function_reports/monitor/_ZN17CPacketTranslater14OnGMRequestMidEP12PacketHeader.md
DNF-MON-DIFF-0056	mon	DIFF	_ZN17CPacketTranslater14OnMemberSecedeEP12PacketHeader	CPacketTranslater::OnMemberSecede(PacketHeader*)	source/DNFServer/GameServer/Monitor/DNFPacketTranslater.cpp	1425	function_reports/monitor/_ZN17CPacketTranslater14OnMemberSecedeEP12PacketHeader.md
DNF-MON-DIFF-0057	mon	DIFF	_ZN17CPacketTranslater14onCollectItemsEP12PacketHeader	CPacketTranslater::onCollectItems(PacketHeader*)	source/DNFServer/GameServer/Monitor/DNFPacketTranslater.cpp	5339	function_reports/monitor/_ZN17CPacketTranslater14onCollectItemsEP12PacketHeader.md
DNF-MON-DIFF-0058	mon	DIFF	_ZN17CPacketTranslater15OnPayTaxToUpperEP12PacketHeader	CPacketTranslater::OnPayTaxToUpper(PacketHeader*)	source/DNFServer/GameServer/Monitor/DNFPacketTranslater.cpp	1684	function_reports/monitor/_ZN17CPacketTranslater15OnPayTaxToUpperEP12PacketHeader.md
DNF-MON-DIFF-0059	mon	DIFF	_ZN17CPacketTranslater15OnReplyUserInfoEP12PacketHeader	CPacketTranslater::OnReplyUserInfo(PacketHeader*)	source/DNFServer/GameServer/Monitor/DNFPacketTranslater.cpp	576	function_reports/monitor/_ZN17CPacketTranslater15OnReplyUserInfoEP12PacketHeader.md
DNF-MON-DIFF-0060	mon	DIFF	_ZN17CPacketTranslater16OnCallMemberListEP12PacketHeader	CPacketTranslater::OnCallMemberList(PacketHeader*)	source/DNFServer/GameServer/Monitor/DNFPacketTranslater.cpp	1535	function_reports/monitor/_ZN17CPacketTranslater16OnCallMemberListEP12PacketHeader.md
DNF-MON-DIFF-0061	mon	DIFF	_ZN17CPacketTranslater16OnChangeCharNameEP12PacketHeader	CPacketTranslater::OnChangeCharName(PacketHeader*)	source/DNFServer/GameServer/Monitor/DNFPacketTranslater.cpp	3497	function_reports/monitor/_ZN17CPacketTranslater16OnChangeCharNameEP12PacketHeader.md
DNF-MON-DIFF-0062	mon	DIFF	_ZN17CPacketTranslater16OnLogoutCompleteEP12PacketHeader	CPacketTranslater::OnLogoutComplete(PacketHeader*)	source/DNFServer/GameServer/Monitor/DNFPacketTranslater.cpp	1799	function_reports/monitor/_ZN17CPacketTranslater16OnLogoutCompleteEP12PacketHeader.md
DNF-MON-NEAR-0008	mon	NEAR	_ZN17CPacketTranslater16OnPvPChannelInfoEP12PacketHeader	CPacketTranslater::OnPvPChannelInfo(PacketHeader*)	source/DNFServer/GameServer/Monitor/DNFPacketTranslater.cpp	3564	function_reports/monitor/_ZN17CPacketTranslater16OnPvPChannelInfoEP12PacketHeader.md
DNF-MON-DIFF-0063	mon	DIFF	_ZN17CPacketTranslater16OnTakeScreenShotEP12PacketHeader	CPacketTranslater::OnTakeScreenShot(PacketHeader*)	source/DNFServer/GameServer/Monitor/DNFPacketTranslater.cpp	4174	function_reports/monitor/_ZN17CPacketTranslater16OnTakeScreenShotEP12PacketHeader.md
DNF-MON-DIFF-0064	mon	DIFF	_ZN17CPacketTranslater17OnAddBuddyDBReplyEP12PacketHeader	CPacketTranslater::OnAddBuddyDBReply(PacketHeader*)	source/DNFServer/GameServer/Monitor/DNFPacketTranslater.cpp	2859	function_reports/monitor/_ZN17CPacketTranslater17OnAddBuddyDBReplyEP12PacketHeader.md
DNF-MON-DIFF-0065	mon	DIFF	_ZN17CPacketTranslater17OnCharacterDeleteEP12PacketHeader	CPacketTranslater::OnCharacterDelete(PacketHeader*)	source/DNFServer/GameServer/Monitor/DNFPacketTranslater.cpp	1880	function_reports/monitor/_ZN17CPacketTranslater17OnCharacterDeleteEP12PacketHeader.md
DNF-MON-DIFF-0066	mon	DIFF	_ZN17CPacketTranslater17OnDelBuddyDBReplyEP12PacketHeader	CPacketTranslater::OnDelBuddyDBReply(PacketHeader*)	source/DNFServer/GameServer/Monitor/DNFPacketTranslater.cpp	2971	function_reports/monitor/_ZN17CPacketTranslater17OnDelBuddyDBReplyEP12PacketHeader.md
DNF-MON-DIFF-0067	mon	DIFF	_ZN17CPacketTranslater17OnEventItemUpdateEP12PacketHeader	CPacketTranslater::OnEventItemUpdate(PacketHeader*)	source/DNFServer/GameServer/Monitor/DNFPacketTranslater.cpp	1014	function_reports/monitor/_ZN17CPacketTranslater17OnEventItemUpdateEP12PacketHeader.md
DNF-MON-DIFF-0068	mon	DIFF	_ZN17CPacketTranslater18OnGameServerRegistEP12PacketHeader	CPacketTranslater::OnGameServerRegist(PacketHeader*)	source/DNFServer/GameServer/Monitor/DNFPacketTranslater.cpp	4358	function_reports/monitor/_ZN17CPacketTranslater18OnGameServerRegistEP12PacketHeader.md
DNF-MON-DIFF-0069	mon	DIFF	_ZN17CPacketTranslater18OnInnerPacketLoginEP12PacketHeader	CPacketTranslater::OnInnerPacketLogin(PacketHeader*)	source/DNFServer/GameServer/Monitor/DNFPacketTranslater.cpp	3293	function_reports/monitor/_ZN17CPacketTranslater18OnInnerPacketLoginEP12PacketHeader.md
DNF-MON-DIFF-0070	mon	DIFF	_ZN17CPacketTranslater18OnMemberEnterReplyEP12PacketHeader	CPacketTranslater::OnMemberEnterReply(PacketHeader*)	source/DNFServer/GameServer/Monitor/DNFPacketTranslater.cpp	1238	function_reports/monitor/_ZN17CPacketTranslater18OnMemberEnterReplyEP12PacketHeader.md
DNF-MON-DIFF-0071	mon	DIFF	_ZN17CPacketTranslater18OnSetCleanPadPointEP12PacketHeader	CPacketTranslater::OnSetCleanPadPoint(PacketHeader*)	source/DNFServer/GameServer/Monitor/DNFPacketTranslater.cpp	4067	function_reports/monitor/_ZN17CPacketTranslater18OnSetCleanPadPointEP12PacketHeader.md
DNF-MON-DIFF-0072	mon	DIFF	_ZN17CPacketTranslater19OnDeleteToBlackListEP12PacketHeader	CPacketTranslater::OnDeleteToBlackList(PacketHeader*)	source/DNFServer/GameServer/Monitor/DNFPacketTranslater.cpp	2342	function_reports/monitor/_ZN17CPacketTranslater19OnDeleteToBlackListEP12PacketHeader.md
DNF-MON-DIFF-0073	mon	DIFF	_ZN17CPacketTranslater19OnInnerPacketLogoutEP12PacketHeader	CPacketTranslater::OnInnerPacketLogout(PacketHeader*)	source/DNFServer/GameServer/Monitor/DNFPacketTranslater.cpp	3363	function_reports/monitor/_ZN17CPacketTranslater19OnInnerPacketLogoutEP12PacketHeader.md
DNF-MON-DIFF-0074	mon	DIFF	_ZN17CPacketTranslater19OnRegisterEventItemEP12PacketHeader	CPacketTranslater::OnRegisterEventItem(PacketHeader*)	source/DNFServer/GameServer/Monitor/DNFPacketTranslater.cpp	4637	function_reports/monitor/_ZN17CPacketTranslater19OnRegisterEventItemEP12PacketHeader.md
DNF-MON-DIFF-0075	mon	DIFF	_ZN17CPacketTranslater19OnWebQueryUserStateEP12PacketHeader	CPacketTranslater::OnWebQueryUserState(PacketHeader*)	source/DNFServer/GameServer/Monitor/DNFPacketTranslater.cpp	1992	function_reports/monitor/_ZN17CPacketTranslater19OnWebQueryUserStateEP12PacketHeader.md
DNF-MON-DIFF-0076	mon	DIFF	_ZN17CPacketTranslater19OnWebRequestARSInfoEP12PacketHeader	CPacketTranslater::OnWebRequestARSInfo(PacketHeader*)	source/DNFServer/GameServer/Monitor/DNFPacketTranslater.cpp	4302	function_reports/monitor/_ZN17CPacketTranslater19OnWebRequestARSInfoEP12PacketHeader.md
DNF-MON-DIFF-0077	mon	DIFF	_ZN17CPacketTranslater20OnExchangeServerInfoEP12PacketHeader	CPacketTranslater::OnExchangeServerInfo(PacketHeader*)	source/DNFServer/GameServer/Monitor/DNFPacketTranslater.cpp	2652	function_reports/monitor/_ZN17CPacketTranslater20OnExchangeServerInfoEP12PacketHeader.md
DNF-MON-DIFF-0078	mon	DIFF	_ZN17CPacketTranslater20OnRequestMemberEnterEP12PacketHeader	CPacketTranslater::OnRequestMemberEnter(PacketHeader*)	source/DNFServer/GameServer/Monitor/DNFPacketTranslater.cpp	1121	function_reports/monitor/_ZN17CPacketTranslater20OnRequestMemberEnterEP12PacketHeader.md
DNF-MON-DIFF-0079	mon	DIFF	_ZN17CPacketTranslater21OnMonitorPunishCancelEP12PacketHeader	CPacketTranslater::OnMonitorPunishCancel(PacketHeader*)	source/DNFServer/GameServer/Monitor/DNFPacketTranslater.cpp	4743	function_reports/monitor/_ZN17CPacketTranslater21OnMonitorPunishCancelEP12PacketHeader.md
DNF-MON-DIFF-0080	mon	DIFF	_ZN17CPacketTranslater21OnNoticeMemberChatMsgEP12PacketHeader	CPacketTranslater::OnNoticeMemberChatMsg(PacketHeader*)	source/DNFServer/GameServer/Monitor/DNFPacketTranslater.cpp	1637	function_reports/monitor/_ZN17CPacketTranslater21OnNoticeMemberChatMsgEP12PacketHeader.md
DNF-MON-DIFF-0081	mon	DIFF	_ZN17CPacketTranslater21OnPvPChannelUserCountEP12PacketHeader	CPacketTranslater::OnPvPChannelUserCount(PacketHeader*)	source/DNFServer/GameServer/Monitor/DNFPacketTranslater.cpp	3601	function_reports/monitor/_ZN17CPacketTranslater21OnPvPChannelUserCountEP12PacketHeader.md
DNF-MON-DIFF-0082	mon	DIFF	_ZN17CPacketTranslater21OnRegisterToBlackListEP12PacketHeader	CPacketTranslater::OnRegisterToBlackList(PacketHeader*)	source/DNFServer/GameServer/Monitor/DNFPacketTranslater.cpp	2259	function_reports/monitor/_ZN17CPacketTranslater21OnRegisterToBlackListEP12PacketHeader.md
DNF-MON-DIFF-0083	mon	DIFF	_ZN17CPacketTranslater21OnUpdateMiniCraneSeedEP12PacketHeader	CPacketTranslater::OnUpdateMiniCraneSeed(PacketHeader*)	source/DNFServer/GameServer/Monitor/DNFPacketTranslater.cpp	5526	function_reports/monitor/_ZN17CPacketTranslater21OnUpdateMiniCraneSeedEP12PacketHeader.md
DNF-MON-DIFF-0084	mon	DIFF	_ZN17CPacketTranslater21OnUserRepelByCharNameEP12PacketHeader	CPacketTranslater::OnUserRepelByCharName(PacketHeader*)	source/DNFServer/GameServer/Monitor/DNFPacketTranslater.cpp	3149	function_reports/monitor/_ZN17CPacketTranslater21OnUserRepelByCharNameEP12PacketHeader.md
DNF-MON-DIFF-0085	mon	DIFF	_ZN17CPacketTranslater22OnRelayServerUserCheckEP12PacketHeader	CPacketTranslater::OnRelayServerUserCheck(PacketHeader*)	source/DNFServer/GameServer/Monitor/DNFPacketTranslater.cpp	2055	function_reports/monitor/_ZN17CPacketTranslater22OnRelayServerUserCheckEP12PacketHeader.md
DNF-MON-DIFF-0086	mon	DIFF	_ZN17CPacketTranslater23OnDBMWDeleteToBlackListEP12PacketHeader	CPacketTranslater::OnDBMWDeleteToBlackList(PacketHeader*)	source/DNFServer/GameServer/Monitor/DNFPacketTranslater.cpp	2501	function_reports/monitor/_ZN17CPacketTranslater23OnDBMWDeleteToBlackListEP12PacketHeader.md
DNF-MON-DIFF-0087	mon	DIFF	_ZN17CPacketTranslater23OnQueryBuddyInfoDBReplyEP12PacketHeader	CPacketTranslater::OnQueryBuddyInfoDBReply(PacketHeader*)	source/DNFServer/GameServer/Monitor/DNFPacketTranslater.cpp	3023	function_reports/monitor/_ZN17CPacketTranslater23OnQueryBuddyInfoDBReplyEP12PacketHeader.md
DNF-MON-DIFF-0088	mon	DIFF	_ZN17CPacketTranslater23OnWebChangeUserHandicapEP12PacketHeader	CPacketTranslater::OnWebChangeUserHandicap(PacketHeader*)	source/DNFServer/GameServer/Monitor/DNFPacketTranslater.cpp	3076	function_reports/monitor/_ZN17CPacketTranslater23OnWebChangeUserHandicapEP12PacketHeader.md
DNF-MON-DIFF-0089	mon	DIFF	_ZN17CPacketTranslater24OnNoticeCharLiveOnTenMinEP12PacketHeader	CPacketTranslater::OnNoticeCharLiveOnTenMin(PacketHeader*)	source/DNFServer/GameServer/Monitor/DNFPacketTranslater.cpp	2692	function_reports/monitor/_ZN17CPacketTranslater24OnNoticeCharLiveOnTenMinEP12PacketHeader.md
DNF-MON-DIFF-0090	mon	DIFF	_ZN17CPacketTranslater24onReplyLoadTowerFullRankEP12PacketHeader	CPacketTranslater::onReplyLoadTowerFullRank(PacketHeader*)	source/DNFServer/GameServer/Monitor/DNFPacketTranslater.cpp	3189	function_reports/monitor/_ZN17CPacketTranslater24onReplyLoadTowerFullRankEP12PacketHeader.md
DNF-MON-DIFF-0091	mon	DIFF	_ZN17CPacketTranslater25OnDBMWResisterToBlackListEP12PacketHeader	CPacketTranslater::OnDBMWResisterToBlackList(PacketHeader*)	source/DNFServer/GameServer/Monitor/DNFPacketTranslater.cpp	2435	function_reports/monitor/_ZN17CPacketTranslater25OnDBMWResisterToBlackListEP12PacketHeader.md
DNF-MON-DIFF-0092	mon	DIFF	_ZN17CPacketTranslater25onItemLimitEditionSellEndEP12PacketHeader	CPacketTranslater::onItemLimitEditionSellEnd(PacketHeader*)	source/DNFServer/GameServer/Monitor/DNFPacketTranslater.cpp	3882	function_reports/monitor/_ZN17CPacketTranslater25onItemLimitEditionSellEndEP12PacketHeader.md
DNF-MON-DIFF-0093	mon	DIFF	_ZN17CPacketTranslater26OnWebEmergencyPatchMessageEP12PacketHeader	CPacketTranslater::OnWebEmergencyPatchMessage(PacketHeader*)	source/DNFServer/GameServer/Monitor/DNFPacketTranslater.cpp	5479	function_reports/monitor/_ZN17CPacketTranslater26OnWebEmergencyPatchMessageEP12PacketHeader.md
DNF-MON-DIFF-0094	mon	DIFF	_ZN17CPacketTranslater27OnCheckOverlappedAccusationEP12PacketHeader	CPacketTranslater::OnCheckOverlappedAccusation(PacketHeader*)	source/DNFServer/GameServer/Monitor/DNFPacketTranslater.cpp	4334	function_reports/monitor/_ZN17CPacketTranslater27OnCheckOverlappedAccusationEP12PacketHeader.md
DNF-MON-DIFF-0095	mon	DIFF	_ZN17CPacketTranslater27OnMonitorFindFactoryHubUserEP12PacketHeader	CPacketTranslater::OnMonitorFindFactoryHubUser(PacketHeader*)	source/DNFServer/GameServer/Monitor/DNFPacketTranslater.cpp	3999	function_reports/monitor/_ZN17CPacketTranslater27OnMonitorFindFactoryHubUserEP12PacketHeader.md
DNF-MON-DIFF-0096	mon	DIFF	_ZN17CPacketTranslater27OnMonitorSecuServiceConnWebEP12PacketHeader	CPacketTranslater::OnMonitorSecuServiceConnWeb(PacketHeader*)	source/DNFServer/GameServer/Monitor/DNFPacketTranslater.cpp	4823	function_reports/monitor/_ZN17CPacketTranslater27OnMonitorSecuServiceConnWebEP12PacketHeader.md
DNF-MON-DIFF-0097	mon	DIFF	_ZN17CPacketTranslater27OnNoticeOtherChannelChatMsgEP12PacketHeader	CPacketTranslater::OnNoticeOtherChannelChatMsg(PacketHeader*)	source/DNFServer/GameServer/Monitor/DNFPacketTranslater.cpp	859	function_reports/monitor/_ZN17CPacketTranslater27OnNoticeOtherChannelChatMsgEP12PacketHeader.md
DNF-MON-DIFF-0098	mon	DIFF	_ZN17CPacketTranslater27OnNoticeProhibitConnectUserEP12PacketHeader	CPacketTranslater::OnNoticeProhibitConnectUser(PacketHeader*)	source/DNFServer/GameServer/Monitor/DNFPacketTranslater.cpp	2120	function_reports/monitor/_ZN17CPacketTranslater27OnNoticeProhibitConnectUserEP12PacketHeader.md
DNF-MON-DIFF-0099	mon	DIFF	_ZN17CPacketTranslater27OnVillageMonsterFightResultEP12PacketHeader	CPacketTranslater::OnVillageMonsterFightResult(PacketHeader*)	source/DNFServer/GameServer/Monitor/DNFPacketTranslater.cpp	4211	function_reports/monitor/_ZN17CPacketTranslater27OnVillageMonsterFightResultEP12PacketHeader.md
DNF-MON-DIFF-0100	mon	DIFF	_ZN17CPacketTranslater27onSocialEventRewardItemInfoEP12PacketHeader	CPacketTranslater::onSocialEventRewardItemInfo(PacketHeader*)	source/DNFServer/GameServer/Monitor/DNFPacketTranslater.cpp	5136	function_reports/monitor/_ZN17CPacketTranslater27onSocialEventRewardItemInfoEP12PacketHeader.md
DNF-MON-DIFF-0101	mon	DIFF	_ZN17CPacketTranslater29onItemLimitEditionLoadDataReqEP12PacketHeader	CPacketTranslater::onItemLimitEditionLoadDataReq(PacketHeader*)	source/DNFServer/GameServer/Monitor/DNFPacketTranslater.cpp	3748	function_reports/monitor/_ZN17CPacketTranslater29onItemLimitEditionLoadDataReqEP12PacketHeader.md
DNF-MON-DIFF-0102	mon	DIFF	_ZN17CPacketTranslater29onItemLimitEditionLoadDataRpyEP12PacketHeader	CPacketTranslater::onItemLimitEditionLoadDataRpy(PacketHeader*)	source/DNFServer/GameServer/Monitor/DNFPacketTranslater.cpp	3802	function_reports/monitor/_ZN17CPacketTranslater29onItemLimitEditionLoadDataRpyEP12PacketHeader.md
DNF-MON-DIFF-0103	mon	DIFF	_ZN17CPacketTranslater29onSocialEventRewardItemUpdateEP12PacketHeader	CPacketTranslater::onSocialEventRewardItemUpdate(PacketHeader*)	source/DNFServer/GameServer/Monitor/DNFPacketTranslater.cpp	5224	function_reports/monitor/_ZN17CPacketTranslater29onSocialEventRewardItemUpdateEP12PacketHeader.md
DNF-MON-DIFF-0104	mon	DIFF	_ZN17CPacketTranslater30OnDBMWResponseBlackListOnLoginEP12PacketHeader	CPacketTranslater::OnDBMWResponseBlackListOnLogin(PacketHeader*)	source/DNFServer/GameServer/Monitor/DNFPacketTranslater.cpp	2601	function_reports/monitor/_ZN17CPacketTranslater30OnDBMWResponseBlackListOnLoginEP12PacketHeader.md
DNF-MON-DIFF-0105	mon	DIFF	_ZN17CPacketTranslater30OnNoticeMemberChatMsgHyperLinkEP12PacketHeader	CPacketTranslater::OnNoticeMemberChatMsgHyperLink(PacketHeader*)	source/DNFServer/GameServer/Monitor/DNFPacketTranslater.cpp	4879	function_reports/monitor/_ZN17CPacketTranslater30OnNoticeMemberChatMsgHyperLinkEP12PacketHeader.md
DNF-MON-DIFF-0106	mon	DIFF	_ZN17CPacketTranslater30onRequestCharacTowerUpdateRankEP12PacketHeader	CPacketTranslater::onRequestCharacTowerUpdateRank(PacketHeader*)	source/DNFServer/GameServer/Monitor/DNFPacketTranslater.cpp	3224	function_reports/monitor/_ZN17CPacketTranslater30onRequestCharacTowerUpdateRankEP12PacketHeader.md
DNF-MON-DIFF-0107	mon	DIFF	_ZN17CPacketTranslater30onSocialEventRewardItemInfoAllEP12PacketHeader	CPacketTranslater::onSocialEventRewardItemInfoAll(PacketHeader*)	source/DNFServer/GameServer/Monitor/DNFPacketTranslater.cpp	5185	function_reports/monitor/_ZN17CPacketTranslater30onSocialEventRewardItemInfoAllEP12PacketHeader.md
DNF-MON-DIFF-0108	mon	DIFF	_ZN17CPacketTranslater31onRequestCharacInfoByCharacNameEP12PacketHeader	CPacketTranslater::onRequestCharacInfoByCharacName(PacketHeader*)	source/DNFServer/GameServer/Monitor/DNFPacketTranslater.cpp	5264	function_reports/monitor/_ZN17CPacketTranslater31onRequestCharacInfoByCharacNameEP12PacketHeader.md
DNF-MON-DIFF-0109	mon	DIFF	_ZN17CPacketTranslater31onSocialEventRewardItemResponseEP12PacketHeader	CPacketTranslater::onSocialEventRewardItemResponse(PacketHeader*)	source/DNFServer/GameServer/Monitor/DNFPacketTranslater.cpp	5098	function_reports/monitor/_ZN17CPacketTranslater31onSocialEventRewardItemResponseEP12PacketHeader.md
DNF-MON-DIFF-0110	mon	DIFF	_ZN17CPacketTranslater32onItemLimitEditionBuyableRequestEP12PacketHeader	CPacketTranslater::onItemLimitEditionBuyableRequest(PacketHeader*)	source/DNFServer/GameServer/Monitor/DNFPacketTranslater.cpp	3935	function_reports/monitor/_ZN17CPacketTranslater32onItemLimitEditionBuyableRequestEP12PacketHeader.md
DNF-MON-DIFF-0111	mon	DIFF	_ZN17CPacketTranslater36OnNoticeOtherChannelChatMsgHyperLinkEP12PacketHeader	CPacketTranslater::OnNoticeOtherChannelChatMsgHyperLink(PacketHeader*)	source/DNFServer/GameServer/Monitor/DNFPacketTranslater.cpp	4928	function_reports/monitor/_ZN17CPacketTranslater36OnNoticeOtherChannelChatMsgHyperLinkEP12PacketHeader.md
DNF-MON-DIFF-0112	mon	DIFF	_ZN17CPacketTranslater7OnLoginEP12PacketHeader	CPacketTranslater::OnLogin(PacketHeader*)	source/DNFServer/GameServer/Monitor/DNFPacketTranslater.cpp	286	function_reports/monitor/_ZN17CPacketTranslater7OnLoginEP12PacketHeader.md
DNF-MON-DIFF-0113	mon	DIFF	_ZN17CPacketTranslater8OnLogoutEP12PacketHeader	CPacketTranslater::OnLogout(PacketHeader*)	source/DNFServer/GameServer/Monitor/DNFPacketTranslater.cpp	429	function_reports/monitor/_ZN17CPacketTranslater8OnLogoutEP12PacketHeader.md
DNF-MON-DIFF-0114	mon	DIFF	_ZN17CTcpNetworkThread8dispatchEPv	CTcpNetworkThread::dispatch(void*)	source/DNFServer/GameServer/Monitor/DNFTcpNetworkThread.cpp	73	function_reports/monitor/_ZN17CTcpNetworkThread8dispatchEPv.md
DNF-MON-DIFF-0115	mon	DIFF	_ZN17CUdpNetworkThread8dispatchEPv	CUdpNetworkThread::dispatch(void*)	source/DNFServer/GameServer/Monitor/DNFNetworkThread.cpp	67	function_reports/monitor/_ZN17CUdpNetworkThread8dispatchEPv.md
DNF-MON-DIFF-0116	mon	DIFF	_ZN18CFrameCountHandler17GetFrameCountInfoEv	CFrameCountHandler::GetFrameCountInfo()	source/DNFServer/GameServer/Monitor/DNFTickHandler.cpp	55	function_reports/monitor/_ZN18CFrameCountHandler17GetFrameCountInfoEv.md
DNF-MON-DIFF-0117	mon	DIFF	_ZN18CMemoryCashManager18ProcessLifeTimeOutEv	CMemoryCashManager::ProcessLifeTimeOut()	source/DNFServer/GameServer/Monitor/MemoryCashManager.cpp	51	function_reports/monitor/_ZN18CMemoryCashManager18ProcessLifeTimeOutEv.md
DNF-MON-NEAR-0009	mon	NEAR	_ZN18CMemoryCashManager20ProcessCashDataPrintEv	CMemoryCashManager::ProcessCashDataPrint()	source/DNFServer/GameServer/Monitor/MemoryCashManagerC5.cpp	9	function_reports/monitor/_ZN18CMemoryCashManager20ProcessCashDataPrintEv.md
DNF-MON-DIFF-0118	mon	DIFF	_ZN18CMemoryCashManager21QueryCashMemoryMemberEP5CUser	CMemoryCashManager::QueryCashMemoryMember(CUser*)	source/DNFServer/GameServer/Monitor/MemoryCashManager.cpp	76	function_reports/monitor/_ZN18CMemoryCashManager21QueryCashMemoryMemberEP5CUser.md
DNF-MON-DIFF-0119	mon	DIFF	_ZN18CMemoryCashManager24QueryCashMemoryBlackListEP5CUser	CMemoryCashManager::QueryCashMemoryBlackList(CUser*)	source/DNFServer/GameServer/Monitor/MemoryCashManager.cpp	177	function_reports/monitor/_ZN18CMemoryCashManager24QueryCashMemoryBlackListEP5CUser.md
DNF-MON-DIFF-0120	mon	DIFF	_ZN18CMemoryCashManager24QueryCashMemoryBuddyInfoEP5CUser	CMemoryCashManager::QueryCashMemoryBuddyInfo(CUser*)	source/DNFServer/GameServer/Monitor/MemoryCashManager.cpp	128	function_reports/monitor/_ZN18CMemoryCashManager24QueryCashMemoryBuddyInfoEP5CUser.md
DNF-MON-DIFF-0121	mon	DIFF	_ZN18CMemoryCashManager34InsertCashMemorySetCharacterObjectEP5CUserP7CMemberRbS4_	CMemoryCashManager::InsertCashMemorySetCharacterObject(CUser*, CMember*, bool&, bool&)	source/DNFServer/GameServer/Monitor/MemoryCashManager.cpp	305	function_reports/monitor/_ZN18CMemoryCashManager34InsertCashMemorySetCharacterObjectEP5CUserP7CMemberRbS4_.md
DNF-MON-NEAR-0010	mon	NEAR	_ZN19CEventActionManager13OnStartActionEP26Packet_Monitor_Event_Start	CEventActionManager::OnStartAction(Packet_Monitor_Event_Start*)	source/DNFServer/GameServer/Monitor/EventActionManager.cpp	146	function_reports/monitor/_ZN19CEventActionManager13OnStartActionEP26Packet_Monitor_Event_Start.md
DNF-MON-DIFF-0122	mon	DIFF	_ZN19CEventActionManager4initEv	CEventActionManager::init()	source/DNFServer/GameServer/Monitor/EventActionManager.cpp	120	function_reports/monitor/_ZN19CEventActionManager4initEv.md
DNF-MON-DIFF-0123	mon	DIFF	_ZN19COnTimeEventManager10StartEventEjj	COnTimeEventManager::StartEvent(unsigned int, unsigned int)	source/DNFServer/GameServer/Monitor/OnTimeEventManager.cpp	149	function_reports/monitor/_ZN19COnTimeEventManager10StartEventEjj.md
DNF-MON-DIFF-0124	mon	DIFF	_ZN19COnTimeEventManager11OnRewardEndEv	COnTimeEventManager::OnRewardEnd()	source/DNFServer/GameServer/Monitor/OnTimeEventManager.cpp	263	function_reports/monitor/_ZN19COnTimeEventManager11OnRewardEndEv.md
DNF-MON-DIFF-0125	mon	DIFF	_ZN19COnTimeEventManager13OnRewardStartEv	COnTimeEventManager::OnRewardStart()	source/DNFServer/GameServer/Monitor/OnTimeEventManager.cpp	230	function_reports/monitor/_ZN19COnTimeEventManager13OnRewardStartEv.md
DNF-MON-NEAR-0011	mon	NEAR	_ZN20CItemLimitEditionMgr10registItemERK28stItemLimitEditionItemInfo_t	CItemLimitEditionMgr::registItem(stItemLimitEditionItemInfo_t const&)	source/DNFServer/GameServer/Monitor/ItemLimitEditionManager.cpp	68	function_reports/monitor/_ZN20CItemLimitEditionMgr10registItemERK28stItemLimitEditionItemInfo_t.md
DNF-MON-DIFF-0126	mon	DIFF	_ZN20CItemLimitEditionMgr19processScheduledJobEP12CApplicationb	CItemLimitEditionMgr::processScheduledJob(CApplication*, bool)	source/DNFServer/GameServer/Monitor/ItemLimitEditionManager.cpp	137	function_reports/monitor/_ZN20CItemLimitEditionMgr19processScheduledJobEP12CApplicationb.md
DNF-MON-DIFF-0127	mon	DIFF	_ZN20CTask_ChristmasEvent10_DoExecuteEv	CTask_ChristmasEvent::_DoExecute()	source/DNFServer/GameServer/Monitor/TaskImpl.cpp	103	function_reports/monitor/_ZN20CTask_ChristmasEvent10_DoExecuteEv.md
DNF-MON-DIFF-0128	mon	DIFF	_ZN20CTask_ChristmasEvent18MakeEventStartTickEi	CTask_ChristmasEvent::MakeEventStartTick(int)	source/DNFServer/GameServer/Monitor/TaskImpl.cpp	64	function_reports/monitor/_ZN20CTask_ChristmasEvent18MakeEventStartTickEi.md
DNF-MON-DIFF-0129	mon	DIFF	_ZN22LimitNpcBuyItemManager23getNpcLimitBuyItemCountEjR25LimitNpcBuyItemChangeInfo	LimitNpcBuyItemManager::getNpcLimitBuyItemCount(unsigned int, LimitNpcBuyItemChangeInfo&)	source/DNFServer/GameServer/Monitor/LimitNpcBuyItem.cpp	120	function_reports/monitor/_ZN22LimitNpcBuyItemManager23getNpcLimitBuyItemCountEjR25LimitNpcBuyItemChangeInfo.md
DNF-MON-DIFF-0130	mon	DIFF	_ZN41TowerOfDespairWaitGameServerResponse_Task10_DoExecuteEv	TowerOfDespairWaitGameServerResponse_Task::_DoExecute()	source/DNFServer/GameServer/Monitor/TowerOfDespairReloadAPC.cpp	69	function_reports/monitor/_ZN41TowerOfDespairWaitGameServerResponse_Task10_DoExecuteEv.md
DNF-MON-NEAR-0012	mon	NEAR	_ZN5CPeer11send_packetEPci	CPeer::send_packet(char*, int)	source/DNFServer/GameServer/Monitor/Peer.cpp	146	function_reports/monitor/_ZN5CPeer11send_packetEPci.md
DNF-MON-DIFF-0131	mon	DIFF	_ZN5CPeer11send_packetEv	CPeer::send_packet()	source/DNFServer/GameServer/Monitor/Peer.cpp	86	function_reports/monitor/_ZN5CPeer11send_packetEv.md
DNF-MON-DIFF-0132	mon	DIFF	_ZN5CPeer7parsingEi	CPeer::parsing(int)	source/DNFServer/GameServer/Monitor/Peer.cpp	242	function_reports/monitor/_ZN5CPeer7parsingEi.md
DNF-MON-DIFF-0133	mon	DIFF	_ZN5CUser18MemberEnterProcessEv	CUser::MemberEnterProcess()	source/DNFServer/GameServer/Monitor/DNFUser.cpp	182	function_reports/monitor/_ZN5CUser18MemberEnterProcessEv.md
DNF-MON-DIFF-0134	mon	DIFF	_ZN7CMember10LoadMemberER14STMemberDBInfosjj	CMember::LoadMember(STMemberDBInfo&, short, unsigned int, unsigned int)	source/DNFServer/GameServer/Monitor/DNFMember.cpp	282	function_reports/monitor/_ZN7CMember10LoadMemberER14STMemberDBInfosjj.md
DNF-MON-DIFF-0135	mon	DIFF	_ZN7CMember21GetConnLowerMemberCntEv	CMember::GetConnLowerMemberCnt()	source/DNFServer/GameServer/Monitor/DNFMember.cpp	453	function_reports/monitor/_ZN7CMember21GetConnLowerMemberCntEv.md
DNF-MON-DIFF-0136	mon	DIFF	_ZN7CMember21NoticeLevelUpToLowersEj	CMember::NoticeLevelUpToLowers(unsigned int)	source/DNFServer/GameServer/Monitor/DNFMember.cpp	399	function_reports/monitor/_ZN7CMember21NoticeLevelUpToLowersEj.md
DNF-MON-DIFF-0137	mon	DIFF	_ZN7CMember21NoticeMemberLogin_OutEP5CUserc	CMember::NoticeMemberLogin_Out(CUser*, char)	source/DNFServer/GameServer/Monitor/DNFMember.cpp	76	function_reports/monitor/_ZN7CMember21NoticeMemberLogin_OutEP5CUserc.md
DNF-MON-DIFF-0138	mon	DIFF	_ZN7CMember28NoticeChatMsgToMemberMembersEPciP5CUser	CMember::NoticeChatMsgToMemberMembers(char*, int, CUser*)	source/DNFServer/GameServer/Monitor/DNFMember.cpp	245	function_reports/monitor/_ZN7CMember28NoticeChatMsgToMemberMembersEPciP5CUser.md
DNF-MON-DIFF-0139	mon	DIFF	_ZN7CMember37NoticeChatMsgToMemberMembersHyperLinkEPcihPK19hyperlink_item_infoP5CUser	CMember::NoticeChatMsgToMemberMembersHyperLink(char*, int, unsigned char, hyperlink_item_info const*, CUser*)	source/DNFServer/GameServer/Monitor/DNFMember.cpp	202	function_reports/monitor/_ZN7CMember37NoticeChatMsgToMemberMembersHyperLinkEPcihPK19hyperlink_item_infoP5CUser.md
DNF-MON-DIFF-0140	mon	DIFF	_ZNK11CUdpHandler12SendToClientEPcitPKcj	CUdpHandler::SendToClient(char*, int, unsigned short, char const*, unsigned int) const	source/DNFServer/GameServer/Monitor/DNFUdpHandler.cpp	146	function_reports/monitor/_ZNK11CUdpHandler12SendToClientEPcitPKcj.md
DNF-MON-DIFF-0141	mon	DIFF	_ZNK11CUdpHandler12SendToServerEPcitPKc	CUdpHandler::SendToServer(char*, int, unsigned short, char const*) const	source/DNFServer/GameServer/Monitor/DNFUdpHandler.cpp	215	function_reports/monitor/_ZNK11CUdpHandler12SendToServerEPcitPKc.md
DNF-MON-DIFF-0142	mon	DIFF	_ZNK11CUdpHandler14RecvFromClientEPcPiPjPt	CUdpHandler::RecvFromClient(char*, int*, unsigned int*, unsigned short*) const	source/DNFServer/GameServer/Monitor/DNFUdpHandler.cpp	97	function_reports/monitor/_ZNK11CUdpHandler14RecvFromClientEPcPiPjPt.md
DNF-MON-DIFF-0143	mon	DIFF	_ZNK11CUdpHandler14RecvFromServerEPcPiPjPt	CUdpHandler::RecvFromServer(char*, int*, unsigned int*, unsigned short*) const	source/DNFServer/GameServer/Monitor/DNFUdpHandler.cpp	272	function_reports/monitor/_ZNK11CUdpHandler14RecvFromServerEPcPiPjPt.md
DNF-MON-NEAR-0013	mon	NEAR	_ZNK17CItemLimitEdition12makeItemInfoER28stItemLimitEditionItemInfo_t	CItemLimitEdition::makeItemInfo(stItemLimitEditionItemInfo_t&) const	source/DNFServer/GameServer/Monitor/ItemLimitEditionManager.cpp	216	function_reports/monitor/_ZNK17CItemLimitEdition12makeItemInfoER28stItemLimitEditionItemInfo_t.md
DNF-DBM-NEAR-0001	dbm	NEAR	_ZL16allocStackBufferjPPhPi	allocStackBuffer(unsigned int, unsigned char**, int*)	source/DNFServer/GameServer/DBMW/StackBuffer.cpp	36	function_reports/dbmw/_ZL16allocStackBufferjPPhPi.md
DNF-DBM-DIFF-0001	dbm	DIFF	_ZL19freeAllStackBuffersv	freeAllStackBuffers()	source/DNFServer/GameServer/DBMW/StackBuffer.cpp	108	function_reports/dbmw/_ZL19freeAllStackBuffersv.md
DNF-DBM-DIFF-0002	dbm	DIFF	_ZN10CAppConfig11Parse_TableEPci	CAppConfig::Parse_Table(char*, int)	source/DNFServer/GameServer/DBMW/DNFAppConfig.cpp	84	function_reports/dbmw/_ZN10CAppConfig11Parse_TableEPci.md
DNF-DBM-NEAR-0002	dbm	NEAR	_ZN10CDBManager10InsertMailEjPcS0_jjii	CDBManager::InsertMail(unsigned int, char*, char*, unsigned int, unsigned int, int, int)	source/DNFServer/GameServer/DBMW/DBManager.cpp	1020	function_reports/dbmw/_ZN10CDBManager10InsertMailEjPcS0_jjii.md
DNF-DBM-NEAR-0003	dbm	NEAR	_ZN10CDBManager10QueryGuildEhjR27Packet_DB_Reply_Query_Guild	CDBManager::QueryGuild(unsigned char, unsigned int, Packet_DB_Reply_Query_Guild&)	source/DNFServer/GameServer/DBMW/DBManager.cpp	4617	function_reports/dbmw/_ZN10CDBManager10QueryGuildEhjR27Packet_DB_Reply_Query_Guild.md
DNF-DBM-DIFF-0003	dbm	DIFF	_ZN10CDBManager11GuildSecedeEP30Packet_DB_Request_Guild_SecedeRjS2_S2_	CDBManager::GuildSecede(Packet_DB_Request_Guild_Secede*, unsigned int&, unsigned int&, unsigned int&)	source/DNFServer/GameServer/DBMW/DBManager.cpp	4063	function_reports/dbmw/_ZN10CDBManager11GuildSecedeEP30Packet_DB_Request_Guild_SecedeRjS2_S2_.md
DNF-DBM-DIFF-0004	dbm	DIFF	_ZN10CDBManager11QueryMemberEjR28Packet_DB_Reply_Query_Member	CDBManager::QueryMember(unsigned int, Packet_DB_Reply_Query_Member&)	source/DNFServer/GameServer/DBMW/DBManager.cpp	2492	function_reports/dbmw/_ZN10CDBManager11QueryMemberEjR28Packet_DB_Reply_Query_Member.md
DNF-DBM-DIFF-0005	dbm	DIFF	_ZN10CDBManager13SaveGuildInfoEhjR17STGuildDBInfoOnly	CDBManager::SaveGuildInfo(unsigned char, unsigned int, STGuildDBInfoOnly&)	source/DNFServer/GameServer/DBMW/DBManager.cpp	3443	function_reports/dbmw/_ZN10CDBManager13SaveGuildInfoEhjR17STGuildDBInfoOnly.md
DNF-DBM-DIFF-0006	dbm	DIFF	_ZN10CDBManager14QueryBuddyInfoEjP13STBuddyDBInfoRh	CDBManager::QueryBuddyInfo(unsigned int, STBuddyDBInfo*, unsigned char&)	source/DNFServer/GameServer/DBMW/DBManager.cpp	6615	function_reports/dbmw/_ZN10CDBManager14QueryBuddyInfoEjP13STBuddyDBInfoRh.md
DNF-DBM-DIFF-0007	dbm	DIFF	_ZN10CDBManager14SaveGuildSkillEhjR17STGuildDBInfoOnly	CDBManager::SaveGuildSkill(unsigned char, unsigned int, STGuildDBInfoOnly&)	source/DNFServer/GameServer/DBMW/DBManager.cpp	800	function_reports/dbmw/_ZN10CDBManager14SaveGuildSkillEhjR17STGuildDBInfoOnly.md
DNF-DBM-NEAR-0004	dbm	NEAR	_ZN10CDBManager15OnLoadGuildAgitEP25Packet_DB_Load_Guild_AgitR28Packet_Guild_Load_Guild_Agit	CDBManager::OnLoadGuildAgit(Packet_DB_Load_Guild_Agit*, Packet_Guild_Load_Guild_Agit&)	source/DNFServer/GameServer/DBMW/DBManager.cpp	632	function_reports/dbmw/_ZN10CDBManager15OnLoadGuildAgitEP25Packet_DB_Load_Guild_AgitR28Packet_Guild_Load_Guild_Agit.md
DNF-DBM-DIFF-0008	dbm	DIFF	_ZN10CDBManager15QueryGuildSkillEhjR27Packet_DB_Reply_Query_Guild	CDBManager::QueryGuildSkill(unsigned char, unsigned int, Packet_DB_Reply_Query_Guild&)	source/DNFServer/GameServer/DBMW/DBManager.cpp	7086	function_reports/dbmw/_ZN10CDBManager15QueryGuildSkillEhjR27Packet_DB_Reply_Query_Guild.md
DNF-DBM-DIFF-0009	dbm	DIFF	_ZN10CDBManager15SaveGuildMemberEhjR18STGuildMemerDBInfojh	CDBManager::SaveGuildMember(unsigned char, unsigned int, STGuildMemerDBInfo&, unsigned int, unsigned char)	source/DNFServer/GameServer/DBMW/DBManager.cpp	825	function_reports/dbmw/_ZN10CDBManager15SaveGuildMemberEhjR18STGuildMemerDBInfojh.md
DNF-DBM-DIFF-0010	dbm	DIFF	_ZN10CDBManager15SendGuildLetterEijPc	CDBManager::SendGuildLetter(int, unsigned int, char*)	source/DNFServer/GameServer/DBMW/DBManager.cpp	490	function_reports/dbmw/_ZN10CDBManager15SendGuildLetterEijPc.md
DNF-DBM-DIFF-0011	dbm	DIFF	_ZN10CDBManager16OnLoadGuildBoardEiRiP18STGuildBoardDBInfo	CDBManager::OnLoadGuildBoard(int, int&, STGuildBoardDBInfo*)	source/DNFServer/GameServer/DBMW/DBManager.cpp	5467	function_reports/dbmw/_ZN10CDBManager16OnLoadGuildBoardEiRiP18STGuildBoardDBInfo.md
DNF-DBM-DIFF-0012	dbm	DIFF	_ZN10CDBManager16QueryGuildCreateEP32Packet_DBMW_Request_Guild_CreateRjS2_	CDBManager::QueryGuildCreate(Packet_DBMW_Request_Guild_Create*, unsigned int&, unsigned int&)	source/DNFServer/GameServer/DBMW/DBManager.cpp	4320	function_reports/dbmw/_ZN10CDBManager16QueryGuildCreateEP32Packet_DBMW_Request_Guild_CreateRjS2_.md
DNF-DBM-DIFF-0013	dbm	DIFF	_ZN10CDBManager16SaveMemberInsertEjjh	CDBManager::SaveMemberInsert(unsigned int, unsigned int, unsigned char)	source/DNFServer/GameServer/DBMW/DBManager.cpp	2980	function_reports/dbmw/_ZN10CDBManager16SaveMemberInsertEjjh.md
DNF-DBM-DIFF-0014	dbm	DIFF	_ZN10CDBManager17OnWriteGuildBoardEP40Packet_DB_Load_Request_Guild_Board_WriteP18STGuildBoardDBInfo	CDBManager::OnWriteGuildBoard(Packet_DB_Load_Request_Guild_Board_Write*, STGuildBoardDBInfo*)	source/DNFServer/GameServer/DBMW/DBManager.cpp	537	function_reports/dbmw/_ZN10CDBManager17OnWriteGuildBoardEP40Packet_DB_Load_Request_Guild_Board_WriteP18STGuildBoardDBInfo.md
DNF-DBM-NEAR-0005	dbm	NEAR	_ZN10CDBManager17QueryHWspecCreateEP38Packet_DBMW_Save_Client_Spec_Statistic	CDBManager::QueryHWspecCreate(Packet_DBMW_Save_Client_Spec_Statistic*)	source/DNFServer/GameServer/DBMW/DBManager.cpp	5279	function_reports/dbmw/_ZN10CDBManager17QueryHWspecCreateEP38Packet_DBMW_Save_Client_Spec_Statistic.md
DNF-DBM-DIFF-0015	dbm	DIFF	_ZN10CDBManager17QueryReloadSpecDbEP38Packet_Frame_Lag_Statistic_Reload_SpecP17CStatisticsServer	CDBManager::QueryReloadSpecDb(Packet_Frame_Lag_Statistic_Reload_Spec*, CStatisticsServer*)	source/DNFServer/GameServer/DBMW/DBManager.cpp	4971	function_reports/dbmw/_ZN10CDBManager17QueryReloadSpecDbEP38Packet_Frame_Lag_Statistic_Reload_SpecP17CStatisticsServer.md
DNF-DBM-NEAR-0006	dbm	NEAR	_ZN10CDBManager18GetCoinEventPerDayEiiRiS0_	CDBManager::GetCoinEventPerDay(int, int, int&, int&)	source/DNFServer/GameServer/DBMW/DBManager.cpp	6653	function_reports/dbmw/_ZN10CDBManager18GetCoinEventPerDayEiiRiS0_.md
DNF-DBM-DIFF-0016	dbm	DIFF	_ZN10CDBManager18selectCollectItemsEhRiS0_RjRh	CDBManager::selectCollectItems(unsigned char, int&, int&, unsigned int&, unsigned char&)	source/DNFServer/GameServer/DBMW/DBManager.cpp	5513	function_reports/dbmw/_ZN10CDBManager18selectCollectItemsEhRiS0_RjRh.md
DNF-DBM-DIFF-0017	dbm	DIFF	_ZN10CDBManager18updateCollectItemsEhijh	CDBManager::updateCollectItems(unsigned char, int, unsigned int, unsigned char)	source/DNFServer/GameServer/DBMW/DBManager.cpp	1829	function_reports/dbmw/_ZN10CDBManager18updateCollectItemsEhijh.md
DNF-DBM-DIFF-0018	dbm	DIFF	_ZN10CDBManager19GuildMasterDelegateEijjjjPc	CDBManager::GuildMasterDelegate(int, unsigned int, unsigned int, unsigned int, unsigned int, char*)	source/DNFServer/GameServer/DBMW/DBManager.cpp	438	function_reports/dbmw/_ZN10CDBManager19GuildMasterDelegateEijjjjPc.md
DNF-DBM-DIFF-0019	dbm	DIFF	_ZN10CDBManager19QueryCharacNoByNameEPcRjPi	CDBManager::QueryCharacNoByName(char*, unsigned int&, int*)	source/DNFServer/GameServer/DBMW/DBManager.cpp	6703	function_reports/dbmw/_ZN10CDBManager19QueryCharacNoByNameEPcRjPi.md
DNF-DBM-DIFF-0020	dbm	DIFF	_ZN10CDBManager19QuerySubGuildMasterEhjR27Packet_DB_Reply_Query_Guild	CDBManager::QuerySubGuildMaster(unsigned char, unsigned int, Packet_DB_Reply_Query_Guild&)	source/DNFServer/GameServer/DBMW/DBManager.cpp	6511	function_reports/dbmw/_ZN10CDBManager19QuerySubGuildMasterEhjR27Packet_DB_Reply_Query_Guild.md
DNF-DBM-DIFF-0021	dbm	DIFF	_ZN10CDBManager19RegisterToBlackListEjjPc	CDBManager::RegisterToBlackList(unsigned int, unsigned int, char*)	source/DNFServer/GameServer/DBMW/DBManager.cpp	3947	function_reports/dbmw/_ZN10CDBManager19RegisterToBlackListEjjPc.md
DNF-DBM-DIFF-0022	dbm	DIFF	_ZN10CDBManager19SendGuildCoinByMailEijjjiPcS0_	CDBManager::SendGuildCoinByMail(int, unsigned int, unsigned int, unsigned int, int, char*, char*)	source/DNFServer/GameServer/DBMW/DBManager.cpp	6394	function_reports/dbmw/_ZN10CDBManager19SendGuildCoinByMailEijjjiPcS0_.md
DNF-DBM-DIFF-0023	dbm	DIFF	_ZN10CDBManager20OnSaveFatigueBatteryEP43Packet_DBMW_Fatigue_Battery_Money_Statistic	CDBManager::OnSaveFatigueBattery(Packet_DBMW_Fatigue_Battery_Money_Statistic*)	source/DNFServer/GameServer/DBMW/DBManager.cpp	2169	function_reports/dbmw/_ZN10CDBManager20OnSaveFatigueBatteryEP43Packet_DBMW_Fatigue_Battery_Money_Statistic.md
DNF-DBM-DIFF-0024	dbm	DIFF	_ZN10CDBManager20QueryFirstLoadSpecDbEP36Packet_Frame_Lag_Statistic_Load_SpecP17CStatisticsServer	CDBManager::QueryFirstLoadSpecDb(Packet_Frame_Lag_Statistic_Load_Spec*, CStatisticsServer*)	source/DNFServer/GameServer/DBMW/DBManager.cpp	5153	function_reports/dbmw/_ZN10CDBManager20QueryFirstLoadSpecDbEP36Packet_Frame_Lag_Statistic_Load_SpecP17CStatisticsServer.md
DNF-DBM-DIFF-0025	dbm	DIFF	_ZN10CDBManager20updateCollectItemsGmEhiij	CDBManager::updateCollectItemsGm(unsigned char, int, int, unsigned int)	source/DNFServer/GameServer/DBMW/DBManager.cpp	1873	function_reports/dbmw/_ZN10CDBManager20updateCollectItemsGmEhiij.md
DNF-DBM-DIFF-0026	dbm	DIFF	_ZN10CDBManager21AwardGuildTitleByMailEijjPcj	CDBManager::AwardGuildTitleByMail(int, unsigned int, unsigned int, char*, unsigned int)	source/DNFServer/GameServer/DBMW/DBManager.cpp	3894	function_reports/dbmw/_ZN10CDBManager21AwardGuildTitleByMailEijjPcj.md
DNF-DBM-DIFF-0027	dbm	DIFF	_ZN10CDBManager21OnLoadPeriodicMessageEP28Packet_Load_Periodic_MessageP38Packet_Result_Loading_Periodic_Message	CDBManager::OnLoadPeriodicMessage(Packet_Load_Periodic_Message*, Packet_Result_Loading_Periodic_Message*)	source/DNFServer/GameServer/DBMW/DBManager.cpp	1047	function_reports/dbmw/_ZN10CDBManager21OnLoadPeriodicMessageEP28Packet_Load_Periodic_MessageP38Packet_Result_Loading_Periodic_Message.md
DNF-DBM-DIFF-0028	dbm	DIFF	_ZN10CDBManager21OnSecretShopStatisticEP28Packet_Secret_Shop_Statistic	CDBManager::OnSecretShopStatistic(Packet_Secret_Shop_Statistic*)	source/DNFServer/GameServer/DBMW/DBManager.cpp	6812	function_reports/dbmw/_ZN10CDBManager21OnSecretShopStatisticEP28Packet_Secret_Shop_Statistic.md
DNF-DBM-DIFF-0029	dbm	DIFF	_ZN10CDBManager21QueryGuildMemberProxyEjjR18STGuildMemberProxy	CDBManager::QueryGuildMemberProxy(unsigned int, unsigned int, STGuildMemberProxy&)	source/DNFServer/GameServer/DBMW/DBManager.cpp	2744	function_reports/dbmw/_ZN10CDBManager21QueryGuildMemberProxyEjjR18STGuildMemberProxy.md
DNF-DBM-DIFF-0030	dbm	DIFF	_ZN10CDBManager21QueryTodayGuildMemberEjR31Packet_Reply_Today_Guild_Member	CDBManager::QueryTodayGuildMember(unsigned int, Packet_Reply_Today_Guild_Member&)	source/DNFServer/GameServer/DBMW/DBManager.cpp	5226	function_reports/dbmw/_ZN10CDBManager21QueryTodayGuildMemberEjR31Packet_Reply_Today_Guild_Member.md
DNF-DBM-DIFF-0031	dbm	DIFF	_ZN10CDBManager21SaveGuildWarPointListEiPjS0_	CDBManager::SaveGuildWarPointList(int, unsigned int*, unsigned int*)	source/DNFServer/GameServer/DBMW/DBManager.cpp	866	function_reports/dbmw/_ZN10CDBManager21SaveGuildWarPointListEiPjS0_.md
DNF-DBM-DIFF-0032	dbm	DIFF	_ZN10CDBManager21insertServerGameEventEP31Packet_StartGameEventFromServer	CDBManager::insertServerGameEvent(Packet_StartGameEventFromServer*)	source/DNFServer/GameServer/DBMW/DBManager.cpp	1283	function_reports/dbmw/_ZN10CDBManager21insertServerGameEventEP31Packet_StartGameEventFromServer.md
DNF-DBM-NEAR-0007	dbm	NEAR	_ZN10CDBManager22OnSavePowerWarUserRankEP34Packet_DB_Save_Power_War_User_Rank	CDBManager::OnSavePowerWarUserRank(Packet_DB_Save_Power_War_User_Rank*)	source/DNFServer/GameServer/DBMW/DBManager.cpp	1156	function_reports/dbmw/_ZN10CDBManager22OnSavePowerWarUserRankEP34Packet_DB_Save_Power_War_User_Rank.md
DNF-DBM-DIFF-0033	dbm	DIFF	_ZN10CDBManager22OnStatisticLoginLogoutEP34Packet_DBMW_Statistic_Login_Logout	CDBManager::OnStatisticLoginLogout(Packet_DBMW_Statistic_Login_Logout*)	source/DNFServer/GameServer/DBMW/DBManager.cpp	4916	function_reports/dbmw/_ZN10CDBManager22OnStatisticLoginLogoutEP34Packet_DBMW_Statistic_Login_Logout.md
DNF-DBM-DIFF-0034	dbm	DIFF	_ZN10CDBManager22OnWriteGuildMemberMemoEP33Packet_DB_Write_Guild_Member_Memo	CDBManager::OnWriteGuildMemberMemo(Packet_DB_Write_Guild_Member_Memo*)	source/DNFServer/GameServer/DBMW/DBManager.cpp	2055	function_reports/dbmw/_ZN10CDBManager22OnWriteGuildMemberMemoEP33Packet_DB_Write_Guild_Member_Memo.md
DNF-DBM-DIFF-0035	dbm	DIFF	_ZN10CDBManager23OnLoadGuildCargoHistoryEjR37Packet_Guild_Load_Guild_Cargo_History	CDBManager::OnLoadGuildCargoHistory(unsigned int, Packet_Guild_Load_Guild_Cargo_History&)	source/DNFServer/GameServer/DBMW/DBManager.cpp	5356	function_reports/dbmw/_ZN10CDBManager23OnLoadGuildCargoHistoryEjR37Packet_Guild_Load_Guild_Cargo_History.md
DNF-DBM-DIFF-0036	dbm	DIFF	_ZN10CDBManager23OnSaveLoadingTimeReportEP31Packet_DBMW_Loading_Time_Report	CDBManager::OnSaveLoadingTimeReport(Packet_DBMW_Loading_Time_Report*)	source/DNFServer/GameServer/DBMW/DBManager.cpp	2147	function_reports/dbmw/_ZN10CDBManager23OnSaveLoadingTimeReportEP31Packet_DBMW_Loading_Time_Report.md
DNF-DBM-NEAR-0008	dbm	NEAR	_ZN10CDBManager23OnSavePowerWarGuildRankEP35Packet_DB_Save_Power_War_Guild_Rank	CDBManager::OnSavePowerWarGuildRank(Packet_DB_Save_Power_War_Guild_Rank*)	source/DNFServer/GameServer/DBMW/DBManager.cpp	1199	function_reports/dbmw/_ZN10CDBManager23OnSavePowerWarGuildRankEP35Packet_DB_Save_Power_War_Guild_Rank.md
DNF-DBM-DIFF-0037	dbm	DIFF	_ZN10CDBManager23loadLimitNpcBuyItemInfoEP26LimitNpcBuyItemRequestInfoP25LimitNpcBuyItemResultInfo	CDBManager::loadLimitNpcBuyItemInfo(LimitNpcBuyItemRequestInfo*, LimitNpcBuyItemResultInfo*)	source/DNFServer/GameServer/DBMW/DBManager.cpp	6853	function_reports/dbmw/_ZN10CDBManager23loadLimitNpcBuyItemInfoEP26LimitNpcBuyItemRequestInfoP25LimitNpcBuyItemResultInfo.md
DNF-DBM-DIFF-0038	dbm	DIFF	_ZN10CDBManager24ChangeGuildNotifyMessageEijPc	CDBManager::ChangeGuildNotifyMessage(int, unsigned int, char*)	source/DNFServer/GameServer/DBMW/DBManager.cpp	7028	function_reports/dbmw/_ZN10CDBManager24ChangeGuildNotifyMessageEijPc.md
DNF-DBM-DIFF-0039	dbm	DIFF	_ZN10CDBManager24InsertFrameLagStatisticsEP42Packet_Frame_Lag_Statistic_Write_Lag_IndexP17CStatisticsServer	CDBManager::InsertFrameLagStatistics(Packet_Frame_Lag_Statistic_Write_Lag_Index*, CStatisticsServer*)	source/DNFServer/GameServer/DBMW/DBManager.cpp	5062	function_reports/dbmw/_ZN10CDBManager24InsertFrameLagStatisticsEP42Packet_Frame_Lag_Statistic_Write_Lag_IndexP17CStatisticsServer.md
DNF-DBM-DIFF-0040	dbm	DIFF	_ZN10CDBManager24OnGoldcardEventStatisticEP35Packet_Goldcard_Event_Statistic_STD	CDBManager::OnGoldcardEventStatistic(Packet_Goldcard_Event_Statistic_STD*)	source/DNFServer/GameServer/DBMW/DBManager.cpp	1465	function_reports/dbmw/_ZN10CDBManager24OnGoldcardEventStatisticEP35Packet_Goldcard_Event_Statistic_STD.md
DNF-DBM-DIFF-0041	dbm	DIFF	_ZN10CDBManager24OnGuildJoinByListApproveEjcjjR15STGuildJoinInfoRj	CDBManager::OnGuildJoinByListApprove(unsigned int, char, unsigned int, unsigned int, STGuildJoinInfo&, unsigned int&)	source/DNFServer/GameServer/DBMW/DBManager.cpp	3131	function_reports/dbmw/_ZN10CDBManager24OnGuildJoinByListApproveEjcjjR15STGuildJoinInfoRj.md
DNF-DBM-NEAR-0009	dbm	NEAR	_ZN10CDBManager24OnManagerEventTriggerAckEP32Packet_Manager_Event_Trigger_Ack	CDBManager::OnManagerEventTriggerAck(Packet_Manager_Event_Trigger_Ack*)	source/DNFServer/GameServer/DBMW/DBManager.cpp	2113	function_reports/dbmw/_ZN10CDBManager24OnManagerEventTriggerAckEP32Packet_Manager_Event_Trigger_Ack.md
DNF-DBM-DIFF-0042	dbm	DIFF	_ZN10CDBManager24OnSavePowerWarBonusPointEP36Packet_DB_Save_Power_War_Bonus_Point	CDBManager::OnSavePowerWarBonusPoint(Packet_DB_Save_Power_War_Bonus_Point*)	source/DNFServer/GameServer/DBMW/DBManager.cpp	893	function_reports/dbmw/_ZN10CDBManager24OnSavePowerWarBonusPointEP36Packet_DB_Save_Power_War_Bonus_Point.md
DNF-DBM-DIFF-0043	dbm	DIFF	_ZN10CDBManager24QueryCubeStatisticCreateEP26Packet_DBMW_Cube_Statistic	CDBManager::QueryCubeStatisticCreate(Packet_DBMW_Cube_Statistic*)	source/DNFServer/GameServer/DBMW/DBManager.cpp	5689	function_reports/dbmw/_ZN10CDBManager24QueryCubeStatisticCreateEP26Packet_DBMW_Cube_Statistic.md
DNF-DBM-DIFF-0044	dbm	DIFF	_ZN10CDBManager24QueryUpdateChannelOccNumEP27Packet_User_Count_Statistic	CDBManager::QueryUpdateChannelOccNum(Packet_User_Count_Statistic*)	source/DNFServer/GameServer/DBMW/DBManager.cpp	1502	function_reports/dbmw/_ZN10CDBManager24QueryUpdateChannelOccNumEP27Packet_User_Count_Statistic.md
DNF-DBM-DIFF-0045	dbm	DIFF	_ZN10CDBManager24SaveUnchangableGuildInfoEP33Packet_UnChangable_GuildInfo_Save	CDBManager::SaveUnchangableGuildInfo(Packet_UnChangable_GuildInfo_Save*)	source/DNFServer/GameServer/DBMW/DBManager.cpp	5753	function_reports/dbmw/_ZN10CDBManager24SaveUnchangableGuildInfoEP33Packet_UnChangable_GuildInfo_Save.md
DNF-DBM-DIFF-0046	dbm	DIFF	_ZN10CDBManager24UpdateRandomboxStatisticEP29Packet_Randombox_statistic_DB	CDBManager::UpdateRandomboxStatistic(Packet_Randombox_statistic_DB*)	source/DNFServer/GameServer/DBMW/DBManager.cpp	1924	function_reports/dbmw/_ZN10CDBManager24UpdateRandomboxStatisticEP29Packet_Randombox_statistic_DB.md
DNF-DBM-DIFF-0047	dbm	DIFF	_ZN10CDBManager24insertHolePunchingResultEP38Packet_GameServer2Statisctics2DBServer	CDBManager::insertHolePunchingResult(Packet_GameServer2Statisctics2DBServer*)	source/DNFServer/GameServer/DBMW/DBManager.cpp	1897	function_reports/dbmw/_ZN10CDBManager24insertHolePunchingResultEP38Packet_GameServer2Statisctics2DBServer.md
DNF-DBM-DIFF-0048	dbm	DIFF	_ZN10CDBManager24updateCompatibilityIndexEP31Packet_Stat_Compatibility_Index	CDBManager::updateCompatibilityIndex(Packet_Stat_Compatibility_Index*)	source/DNFServer/GameServer/DBMW/DBManager.cpp	6762	function_reports/dbmw/_ZN10CDBManager24updateCompatibilityIndexEP31Packet_Stat_Compatibility_Index.md
DNF-DBM-DIFF-0049	dbm	DIFF	_ZN10CDBManager25OnInsertGuildCargoHistoryEP36Packet_DB_Insert_Guild_Cargo_History	CDBManager::OnInsertGuildCargoHistory(Packet_DB_Insert_Guild_Cargo_History*)	source/DNFServer/GameServer/DBMW/DBManager.cpp	719	function_reports/dbmw/_ZN10CDBManager25OnInsertGuildCargoHistoryEP36Packet_DB_Insert_Guild_Cargo_History.md
DNF-DBM-DIFF-0050	dbm	DIFF	_ZN10CDBManager25OnSavePacketOverflowWriteEP37Packet_DBMW_Packet_Overflow_Statistic	CDBManager::OnSavePacketOverflowWrite(Packet_DBMW_Packet_Overflow_Statistic*)	source/DNFServer/GameServer/DBMW/DBManager.cpp	1647	function_reports/dbmw/_ZN10CDBManager25OnSavePacketOverflowWriteEP37Packet_DBMW_Packet_Overflow_Statistic.md
DNF-DBM-NEAR-0010	dbm	NEAR	_ZN10CDBManager25OnSavePowerWarPointRewardEP37Packet_DB_Save_Power_War_Point_Reward	CDBManager::OnSavePowerWarPointReward(Packet_DB_Save_Power_War_Point_Reward*)	source/DNFServer/GameServer/DBMW/DBManager.cpp	994	function_reports/dbmw/_ZN10CDBManager25OnSavePowerWarPointRewardEP37Packet_DB_Save_Power_War_Point_Reward.md
DNF-DBM-DIFF-0051	dbm	DIFF	_ZN10CDBManager25QueryGuildAllMembersProxyEjP18STGuildMemberProxyRt	CDBManager::QueryGuildAllMembersProxy(unsigned int, STGuildMemberProxy*, unsigned short&)	source/DNFServer/GameServer/DBMW/DBManager.cpp	2777	function_reports/dbmw/_ZN10CDBManager25QueryGuildAllMembersProxyEjP18STGuildMemberProxyRt.md
DNF-DBM-NEAR-0011	dbm	NEAR	_ZN10CDBManager25QueryOnTimeEventIdxUpdateEP34Packet_Req_Ontime_Event_Idx_Update	CDBManager::QueryOnTimeEventIdxUpdate(Packet_Req_Ontime_Event_Idx_Update*)	source/DNFServer/GameServer/DBMW/DBManager.cpp	6551	function_reports/dbmw/_ZN10CDBManager25QueryOnTimeEventIdxUpdateEP34Packet_Req_Ontime_Event_Idx_Update.md
DNF-DBM-DIFF-0052	dbm	DIFF	_ZN10CDBManager25QueryPartyStatisticCreateEP35Packet_DBMW_Dungeon_Statistic_Party	CDBManager::QueryPartyStatisticCreate(Packet_DBMW_Dungeon_Statistic_Party*)	source/DNFServer/GameServer/DBMW/DBManager.cpp	3239	function_reports/dbmw/_ZN10CDBManager25QueryPartyStatisticCreateEP35Packet_DBMW_Dungeon_Statistic_Party.md
DNF-DBM-DIFF-0053	dbm	DIFF	_ZN10CDBManager26OnSavePowerWarStatueRankerEP38Packet_DB_Save_Power_War_Statue_Ranker	CDBManager::OnSavePowerWarStatueRanker(Packet_DB_Save_Power_War_Statue_Ranker*)	source/DNFServer/GameServer/DBMW/DBManager.cpp	955	function_reports/dbmw/_ZN10CDBManager26OnSavePowerWarStatueRankerEP38Packet_DB_Save_Power_War_Statue_Ranker.md
DNF-DBM-DIFF-0054	dbm	DIFF	_ZN10CDBManager26onItemLimitEditionLoadDataEPK39Packet_Item_Limit_Edition_Load_Data_ReqP39Packet_Item_Limit_Edition_Load_Data_Rpy	CDBManager::onItemLimitEditionLoadData(Packet_Item_Limit_Edition_Load_Data_Req const*, Packet_Item_Limit_Edition_Load_Data_Rpy*)	source/DNFServer/GameServer/DBMW/DBManager.cpp	4527	function_reports/dbmw/_ZN10CDBManager26onItemLimitEditionLoadDataEPK39Packet_Item_Limit_Edition_Load_Data_ReqP39Packet_Item_Limit_Edition_Load_Data_Rpy.md
DNF-DBM-DIFF-0055	dbm	DIFF	_ZN10CDBManager28OnSaveAssertManagerInfoWriteEP43Packet_DBMW_Assert_Manager_Info_Write_Query	CDBManager::OnSaveAssertManagerInfoWrite(Packet_DBMW_Assert_Manager_Info_Write_Query*)	source/DNFServer/GameServer/DBMW/DBManager.cpp	5644	function_reports/dbmw/_ZN10CDBManager28OnSaveAssertManagerInfoWriteEP43Packet_DBMW_Assert_Manager_Info_Write_Query.md
DNF-DBM-DIFF-0056	dbm	DIFF	_ZN10CDBManager28QueryPartyJobStatisticCreateEP39Packet_DBMW_Dungeon_Statistic_Party_Job	CDBManager::QueryPartyJobStatisticCreate(Packet_DBMW_Dungeon_Statistic_Party_Job*)	source/DNFServer/GameServer/DBMW/DBManager.cpp	3309	function_reports/dbmw/_ZN10CDBManager28QueryPartyJobStatisticCreateEP39Packet_DBMW_Dungeon_Statistic_Party_Job.md
DNF-DBM-DIFF-0057	dbm	DIFF	_ZN10CDBManager28QueryTowerOfDespairStatisticEP35Packet_TowerOfDespair_Statistic_STD	CDBManager::QueryTowerOfDespairStatistic(Packet_TowerOfDespair_Statistic_STD*)	source/DNFServer/GameServer/DBMW/DBManager.cpp	1718	function_reports/dbmw/_ZN10CDBManager28QueryTowerOfDespairStatisticEP35Packet_TowerOfDespair_Statistic_STD.md
DNF-DBM-DIFF-0058	dbm	DIFF	_ZN10CDBManager28onItemLimitEditionUpdateDataEPK32Packet_Item_Limit_Edition_Update	CDBManager::onItemLimitEditionUpdateData(Packet_Item_Limit_Edition_Update const*)	source/DNFServer/GameServer/DBMW/DBManager.cpp	4587	function_reports/dbmw/_ZN10CDBManager28onItemLimitEditionUpdateDataEPK32Packet_Item_Limit_Edition_Update.md
DNF-DBM-DIFF-0059	dbm	DIFF	_ZN10CDBManager29QueryErrorLineStatisticCreateEP37Packet_DBMW_Save_Error_Line_Statistic	CDBManager::QueryErrorLineStatisticCreate(Packet_DBMW_Save_Error_Line_Statistic*)	source/DNFServer/GameServer/DBMW/DBManager.cpp	1687	function_reports/dbmw/_ZN10CDBManager29QueryErrorLineStatisticCreateEP37Packet_DBMW_Save_Error_Line_Statistic.md
DNF-DBM-DIFF-0060	dbm	DIFF	_ZN10CDBManager29UpdateDisjointAvatarStatisticEP35Packet_Avater_Disjoint_Statistic_DB	CDBManager::UpdateDisjointAvatarStatistic(Packet_Avater_Disjoint_Statistic_DB*)	source/DNFServer/GameServer/DBMW/DBManager.cpp	6185	function_reports/dbmw/_ZN10CDBManager29UpdateDisjointAvatarStatisticEP35Packet_Avater_Disjoint_Statistic_DB.md
DNF-DBM-DIFF-0061	dbm	DIFF	_ZN10CDBManager31QueryPartyCharacStatisticCreateEP42Packet_DBMW_Dungeon_Statistic_Party_Charac	CDBManager::QueryPartyCharacStatisticCreate(Packet_DBMW_Dungeon_Statistic_Party_Charac*)	source/DNFServer/GameServer/DBMW/DBManager.cpp	3373	function_reports/dbmw/_ZN10CDBManager31QueryPartyCharacStatisticCreateEP42Packet_DBMW_Dungeon_Statistic_Party_Charac.md
DNF-DBM-DIFF-0062	dbm	DIFF	_ZN10CDBManager33QueryHellPartyStatisticItemCreateEP36Packet_DBMW_HellParty_Statistic_Item	CDBManager::QueryHellPartyStatisticItemCreate(Packet_DBMW_HellParty_Statistic_Item*)	source/DNFServer/GameServer/DBMW/DBManager.cpp	1611	function_reports/dbmw/_ZN10CDBManager33QueryHellPartyStatisticItemCreateEP36Packet_DBMW_HellParty_Statistic_Item.md
DNF-DBM-DIFF-0063	dbm	DIFF	_ZN10CDBManager33updateNexonPinPcRoomPlayTimeEventEhjRjPcj	CDBManager::updateNexonPinPcRoomPlayTimeEvent(unsigned char, unsigned int, unsigned int&, char*, unsigned int)	source/DNFServer/GameServer/DBMW/DBManager.cpp	5576	function_reports/dbmw/_ZN10CDBManager33updateNexonPinPcRoomPlayTimeEventEhjRjPcj.md
DNF-DBM-DIFF-0064	dbm	DIFF	_ZN10CDBManager35QueryDeathTowerValueStatisticCreateEP38Packet_DBMW_DeathTower_Statistic_Value	CDBManager::QueryDeathTowerValueStatisticCreate(Packet_DBMW_DeathTower_Statistic_Value*)	source/DNFServer/GameServer/DBMW/DBManager.cpp	6091	function_reports/dbmw/_ZN10CDBManager35QueryDeathTowerValueStatisticCreateEP38Packet_DBMW_DeathTower_Statistic_Value.md
DNF-DBM-DIFF-0065	dbm	DIFF	_ZN10CDBManager41QueryDeathTowerPlayDataJobStatisticCreateEP45Packet_DBMW_DeathTower_Statistic_Playdata_Job	CDBManager::QueryDeathTowerPlayDataJobStatisticCreate(Packet_DBMW_DeathTower_Statistic_Playdata_Job*)	source/DNFServer/GameServer/DBMW/DBManager.cpp	6003	function_reports/dbmw/_ZN10CDBManager41QueryDeathTowerPlayDataJobStatisticCreateEP45Packet_DBMW_DeathTower_Statistic_Playdata_Job.md
DNF-DBM-DIFF-0066	dbm	DIFF	_ZN10CDBManager43QueryDeathTowerPlayDataPartyStatisticCreateEP47Packet_DBMW_DeathTower_Statistic_Playdata_Party	CDBManager::QueryDeathTowerPlayDataPartyStatisticCreate(Packet_DBMW_DeathTower_Statistic_Playdata_Party*)	source/DNFServer/GameServer/DBMW/DBManager.cpp	6258	function_reports/dbmw/_ZN10CDBManager43QueryDeathTowerPlayDataPartyStatisticCreateEP47Packet_DBMW_DeathTower_Statistic_Playdata_Party.md
DNF-DBM-DIFF-0067	dbm	DIFF	_ZN10CDBManager8AddBuddyEjPcR13STBuddyDBInfoRi	CDBManager::AddBuddy(unsigned int, char*, STBuddyDBInfo&, int&)	source/DNFServer/GameServer/DBMW/DBManager.cpp	5855	function_reports/dbmw/_ZN10CDBManager8AddBuddyEjPcR13STBuddyDBInfoRi.md
DNF-DBM-DIFF-0068	dbm	DIFF	_ZN12CApplication15TranslateSignalEv	CApplication::TranslateSignal()	source/DNFServer/GameServer/DBMW/DNFApplication.cpp	411	function_reports/dbmw/_ZN12CApplication15TranslateSignalEv.md
DNF-DBM-DIFF-0069	dbm	DIFF	_ZN12CApplication4LoadEiPPc	CApplication::Load(int, char**)	source/DNFServer/GameServer/DBMW/DNFApplication.cpp	111	function_reports/dbmw/_ZN12CApplication4LoadEiPPc.md
DNF-DBM-NEAR-0012	dbm	NEAR	_ZN13CPacketTracer19EndPacketProcessLogEj	CPacketTracer::EndPacketProcessLog(unsigned int)	source/DNFServer/GameServer/DBMW/DNFPacketTracer.cpp	78	function_reports/dbmw/_ZN13CPacketTracer19EndPacketProcessLogEj.md
DNF-DBM-DIFF-0070	dbm	DIFF	_ZN13CPacketTracer21StartPacketProcessLogEj	CPacketTracer::StartPacketProcessLog(unsigned int)	source/DNFServer/GameServer/DBMW/DNFPacketTracer.cpp	64	function_reports/dbmw/_ZN13CPacketTracer21StartPacketProcessLogEj.md
DNF-DBM-DIFF-0071	dbm	DIFF	_ZN13CPacketTracer21WritePacketProcessLogEv	CPacketTracer::WritePacketProcessLog()	source/DNFServer/GameServer/DBMW/DNFPacketTracer.cpp	89	function_reports/dbmw/_ZN13CPacketTracer21WritePacketProcessLogEv.md
DNF-DBM-DIFF-0072	dbm	DIFF	_ZN13CPacketTracerC1Ev	CPacketTracer::CPacketTracer()	source/DNFServer/GameServer/DBMW/DNFPacketTracer.cpp	27	function_reports/dbmw/_ZN13CPacketTracerC1Ev.md
DNF-DBM-DIFF-0073	dbm	DIFF	_ZN13CPacketTracerC2Ev	CPacketTracer::CPacketTracer()	source/DNFServer/GameServer/DBMW/DNFPacketTracer.cpp	27	function_reports/dbmw/_ZN13CPacketTracerC2Ev.md
DNF-DBM-DIFF-0074	dbm	DIFF	_ZN13CQueryCounter10WriteDBLogER10CDBManager	CQueryCounter::WriteDBLog(CDBManager&)	source/DNFServer/GameServer/DBMW/QueryCounter.cpp	47	function_reports/dbmw/_ZN13CQueryCounter10WriteDBLogER10CDBManager.md
DNF-DBM-DIFF-0075	dbm	DIFF	_ZN13CTcpNetSystem10SendPacketEv	CTcpNetSystem::SendPacket()	source/DNFServer/GameServer/DBMW/TcpNetSystem.cpp	169	function_reports/dbmw/_ZN13CTcpNetSystem10SendPacketEv.md
DNF-DBM-DIFF-0076	dbm	DIFF	_ZN13CTcpNetSystem14OpenTcpServiceERiPKct	CTcpNetSystem::OpenTcpService(int&, char const*, unsigned short)	source/DNFServer/GameServer/DBMW/TcpNetSystem.cpp	52	function_reports/dbmw/_ZN13CTcpNetSystem14OpenTcpServiceERiPKct.md
DNF-DBM-DIFF-0077	dbm	DIFF	_ZN13CTcpNetSystem18PushTcpSendPacketQEPc	CTcpNetSystem::PushTcpSendPacketQ(char*)	source/DNFServer/GameServer/DBMW/TcpNetSystem.cpp	261	function_reports/dbmw/_ZN13CTcpNetSystem18PushTcpSendPacketQEPc.md
DNF-DBM-DIFF-0078	dbm	DIFF	_ZN13CTcpNetSystem19CleanTcpSendPacketQEv	CTcpNetSystem::CleanTcpSendPacketQ()	source/DNFServer/GameServer/DBMW/TcpNetSystem.cpp	276	function_reports/dbmw/_ZN13CTcpNetSystem19CleanTcpSendPacketQEv.md
DNF-DBM-DIFF-0079	dbm	DIFF	_ZN13CTcpNetSystem21SetEpollAcceptedPeersEv	CTcpNetSystem::SetEpollAcceptedPeers()	source/DNFServer/GameServer/DBMW/TcpNetSystem.cpp	141	function_reports/dbmw/_ZN13CTcpNetSystem21SetEpollAcceptedPeersEv.md
DNF-DBM-NEAR-0013	dbm	NEAR	_ZN13np_server_xml10CServerXml9StrPunishEiPKcNS_12_eStringTypeE	np_server_xml::CServerXml::StrPunish(int, char const*, np_server_xml::_eStringType)	source/DNFServer/GameServer/DBMW/ServerXml.cpp	235	function_reports/dbmw/_ZN13np_server_xml10CServerXml9StrPunishEiPKcNS_12_eStringTypeE.md
DNF-DBM-DIFF-0080	dbm	DIFF	_ZN14CNetworkThread8dispatchEPv	CNetworkThread::dispatch(void*)	source/DNFServer/GameServer/DBMW/DNFNetworkThread.cpp	50	function_reports/dbmw/_ZN14CNetworkThread8dispatchEPv.md
DNF-DBM-DIFF-0081	dbm	DIFF	_ZN14CPacketCounterILi1000ELi10240EE12AfterProcessEi	CPacketCounter<1000, 10240>::AfterProcess(int)	source/DNFServer/GameServer/DBMW/PacketCounter.cpp	88	function_reports/dbmw/_ZN14CPacketCounterILi1000ELi10240EE12AfterProcessEi.md
DNF-DBM-DIFF-0082	dbm	DIFF	_ZN14CServerHandler16SendAllTcpServerEP12PacketHeader	CServerHandler::SendAllTcpServer(PacketHeader*)	source/DNFServer/GameServer/DBMW/DNFServerHandler.cpp	155	function_reports/dbmw/_ZN14CServerHandler16SendAllTcpServerEP12PacketHeader.md
DNF-DBM-DIFF-0083	dbm	DIFF	_ZN17CPacketTranslater11OnGuildJoinEP12PacketHeader	CPacketTranslater::OnGuildJoin(PacketHeader*)	source/DNFServer/GameServer/DBMW/DNFPacketTranslater.cpp	338	function_reports/dbmw/_ZN17CPacketTranslater11OnGuildJoinEP12PacketHeader.md
DNF-DBM-DIFF-0084	dbm	DIFF	_ZN17CPacketTranslater13OnGuildSecedeEP12PacketHeader	CPacketTranslater::OnGuildSecede(PacketHeader*)	source/DNFServer/GameServer/DBMW/DNFPacketTranslater.cpp	864	function_reports/dbmw/_ZN17CPacketTranslater13OnGuildSecedeEP12PacketHeader.md
DNF-DBM-DIFF-0085	dbm	DIFF	_ZN17CPacketTranslater16OnDBMWInsertMailEP12PacketHeader	CPacketTranslater::OnDBMWInsertMail(PacketHeader*)	source/DNFServer/GameServer/DBMW/DNFPacketTranslater.cpp	1060	function_reports/dbmw/_ZN17CPacketTranslater16OnDBMWInsertMailEP12PacketHeader.md
DNF-DBM-DIFF-0086	dbm	DIFF	_ZN17CPacketTranslater16OnRequestARSInfoEP12PacketHeader	CPacketTranslater::OnRequestARSInfo(PacketHeader*)	source/DNFServer/GameServer/DBMW/DNFPacketTranslater.cpp	2314	function_reports/dbmw/_ZN17CPacketTranslater16OnRequestARSInfoEP12PacketHeader.md
DNF-DBM-DIFF-0087	dbm	DIFF	_ZN17CPacketTranslater16OnTcpServerLoginEP12PacketHeader	CPacketTranslater::OnTcpServerLogin(PacketHeader*)	source/DNFServer/GameServer/DBMW/DNFPacketTranslater.cpp	2799	function_reports/dbmw/_ZN17CPacketTranslater16OnTcpServerLoginEP12PacketHeader.md
DNF-DBM-DIFF-0088	dbm	DIFF	_ZN17CPacketTranslater17OnSendGuildLetterEP12PacketHeader	CPacketTranslater::OnSendGuildLetter(PacketHeader*)	source/DNFServer/GameServer/DBMW/DNFPacketTranslater.cpp	267	function_reports/dbmw/_ZN17CPacketTranslater17OnSendGuildLetterEP12PacketHeader.md
DNF-DBM-DIFF-0089	dbm	DIFF	_ZN17CPacketTranslater18OnQueryGuildMemberEP12PacketHeader	CPacketTranslater::OnQueryGuildMember(PacketHeader*)	source/DNFServer/GameServer/DBMW/DNFPacketTranslater.cpp	1131	function_reports/dbmw/_ZN17CPacketTranslater18OnQueryGuildMemberEP12PacketHeader.md
DNF-DBM-DIFF-0090	dbm	DIFF	_ZN17CPacketTranslater19OnDeleteToBlackListEP12PacketHeader	CPacketTranslater::OnDeleteToBlackList(PacketHeader*)	source/DNFServer/GameServer/DBMW/DNFPacketTranslater.cpp	693	function_reports/dbmw/_ZN17CPacketTranslater19OnDeleteToBlackListEP12PacketHeader.md
DNF-DBM-DIFF-0091	dbm	DIFF	_ZN17CPacketTranslater20onCollectItemsUpdateEP12PacketHeader	CPacketTranslater::onCollectItemsUpdate(PacketHeader*)	source/DNFServer/GameServer/DBMW/DNFPacketTranslater.cpp	1840	function_reports/dbmw/_ZN17CPacketTranslater20onCollectItemsUpdateEP12PacketHeader.md
DNF-DBM-DIFF-0092	dbm	DIFF	_ZN17CPacketTranslater20onQueryTowerFullRankEP12PacketHeader	CPacketTranslater::onQueryTowerFullRank(PacketHeader*)	source/DNFServer/GameServer/DBMW/DNFPacketTranslater.cpp	2250	function_reports/dbmw/_ZN17CPacketTranslater20onQueryTowerFullRankEP12PacketHeader.md
DNF-DBM-DIFF-0093	dbm	DIFF	_ZN17CPacketTranslater21OnGuildMasterDelegateEP12PacketHeader	CPacketTranslater::OnGuildMasterDelegate(PacketHeader*)	source/DNFServer/GameServer/DBMW/DNFPacketTranslater.cpp	204	function_reports/dbmw/_ZN17CPacketTranslater21OnGuildMasterDelegateEP12PacketHeader.md
DNF-DBM-DIFF-0094	dbm	DIFF	_ZN17CPacketTranslater21OnLoadPeriodicMessageEP12PacketHeader	CPacketTranslater::OnLoadPeriodicMessage(PacketHeader*)	source/DNFServer/GameServer/DBMW/DNFPacketTranslater.cpp	1036	function_reports/dbmw/_ZN17CPacketTranslater21OnLoadPeriodicMessageEP12PacketHeader.md
DNF-DBM-DIFF-0095	dbm	DIFF	_ZN17CPacketTranslater21OnRegisterToBlackListEP12PacketHeader	CPacketTranslater::OnRegisterToBlackList(PacketHeader*)	source/DNFServer/GameServer/DBMW/DNFPacketTranslater.cpp	740	function_reports/dbmw/_ZN17CPacketTranslater21OnRegisterToBlackListEP12PacketHeader.md
DNF-DBM-DIFF-0096	dbm	DIFF	_ZN17CPacketTranslater22OnPcRoomPlayTimeRewardEP12PacketHeader	CPacketTranslater::OnPcRoomPlayTimeReward(PacketHeader*)	source/DNFServer/GameServer/DBMW/DNFPacketTranslater.cpp	2051	function_reports/dbmw/_ZN17CPacketTranslater22OnPcRoomPlayTimeRewardEP12PacketHeader.md
DNF-DBM-DIFF-0097	dbm	DIFF	_ZN17CPacketTranslater22OnRequestIPCounterListEP12PacketHeader	CPacketTranslater::OnRequestIPCounterList(PacketHeader*)	source/DNFServer/GameServer/DBMW/DNFPacketTranslater.cpp	2140	function_reports/dbmw/_ZN17CPacketTranslater22OnRequestIPCounterListEP12PacketHeader.md
DNF-DBM-DIFF-0098	dbm	DIFF	_ZN17CPacketTranslater23OnDBMWVillageAttackRankEP12PacketHeader	CPacketTranslater::OnDBMWVillageAttackRank(PacketHeader*)	source/DNFServer/GameServer/DBMW/DNFPacketTranslater.cpp	1527	function_reports/dbmw/_ZN17CPacketTranslater23OnDBMWVillageAttackRankEP12PacketHeader.md
DNF-DBM-DIFF-0099	dbm	DIFF	_ZN17CPacketTranslater24OnSavePowerWarBonusPointEP12PacketHeader	CPacketTranslater::OnSavePowerWarBonusPoint(PacketHeader*)	source/DNFServer/GameServer/DBMW/DNFPacketTranslater.cpp	957	function_reports/dbmw/_ZN17CPacketTranslater24OnSavePowerWarBonusPointEP12PacketHeader.md
DNF-DBM-DIFF-0100	dbm	DIFF	_ZN17CPacketTranslater24OnSendMailCoinGuildEventEP12PacketHeader	CPacketTranslater::OnSendMailCoinGuildEvent(PacketHeader*)	source/DNFServer/GameServer/DBMW/DNFPacketTranslater.cpp	390	function_reports/dbmw/_ZN17CPacketTranslater24OnSendMailCoinGuildEventEP12PacketHeader.md
DNF-DBM-DIFF-0101	dbm	DIFF	_ZN17CPacketTranslater24onEndGameEventFromServerEP12PacketHeader	CPacketTranslater::onEndGameEventFromServer(PacketHeader*)	source/DNFServer/GameServer/DBMW/DNFPacketTranslater.cpp	1385	function_reports/dbmw/_ZN17CPacketTranslater24onEndGameEventFromServerEP12PacketHeader.md
DNF-DBM-DIFF-0102	dbm	DIFF	_ZN17CPacketTranslater25OnRequestApproveJoinGuildEP12PacketHeader	CPacketTranslater::OnRequestApproveJoinGuild(PacketHeader*)	source/DNFServer/GameServer/DBMW/DNFPacketTranslater.cpp	1240	function_reports/dbmw/_ZN17CPacketTranslater25OnRequestApproveJoinGuildEP12PacketHeader.md
DNF-DBM-DIFF-0103	dbm	DIFF	_ZN17CPacketTranslater25OnRequestBlackListOnLoginEP12PacketHeader	CPacketTranslater::OnRequestBlackListOnLogin(PacketHeader*)	source/DNFServer/GameServer/DBMW/DNFPacketTranslater.cpp	788	function_reports/dbmw/_ZN17CPacketTranslater25OnRequestBlackListOnLoginEP12PacketHeader.md
DNF-DBM-DIFF-0104	dbm	DIFF	_ZN17CPacketTranslater26onStartGameEventFromServerEP12PacketHeader	CPacketTranslater::onStartGameEventFromServer(PacketHeader*)	source/DNFServer/GameServer/DBMW/DNFPacketTranslater.cpp	1340	function_reports/dbmw/_ZN17CPacketTranslater26onStartGameEventFromServerEP12PacketHeader.md
DNF-DBM-DIFF-0105	dbm	DIFF	_ZN17CPacketTranslater27OnQueryGuildAllMembersProxyEP12PacketHeader	CPacketTranslater::OnQueryGuildAllMembersProxy(PacketHeader*)	source/DNFServer/GameServer/DBMW/DNFPacketTranslater.cpp	2584	function_reports/dbmw/_ZN17CPacketTranslater27OnQueryGuildAllMembersProxyEP12PacketHeader.md
DNF-DBM-DIFF-0106	dbm	DIFF	_ZN17CPacketTranslater29OnDBLoadRequestGuildBoardOpenEP12PacketHeader	CPacketTranslater::OnDBLoadRequestGuildBoardOpen(PacketHeader*)	source/DNFServer/GameServer/DBMW/DNFPacketTranslater.cpp	1975	function_reports/dbmw/_ZN17CPacketTranslater29OnDBLoadRequestGuildBoardOpenEP12PacketHeader.md
DNF-DBM-DIFF-0107	dbm	DIFF	_ZN17CPacketTranslater30OnDBLoadRequestGuildBoardWriteEP12PacketHeader	CPacketTranslater::OnDBLoadRequestGuildBoardWrite(PacketHeader*)	source/DNFServer/GameServer/DBMW/DNFPacketTranslater.cpp	442	function_reports/dbmw/_ZN17CPacketTranslater30OnDBLoadRequestGuildBoardWriteEP12PacketHeader.md
DNF-DBM-DIFF-0108	dbm	DIFF	_ZN17CPacketTranslater31OnUpdateTowerOfDespairStatisticEP12PacketHeader	CPacketTranslater::OnUpdateTowerOfDespairStatistic(PacketHeader*)	source/DNFServer/GameServer/DBMW/DNFPacketTranslater.cpp	1499	function_reports/dbmw/_ZN17CPacketTranslater31OnUpdateTowerOfDespairStatisticEP12PacketHeader.md
DNF-DBM-DIFF-0109	dbm	DIFF	_ZN17CPacketTranslater35OnChangeUnconnectedGuildMemberGradeEP12PacketHeader	CPacketTranslater::OnChangeUnconnectedGuildMemberGrade(PacketHeader*)	source/DNFServer/GameServer/DBMW/DBManager.cpp	7144	function_reports/dbmw/_ZN17CPacketTranslater35OnChangeUnconnectedGuildMemberGradeEP12PacketHeader.md
DNF-DBM-DIFF-0110	dbm	DIFF	_ZN17CTcpNetworkThread8dispatchEPv	CTcpNetworkThread::dispatch(void*)	source/DNFServer/GameServer/DBMW/DNFTcpNetworkThread.cpp	65	function_reports/dbmw/_ZN17CTcpNetworkThread8dispatchEPv.md
DNF-DBM-DIFF-0111	dbm	DIFF	_ZN18CFrameCountHandler17GetFrameCountInfoEv	CFrameCountHandler::GetFrameCountInfo()	source/DNFServer/GameServer/DBMW/DNFTickHandler.cpp	61	function_reports/dbmw/_ZN18CFrameCountHandler17GetFrameCountInfoEv.md
DNF-DBM-DIFF-0112	dbm	DIFF	_ZN18CFrameCountHandler18InitFrameCountInfoEP12CApplicationjt	CFrameCountHandler::InitFrameCountInfo(CApplication*, unsigned int, unsigned short)	source/DNFServer/GameServer/DBMW/DNFTickHandler.cpp	48	function_reports/dbmw/_ZN18CFrameCountHandler18InitFrameCountInfoEP12CApplicationjt.md
DNF-DBM-DIFF-0113	dbm	DIFF	_ZN5CPeer7parsingEi	CPeer::parsing(int)	source/DNFServer/GameServer/DBMW/Peer.cpp	229	function_reports/dbmw/_ZN5CPeer7parsingEi.md
DNF-DBM-DIFF-0114	dbm	DIFF	_ZN6CMySql10exec_queryEv	CMySql::exec_query()	source/DNFServer/GameServer/DBMW/DNFMySql.cpp	121	function_reports/dbmw/_ZN6CMySql10exec_queryEv.md
DNF-DBM-DIFF-0115	dbm	DIFF	_ZN6CMySql11blob_to_strEiPvi	CMySql::blob_to_str(int, void*, int)	source/DNFServer/GameServer/DBMW/DNFMySql.cpp	55	function_reports/dbmw/_ZN6CMySql11blob_to_strEiPvi.md
DNF-DBM-DIFF-0116	dbm	DIFF	_ZN6CMySql4execEj	CMySql::exec(unsigned int)	source/DNFServer/GameServer/DBMW/DNFMySql.cpp	173	function_reports/dbmw/_ZN6CMySql4execEj.md
DNF-DBM-DIFF-0117	dbm	DIFF	_ZN6CMySql4openEPKcS1_S1_S1_	CMySql::open(char const*, char const*, char const*, char const*)	source/DNFServer/GameServer/DBMW/DNFMySql.cpp	341	function_reports/dbmw/_ZN6CMySql4openEPKcS1_S1_S1_.md
DNF-DBM-DIFF-0118	dbm	DIFF	_ZN6CMySql4openEPKcjS1_S1_S1_	CMySql::open(char const*, unsigned int, char const*, char const*, char const*)	source/DNFServer/GameServer/DBMW/DNFMySql.cpp	364	function_reports/dbmw/_ZN6CMySql4openEPKcjS1_S1_S1_.md
DNF-DBM-NEAR-0014	dbm	NEAR	_ZN6CMySql7get_intEiRj	CMySql::get_int(int, unsigned int&)	source/DNFServer/GameServer/DBMW/DNFMySql.cpp	93	function_reports/dbmw/_ZN6CMySql7get_intEiRj.md
DNF-GLD-DIFF-0001	gld	DIFF	_ZN11CGuildBoard18sendGuildBoardDataEjjjP5CUser	CGuildBoard::sendGuildBoardData(unsigned int, unsigned int, unsigned int, CUser*)	source/DNFServer/GameServer/Guild/GuildBoard.cpp	171	function_reports/guild/_ZN11CGuildBoard18sendGuildBoardDataEjjjP5CUser.md
DNF-GLD-NEAR-0001	gld	NEAR	_ZN11CGuildCargo10DeleteItemER11DnfItemInfoiihii	CGuildCargo::DeleteItem(DnfItemInfo&, int, int, unsigned char, int, int)	source/DNFServer/GameServer/Guild/GuildCargo.cpp	270	function_reports/guild/_ZN11CGuildCargo10DeleteItemER11DnfItemInfoiihii.md
DNF-GLD-NEAR-0002	gld	NEAR	_ZN11CGuildCargo13InsertHistoryE25ENUM_GUILD_CARGO_BEHAVIORiPKciiPK12RandomOption	CGuildCargo::InsertHistory(ENUM_GUILD_CARGO_BEHAVIOR, int, char const*, int, int, RandomOption const*)	source/DNFServer/GameServer/Guild/GuildCargo.cpp	453	function_reports/guild/_ZN11CGuildCargo13InsertHistoryE25ENUM_GUILD_CARGO_BEHAVIORiPKciiPK12RandomOption.md
DNF-GLD-DIFF-0002	gld	DIFF	_ZN11CGuildCargo14SendGuildCargoEP5CUser	CGuildCargo::SendGuildCargo(CUser*)	source/DNFServer/GameServer/Guild/GuildCargo.cpp	376	function_reports/guild/_ZN11CGuildCargo14SendGuildCargoEP5CUser.md
DNF-GLD-DIFF-0003	gld	DIFF	_ZN11CGuildCargo16PrintDnfItemInfoER11DnfItemInfo	CGuildCargo::PrintDnfItemInfo(DnfItemInfo&)	source/DNFServer/GameServer/Guild/GuildCargo.cpp	404	function_reports/guild/_ZN11CGuildCargo16PrintDnfItemInfoER11DnfItemInfo.md
DNF-GLD-DIFF-0004	gld	DIFF	_ZN11CGuildCargo20SendGuildCargoToDBMWEP14CServerHandleri	CGuildCargo::SendGuildCargoToDBMW(CServerHandler*, int)	source/DNFServer/GameServer/Guild/GuildCargo.cpp	424	function_reports/guild/_ZN11CGuildCargo20SendGuildCargoToDBMWEP14CServerHandleri.md
DNF-GLD-DIFF-0005	gld	DIFF	_ZN11CGuildCargo20SetGuildCargoHistoryEjP15STGuildCargoLog	CGuildCargo::SetGuildCargoHistory(unsigned int, STGuildCargoLog*)	source/DNFServer/GameServer/Guild/GuildCargo.cpp	362	function_reports/guild/_ZN11CGuildCargo20SetGuildCargoHistoryEjP15STGuildCargoLog.md
DNF-GLD-DIFF-0006	gld	DIFF	_ZN11CTcpHandlerC1Ev	CTcpHandler::CTcpHandler()	source/DNFServer/GameServer/Guild/DNFTcpHandler.cpp	173	function_reports/guild/_ZN11CTcpHandlerC1Ev.md
DNF-GLD-DIFF-0007	gld	DIFF	_ZN11CTcpHandlerC2Ev	CTcpHandler::CTcpHandler()	source/DNFServer/GameServer/Guild/DNFTcpHandler.cpp	173	function_reports/guild/_ZN11CTcpHandlerC2Ev.md
DNF-GLD-DIFF-0008	gld	DIFF	_ZN11CUdpHandler16InitServerSocketEi	CUdpHandler::InitServerSocket(int)	source/DNFServer/GameServer/Guild/DNFUdpHandler.cpp	91	function_reports/guild/_ZN11CUdpHandler16InitServerSocketEi.md
DNF-GLD-DIFF-0009	gld	DIFF	_ZN12CApplication15TranslateSignalEv	CApplication::TranslateSignal()	source/DNFServer/GameServer/Guild/DNFApplication.cpp	445	function_reports/guild/_ZN12CApplication15TranslateSignalEv.md
DNF-GLD-DIFF-0010	gld	DIFF	_ZN12CApplication4LoadEiPPc	CApplication::Load(int, char**)	source/DNFServer/GameServer/Guild/DNFApplication.cpp	153	function_reports/guild/_ZN12CApplication4LoadEiPPc.md
DNF-GLD-NEAR-0003	gld	NEAR	_ZN12CUserManager17DeleteUser_CharNoEj	CUserManager::DeleteUser_CharNo(unsigned int)	source/DNFServer/GameServer/Guild/DNFUserManager.cpp	338	function_reports/guild/_ZN12CUserManager17DeleteUser_CharNoEj.md
DNF-GLD-NEAR-0004	gld	NEAR	_ZN12CUserManager17InsertUser_CharNoEjP5CUser	CUserManager::InsertUser_CharNo(unsigned int, CUser*)	source/DNFServer/GameServer/Guild/DNFUserManager.cpp	318	function_reports/guild/_ZN12CUserManager17InsertUser_CharNoEjP5CUser.md
DNF-GLD-NEAR-0005	gld	NEAR	_ZN12CUserManager19InsertUser_CharNameEPcP5CUser	CUserManager::InsertUser_CharName(char*, CUser*)	source/DNFServer/GameServer/Guild/DNFUserManager.cpp	364	function_reports/guild/_ZN12CUserManager19InsertUser_CharNameEPcP5CUser.md
DNF-GLD-DIFF-0011	gld	DIFF	_ZN13CAppStartInit4InitEP12CApplicationiPPc	CAppStartInit::Init(CApplication*, int, char**)	source/DNFServer/GameServer/Guild/DNFAppStartInit.cpp	93	function_reports/guild/_ZN13CAppStartInit4InitEP12CApplicationiPPc.md
DNF-GLD-DIFF-0012	gld	DIFF	_ZN13CGuildManager13GuildMemLoginEjP5CUser	CGuildManager::GuildMemLogin(unsigned int, CUser*)	source/DNFServer/GameServer/Guild/DNFGuildManager.cpp	300	function_reports/guild/_ZN13CGuildManager13GuildMemLoginEjP5CUser.md
DNF-GLD-DIFF-0013	gld	DIFF	_ZN13CGuildManager14DBGuildProcessEP14CServerHandlerb	CGuildManager::DBGuildProcess(CServerHandler*, bool)	source/DNFServer/GameServer/Guild/DNFGuildManager.cpp	528	function_reports/guild/_ZN13CGuildManager14DBGuildProcessEP14CServerHandlerb.md
DNF-GLD-DIFF-0014	gld	DIFF	_ZN13CGuildManager14GuildMemLogoutEjP5CUser	CGuildManager::GuildMemLogout(unsigned int, CUser*)	source/DNFServer/GameServer/Guild/DNFGuildManager.cpp	345	function_reports/guild/_ZN13CGuildManager14GuildMemLogoutEjP5CUser.md
DNF-GLD-NEAR-0006	gld	NEAR	_ZN13CGuildManager16GetAttendanceExpEji	CGuildManager::GetAttendanceExp(unsigned int, int)	source/DNFServer/GameServer/Guild/DNFGuildManager.cpp	792	function_reports/guild/_ZN13CGuildManager16GetAttendanceExpEji.md
DNF-GLD-DIFF-0015	gld	DIFF	_ZN13CGuildManager17GetAttendanceInfoEjR16STAttendanceInfo	CGuildManager::GetAttendanceInfo(unsigned int, STAttendanceInfo&)	source/DNFServer/GameServer/Guild/DNFGuildManager.cpp	811	function_reports/guild/_ZN13CGuildManager17GetAttendanceInfoEjR16STAttendanceInfo.md
DNF-GLD-DIFF-0016	gld	DIFF	_ZN13CPowerManager18SaveDBPowerWarRankEv	CPowerManager::SaveDBPowerWarRank()	source/DNFServer/GameServer/Guild/PowerManager.cpp	288	function_reports/guild/_ZN13CPowerManager18SaveDBPowerWarRankEv.md
DNF-GLD-DIFF-0017	gld	DIFF	_ZN13CPowerManager23SendPowerWarProcessInfoEj	CPowerManager::SendPowerWarProcessInfo(unsigned int)	source/DNFServer/GameServer/Guild/PowerManager.cpp	527	function_reports/guild/_ZN13CPowerManager23SendPowerWarProcessInfoEj.md
DNF-GLD-DIFF-0018	gld	DIFF	_ZN13CPowerManager34SendPowerWarEndInfoInSpecificPowerEc	CPowerManager::SendPowerWarEndInfoInSpecificPower(char)	source/DNFServer/GameServer/Guild/PowerManager.cpp	593	function_reports/guild/_ZN13CPowerManager34SendPowerWarEndInfoInSpecificPowerEc.md
DNF-GLD-NEAR-0007	gld	NEAR	_ZN13CTcpNetSystem10SendPacketEv	CTcpNetSystem::SendPacket()	source/DNFServer/GameServer/Guild/TcpNetSystem.cpp	321	function_reports/guild/_ZN13CTcpNetSystem10SendPacketEv.md
DNF-GLD-DIFF-0019	gld	DIFF	_ZN13np_server_xml10CServerXml9StrPunishEiPKcNS_12_eStringTypeE	np_server_xml::CServerXml::StrPunish(int, char const*, np_server_xml::_eStringType)	source/DNFServer/GameServer/Guild/ServerXml.cpp	275	function_reports/guild/_ZN13np_server_xml10CServerXml9StrPunishEiPKcNS_12_eStringTypeE.md
DNF-GLD-DIFF-0020	gld	DIFF	_ZN14CPacketDecoder10TcpProcessEv	CPacketDecoder::TcpProcess()	source/DNFServer/GameServer/Guild/DNFPacketDecoder.cpp	274	function_reports/guild/_ZN14CPacketDecoder10TcpProcessEv.md
DNF-GLD-DIFF-0021	gld	DIFF	_ZN14CPacketDecoder10UdpProcessEv	CPacketDecoder::UdpProcess()	source/DNFServer/GameServer/Guild/DNFPacketDecoder.cpp	234	function_reports/guild/_ZN14CPacketDecoder10UdpProcessEv.md
DNF-GLD-DIFF-0022	gld	DIFF	_ZN14CPacketDecoder9MsgDecodeEP12PacketHeader	CPacketDecoder::MsgDecode(PacketHeader*)	source/DNFServer/GameServer/Guild/DNFPacketDecoder.cpp	203	function_reports/guild/_ZN14CPacketDecoder9MsgDecodeEP12PacketHeader.md
DNF-GLD-DIFF-0023	gld	DIFF	_ZN14CPacketDecoderC1Ev	CPacketDecoder::CPacketDecoder()	source/DNFServer/GameServer/Guild/DNFPacketDecoder.cpp	77	function_reports/guild/_ZN14CPacketDecoderC1Ev.md
DNF-GLD-DIFF-0024	gld	DIFF	_ZN14CPacketDecoderC2Ev	CPacketDecoder::CPacketDecoder()	source/DNFServer/GameServer/Guild/DNFPacketDecoder.cpp	77	function_reports/guild/_ZN14CPacketDecoderC2Ev.md
DNF-GLD-DIFF-0025	gld	DIFF	_ZN14CServerHandler7ProcessEv	CServerHandler::Process()	source/DNFServer/GameServer/Guild/DNFServerHandler.cpp	151	function_reports/guild/_ZN14CServerHandler7ProcessEv.md
DNF-GLD-DIFF-0026	gld	DIFF	_ZN17CPacketTranslater12OnGuildCargoEP12PacketHeader	CPacketTranslater::OnGuildCargo(PacketHeader*)	source/DNFServer/GameServer/Guild/DNFPacketTranslater.cpp	4457	function_reports/guild/_ZN17CPacketTranslater12OnGuildCargoEP12PacketHeader.md
DNF-GLD-DIFF-0027	gld	DIFF	_ZN17CPacketTranslater15OnCallGuildInfoEP12PacketHeader	CPacketTranslater::OnCallGuildInfo(PacketHeader*)	source/DNFServer/GameServer/Guild/DNFPacketTranslater.cpp	2696	function_reports/guild/_ZN17CPacketTranslater15OnCallGuildInfoEP12PacketHeader.md
DNF-GLD-DIFF-0028	gld	DIFF	_ZN17CPacketTranslater15OnDBMWGuildJoinEP12PacketHeader	CPacketTranslater::OnDBMWGuildJoin(PacketHeader*)	source/DNFServer/GameServer/Guild/DNFPacketTranslater.cpp	1851	function_reports/guild/_ZN17CPacketTranslater15OnDBMWGuildJoinEP12PacketHeader.md
DNF-GLD-DIFF-0029	gld	DIFF	_ZN17CPacketTranslater15OnReplyUserInfoEP12PacketHeader	CPacketTranslater::OnReplyUserInfo(PacketHeader*)	source/DNFServer/GameServer/Guild/DNFPacketTranslater.cpp	377	function_reports/guild/_ZN17CPacketTranslater15OnReplyUserInfoEP12PacketHeader.md
DNF-GLD-DIFF-0030	gld	DIFF	_ZN17CPacketTranslater16OnChangeCharNameEP12PacketHeader	CPacketTranslater::OnChangeCharName(PacketHeader*)	source/DNFServer/GameServer/Guild/DNFPacketTranslater.cpp	3853	function_reports/guild/_ZN17CPacketTranslater16OnChangeCharNameEP12PacketHeader.md
DNF-GLD-DIFF-0031	gld	DIFF	_ZN17CPacketTranslater17OnCallGuildInviteEP12PacketHeader	CPacketTranslater::OnCallGuildInvite(PacketHeader*)	source/DNFServer/GameServer/Guild/DNFPacketTranslater.cpp	1621	function_reports/guild/_ZN17CPacketTranslater17OnCallGuildInviteEP12PacketHeader.md
DNF-GLD-DIFF-0032	gld	DIFF	_ZN17CPacketTranslater17OnChangeGuildNameEP12PacketHeader	CPacketTranslater::OnChangeGuildName(PacketHeader*)	source/DNFServer/GameServer/Guild/DNFPacketTranslater.cpp	3785	function_reports/guild/_ZN17CPacketTranslater17OnChangeGuildNameEP12PacketHeader.md
DNF-GLD-DIFF-0033	gld	DIFF	_ZN17CPacketTranslater17OnCharacterDeleteEP12PacketHeader	CPacketTranslater::OnCharacterDelete(PacketHeader*)	source/DNFServer/GameServer/Guild/DNFPacketTranslater.cpp	1420	function_reports/guild/_ZN17CPacketTranslater17OnCharacterDeleteEP12PacketHeader.md
DNF-GLD-DIFF-0034	gld	DIFF	_ZN17CPacketTranslater17OnCreateGuildAgitEP12PacketHeader	CPacketTranslater::OnCreateGuildAgit(PacketHeader*)	source/DNFServer/GameServer/Guild/DNFPacketTranslater.cpp	4000	function_reports/guild/_ZN17CPacketTranslater17OnCreateGuildAgitEP12PacketHeader.md
DNF-GLD-DIFF-0035	gld	DIFF	_ZN17CPacketTranslater17OnDBLoadGuildAgitEP12PacketHeader	CPacketTranslater::OnDBLoadGuildAgit(PacketHeader*)	source/DNFServer/GameServer/Guild/DNFPacketTranslater.cpp	4222	function_reports/guild/_ZN17CPacketTranslater17OnDBLoadGuildAgitEP12PacketHeader.md
DNF-GLD-DIFF-0036	gld	DIFF	_ZN17CPacketTranslater17OnDeleteGuildAgitEP12PacketHeader	CPacketTranslater::OnDeleteGuildAgit(PacketHeader*)	source/DNFServer/GameServer/Guild/DNFPacketTranslater.cpp	4053	function_reports/guild/_ZN17CPacketTranslater17OnDeleteGuildAgitEP12PacketHeader.md
DNF-GLD-DIFF-0037	gld	DIFF	_ZN17CPacketTranslater17OnPacketJoinPowerEP12PacketHeader	CPacketTranslater::OnPacketJoinPower(PacketHeader*)	source/DNFServer/GameServer/Guild/DNFPacketTranslater.cpp	3479	function_reports/guild/_ZN17CPacketTranslater17OnPacketJoinPowerEP12PacketHeader.md
DNF-GLD-DIFF-0038	gld	DIFF	_ZN17CPacketTranslater18OnApproveJoinGuildEP12PacketHeader	CPacketTranslater::OnApproveJoinGuild(PacketHeader*)	source/DNFServer/GameServer/Guild/DNFPacketTranslater.cpp	5718	function_reports/guild/_ZN17CPacketTranslater18OnApproveJoinGuildEP12PacketHeader.md
DNF-GLD-DIFF-0039	gld	DIFF	_ZN17CPacketTranslater18OnCallGuildLevelUpEP12PacketHeader	CPacketTranslater::OnCallGuildLevelUp(PacketHeader*)	source/DNFServer/GameServer/Guild/DNFPacketTranslater.cpp	2640	function_reports/guild/_ZN17CPacketTranslater18OnCallGuildLevelUpEP12PacketHeader.md
DNF-GLD-DIFF-0040	gld	DIFF	_ZN17CPacketTranslater18OnCallGuildMembersEP12PacketHeader	CPacketTranslater::OnCallGuildMembers(PacketHeader*)	source/DNFServer/GameServer/Guild/DNFPacketTranslater.cpp	1452	function_reports/guild/_ZN17CPacketTranslater18OnCallGuildMembersEP12PacketHeader.md
DNF-GLD-DIFF-0041	gld	DIFF	_ZN17CPacketTranslater18OnGameServerRegistEP12PacketHeader	CPacketTranslater::OnGameServerRegist(PacketHeader*)	source/DNFServer/GameServer/Guild/DNFPacketTranslater.cpp	5556	function_reports/guild/_ZN17CPacketTranslater18OnGameServerRegistEP12PacketHeader.md
DNF-GLD-DIFF-0042	gld	DIFF	_ZN17CPacketTranslater18OnIncreaseGuildExpEP12PacketHeader	CPacketTranslater::OnIncreaseGuildExp(PacketHeader*)	source/DNFServer/GameServer/Guild/DNFPacketTranslater.cpp	897	function_reports/guild/_ZN17CPacketTranslater18OnIncreaseGuildExpEP12PacketHeader.md
DNF-GLD-DIFF-0043	gld	DIFF	_ZN17CPacketTranslater18OnInnerPacketLoginEP12PacketHeader	CPacketTranslater::OnInnerPacketLogin(PacketHeader*)	source/DNFServer/GameServer/Guild/DNFPacketTranslater.cpp	3720	function_reports/guild/_ZN17CPacketTranslater18OnInnerPacketLoginEP12PacketHeader.md
DNF-GLD-DIFF-0044	gld	DIFF	_ZN17CPacketTranslater18OnNoticeGuildEnterEP12PacketHeader	CPacketTranslater::OnNoticeGuildEnter(PacketHeader*)	source/DNFServer/GameServer/Guild/DNFPacketTranslater.cpp	621	function_reports/guild/_ZN17CPacketTranslater18OnNoticeGuildEnterEP12PacketHeader.md
DNF-GLD-DIFF-0045	gld	DIFF	_ZN17CPacketTranslater18OnReplyGuildInviteEP12PacketHeader	CPacketTranslater::OnReplyGuildInvite(PacketHeader*)	source/DNFServer/GameServer/Guild/DNFPacketTranslater.cpp	1738	function_reports/guild/_ZN17CPacketTranslater18OnReplyGuildInviteEP12PacketHeader.md
DNF-GLD-DIFF-0046	gld	DIFF	_ZN17CPacketTranslater18OnRequestBlackListEP12PacketHeader	CPacketTranslater::OnRequestBlackList(PacketHeader*)	source/DNFServer/GameServer/Guild/DNFPacketTranslater.cpp	2925	function_reports/guild/_ZN17CPacketTranslater18OnRequestBlackListEP12PacketHeader.md
DNF-GLD-DIFF-0047	gld	DIFF	_ZN17CPacketTranslater18OnUpgradeGuildAgitEP12PacketHeader	CPacketTranslater::OnUpgradeGuildAgit(PacketHeader*)	source/DNFServer/GameServer/Guild/DNFPacketTranslater.cpp	4260	function_reports/guild/_ZN17CPacketTranslater18OnUpgradeGuildAgitEP12PacketHeader.md
DNF-GLD-DIFF-0048	gld	DIFF	_ZN17CPacketTranslater19OnDBCreateGuildAgitEP12PacketHeader	CPacketTranslater::OnDBCreateGuildAgit(PacketHeader*)	source/DNFServer/GameServer/Guild/DNFPacketTranslater.cpp	4122	function_reports/guild/_ZN17CPacketTranslater19OnDBCreateGuildAgitEP12PacketHeader.md
DNF-GLD-DIFF-0049	gld	DIFF	_ZN17CPacketTranslater19OnDBDeleteGuildAgitEP12PacketHeader	CPacketTranslater::OnDBDeleteGuildAgit(PacketHeader*)	source/DNFServer/GameServer/Guild/DNFPacketTranslater.cpp	4166	function_reports/guild/_ZN17CPacketTranslater19OnDBDeleteGuildAgitEP12PacketHeader.md
DNF-GLD-DIFF-0050	gld	DIFF	_ZN17CPacketTranslater19OnDeleteToBlackListEP12PacketHeader	CPacketTranslater::OnDeleteToBlackList(PacketHeader*)	source/DNFServer/GameServer/Guild/DNFPacketTranslater.cpp	2884	function_reports/guild/_ZN17CPacketTranslater19OnDeleteToBlackListEP12PacketHeader.md
DNF-GLD-DIFF-0051	gld	DIFF	_ZN17CPacketTranslater19OnGuildCargoHistoryEP12PacketHeader	CPacketTranslater::OnGuildCargoHistory(PacketHeader*)	source/DNFServer/GameServer/Guild/DNFPacketTranslater.cpp	4528	function_reports/guild/_ZN17CPacketTranslater19OnGuildCargoHistoryEP12PacketHeader.md
DNF-GLD-DIFF-0052	gld	DIFF	_ZN17CPacketTranslater19OnGuildCargoPopItemEP12PacketHeader	CPacketTranslater::OnGuildCargoPopItem(PacketHeader*)	source/DNFServer/GameServer/Guild/DNFPacketTranslater.cpp	4774	function_reports/guild/_ZN17CPacketTranslater19OnGuildCargoPopItemEP12PacketHeader.md
DNF-GLD-DIFF-0053	gld	DIFF	_ZN17CPacketTranslater19OnGuildCargoUpgradeEP12PacketHeader	CPacketTranslater::OnGuildCargoUpgrade(PacketHeader*)	source/DNFServer/GameServer/Guild/DNFPacketTranslater.cpp	4988	function_reports/guild/_ZN17CPacketTranslater19OnGuildCargoUpgradeEP12PacketHeader.md
DNF-GLD-DIFF-0054	gld	DIFF	_ZN17CPacketTranslater19OnNoticeGuildCreateEP12PacketHeader	CPacketTranslater::OnNoticeGuildCreate(PacketHeader*)	source/DNFServer/GameServer/Guild/DNFPacketTranslater.cpp	746	function_reports/guild/_ZN17CPacketTranslater19OnNoticeGuildCreateEP12PacketHeader.md
DNF-GLD-DIFF-0055	gld	DIFF	_ZN17CPacketTranslater19OnNoticeGuildSecedeEP12PacketHeader	CPacketTranslater::OnNoticeGuildSecede(PacketHeader*)	source/DNFServer/GameServer/Guild/DNFPacketTranslater.cpp	653	function_reports/guild/_ZN17CPacketTranslater19OnNoticeGuildSecedeEP12PacketHeader.md
DNF-GLD-DIFF-0056	gld	DIFF	_ZN17CPacketTranslater19OnNoticeGuildWarEndEP12PacketHeader	CPacketTranslater::OnNoticeGuildWarEnd(PacketHeader*)	source/DNFServer/GameServer/Guild/DNFPacketTranslater.cpp	1353	function_reports/guild/_ZN17CPacketTranslater19OnNoticeGuildWarEndEP12PacketHeader.md
DNF-GLD-DIFF-0057	gld	DIFF	_ZN17CPacketTranslater19OnPacketSecedePowerEP12PacketHeader	CPacketTranslater::OnPacketSecedePower(PacketHeader*)	source/DNFServer/GameServer/Guild/DNFPacketTranslater.cpp	3543	function_reports/guild/_ZN17CPacketTranslater19OnPacketSecedePowerEP12PacketHeader.md
DNF-GLD-DIFF-0058	gld	DIFF	_ZN17CPacketTranslater20OnDBReplyGuildCreateEP12PacketHeader	CPacketTranslater::OnDBReplyGuildCreate(PacketHeader*)	source/DNFServer/GameServer/Guild/DNFPacketTranslater.cpp	3304	function_reports/guild/_ZN17CPacketTranslater20OnDBReplyGuildCreateEP12PacketHeader.md
DNF-GLD-DIFF-0059	gld	DIFF	_ZN17CPacketTranslater20OnDBReplyGuildSecedeEP12PacketHeader	CPacketTranslater::OnDBReplyGuildSecede(PacketHeader*)	source/DNFServer/GameServer/Guild/DNFPacketTranslater.cpp	2209	function_reports/guild/_ZN17CPacketTranslater20OnDBReplyGuildSecedeEP12PacketHeader.md
DNF-GLD-DIFF-0060	gld	DIFF	_ZN17CPacketTranslater20OnDBUpgradeGuildAgitEP12PacketHeader	CPacketTranslater::OnDBUpgradeGuildAgit(PacketHeader*)	source/DNFServer/GameServer/Guild/DNFPacketTranslater.cpp	4313	function_reports/guild/_ZN17CPacketTranslater20OnDBUpgradeGuildAgitEP12PacketHeader.md
DNF-GLD-DIFF-0061	gld	DIFF	_ZN17CPacketTranslater20OnGuildCargoMoveItemEP12PacketHeader	CPacketTranslater::OnGuildCargoMoveItem(PacketHeader*)	source/DNFServer/GameServer/Guild/DNFPacketTranslater.cpp	4878	function_reports/guild/_ZN17CPacketTranslater20OnGuildCargoMoveItemEP12PacketHeader.md
DNF-GLD-DIFF-0062	gld	DIFF	_ZN17CPacketTranslater20OnGuildCargoPushItemEP12PacketHeader	CPacketTranslater::OnGuildCargoPushItem(PacketHeader*)	source/DNFServer/GameServer/Guild/DNFPacketTranslater.cpp	4676	function_reports/guild/_ZN17CPacketTranslater20OnGuildCargoPushItemEP12PacketHeader.md
DNF-GLD-DIFF-0063	gld	DIFF	_ZN17CPacketTranslater20OnNoticeGuildChatMsgEP12PacketHeader	CPacketTranslater::OnNoticeGuildChatMsg(PacketHeader*)	source/DNFServer/GameServer/Guild/DNFPacketTranslater.cpp	820	function_reports/guild/_ZN17CPacketTranslater20OnNoticeGuildChatMsgEP12PacketHeader.md
DNF-GLD-DIFF-0064	gld	DIFF	_ZN17CPacketTranslater20OnNoticeGuildDismissEP12PacketHeader	CPacketTranslater::OnNoticeGuildDismiss(PacketHeader*)	source/DNFServer/GameServer/Guild/DNFPacketTranslater.cpp	783	function_reports/guild/_ZN17CPacketTranslater20OnNoticeGuildDismissEP12PacketHeader.md
DNF-GLD-NEAR-0008	gld	NEAR	_ZN17CPacketTranslater20OnRequestGuildCreateEP12PacketHeader	CPacketTranslater::OnRequestGuildCreate(PacketHeader*)	source/DNFServer/GameServer/Guild/DNFPacketTranslater.cpp	3248	function_reports/guild/_ZN17CPacketTranslater20OnRequestGuildCreateEP12PacketHeader.md
DNF-GLD-DIFF-0065	gld	DIFF	_ZN17CPacketTranslater20OnRequestGuildSecedeEP12PacketHeader	CPacketTranslater::OnRequestGuildSecede(PacketHeader*)	source/DNFServer/GameServer/Guild/DNFPacketTranslater.cpp	2128	function_reports/guild/_ZN17CPacketTranslater20OnRequestGuildSecedeEP12PacketHeader.md
DNF-GLD-DIFF-0066	gld	DIFF	_ZN17CPacketTranslater20OnWebGuildBoardWriteEP12PacketHeader	CPacketTranslater::OnWebGuildBoardWrite(PacketHeader*)	source/DNFServer/GameServer/Guild/DNFPacketTranslater.cpp	5384	function_reports/guild/_ZN17CPacketTranslater20OnWebGuildBoardWriteEP12PacketHeader.md
DNF-GLD-DIFF-0067	gld	DIFF	_ZN17CPacketTranslater21OnCallGuildAllMembersEP12PacketHeader	CPacketTranslater::OnCallGuildAllMembers(PacketHeader*)	source/DNFServer/GameServer/Guild/DNFPacketTranslater.cpp	1494	function_reports/guild/_ZN17CPacketTranslater21OnCallGuildAllMembersEP12PacketHeader.md
DNF-GLD-DIFF-0068	gld	DIFF	_ZN17CPacketTranslater21OnChangePowerWarPointEP12PacketHeader	CPacketTranslater::OnChangePowerWarPoint(PacketHeader*)	source/DNFServer/GameServer/Guild/DNFPacketTranslater.cpp	3393	function_reports/guild/_ZN17CPacketTranslater21OnChangePowerWarPointEP12PacketHeader.md
DNF-GLD-DIFF-0069	gld	DIFF	_ZN17CPacketTranslater21OnGuildAttendanceInfoEP12PacketHeader	CPacketTranslater::OnGuildAttendanceInfo(PacketHeader*)	source/DNFServer/GameServer/Guild/DNFPacketTranslater.cpp	5805	function_reports/guild/_ZN17CPacketTranslater21OnGuildAttendanceInfoEP12PacketHeader.md
DNF-GLD-DIFF-0070	gld	DIFF	_ZN17CPacketTranslater21OnRegisterToBlackListEP12PacketHeader	CPacketTranslater::OnRegisterToBlackList(PacketHeader*)	source/DNFServer/GameServer/Guild/DNFPacketTranslater.cpp	2841	function_reports/guild/_ZN17CPacketTranslater21OnRegisterToBlackListEP12PacketHeader.md
DNF-GLD-DIFF-0071	gld	DIFF	_ZN17CPacketTranslater21OnSetGuildMemberGradeEP12PacketHeader	CPacketTranslater::OnSetGuildMemberGrade(PacketHeader*)	source/DNFServer/GameServer/Guild/DNFPacketTranslater.cpp	1131	function_reports/guild/_ZN17CPacketTranslater21OnSetGuildMemberGradeEP12PacketHeader.md
DNF-GLD-DIFF-0072	gld	DIFF	_ZN17CPacketTranslater22OnWriteGuildMemberMemoEP12PacketHeader	CPacketTranslater::OnWriteGuildMemberMemo(PacketHeader*)	source/DNFServer/GameServer/Guild/DNFPacketTranslater.cpp	4355	function_reports/guild/_ZN17CPacketTranslater22OnWriteGuildMemberMemoEP12PacketHeader.md
DNF-GLD-NEAR-0009	gld	NEAR	_ZN17CPacketTranslater23OnDBMWDeleteToBlackListEP12PacketHeader	CPacketTranslater::OnDBMWDeleteToBlackList(PacketHeader*)	source/DNFServer/GameServer/Guild/DNFPacketTranslater.cpp	3017	function_reports/guild/_ZN17CPacketTranslater23OnDBMWDeleteToBlackListEP12PacketHeader.md
DNF-GLD-DIFF-0073	gld	DIFF	_ZN17CPacketTranslater23OnNoticeGuildMarkChangeEP12PacketHeader	CPacketTranslater::OnNoticeGuildMarkChange(PacketHeader*)	source/DNFServer/GameServer/Guild/DNFPacketTranslater.cpp	714	function_reports/guild/_ZN17CPacketTranslater23OnNoticeGuildMarkChangeEP12PacketHeader.md
DNF-GLD-DIFF-0074	gld	DIFF	_ZN17CPacketTranslater24OnChangeGuildNameFromWebEP12PacketHeader	CPacketTranslater::OnChangeGuildNameFromWeb(PacketHeader*)	source/DNFServer/GameServer/Guild/DNFPacketTranslater.cpp	3922	function_reports/guild/_ZN17CPacketTranslater24OnChangeGuildNameFromWebEP12PacketHeader.md
DNF-GLD-DIFF-0075	gld	DIFF	_ZN17CPacketTranslater24OnDBReplyGuildAllMembersEP12PacketHeader	CPacketTranslater::OnDBReplyGuildAllMembers(PacketHeader*)	source/DNFServer/GameServer/Guild/DNFPacketTranslater.cpp	1540	function_reports/guild/_ZN17CPacketTranslater24OnDBReplyGuildAllMembersEP12PacketHeader.md
DNF-GLD-DIFF-0076	gld	DIFF	_ZN17CPacketTranslater24OnMonitorSendGuildLetterEP12PacketHeader	CPacketTranslater::OnMonitorSendGuildLetter(PacketHeader*)	source/DNFServer/GameServer/Guild/DNFPacketTranslater.cpp	1985	function_reports/guild/_ZN17CPacketTranslater24OnMonitorSendGuildLetterEP12PacketHeader.md
DNF-GLD-DIFF-0077	gld	DIFF	_ZN17CPacketTranslater25OnDBMWResisterToBlackListEP12PacketHeader	CPacketTranslater::OnDBMWResisterToBlackList(PacketHeader*)	source/DNFServer/GameServer/Guild/DNFPacketTranslater.cpp	2958	function_reports/guild/_ZN17CPacketTranslater25OnDBMWResisterToBlackListEP12PacketHeader.md
DNF-GLD-DIFF-0078	gld	DIFF	_ZN17CPacketTranslater25OnGuildCargoCheckPushItemEP12PacketHeader	CPacketTranslater::OnGuildCargoCheckPushItem(PacketHeader*)	source/DNFServer/GameServer/Guild/DNFPacketTranslater.cpp	4581	function_reports/guild/_ZN17CPacketTranslater25OnGuildCargoCheckPushItemEP12PacketHeader.md
DNF-GLD-DIFF-0079	gld	DIFF	_ZN17CPacketTranslater25OnUpdateChangableCharInfoEP12PacketHeader	CPacketTranslater::OnUpdateChangableCharInfo(PacketHeader*)	source/DNFServer/GameServer/Guild/DNFPacketTranslater.cpp	1285	function_reports/guild/_ZN17CPacketTranslater25OnUpdateChangableCharInfoEP12PacketHeader.md
DNF-GLD-DIFF-0080	gld	DIFF	_ZN17CPacketTranslater26OnDBMWReplySendGuildLetterEP12PacketHeader	CPacketTranslater::OnDBMWReplySendGuildLetter(PacketHeader*)	source/DNFServer/GameServer/Guild/DNFPacketTranslater.cpp	2090	function_reports/guild/_ZN17CPacketTranslater26OnDBMWReplySendGuildLetterEP12PacketHeader.md
DNF-GLD-DIFF-0081	gld	DIFF	_ZN17CPacketTranslater26OnDBReplyUnconnGuildMemberEP12PacketHeader	CPacketTranslater::OnDBReplyUnconnGuildMember(PacketHeader*)	source/DNFServer/GameServer/Guild/DNFPacketTranslater.cpp	1589	function_reports/guild/_ZN17CPacketTranslater26OnDBReplyUnconnGuildMemberEP12PacketHeader.md
DNF-GLD-DIFF-0082	gld	DIFF	_ZN17CPacketTranslater27OnDBLoadReplyGuildBoardOpenEP12PacketHeader	CPacketTranslater::OnDBLoadReplyGuildBoardOpen(PacketHeader*)	source/DNFServer/GameServer/Guild/DNFPacketTranslater.cpp	5158	function_reports/guild/_ZN17CPacketTranslater27OnDBLoadReplyGuildBoardOpenEP12PacketHeader.md
DNF-GLD-DIFF-0083	gld	DIFF	_ZN17CPacketTranslater27OnNoticeGuildWarPointChangeEP12PacketHeader	CPacketTranslater::OnNoticeGuildWarPointChange(PacketHeader*)	source/DNFServer/GameServer/Guild/DNFPacketTranslater.cpp	1317	function_reports/guild/_ZN17CPacketTranslater27OnNoticeGuildWarPointChangeEP12PacketHeader.md
DNF-GLD-DIFF-0084	gld	DIFF	_ZN17CPacketTranslater28OnDBLoadReplyGuildBoardWriteEP12PacketHeader	CPacketTranslater::OnDBLoadReplyGuildBoardWrite(PacketHeader*)	source/DNFServer/GameServer/Guild/DNFPacketTranslater.cpp	5244	function_reports/guild/_ZN17CPacketTranslater28OnDBLoadReplyGuildBoardWriteEP12PacketHeader.md
DNF-GLD-DIFF-0085	gld	DIFF	_ZN17CPacketTranslater28OnDBReplyGuildMasterDelegateEP12PacketHeader	CPacketTranslater::OnDBReplyGuildMasterDelegate(PacketHeader*)	source/DNFServer/GameServer/Guild/DNFPacketTranslater.cpp	2404	function_reports/guild/_ZN17CPacketTranslater28OnDBReplyGuildMasterDelegateEP12PacketHeader.md
DNF-GLD-DIFF-0086	gld	DIFF	_ZN17CPacketTranslater28OnDBResponseApproveJoinGuildEP12PacketHeader	CPacketTranslater::OnDBResponseApproveJoinGuild(PacketHeader*)	source/DNFServer/GameServer/Guild/DNFPacketTranslater.cpp	5756	function_reports/guild/_ZN17CPacketTranslater28OnDBResponseApproveJoinGuildEP12PacketHeader.md
DNF-GLD-DIFF-0087	gld	DIFF	_ZN17CPacketTranslater28OnGuildMasterDelegateFromWebEP12PacketHeader	CPacketTranslater::OnGuildMasterDelegateFromWeb(PacketHeader*)	source/DNFServer/GameServer/Guild/DNFPacketTranslater.cpp	2497	function_reports/guild/_ZN17CPacketTranslater28OnGuildMasterDelegateFromWebEP12PacketHeader.md
DNF-GLD-DIFF-0088	gld	DIFF	_ZN17CPacketTranslater28OnGuildRequestGuildBoardOpenEP12PacketHeader	CPacketTranslater::OnGuildRequestGuildBoardOpen(PacketHeader*)	source/DNFServer/GameServer/Guild/DNFPacketTranslater.cpp	5086	function_reports/guild/_ZN17CPacketTranslater28OnGuildRequestGuildBoardOpenEP12PacketHeader.md
DNF-GLD-DIFF-0089	gld	DIFF	_ZN17CPacketTranslater28OnRequestGuildMasterDelegateEP12PacketHeader	CPacketTranslater::OnRequestGuildMasterDelegate(PacketHeader*)	source/DNFServer/GameServer/Guild/DNFPacketTranslater.cpp	2313	function_reports/guild/_ZN17CPacketTranslater28OnRequestGuildMasterDelegateEP12PacketHeader.md
DNF-GLD-DIFF-0090	gld	DIFF	_ZN17CPacketTranslater28OnSetGuildMemberGradeFromWebEP12PacketHeader	CPacketTranslater::OnSetGuildMemberGradeFromWeb(PacketHeader*)	source/DNFServer/GameServer/Guild/DNFPacketTranslater.cpp	1019	function_reports/guild/_ZN17CPacketTranslater28OnSetGuildMemberGradeFromWebEP12PacketHeader.md
DNF-GLD-DIFF-0091	gld	DIFF	_ZN17CPacketTranslater29OnGuildApplyOriginalPowerSideEP12PacketHeader	CPacketTranslater::OnGuildApplyOriginalPowerSide(PacketHeader*)	source/DNFServer/GameServer/Guild/DNFPacketTranslater.cpp	5484	function_reports/guild/_ZN17CPacketTranslater29OnGuildApplyOriginalPowerSideEP12PacketHeader.md
DNF-GLD-DIFF-0092	gld	DIFF	_ZN17CPacketTranslater29OnGuildRequestGuildBoardWriteEP12PacketHeader	CPacketTranslater::OnGuildRequestGuildBoardWrite(PacketHeader*)	source/DNFServer/GameServer/Guild/DNFPacketTranslater.cpp	5203	function_reports/guild/_ZN17CPacketTranslater29OnGuildRequestGuildBoardWriteEP12PacketHeader.md
DNF-GLD-DIFF-0093	gld	DIFF	_ZN17CPacketTranslater29OnNoticeGuildChatMsgHyperLinkEP12PacketHeader	CPacketTranslater::OnNoticeGuildChatMsgHyperLink(PacketHeader*)	source/DNFServer/GameServer/Guild/DNFPacketTranslater.cpp	856	function_reports/guild/_ZN17CPacketTranslater29OnNoticeGuildChatMsgHyperLinkEP12PacketHeader.md
DNF-GLD-DIFF-0094	gld	DIFF	_ZN17CPacketTranslater30OnDBMWResponseBlackListOnLoginEP12PacketHeader	CPacketTranslater::OnDBMWResponseBlackListOnLogin(PacketHeader*)	source/DNFServer/GameServer/Guild/DNFPacketTranslater.cpp	3085	function_reports/guild/_ZN17CPacketTranslater30OnDBMWResponseBlackListOnLoginEP12PacketHeader.md
DNF-GLD-DIFF-0095	gld	DIFF	_ZN17CPacketTranslater31OnInCreaseDecreasePowerWarPointEP12PacketHeader	CPacketTranslater::OnInCreaseDecreasePowerWarPoint(PacketHeader*)	source/DNFServer/GameServer/Guild/DNFPacketTranslater.cpp	3958	function_reports/guild/_ZN17CPacketTranslater31OnInCreaseDecreasePowerWarPointEP12PacketHeader.md
DNF-GLD-DIFF-0096	gld	DIFF	_ZN17CPacketTranslater35OnCheckGuildMemberConnectionFromWebEP12PacketHeader	CPacketTranslater::OnCheckGuildMemberConnectionFromWeb(PacketHeader*)	source/DNFServer/GameServer/Guild/DNFPacketTranslater.cpp	2589	function_reports/guild/_ZN17CPacketTranslater35OnCheckGuildMemberConnectionFromWebEP12PacketHeader.md
DNF-GLD-DIFF-0097	gld	DIFF	_ZN17CPacketTranslater39OnDBMWChangeUnconnectedGuildMemberGradeEP12PacketHeader	CPacketTranslater::OnDBMWChangeUnconnectedGuildMemberGrade(PacketHeader*)	source/DNFServer/GameServer/Guild/DNFPacketTranslater.cpp	3127	function_reports/guild/_ZN17CPacketTranslater39OnDBMWChangeUnconnectedGuildMemberGradeEP12PacketHeader.md
DNF-GLD-DIFF-0098	gld	DIFF	_ZN17CPacketTranslater8OnLogoutEP12PacketHeader	CPacketTranslater::OnLogout(PacketHeader*)	source/DNFServer/GameServer/Guild/DNFPacketTranslater.cpp	238	function_reports/guild/_ZN17CPacketTranslater8OnLogoutEP12PacketHeader.md
DNF-GLD-DIFF-0099	gld	DIFF	_ZN17CTcpNetworkThread8dispatchEPv	CTcpNetworkThread::dispatch(void*)	source/DNFServer/GameServer/Guild/DNFTcpNetworkThread.cpp	95	function_reports/guild/_ZN17CTcpNetworkThread8dispatchEPv.md
DNF-GLD-DIFF-0100	gld	DIFF	_ZN17CUdpNetworkThread8dispatchEPv	CUdpNetworkThread::dispatch(void*)	source/DNFServer/GameServer/Guild/DNFNetworkThread.cpp	86	function_reports/guild/_ZN17CUdpNetworkThread8dispatchEPv.md
DNF-GLD-DIFF-0101	gld	DIFF	_ZN17STGuildDBInfoOnlyC1Ev	STGuildDBInfoOnly::STGuildDBInfoOnly()	source/DNFServer/GameServer/Guild/DNFGuild.cpp	2499	function_reports/guild/_ZN17STGuildDBInfoOnlyC1Ev.md
DNF-GLD-DIFF-0102	gld	DIFF	_ZN17STGuildDBInfoOnlyC2Ev	STGuildDBInfoOnly::STGuildDBInfoOnly()	source/DNFServer/GameServer/Guild/DNFGuild.cpp	2499	function_reports/guild/_ZN17STGuildDBInfoOnlyC2Ev.md
DNF-GLD-DIFF-0103	gld	DIFF	_ZN18CFrameCountHandler17GetFrameCountInfoEv	CFrameCountHandler::GetFrameCountInfo()	source/DNFServer/GameServer/Guild/DNFTickHandler.cpp	94	function_reports/guild/_ZN18CFrameCountHandler17GetFrameCountInfoEv.md
DNF-GLD-NEAR-0010	gld	NEAR	_ZN18CFrameCountHandler18InitFrameCountInfoEP12CApplicationjt	CFrameCountHandler::InitFrameCountInfo(CApplication*, unsigned int, unsigned short)	source/DNFServer/GameServer/Guild/DNFTickHandler.cpp	77	function_reports/guild/_ZN18CFrameCountHandler18InitFrameCountInfoEP12CApplicationjt.md
DNF-GLD-DIFF-0104	gld	DIFF	_ZN18CPowerWarGuildInfo24RewardGuildPowerWarPointER13CGuildManagerbiiii	CPowerWarGuildInfo::RewardGuildPowerWarPoint(CGuildManager&, bool, int, int, int, int)	source/DNFServer/GameServer/Guild/PowerWarGuildInfo.cpp	216	function_reports/guild/_ZN18CPowerWarGuildInfo24RewardGuildPowerWarPointER13CGuildManagerbiiii.md
DNF-GLD-DIFF-0105	gld	DIFF	_ZN18CPowerWarGuildInfo25MakePacketDBPowerWarPointEP37Packet_DB_Save_Power_War_Point_Reward	CPowerWarGuildInfo::MakePacketDBPowerWarPoint(Packet_DB_Save_Power_War_Point_Reward*)	source/DNFServer/GameServer/Guild/PowerWarGuildInfo.cpp	290	function_reports/guild/_ZN18CPowerWarGuildInfo25MakePacketDBPowerWarPointEP37Packet_DB_Save_Power_War_Point_Reward.md
DNF-GLD-DIFF-0106	gld	DIFF	_ZN5CPeer11recv_packetEv	CPeer::recv_packet()	source/DNFServer/GameServer/Guild/Peer.cpp	170	function_reports/guild/_ZN5CPeer11recv_packetEv.md
DNF-GLD-NEAR-0011	gld	NEAR	_ZN5CPeer11send_packetEPci	CPeer::send_packet(char*, int)	source/DNFServer/GameServer/Guild/Peer.cpp	298	function_reports/guild/_ZN5CPeer11send_packetEPci.md
DNF-GLD-DIFF-0107	gld	DIFF	_ZN5CPeer11send_packetEv	CPeer::send_packet()	source/DNFServer/GameServer/Guild/Peer.cpp	335	function_reports/guild/_ZN5CPeer11send_packetEv.md
DNF-GLD-DIFF-0108	gld	DIFF	_ZN5CPeer7parsingEi	CPeer::parsing(int)	source/DNFServer/GameServer/Guild/Peer.cpp	208	function_reports/guild/_ZN5CPeer7parsingEi.md
DNF-GLD-NEAR-0012	gld	NEAR	_ZN6CGuild12AddGuildFundEj	CGuild::AddGuildFund(unsigned int)	source/DNFServer/GameServer/Guild/DNFGuild.cpp	2325	function_reports/guild/_ZN6CGuild12AddGuildFundEj.md
DNF-GLD-DIFF-0109	gld	DIFF	_ZN6CGuild12GuildLevelUpEP14CServerHandlerP5CUser	CGuild::GuildLevelUp(CServerHandler*, CUser*)	source/DNFServer/GameServer/Guild/DNFGuild.cpp	1070	function_reports/guild/_ZN6CGuild12GuildLevelUpEP14CServerHandlerP5CUser.md
DNF-GLD-DIFF-0110	gld	DIFF	_ZN6CGuild13BuyGuildSkillEiisj	CGuild::BuyGuildSkill(int, int, short, unsigned int)	source/DNFServer/GameServer/Guild/DNFGuild.cpp	1003	function_reports/guild/_ZN6CGuild13BuyGuildSkillEiisj.md
DNF-GLD-DIFF-0111	gld	DIFF	_ZN6CGuild14AddGuildMemberER21ST_Notice_Guild_EnterP5CUser	CGuild::AddGuildMember(ST_Notice_Guild_Enter&, CUser*)	source/DNFServer/GameServer/Guild/DNFGuild.cpp	1727	function_reports/guild/_ZN6CGuild14AddGuildMemberER21ST_Notice_Guild_EnterP5CUser.md
DNF-GLD-DIFF-0112	gld	DIFF	_ZN6CGuild17ChangeGuildMasterEP14CServerHandlerP5CUserj	CGuild::ChangeGuildMaster(CServerHandler*, CUser*, unsigned int)	source/DNFServer/GameServer/Guild/DNFGuild.cpp	1793	function_reports/guild/_ZN6CGuild17ChangeGuildMasterEP14CServerHandlerP5CUserj.md
DNF-GLD-DIFF-0113	gld	DIFF	_ZN6CGuild17InsertGuildMemberEjP5CUser	CGuild::InsertGuildMember(unsigned int, CUser*)	source/DNFServer/GameServer/Guild/DNFGuild.cpp	504	function_reports/guild/_ZN6CGuild17InsertGuildMemberEjP5CUser.md
DNF-GLD-DIFF-0114	gld	DIFF	_ZN6CGuild17ReplyGuildMembersEP5CUser	CGuild::ReplyGuildMembers(CUser*)	source/DNFServer/GameServer/Guild/DNFGuild.cpp	1374	function_reports/guild/_ZN6CGuild17ReplyGuildMembersEP5CUser.md
DNF-GLD-DIFF-0115	gld	DIFF	_ZN6CGuild17SecedeProxyMemberER22ST_Notice_Guild_Secede	CGuild::SecedeProxyMember(ST_Notice_Guild_Secede&)	source/DNFServer/GameServer/Guild/DNFGuild.cpp	1761	function_reports/guild/_ZN6CGuild17SecedeProxyMemberER22ST_Notice_Guild_Secede.md
DNF-GLD-DIFF-0116	gld	DIFF	_ZN6CGuild17SetSubGuildMasterEjb	CGuild::SetSubGuildMaster(unsigned int, bool)	source/DNFServer/GameServer/Guild/DNFGuild.cpp	1881	function_reports/guild/_ZN6CGuild17SetSubGuildMasterEjb.md
DNF-GLD-DIFF-0117	gld	DIFF	_ZN6CGuild18DBGuildSaveProcessEP14CServerHandler	CGuild::DBGuildSaveProcess(CServerHandler*)	source/DNFServer/GameServer/Guild/DNFGuild.cpp	634	function_reports/guild/_ZN6CGuild18DBGuildSaveProcessEP14CServerHandler.md
DNF-GLD-DIFF-0118	gld	DIFF	_ZN6CGuild18DBSaveGuildMembersEhP14CServerHandlerh	CGuild::DBSaveGuildMembers(unsigned char, CServerHandler*, unsigned char)	source/DNFServer/GameServer/Guild/DNFGuild.cpp	737	function_reports/guild/_ZN6CGuild18DBSaveGuildMembersEhP14CServerHandlerh.md
DNF-GLD-DIFF-0119	gld	DIFF	_ZN6CGuild18SendToGuildForMailEv	CGuild::SendToGuildForMail()	source/DNFServer/GameServer/Guild/DNFGuild.cpp	966	function_reports/guild/_ZN6CGuild18SendToGuildForMailEv.md
DNF-GLD-NEAR-0013	gld	NEAR	_ZN6CGuild19SetTodayGuildMemberER18STTodayGuildMember	CGuild::SetTodayGuildMember(STTodayGuildMember&)	source/DNFServer/GameServer/Guild/DNFGuild.cpp	464	function_reports/guild/_ZN6CGuild19SetTodayGuildMemberER18STTodayGuildMember.md
DNF-GLD-DIFF-0120	gld	DIFF	_ZN6CGuild20ReplyGuildAllMembersEP5CUser	CGuild::ReplyGuildAllMembers(CUser*)	source/DNFServer/GameServer/Guild/DNFGuild.cpp	1485	function_reports/guild/_ZN6CGuild20ReplyGuildAllMembersEP5CUser.md
DNF-GLD-DIFF-0121	gld	DIFF	_ZN6CGuild20WriteGuildMemberMemoEP5CUserPKc	CGuild::WriteGuildMemberMemo(CUser*, char const*)	source/DNFServer/GameServer/Guild/DNFGuild.cpp	2102	function_reports/guild/_ZN6CGuild20WriteGuildMemberMemoEP5CUserPKc.md
DNF-GLD-DIFF-0122	gld	DIFF	_ZN6CGuild22NotifyTodayGuildMemberEP5CUser	CGuild::NotifyTodayGuildMember(CUser*)	source/DNFServer/GameServer/Guild/DNFGuild.cpp	2445	function_reports/guild/_ZN6CGuild22NotifyTodayGuildMemberEP5CUser.md
DNF-GLD-DIFF-0123	gld	DIFF	_ZN6CGuild22ReplyGuildMembersToWebEP24STGuildMemberWebConnInfo	CGuild::ReplyGuildMembersToWeb(STGuildMemberWebConnInfo*)	source/DNFServer/GameServer/Guild/DNFGuild.cpp	1346	function_reports/guild/_ZN6CGuild22ReplyGuildMembersToWebEP24STGuildMemberWebConnInfo.md
DNF-GLD-DIFF-0124	gld	DIFF	_ZN6CGuild22SendGuildInfoToMembersEb	CGuild::SendGuildInfoToMembers(bool)	source/DNFServer/GameServer/Guild/DNFGuild.cpp	867	function_reports/guild/_ZN6CGuild22SendGuildInfoToMembersEb.md
DNF-GLD-DIFF-0125	gld	DIFF	_ZN6CGuild23LoadGuildOneMemberProxyEP5CUser	CGuild::LoadGuildOneMemberProxy(CUser*)	source/DNFServer/GameServer/Guild/DNFGuild.cpp	1667	function_reports/guild/_ZN6CGuild23LoadGuildOneMemberProxyEP5CUser.md
DNF-GLD-DIFF-0126	gld	DIFF	_ZN6CGuild23LoadGuildOneMemberProxyER18STGuildMemberProxy	CGuild::LoadGuildOneMemberProxy(STGuildMemberProxy&)	source/DNFServer/GameServer/Guild/DNFGuild.cpp	1701	function_reports/guild/_ZN6CGuild23LoadGuildOneMemberProxyER18STGuildMemberProxy.md
DNF-GLD-DIFF-0127	gld	DIFF	_ZN6CGuild23SendGuildInfoToManagersEv	CGuild::SendGuildInfoToManagers()	source/DNFServer/GameServer/Guild/DNFGuild.cpp	938	function_reports/guild/_ZN6CGuild23SendGuildInfoToManagersEv.md
DNF-GLD-DIFF-0128	gld	DIFF	_ZN6CGuild24LoadGuildAllMembersProxyEP18STGuildMemberProxyhh	CGuild::LoadGuildAllMembersProxy(STGuildMemberProxy*, unsigned char, unsigned char)	source/DNFServer/GameServer/Guild/DNFGuild.cpp	1647	function_reports/guild/_ZN6CGuild24LoadGuildAllMembersProxyEP18STGuildMemberProxyhh.md
DNF-GLD-DIFF-0129	gld	DIFF	_ZN6CGuild24NoticeEnterToGuildMemberEPc	CGuild::NoticeEnterToGuildMember(char*)	source/DNFServer/GameServer/Guild/DNFGuild.cpp	1136	function_reports/guild/_ZN6CGuild24NoticeEnterToGuildMemberEPc.md
DNF-GLD-DIFF-0130	gld	DIFF	_ZN6CGuild25ChangeGuildMemberCharNameEjPc	CGuild::ChangeGuildMemberCharName(unsigned int, char*)	source/DNFServer/GameServer/Guild/DNFGuild.cpp	2056	function_reports/guild/_ZN6CGuild25ChangeGuildMemberCharNameEjPc.md
DNF-GLD-DIFF-0131	gld	DIFF	_ZN6CGuild25NoticeSecedeToGuildMemberEPc	CGuild::NoticeSecedeToGuildMember(char*)	source/DNFServer/GameServer/Guild/DNFGuild.cpp	1161	function_reports/guild/_ZN6CGuild25NoticeSecedeToGuildMemberEPc.md
DNF-GLD-DIFF-0132	gld	DIFF	_ZN6CGuild25NotifyAllTodayGuildMemberEv	CGuild::NotifyAllTodayGuildMember()	source/DNFServer/GameServer/Guild/DNFGuild.cpp	2414	function_reports/guild/_ZN6CGuild25NotifyAllTodayGuildMemberEv.md
DNF-GLD-DIFF-0133	gld	DIFF	_ZN6CGuild26NoticeGuildMemberLogin_OutEP5CUserc	CGuild::NoticeGuildMemberLogin_Out(CUser*, char)	source/DNFServer/GameServer/Guild/DNFGuild.cpp	1313	function_reports/guild/_ZN6CGuild26NoticeGuildMemberLogin_OutEP5CUserc.md
DNF-GLD-DIFF-0134	gld	DIFF	_ZN6CGuild26NotifyAllAchieveAttendanceEjj	CGuild::NotifyAllAchieveAttendance(unsigned int, unsigned int)	source/DNFServer/GameServer/Guild/DNFGuild.cpp	2473	function_reports/guild/_ZN6CGuild26NotifyAllAchieveAttendanceEjj.md
DNF-GLD-DIFF-0135	gld	DIFF	_ZN6CGuild26NotifyMessageToGuildMemberEv	CGuild::NotifyMessageToGuildMember()	source/DNFServer/GameServer/Guild/DNFGuild.cpp	1939	function_reports/guild/_ZN6CGuild26NotifyMessageToGuildMemberEv.md
DNF-GLD-DIFF-0136	gld	DIFF	_ZN6CGuild26SendGuildAgitInfoToMembersEv	CGuild::SendGuildAgitInfoToMembers()	source/DNFServer/GameServer/Guild/DNFGuild.cpp	2204	function_reports/guild/_ZN6CGuild26SendGuildAgitInfoToMembersEv.md
DNF-GLD-DIFF-0137	gld	DIFF	_ZN6CGuild26UpdateChangableInfoProcessEv	CGuild::UpdateChangableInfoProcess()	source/DNFServer/GameServer/Guild/DNFGuild.cpp	2022	function_reports/guild/_ZN6CGuild26UpdateChangableInfoProcessEv.md
DNF-GLD-DIFF-0138	gld	DIFF	_ZN6CGuild27DismissGuildMemberAndNoticeEi	CGuild::DismissGuildMemberAndNotice(int)	source/DNFServer/GameServer/Guild/DNFGuild.cpp	1285	function_reports/guild/_ZN6CGuild27DismissGuildMemberAndNoticeEi.md
DNF-GLD-DIFF-0139	gld	DIFF	_ZN6CGuild27NoticeChatMsgToGuildMembersEjPciPKc	CGuild::NoticeChatMsgToGuildMembers(unsigned int, char*, int, char const*)	source/DNFServer/GameServer/Guild/DNFGuild.cpp	1214	function_reports/guild/_ZN6CGuild27NoticeChatMsgToGuildMembersEjPciPKc.md
DNF-GLD-DIFF-0140	gld	DIFF	_ZN6CGuild28SendGuildNameChangeToMembersEv	CGuild::SendGuildNameChangeToMembers()	source/DNFServer/GameServer/Guild/DNFGuild.cpp	895	function_reports/guild/_ZN6CGuild28SendGuildNameChangeToMembersEv.md
DNF-GLD-DIFF-0141	gld	DIFF	_ZN6CGuild29NoticeMarkChangeToGuildMemberEj	CGuild::NoticeMarkChangeToGuildMember(unsigned int)	source/DNFServer/GameServer/Guild/DNFGuild.cpp	1185	function_reports/guild/_ZN6CGuild29NoticeMarkChangeToGuildMemberEj.md
DNF-GLD-NEAR-0014	gld	NEAR	_ZN6CGuild29getUnconnectedGuildMemberNameEj	CGuild::getUnconnectedGuildMemberName(unsigned int)	source/DNFServer/GameServer/Guild/DNFGuild.cpp	1850	function_reports/guild/_ZN6CGuild29getUnconnectedGuildMemberNameEj.md
DNF-GLD-NEAR-0015	gld	NEAR	_ZN6CGuild33ChangeUnconnectedGuildMemberGradeEji	CGuild::ChangeUnconnectedGuildMemberGrade(unsigned int, int)	source/DNFServer/GameServer/Guild/DNFGuild.cpp	1833	function_reports/guild/_ZN6CGuild33ChangeUnconnectedGuildMemberGradeEji.md
DNF-GLD-DIFF-0142	gld	DIFF	_ZN6CGuild34NoticeGuildMasterDelegateToMembersEPc	CGuild::NoticeGuildMasterDelegateToMembers(char*)	source/DNFServer/GameServer/Guild/DNFGuild.cpp	844	function_reports/guild/_ZN6CGuild34NoticeGuildMasterDelegateToMembersEPc.md
DNF-GLD-DIFF-0143	gld	DIFF	_ZN6CGuild34NotifyCreateGuildAgitToGuildMemberEj	CGuild::NotifyCreateGuildAgitToGuildMember(unsigned int)	source/DNFServer/GameServer/Guild/DNFGuild.cpp	2223	function_reports/guild/_ZN6CGuild34NotifyCreateGuildAgitToGuildMemberEj.md
DNF-GLD-DIFF-0144	gld	DIFF	_ZN6CGuild34NotifyDeleteGuildAgitToGuildMemberEj	CGuild::NotifyDeleteGuildAgitToGuildMember(unsigned int)	source/DNFServer/GameServer/Guild/DNFGuild.cpp	2247	function_reports/guild/_ZN6CGuild34NotifyDeleteGuildAgitToGuildMemberEj.md
DNF-GLD-DIFF-0145	gld	DIFF	_ZN6CGuild36NoticeChatMsgToGuildMembersHyperLinkEjPcihPK19hyperlink_item_infoPKc	CGuild::NoticeChatMsgToGuildMembersHyperLink(unsigned int, char*, int, unsigned char, hyperlink_item_info const*, char const*)	source/DNFServer/GameServer/Guild/DNFGuild.cpp	1246	function_reports/guild/_ZN6CGuild36NoticeChatMsgToGuildMembersHyperLinkEjPcihPK19hyperlink_item_infoPKc.md
DNF-GLD-DIFF-0146	gld	DIFF	_ZN6CGuild9LoadGuildER17STGuildDBInfoOnlyPc	CGuild::LoadGuild(STGuildDBInfoOnly&, char*)	source/DNFServer/GameServer/Guild/DNFGuild.cpp	590	function_reports/guild/_ZN6CGuild9LoadGuildER17STGuildDBInfoOnlyPc.md
DNF-GLD-NEAR-0016	gld	NEAR	_ZN8WongWork11CGMAccounts4isGMEj	WongWork::CGMAccounts::isGM(unsigned int)	source/DNFServer/GameServer/Guild/GMAccounts.cpp	116	function_reports/guild/_ZN8WongWork11CGMAccounts4isGMEj.md
DNF-GLD-DIFF-0147	gld	DIFF	_ZN9CGuildWar12SameRankWorkEv	CGuildWar::SameRankWork()	source/DNFServer/GameServer/Guild/DNFGuildWar.cpp	250	function_reports/guild/_ZN9CGuildWar12SameRankWorkEv.md
DNF-GLD-DIFF-0148	gld	DIFF	_ZN9CGuildWar13DBSaveProcessEP12CApplication	CGuildWar::DBSaveProcess(CApplication*)	source/DNFServer/GameServer/Guild/DNFGuildWar.cpp	362	function_reports/guild/_ZN9CGuildWar13DBSaveProcessEP12CApplication.md
DNF-GLD-DIFF-0149	gld	DIFF	_ZN9CGuildWar15GetGuildWarInfoEP22ST_Guild_War_Rank_Info	CGuildWar::GetGuildWarInfo(ST_Guild_War_Rank_Info*)	source/DNFServer/GameServer/Guild/DNFGuildWar.cpp	161	function_reports/guild/_ZN9CGuildWar15GetGuildWarInfoEP22ST_Guild_War_Rank_Info.md
DNF-GLD-DIFF-0150	gld	DIFF	_ZNK11CUdpHandler12SendToServerEPcitPKc	CUdpHandler::SendToServer(char*, int, unsigned short, char const*) const	source/DNFServer/GameServer/Guild/DNFUdpHandler.cpp	309	function_reports/guild/_ZNK11CUdpHandler12SendToServerEPcitPKc.md
DNF-GLD-DIFF-0151	gld	DIFF	_ZNK6CGuild28PopGuildMemberChanglableInfoEjR26STGuildMemberChangableInfo	CGuild::PopGuildMemberChanglableInfo(unsigned int, STGuildMemberChangableInfo&) const	source/DNFServer/GameServer/Guild/DNFGuild.cpp	2003	function_reports/guild/_ZNK6CGuild28PopGuildMemberChanglableInfoEjR26STGuildMemberChangableInfo.md
DNF-STA-DIFF-0001	sta	DIFF	_ZN14CNetworkThread8dispatchEPv	CNetworkThread::dispatch(void*)	source/DNFServer/GameServer/Statics/DNFNetworkThread.cpp	30	function_reports/statics/_ZN14CNetworkThread8dispatchEPv.md
DNF-STA-DIFF-0002	sta	DIFF	_ZN16StatisticManager16AddLagStatisticsEP26Packet_Stat_Lag_Statistics	StatisticManager::AddLagStatistics(Packet_Stat_Lag_Statistics*)	source/DNFServer/GameServer/Statics/Statistics.cpp	1519	function_reports/statics/_ZN16StatisticManager16AddLagStatisticsEP26Packet_Stat_Lag_Statistics.md
DNF-STA-DIFF-0003	sta	DIFF	_ZN16StatisticManager19SendDBLagStatisticsEP14CServerHandlerPc	StatisticManager::SendDBLagStatistics(CServerHandler*, char*)	source/DNFServer/GameServer/Statics/Statistics.cpp	1582	function_reports/statics/_ZN16StatisticManager19SendDBLagStatisticsEP14CServerHandlerPc.md
DNF-STA-DIFF-0004	sta	DIFF	_ZN16StatisticManager20SendDBPartyStatisticEP14CServerHandler	StatisticManager::SendDBPartyStatistic(CServerHandler*)	source/DNFServer/GameServer/Statics/Statistics.cpp	449	function_reports/statics/_ZN16StatisticManager20SendDBPartyStatisticEP14CServerHandler.md
DNF-STA-DIFF-0005	sta	DIFF	_ZN16StatisticManager22AddSecretShopStatisticEP28Packet_Secret_Shop_Statistic	StatisticManager::AddSecretShopStatistic(Packet_Secret_Shop_Statistic*)	source/DNFServer/GameServer/Statics/Statistics.cpp	1761	function_reports/statics/_ZN16StatisticManager22AddSecretShopStatisticEP28Packet_Secret_Shop_Statistic.md
DNF-STA-DIFF-0006	sta	DIFF	_ZN16StatisticManager23SendDBPartyJobStatisticEP14CServerHandler	StatisticManager::SendDBPartyJobStatistic(CServerHandler*)	source/DNFServer/GameServer/Statics/Statistics.cpp	499	function_reports/statics/_ZN16StatisticManager23SendDBPartyJobStatisticEP14CServerHandler.md
DNF-STA-DIFF-0007	sta	DIFF	_ZN16StatisticManager26AddTowerOfDespairStatisticEP35Packet_TowerOfDespair_Statistic_GTS	StatisticManager::AddTowerOfDespairStatistic(Packet_TowerOfDespair_Statistic_GTS*)	source/DNFServer/GameServer/Statics/Statistics.cpp	1840	function_reports/statics/_ZN16StatisticManager26AddTowerOfDespairStatisticEP35Packet_TowerOfDespair_Statistic_GTS.md
DNF-STA-NEAR-0001	sta	NEAR	_ZN16StatisticManager26SendDBPartyCharacStatisticEP14CServerHandler	StatisticManager::SendDBPartyCharacStatistic(CServerHandler*)	source/DNFServer/GameServer/Statics/Statistics.cpp	542	function_reports/statics/_ZN16StatisticManager26SendDBPartyCharacStatisticEP14CServerHandler.md
DNF-STA-DIFF-0008	sta	DIFF	_ZN16StatisticManager26WriteDungeonPartyStatisticEP30Packet_Dungeon_Statistic_Party	StatisticManager::WriteDungeonPartyStatistic(Packet_Dungeon_Statistic_Party*)	source/DNFServer/GameServer/Statics/Statistics.cpp	280	function_reports/statics/_ZN16StatisticManager26WriteDungeonPartyStatisticEP30Packet_Dungeon_Statistic_Party.md
DNF-STA-DIFF-0009	sta	DIFF	_ZN16StatisticManager27WriteHellPartyStatisticItemEP31Packet_HellParty_Statistic_Item	StatisticManager::WriteHellPartyStatisticItem(Packet_HellParty_Statistic_Item*)	source/DNFServer/GameServer/Statics/Statistics.cpp	907	function_reports/statics/_ZN16StatisticManager27WriteHellPartyStatisticItemEP31Packet_HellParty_Statistic_Item.md
DNF-STA-DIFF-0010	sta	DIFF	_ZN16StatisticManager30AddLoadingTimeReportStatisticsEP37Packet_Loading_Time_Report_Statistics	StatisticManager::AddLoadingTimeReportStatistics(Packet_Loading_Time_Report_Statistics*)	source/DNFServer/GameServer/Statics/Statistics.cpp	973	function_reports/statics/_ZN16StatisticManager30AddLoadingTimeReportStatisticsEP37Packet_Loading_Time_Report_Statistics.md
DNF-STA-DIFF-0011	sta	DIFF	_ZN16StatisticManager32WriteDungeonPartyCharacStatisticEP37Packet_Dungeon_Statistic_Party_Charac	StatisticManager::WriteDungeonPartyCharacStatistic(Packet_Dungeon_Statistic_Party_Charac*)	source/DNFServer/GameServer/Statics/Statistics.cpp	368	function_reports/statics/_ZN16StatisticManager32WriteDungeonPartyCharacStatisticEP37Packet_Dungeon_Statistic_Party_Charac.md
DNF-STA-DIFF-0012	sta	DIFF	_ZN16StatisticManager35WriteDeathTowerPlayDataJobStatisticEP40Packet_DeathTower_Statistic_Playdata_Job	StatisticManager::WriteDeathTowerPlayDataJobStatistic(Packet_DeathTower_Statistic_Playdata_Job*)	source/DNFServer/GameServer/Statics/Statistics.cpp	220	function_reports/statics/_ZN16StatisticManager35WriteDeathTowerPlayDataJobStatisticEP40Packet_DeathTower_Statistic_Playdata_Job.md
DNF-STA-DIFF-0013	sta	DIFF	_ZN16StatisticManager37WriteDeathTowerPlayDataPartyStatisticEP42Packet_DeathTower_Statistic_Playdata_Party	StatisticManager::WriteDeathTowerPlayDataPartyStatistic(Packet_DeathTower_Statistic_Playdata_Party*)	source/DNFServer/GameServer/Statics/Statistics.cpp	252	function_reports/statics/_ZN16StatisticManager37WriteDeathTowerPlayDataPartyStatisticEP42Packet_DeathTower_Statistic_Playdata_Party.md
DNF-STA-DIFF-0014	sta	DIFF	_ZN17CHWSpecResearcher14SendDBMWHWSpecEP14CServerHandlerh	CHWSpecResearcher::SendDBMWHWSpec(CServerHandler*, unsigned char)	source/DNFServer/GameServer/Statics/HWSpecResearcher.cpp	49	function_reports/statics/_ZN17CHWSpecResearcher14SendDBMWHWSpecEP14CServerHandlerh.md
DNF-STA-DIFF-0015	sta	DIFF	_ZN17CHWSpecResearcher17SendDBMWErrorLineEP14CServerHandler	CHWSpecResearcher::SendDBMWErrorLine(CServerHandler*)	source/DNFServer/GameServer/Statics/HWSpecResearcher.cpp	114	function_reports/statics/_ZN17CHWSpecResearcher17SendDBMWErrorLineEP14CServerHandler.md
DNF-STA-DIFF-0016	sta	DIFF	_ZN17CPacketTranslater23OnFrameLagStatisticsAddEP12PacketHeader	CPacketTranslater::OnFrameLagStatisticsAdd(PacketHeader*)	source/DNFServer/GameServer/Statics/DNFPacketTranslater.cpp	152	function_reports/statics/_ZN17CPacketTranslater23OnFrameLagStatisticsAddEP12PacketHeader.md
DNF-STA-DIFF-0017	sta	DIFF	_ZN17FrameLagCollector14SaveUsedMemoryEP14CServerHandler	FrameLagCollector::SaveUsedMemory(CServerHandler*)	source/DNFServer/GameServer/Statics/FrameLagCollector.cpp	682	function_reports/statics/_ZN17FrameLagCollector14SaveUsedMemoryEP14CServerHandler.md
DNF-STA-DIFF-0018	sta	DIFF	_ZN17FrameLagCollector16SaveFrameLagDataEP14CServerHandler	FrameLagCollector::SaveFrameLagData(CServerHandler*)	source/DNFServer/GameServer/Statics/FrameLagCollector.cpp	494	function_reports/statics/_ZN17FrameLagCollector16SaveFrameLagDataEP14CServerHandler.md
DNF-STA-DIFF-0019	sta	DIFF	_ZN17FrameLagCollector17accFrameLagStructERNS_18FrameLagDataStructEP14FrameLagStruct	FrameLagCollector::accFrameLagStruct(FrameLagCollector::FrameLagDataStruct&, FrameLagStruct*)	source/DNFServer/GameServer/Statics/FrameLagCollector.cpp	633	function_reports/statics/_ZN17FrameLagCollector17accFrameLagStructERNS_18FrameLagDataStructEP14FrameLagStruct.md
DNF-STA-DIFF-0020	sta	DIFF	_ZN17FrameLagCollector18FrameLagDataStruct4initEv	FrameLagCollector::FrameLagDataStruct::init()	source/DNFServer/GameServer/Statics/FrameLagCollector.cpp	717	function_reports/statics/_ZN17FrameLagCollector18FrameLagDataStruct4initEv.md
DNF-STA-DIFF-0021	sta	DIFF	_ZN17FrameLagCollector19PushOneFrameLagDataEP30Packet_Frame_Lag_Statistic_Add	FrameLagCollector::PushOneFrameLagData(Packet_Frame_Lag_Statistic_Add*)	source/DNFServer/GameServer/Statics/FrameLagCollector.cpp	228	function_reports/statics/_ZN17FrameLagCollector19PushOneFrameLagDataEP30Packet_Frame_Lag_Statistic_Add.md
DNF-STA-DIFF-0022	sta	DIFF	_ZN17FrameLagCollector22PushMonitoringSpecDataEP43Packet_Frame_Lag_Statistic_Result_Load_Spec	FrameLagCollector::PushMonitoringSpecData(Packet_Frame_Lag_Statistic_Result_Load_Spec*)	source/DNFServer/GameServer/Statics/FrameLagCollector.cpp	361	function_reports/statics/_ZN17FrameLagCollector22PushMonitoringSpecDataEP43Packet_Frame_Lag_Statistic_Result_Load_Spec.md
DNF-STA-DIFF-0023	sta	DIFF	_ZN17FrameLagCollector22PushMonitoringSpecDataEP45Packet_Frame_Lag_Statistic_Result_Reload_Spec	FrameLagCollector::PushMonitoringSpecData(Packet_Frame_Lag_Statistic_Result_Reload_Spec*)	source/DNFServer/GameServer/Statics/FrameLagCollector.cpp	407	function_reports/statics/_ZN17FrameLagCollector22PushMonitoringSpecDataEP45Packet_Frame_Lag_Statistic_Result_Reload_Spec.md
DNF-STA-DIFF-0024	sta	DIFF	_ZN17FrameLagCollector25is_valid_statistic_packetEP30Packet_Frame_Lag_Statistic_Add	FrameLagCollector::is_valid_statistic_packet(Packet_Frame_Lag_Statistic_Add*)	source/DNFServer/GameServer/Statics/FrameLagCollector.cpp	610	function_reports/statics/_ZN17FrameLagCollector25is_valid_statistic_packetEP30Packet_Frame_Lag_Statistic_Add.md
DNF-STA-DIFF-0025	sta	DIFF	_ZN17FrameLagCollector27SaveCollectedDirectxVersionEP14CServerHandler	FrameLagCollector::SaveCollectedDirectxVersion(CServerHandler*)	source/DNFServer/GameServer/Statics/FrameLagCollector.cpp	585	function_reports/statics/_ZN17FrameLagCollector27SaveCollectedDirectxVersionEP14CServerHandler.md
DNF-AUC-DIFF-0001	auc	DIFF	_ZN3nsl9TCPThread4loopEPv	nsl::TCPThread::loop(void*)	source/DNFServer/GameServer/ServerLab/ServerLib/common_source/TCPThread.cpp	39	function_reports/auction/_ZN3nsl9TCPThread4loopEPv.md
DNF-PNT-DIFF-0001	pnt	DIFF	_ZN3nsl9TCPThread4loopEPv	nsl::TCPThread::loop(void*)	source/DNFServer/GameServer/ServerLab/ServerLib/common_source/TCPThread.cpp	39	function_reports/point/_ZN3nsl9TCPThread4loopEPv.md
