service	name	status	diff_pm	same_mnemonic	call_diff_orig	call_diff_new	has_eh	src_ok	src_file	attempts	bucket	reason
dbmw	_ZL16allocStackBufferjPPhPi	NEAR	332	Y			Y	Y	source/DNFServer/GameServer/DBMW/StackBuffer.cpp	4	EH_OR_CLEANUP	exception/cleanup pattern present
dbmw	_ZL19freeAllStackBuffersv	DIFF	141	N			N	Y	source/DNFServer/GameServer/DBMW/StackBuffer.cpp	0	CONST_OR_OFFSET	immediate/field/stack offset present
dbmw	_ZN10CAppConfig11Parse_TableEPci	DIFF	2629	N			N	Y	source/DNFServer/GameServer/DBMW/DNFAppConfig.cpp	0	CONST_OR_OFFSET	immediate/field/stack offset present
dbmw	_ZN10CDBManager10InsertMailEjPcS0_jjii	NEAR	202	Y			N	N		0	NEEDS_REVERSE	source location missing from md
dbmw	_ZN10CDBManager10QueryGuildEhjR27Packet_DB_Reply_Query_Guild	DIFF	753	N			N	N		0	NEEDS_REVERSE	source location missing from md
dbmw	_ZN10CDBManager11GuildSecedeEP30Packet_DB_Request_Guild_SecedeRjS2_S2_	DIFF	1858	N			N	N		0	NEEDS_REVERSE	source location missing from md
dbmw	_ZN10CDBManager11QueryMemberEjR28Packet_DB_Reply_Query_Member	DIFF	1602	N			Y	Y	source/DNFServer/GameServer/DBMW/DBManager.cpp	0	EH_OR_CLEANUP	exception/cleanup pattern present
dbmw	_ZN10CDBManager12InsertLetterEjjPKcS1_Ril	DIFF	231	N			N	N		0	NEEDS_REVERSE	source location missing from md
dbmw	_ZN10CDBManager13SaveGuildInfoEhjR17STGuildDBInfoOnly	DIFF	217	N			N	N		0	NEEDS_REVERSE	source location missing from md
dbmw	_ZN10CDBManager14QueryBuddyInfoEjP13STBuddyDBInfoRh	DIFF	396	N			N	N		0	NEEDS_REVERSE	source location missing from md
dbmw	_ZN10CDBManager14SaveGuildSkillEhjR17STGuildDBInfoOnly	DIFF	259	N			N	N		0	NEEDS_REVERSE	source location missing from md
dbmw	_ZN10CDBManager15OnLoadGuildAgitEP25Packet_DB_Load_Guild_AgitR28Packet_Guild_Load_Guild_Agit	DIFF	194	N			N	N		0	NEEDS_REVERSE	source location missing from md
dbmw	_ZN10CDBManager15QueryGuildSkillEhjR27Packet_DB_Reply_Query_Guild	DIFF	307	N			N	N		0	NEEDS_REVERSE	source location missing from md
dbmw	_ZN10CDBManager15SaveGuildMemberEhjR18STGuildMemerDBInfojh	DIFF	282	N			N	N		0	NEEDS_REVERSE	source location missing from md
dbmw	_ZN10CDBManager15SendGuildLetterEijPc	DIFF	439	N			Y	Y	source/DNFServer/GameServer/DBMW/DBManager.cpp	0	EH_OR_CLEANUP	exception/cleanup pattern present
dbmw	_ZN10CDBManager16OnLoadGuildBoardEiRiP18STGuildBoardDBInfo	DIFF	427	N			N	N		0	NEEDS_REVERSE	source location missing from md
dbmw	_ZN10CDBManager16OnLoadGuildCargoEjR29Packet_Guild_Load_Guild_Cargo	DIFF	197	N			N	N		0	NEEDS_REVERSE	source location missing from md
dbmw	_ZN10CDBManager16QueryGuildCreateEP32Packet_DBMW_Request_Guild_CreateRjS2_	DIFF	1422	N			Y	N		0	NEEDS_REVERSE	source location missing from md
dbmw	_ZN10CDBManager16QueryGuildMemberEhjR34Packet_DB_Reply_Query_Guild_Member	DIFF	306	N			N	N		0	NEEDS_REVERSE	source location missing from md
dbmw	_ZN10CDBManager16SaveMemberDeleteEjjh	DIFF	179	N			N	N		0	NEEDS_REVERSE	source location missing from md
dbmw	_ZN10CDBManager16SaveMemberInsertEjjh	DIFF	854	N			N	N		0	NEEDS_REVERSE	source location missing from md
dbmw	_ZN10CDBManager17OnWriteGuildBoardEP40Packet_DB_Load_Request_Guild_Board_WriteP18STGuildBoardDBInfo	DIFF	435	N			N	N		0	NEEDS_REVERSE	source location missing from md
dbmw	_ZN10CDBManager17QueryGuildBootingER38Packet_DB_Query_Reply_On_Guild_Bootingi	DIFF	256	N			N	N		0	NEEDS_REVERSE	source location missing from md
dbmw	_ZN10CDBManager17QueryHWspecCreateEP38Packet_DBMW_Save_Client_Spec_Statistic	DIFF	892	N			N	N		0	NEEDS_REVERSE	source location missing from md
dbmw	_ZN10CDBManager17QueryReloadSpecDbEP38Packet_Frame_Lag_Statistic_Reload_SpecP17CStatisticsServer	DIFF	982	N			N	N		0	NEEDS_REVERSE	source location missing from md
dbmw	_ZN10CDBManager18GetCoinEventPerDayEiiRiS0_	DIFF	369	N			N	N		0	NEEDS_REVERSE	source location missing from md
dbmw	_ZN10CDBManager18selectCollectItemsEhRiS0_RjRh	DIFF	445	N			N	N		0	NEEDS_REVERSE	source location missing from md
dbmw	_ZN10CDBManager18updateCollectItemsEhijh	DIFF	225	N			N	N		0	NEEDS_REVERSE	source location missing from md
dbmw	_ZN10CDBManager19GuildMasterDelegateEijjjjPc	DIFF	315	N			N	N		0	NEEDS_REVERSE	source location missing from md
dbmw	_ZN10CDBManager19QueryCharacNoByNameEPcRjPi	DIFF	354	N			N	N		0	NEEDS_REVERSE	source location missing from md
dbmw	_ZN10CDBManager19QuerySubGuildMasterEhjR27Packet_DB_Reply_Query_Guild	DIFF	252	N			N	N		0	NEEDS_REVERSE	source location missing from md
dbmw	_ZN10CDBManager19RegisterToBlackListEjjPc	DIFF	775	N			N	N		0	NEEDS_REVERSE	source location missing from md
dbmw	_ZN10CDBManager19SendGuildCoinByMailEijjjiPcS0_	DIFF	390	N			N	N		0	NEEDS_REVERSE	source location missing from md
dbmw	_ZN10CDBManager20OnSaveFatigueBatteryEP43Packet_DBMW_Fatigue_Battery_Money_Statistic	DIFF	163	N			N	N		0	NEEDS_REVERSE	source location missing from md
dbmw	_ZN10CDBManager20OnWriteWebGuildBoardEP44Packet_DB_Load_Request_Web_Guild_Board_WriteP18STGuildBoardDBInfo	DIFF	315	N			N	N		0	NEEDS_REVERSE	source location missing from md
dbmw	_ZN10CDBManager20QueryFirstLoadSpecDbEP36Packet_Frame_Lag_Statistic_Load_SpecP17CStatisticsServer	DIFF	826	N			N	N		0	NEEDS_REVERSE	source location missing from md
dbmw	_ZN10CDBManager20updateCollectItemsGmEhiij	DIFF	150	N			N	N		0	NEEDS_REVERSE	source location missing from md
dbmw	_ZN10CDBManager21AwardGuildTitleByMailEijjPcj	DIFF	392	N			N	N		0	NEEDS_REVERSE	source location missing from md
dbmw	_ZN10CDBManager21OnLoadPeriodicMessageEP28Packet_Load_Periodic_MessageP38Packet_Result_Loading_Periodic_Message	DIFF	338	N			N	N		0	NEEDS_REVERSE	source location missing from md
dbmw	_ZN10CDBManager21OnSecretShopStatisticEP28Packet_Secret_Shop_Statistic	DIFF	373	N			N	Y	source/DNFServer/GameServer/DBMW/DBManager.cpp	0	CONST_OR_OFFSET	immediate/field/stack offset present
dbmw	_ZN10CDBManager21QueryGuildMemberProxyEjjR18STGuildMemberProxy	DIFF	344	N			N	N		0	NEEDS_REVERSE	source location missing from md
dbmw	_ZN10CDBManager21QueryGuildNotiMessageEhjR27Packet_DB_Reply_Query_Guild	DIFF	168	N			N	N		0	NEEDS_REVERSE	source location missing from md
dbmw	_ZN10CDBManager21QueryTodayGuildMemberEjR31Packet_Reply_Today_Guild_Member	DIFF	534	N			Y	N		0	NEEDS_REVERSE	source location missing from md
dbmw	_ZN10CDBManager21SaveGuildWarPointListEiPjS0_	DIFF	191	N			N	N		0	NEEDS_REVERSE	source location missing from md
dbmw	_ZN10CDBManager21insertServerGameEventEP31Packet_StartGameEventFromServer	DIFF	192	N			N	N		0	NEEDS_REVERSE	source location missing from md
dbmw	_ZN10CDBManager22OnSavePowerWarUserRankEP34Packet_DB_Save_Power_War_User_Rank	DIFF	272	N			N	N		0	NEEDS_REVERSE	source location missing from md
dbmw	_ZN10CDBManager22OnStatisticLoginLogoutEP34Packet_DBMW_Statistic_Login_Logout	DIFF	187	N			N	N		0	NEEDS_REVERSE	source location missing from md
dbmw	_ZN10CDBManager22OnWriteGuildMemberMemoEP33Packet_DB_Write_Guild_Member_Memo	DIFF	189	N			N	N		0	NEEDS_REVERSE	source location missing from md
dbmw	_ZN10CDBManager23OnLoadGuildCargoHistoryEjR37Packet_Guild_Load_Guild_Cargo_History	DIFF	504	N			N	N		0	NEEDS_REVERSE	source location missing from md
dbmw	_ZN10CDBManager23OnSaveLoadingTimeReportEP31Packet_DBMW_Loading_Time_Report	DIFF	151	N			N	N		3	NEEDS_REVERSE	source location missing from md
dbmw	_ZN10CDBManager23OnSavePowerWarGuildRankEP35Packet_DB_Save_Power_War_Guild_Rank	DIFF	248	N			N	N		0	NEEDS_REVERSE	source location missing from md
dbmw	_ZN10CDBManager23loadLimitNpcBuyItemInfoEP26LimitNpcBuyItemRequestInfoP25LimitNpcBuyItemResultInfo	DIFF	466	N			N	N		0	NEEDS_REVERSE	source location missing from md
dbmw	_ZN10CDBManager24ChangeGuildNotifyMessageEijPc	DIFF	257	N			N	N		0	NEEDS_REVERSE	source location missing from md
dbmw	_ZN10CDBManager24InsertFrameLagStatisticsEP42Packet_Frame_Lag_Statistic_Write_Lag_IndexP17CStatisticsServer	DIFF	870	N			N	N		0	NEEDS_REVERSE	source location missing from md
dbmw	_ZN10CDBManager24OnGoldcardEventStatisticEP35Packet_Goldcard_Event_Statistic_STD	DIFF	288	N			N	N		0	NEEDS_REVERSE	source location missing from md
dbmw	_ZN10CDBManager24OnGuildJoinByListApproveEjcjjR15STGuildJoinInfoRj	DIFF	822	N			N	N		0	NEEDS_REVERSE	source location missing from md
dbmw	_ZN10CDBManager24OnManagerEventTriggerAckEP32Packet_Manager_Event_Trigger_Ack	NEAR	178	Y			N	N		0	NEEDS_REVERSE	source location missing from md
dbmw	_ZN10CDBManager24OnSavePowerWarBonusPointEP36Packet_DB_Save_Power_War_Bonus_Point	DIFF	314	N			Y	N		0	NEEDS_REVERSE	source location missing from md
dbmw	_ZN10CDBManager24QueryCubeStatisticCreateEP26Packet_DBMW_Cube_Statistic	DIFF	565	N			Y	Y	source/DNFServer/GameServer/DBMW/DBManager.cpp	0	EH_OR_CLEANUP	exception/cleanup pattern present
dbmw	_ZN10CDBManager24QueryUpdateChannelOccNumEP27Packet_User_Count_Statistic	DIFF	249	N			N	Y	source/DNFServer/GameServer/DBMW/DBManager.cpp	0	CONST_OR_OFFSET	immediate/field/stack offset present
dbmw	_ZN10CDBManager24SaveUnchangableGuildInfoEP33Packet_UnChangable_GuildInfo_Save	DIFF	543	N			N	N		0	NEEDS_REVERSE	source location missing from md
dbmw	_ZN10CDBManager24UpdateRandomboxStatisticEP29Packet_Randombox_statistic_DB	DIFF	199	N			N	N		0	NEEDS_REVERSE	source location missing from md
dbmw	_ZN10CDBManager24insertHolePunchingResultEP38Packet_GameServer2Statisctics2DBServer	DIFF	176	N			N	N		0	NEEDS_REVERSE	source location missing from md
dbmw	_ZN10CDBManager24updateCompatibilityIndexEP31Packet_Stat_Compatibility_Index	DIFF	390	N			N	N		0	NEEDS_REVERSE	source location missing from md
dbmw	_ZN10CDBManager25OnInsertGuildCargoHistoryEP36Packet_DB_Insert_Guild_Cargo_History	DIFF	407	N			N	N		0	NEEDS_REVERSE	source location missing from md
dbmw	_ZN10CDBManager25OnSavePacketOverflowWriteEP37Packet_DBMW_Packet_Overflow_Statistic	DIFF	305	N			N	N		0	NEEDS_REVERSE	source location missing from md
dbmw	_ZN10CDBManager25OnSavePowerWarPointRewardEP37Packet_DB_Save_Power_War_Point_Reward	NEAR	146	Y			N	N		0	NEEDS_REVERSE	source location missing from md
dbmw	_ZN10CDBManager25QueryGuildAllMembersProxyEjP18STGuildMemberProxyRt	DIFF	568	N			N	N		0	NEEDS_REVERSE	source location missing from md
dbmw	_ZN10CDBManager25QueryOnTimeEventIdxUpdateEP34Packet_Req_Ontime_Event_Idx_Update	DIFF	273	N			N	N		0	NEEDS_REVERSE	source location missing from md
dbmw	_ZN10CDBManager25QueryPartyStatisticCreateEP35Packet_DBMW_Dungeon_Statistic_Party	DIFF	1385	N			Y	N		0	NEEDS_REVERSE	source location missing from md
dbmw	_ZN10CDBManager26OnSavePowerWarStatueRankerEP38Packet_DB_Save_Power_War_Statue_Ranker	DIFF	297	N			N	N		0	NEEDS_REVERSE	source location missing from md
dbmw	_ZN10CDBManager26onItemLimitEditionLoadDataEPK39Packet_Item_Limit_Edition_Load_Data_ReqP39Packet_Item_Limit_Edition_Load_Data_Rpy	DIFF	1127	N			N	N		0	NEEDS_REVERSE	source location missing from md
dbmw	_ZN10CDBManager27QueryGuildMemberGradeByNameEhjPcRhRjS2_	DIFF	236	N			N	N		0	NEEDS_REVERSE	source location missing from md
dbmw	_ZN10CDBManager27UpdateCreateEmblemStatisticEP33Packet_Emblem_Create_Statistic_DB	DIFF	153	N			N	N		0	NEEDS_REVERSE	source location missing from md
dbmw	_ZN10CDBManager28OnSaveAssertManagerInfoWriteEP43Packet_DBMW_Assert_Manager_Info_Write_Query	DIFF	427	N			N	N		0	NEEDS_REVERSE	source location missing from md
dbmw	_ZN10CDBManager28QueryPartyJobStatisticCreateEP39Packet_DBMW_Dungeon_Statistic_Party_Job	DIFF	967	N			Y	N		0	NEEDS_REVERSE	source location missing from md
dbmw	_ZN10CDBManager28QueryTowerOfDespairStatisticEP35Packet_TowerOfDespair_Statistic_STD	DIFF	286	N			N	N		0	NEEDS_REVERSE	source location missing from md
dbmw	_ZN10CDBManager28onItemLimitEditionUpdateDataEPK32Packet_Item_Limit_Edition_Update	DIFF	242	N			N	N		0	NEEDS_REVERSE	source location missing from md
dbmw	_ZN10CDBManager29QueryErrorLineStatisticCreateEP37Packet_DBMW_Save_Error_Line_Statistic	DIFF	304	N			Y	N		0	NEEDS_REVERSE	source location missing from md
dbmw	_ZN10CDBManager29UpdateDisjointAvatarStatisticEP35Packet_Avater_Disjoint_Statistic_DB	DIFF	544	N			N	N		0	NEEDS_REVERSE	source location missing from md
dbmw	_ZN10CDBManager31QueryPartyCharacStatisticCreateEP42Packet_DBMW_Dungeon_Statistic_Party_Charac	DIFF	1079	N			Y	N		0	NEEDS_REVERSE	source location missing from md
dbmw	_ZN10CDBManager33QueryHellPartyStatisticItemCreateEP36Packet_DBMW_HellParty_Statistic_Item	DIFF	340	N			N	N		0	NEEDS_REVERSE	source location missing from md
dbmw	_ZN10CDBManager33updateNexonPinPcRoomPlayTimeEventEhjRjPcj	DIFF	444	N			N	N		0	NEEDS_REVERSE	source location missing from md
dbmw	_ZN10CDBManager35QueryDeathTowerValueStatisticCreateEP38Packet_DBMW_DeathTower_Statistic_Value	DIFF	475	N			N	N		0	NEEDS_REVERSE	source location missing from md
dbmw	_ZN10CDBManager41QueryDeathTowerPlayDataJobStatisticCreateEP45Packet_DBMW_DeathTower_Statistic_Playdata_Job	DIFF	749	N			Y	N		0	NEEDS_REVERSE	source location missing from md
dbmw	_ZN10CDBManager43QueryDeathTowerPlayDataPartyStatisticCreateEP47Packet_DBMW_DeathTower_Statistic_Playdata_Party	DIFF	729	N			Y	N		0	NEEDS_REVERSE	source location missing from md
dbmw	_ZN10CDBManager8AddBuddyEjPcR13STBuddyDBInfoRi	DIFF	655	N			N	N		0	NEEDS_REVERSE	source location missing from md
dbmw	_ZN12CApplication15TranslateSignalEv	DIFF	553	N			Y	Y	source/DNFServer/GameServer/DBMW/DNFApplication.cpp	0	EH_OR_CLEANUP	exception/cleanup pattern present
dbmw	_ZN12CApplication4LoadEiPPc	DIFF	844	N			Y	Y	source/DNFServer/GameServer/DBMW/DNFApplication.cpp	1	EH_OR_CLEANUP	exception/cleanup pattern present
dbmw	_ZN13CPacketTracer21WritePacketProcessLogEv	DIFF	213	N			N	Y	source/DNFServer/GameServer/DBMW/DNFPacketTracer.cpp	1	CONST_OR_OFFSET	immediate/field/stack offset present
dbmw	_ZN13CPacketTracerC1Ev	DIFF	117	N			Y	Y	source/DNFServer/GameServer/DBMW/DNFPacketTracer.cpp	2	EH_OR_CLEANUP	exception/cleanup pattern present
dbmw	_ZN13CPacketTracerC2Ev	DIFF	117	N			Y	Y	source/DNFServer/GameServer/DBMW/DNFPacketTracer.cpp	2	EH_OR_CLEANUP	exception/cleanup pattern present
dbmw	_ZN13CQueryCounter10WriteDBLogER10CDBManager	DIFF	367	N			N	Y	source/DNFServer/GameServer/DBMW/QueryCounter.cpp	5	CONST_OR_OFFSET	immediate/field/stack offset present
dbmw	_ZN13CQueryCounter15IncreQureyCountEjPKc	DIFF	70	N			N	Y	source/DNFServer/GameServer/DBMW/QueryCounter.cpp	5	CONST_OR_OFFSET	immediate/field/stack offset present
dbmw	_ZN13CQueryCounter15SetResponseTimeEj	DIFF	111	N			N	Y	source/DNFServer/GameServer/DBMW/QueryCounter.cpp	3	CONST_OR_OFFSET	immediate/field/stack offset present
dbmw	_ZN13CTcpNetSystem10SendPacketEv	DIFF	413	N			Y	Y	source/DNFServer/GameServer/DBMW/TcpNetSystem.cpp	0	EH_OR_CLEANUP	exception/cleanup pattern present
dbmw	_ZN13CTcpNetSystem14OpenTcpServiceERiPKct	DIFF	232	N			N	Y	source/DNFServer/GameServer/DBMW/TcpNetSystem.cpp	4	CONST_OR_OFFSET	immediate/field/stack offset present
dbmw	_ZN13CTcpNetSystem18PushTcpSendPacketQEPc	DIFF	140	N			Y	Y	source/DNFServer/GameServer/DBMW/TcpNetSystem.cpp	0	EH_OR_CLEANUP	exception/cleanup pattern present
dbmw	_ZN13CTcpNetSystem19CleanTcpSendPacketQEv	DIFF	170	N			Y	Y	source/DNFServer/GameServer/DBMW/TcpNetSystem.cpp	0	EH_OR_CLEANUP	exception/cleanup pattern present
dbmw	_ZN13CTcpNetSystem21SetEpollAcceptedPeersEv	DIFF	237	N			Y	Y	source/DNFServer/GameServer/DBMW/TcpNetSystem.cpp	0	EH_OR_CLEANUP	exception/cleanup pattern present
dbmw	_ZN13np_server_xml10CServerXml9StrPunishEiPKcNS_12_eStringTypeE	NEAR	386	Y			Y	N		3	NEEDS_REVERSE	source location missing from md
dbmw	_ZN14CNetworkThread8dispatchEPv	DIFF	1030	N			Y	Y	source/DNFServer/GameServer/DBMW/DNFNetworkThread.cpp	3	EH_OR_CLEANUP	exception/cleanup pattern present
dbmw	_ZN14CPacketCounterILi1000ELi10240EE12AfterProcessEi	DIFF	165	N			N	Y	source/DNFServer/GameServer/DBMW/PacketCounter.cpp	0	CONST_OR_OFFSET	immediate/field/stack offset present
dbmw	_ZN14CServerHandler16SendAllTcpServerEP12PacketHeader	DIFF	146	N			N	Y	source/DNFServer/GameServer/DBMW/DNFServerHandler.cpp	3	CONST_OR_OFFSET	immediate/field/stack offset present
dbmw	_ZN17CPacketTranslater11OnGuildJoinEP12PacketHeader	DIFF	429	N			Y	Y	source/DNFServer/GameServer/DBMW/DNFPacketTranslater.cpp	0	EH_OR_CLEANUP	exception/cleanup pattern present
dbmw	_ZN17CPacketTranslater12OnQueryGuildEP12PacketHeader	DIFF	455	N			Y	Y	source/DNFServer/GameServer/DBMW/DNFPacketTranslater.cpp	0	EH_OR_CLEANUP	exception/cleanup pattern present
dbmw	_ZN17CPacketTranslater13OnGuildSecedeEP12PacketHeader	DIFF	370	N			Y	Y	source/DNFServer/GameServer/DBMW/DNFPacketTranslater.cpp	0	EH_OR_CLEANUP	exception/cleanup pattern present
dbmw	_ZN17CPacketTranslater16OnDBMWInsertMailEP12PacketHeader	DIFF	360	N			Y	Y	source/DNFServer/GameServer/DBMW/DNFPacketTranslater.cpp	0	EH_OR_CLEANUP	exception/cleanup pattern present
dbmw	_ZN17CPacketTranslater16OnRequestARSInfoEP12PacketHeader	DIFF	470	N			Y	Y	source/DNFServer/GameServer/DBMW/DNFPacketTranslater.cpp	0	EH_OR_CLEANUP	exception/cleanup pattern present
dbmw	_ZN17CPacketTranslater16OnTcpServerLoginEP12PacketHeader	DIFF	321	N			Y	Y	source/DNFServer/GameServer/DBMW/DNFPacketTranslater.cpp	0	EH_OR_CLEANUP	exception/cleanup pattern present
dbmw	_ZN17CPacketTranslater17OnSendGuildLetterEP12PacketHeader	DIFF	420	N			Y	Y	source/DNFServer/GameServer/DBMW/DNFPacketTranslater.cpp	0	EH_OR_CLEANUP	exception/cleanup pattern present
dbmw	_ZN17CPacketTranslater18OnQueryGuildMemberEP12PacketHeader	DIFF	278	N			Y	Y	source/DNFServer/GameServer/DBMW/DNFPacketTranslater.cpp	0	EH_OR_CLEANUP	exception/cleanup pattern present
dbmw	_ZN17CPacketTranslater19OnDeleteToBlackListEP12PacketHeader	DIFF	355	N			Y	Y	source/DNFServer/GameServer/DBMW/DNFPacketTranslater.cpp	0	EH_OR_CLEANUP	exception/cleanup pattern present
dbmw	_ZN17CPacketTranslater20OnRequestGuildCreateEP12PacketHeader	DIFF	264	N			Y	Y	source/DNFServer/GameServer/DBMW/DNFPacketTranslater.cpp	0	EH_OR_CLEANUP	exception/cleanup pattern present
dbmw	_ZN17CPacketTranslater20onCollectItemsUpdateEP12PacketHeader	DIFF	281	N			Y	Y	source/DNFServer/GameServer/DBMW/DNFPacketTranslater.cpp	0	EH_OR_CLEANUP	exception/cleanup pattern present
dbmw	_ZN17CPacketTranslater20onQueryTowerFullRankEP12PacketHeader	DIFF	548	N			Y	Y	source/DNFServer/GameServer/DBMW/DNFPacketTranslater.cpp	0	EH_OR_CLEANUP	exception/cleanup pattern present
dbmw	_ZN17CPacketTranslater21OnGuildMasterDelegateEP12PacketHeader	DIFF	428	N			Y	Y	source/DNFServer/GameServer/DBMW/DNFPacketTranslater.cpp	0	EH_OR_CLEANUP	exception/cleanup pattern present
dbmw	_ZN17CPacketTranslater21OnLoadPeriodicMessageEP12PacketHeader	DIFF	206	N			Y	Y	source/DNFServer/GameServer/DBMW/DNFPacketTranslater.cpp	0	EH_OR_CLEANUP	exception/cleanup pattern present
dbmw	_ZN17CPacketTranslater21OnRegisterToBlackListEP12PacketHeader	DIFF	349	N			Y	Y	source/DNFServer/GameServer/DBMW/DNFPacketTranslater.cpp	0	EH_OR_CLEANUP	exception/cleanup pattern present
dbmw	_ZN17CPacketTranslater22OnPcRoomPlayTimeRewardEP12PacketHeader	DIFF	598	N			Y	Y	source/DNFServer/GameServer/DBMW/DNFPacketTranslater.cpp	0	EH_OR_CLEANUP	exception/cleanup pattern present
dbmw	_ZN17CPacketTranslater22OnRequestIPCounterListEP12PacketHeader	DIFF	740	N			Y	Y	source/DNFServer/GameServer/DBMW/DNFPacketTranslater.cpp	0	EH_OR_CLEANUP	exception/cleanup pattern present
dbmw	_ZN17CPacketTranslater23OnDBMWVillageAttackRankEP12PacketHeader	DIFF	250	N			Y	Y	source/DNFServer/GameServer/DBMW/DNFPacketTranslater.cpp	0	EH_OR_CLEANUP	exception/cleanup pattern present
dbmw	_ZN17CPacketTranslater24OnSavePowerWarBonusPointEP12PacketHeader	DIFF	356	N			Y	Y	source/DNFServer/GameServer/DBMW/DNFPacketTranslater.cpp	0	EH_OR_CLEANUP	exception/cleanup pattern present
dbmw	_ZN17CPacketTranslater24OnSendMailCoinGuildEventEP12PacketHeader	DIFF	433	N			Y	Y	source/DNFServer/GameServer/DBMW/DNFPacketTranslater.cpp	0	EH_OR_CLEANUP	exception/cleanup pattern present
dbmw	_ZN17CPacketTranslater24onEndGameEventFromServerEP12PacketHeader	DIFF	297	N			Y	Y	source/DNFServer/GameServer/DBMW/DNFPacketTranslater.cpp	0	EH_OR_CLEANUP	exception/cleanup pattern present
dbmw	_ZN17CPacketTranslater25OnRequestApproveJoinGuildEP12PacketHeader	DIFF	330	N			Y	Y	source/DNFServer/GameServer/DBMW/DNFPacketTranslater.cpp	0	EH_OR_CLEANUP	exception/cleanup pattern present
dbmw	_ZN17CPacketTranslater25OnRequestBlackListOnLoginEP12PacketHeader	DIFF	278	N			Y	Y	source/DNFServer/GameServer/DBMW/DNFPacketTranslater.cpp	0	EH_OR_CLEANUP	exception/cleanup pattern present
dbmw	_ZN17CPacketTranslater26onStartGameEventFromServerEP12PacketHeader	DIFF	306	N			Y	Y	source/DNFServer/GameServer/DBMW/DNFPacketTranslater.cpp	0	EH_OR_CLEANUP	exception/cleanup pattern present
dbmw	_ZN17CPacketTranslater27OnQueryGuildAllMembersProxyEP12PacketHeader	DIFF	515	N			Y	Y	source/DNFServer/GameServer/DBMW/DNFPacketTranslater.cpp	0	EH_OR_CLEANUP	exception/cleanup pattern present
dbmw	_ZN17CPacketTranslater29OnDBLoadRequestGuildBoardOpenEP12PacketHeader	DIFF	693	N			Y	Y	source/DNFServer/GameServer/DBMW/DNFPacketTranslater.cpp	0	EH_OR_CLEANUP	exception/cleanup pattern present
dbmw	_ZN17CPacketTranslater30OnDBLoadRequestGuildBoardWriteEP12PacketHeader	DIFF	290	N			Y	Y	source/DNFServer/GameServer/DBMW/DNFPacketTranslater.cpp	0	EH_OR_CLEANUP	exception/cleanup pattern present
dbmw	_ZN17CPacketTranslater31OnUpdateTowerOfDespairStatisticEP12PacketHeader	DIFF	218	N			Y	Y	source/DNFServer/GameServer/DBMW/DNFPacketTranslater.cpp	0	EH_OR_CLEANUP	exception/cleanup pattern present
dbmw	_ZN17CPacketTranslater33OnDBLoadRequestWebGuildBoardWriteEP12PacketHeader	DIFF	290	N			Y	Y	source/DNFServer/GameServer/DBMW/DNFPacketTranslater.cpp	0	EH_OR_CLEANUP	exception/cleanup pattern present
dbmw	_ZN17CPacketTranslater35OnChangeUnconnectedGuildMemberGradeEP12PacketHeader	DIFF	490	N			Y	Y	source/DNFServer/GameServer/DBMW/DBManager.cpp	0	EH_OR_CLEANUP	exception/cleanup pattern present
dbmw	_ZN17CTcpNetworkThread8dispatchEPv	DIFF	655	N			Y	Y	source/DNFServer/GameServer/DBMW/DNFTcpNetworkThread.cpp	0	EH_OR_CLEANUP	exception/cleanup pattern present
dbmw	_ZN18CFrameCountHandler17GetFrameCountInfoEv	DIFF	541	N			Y	Y	source/DNFServer/GameServer/DBMW/DNFTickHandler.cpp	0	EH_OR_CLEANUP	exception/cleanup pattern present
dbmw	_ZN18CFrameCountHandler18InitFrameCountInfoEP12CApplicationjt	DIFF	206	N			Y	Y	source/DNFServer/GameServer/DBMW/DNFTickHandler.cpp	2	EH_OR_CLEANUP	exception/cleanup pattern present
dbmw	_ZN5CPeer11send_packetEv	DIFF	304	N			N	Y	source/DNFServer/GameServer/DBMW/Peer.cpp	2	CONST_OR_OFFSET	immediate/field/stack offset present
dbmw	_ZN5CPeer7parsingEi	DIFF	562	N			Y	Y	source/DNFServer/GameServer/DBMW/Peer.cpp	0	EH_OR_CLEANUP	exception/cleanup pattern present
dbmw	_ZN6CMySql10exec_queryEv	DIFF	312	N			N	Y	source/DNFServer/GameServer/DBMW/DNFMySql.cpp	1	CONST_OR_OFFSET	immediate/field/stack offset present
dbmw	_ZN6CMySql11blob_to_strEiPvi	DIFF	99	N			N	Y	source/DNFServer/GameServer/DBMW/DNFMySql.cpp	1	CONST_OR_OFFSET	immediate/field/stack offset present
dbmw	_ZN6CMySql4execEj	DIFF	205	N			N	Y	source/DNFServer/GameServer/DBMW/DNFMySql.cpp	5	CONST_OR_OFFSET	immediate/field/stack offset present
dbmw	_ZN6CMySql4openEPKcS1_S1_S1_	DIFF	191	N			N	Y	source/DNFServer/GameServer/DBMW/DNFMySql.cpp	3	CONST_OR_OFFSET	immediate/field/stack offset present
dbmw	_ZN6CMySql4openEPKcjS1_S1_S1_	DIFF	195	N			N	Y	source/DNFServer/GameServer/DBMW/DNFMySql.h	3	CONST_OR_OFFSET	immediate/field/stack offset present
guild	_ZN11CGuildBoard18sendGuildBoardDataEjjjP5CUser	DIFF	688	N			N	N		0	NEEDS_REVERSE	source location missing from md
guild	_ZN11CGuildBoard27sendMessageToDBMW_GuildFundEP14CServerHandleriP5CUser	DIFF	435	N			Y	Y	source/DNFServer/GameServer/Guild/GuildBoard.cpp	0	EH_OR_CLEANUP	exception/cleanup pattern present
guild	_ZN11CGuildBoard30sendMessageToDBMW_GuildLevelUPEP14CServerHandleriP5CUser	DIFF	319	N			Y	N		0	NEEDS_REVERSE	source location missing from md
guild	_ZN11CGuildBoard37sendMessageToDBMW_GuildMasterChangingEP14CServerHandlerP5CUserPKc	DIFF	249	N			Y	N		0	NEEDS_REVERSE	source location missing from md
guild	_ZN11CGuildCargo10DeleteItemER11DnfItemInfoiihii	NEAR	332	Y			N	Y	source/DNFServer/GameServer/Guild/GuildCargo.cpp	5	CODEGEN_TAIL	same mnemonic sequence; operand/codegen tail
guild	_ZN11CGuildCargo13InsertHistoryE25ENUM_GUILD_CARGO_BEHAVIORiPKciiPK12RandomOption	NEAR	164	Y			N	N		5	NEEDS_REVERSE	source location missing from md
guild	_ZN11CGuildCargo14SendGuildCargoEP5CUser	DIFF	68	N			N	Y	source/DNFServer/GameServer/Guild/GuildCargo.cpp	6	CONST_OR_OFFSET	immediate/field/stack offset present
guild	_ZN11CGuildCargo16PrintDnfItemInfoER11DnfItemInfo	DIFF	144	N			N	Y	source/DNFServer/GameServer/Guild/GuildCargo.cpp	4	CONST_OR_OFFSET	immediate/field/stack offset present
guild	_ZN11CGuildCargo20SendGuildCargoToDBMWEP14CServerHandleri	DIFF	76	N			N	Y	source/DNFServer/GameServer/Guild/GuildCargo.cpp	5	CONST_OR_OFFSET	immediate/field/stack offset present
guild	_ZN11CGuildCargo20SetGuildCargoHistoryEjP15STGuildCargoLog	DIFF	62	N			N	Y	source/DNFServer/GameServer/Guild/GuildCargo.cpp	8	CONST_OR_OFFSET	immediate/field/stack offset present
guild	_ZN11CTcpHandlerC1Ev	DIFF	65	N			Y	Y	source/DNFServer/GameServer/Guild/DNFTcpHandler.cpp	4	EH_OR_CLEANUP	exception/cleanup pattern present
guild	_ZN11CTcpHandlerC2Ev	DIFF	65	N			Y	Y	source/DNFServer/GameServer/Guild/DNFTcpHandler.cpp	4	EH_OR_CLEANUP	exception/cleanup pattern present
guild	_ZN11CUdpHandler16InitServerSocketEi	DIFF	223	N			N	Y	source/DNFServer/GameServer/Guild/DNFUdpHandler.cpp	0	CONST_OR_OFFSET	immediate/field/stack offset present
guild	_ZN12CApplication15TranslateSignalEv	DIFF	604	N			Y	Y	source/DNFServer/GameServer/Guild/DNFApplication.cpp	0	EH_OR_CLEANUP	exception/cleanup pattern present
guild	_ZN12CApplication4LoadEiPPc	DIFF	1058	N			Y	Y	source/DNFServer/GameServer/Guild/DNFApplication.cpp	4	EH_OR_CLEANUP	exception/cleanup pattern present
guild	_ZN12CApplication7ProcessEv	DIFF	319	N			Y	Y	source/DNFServer/GameServer/Guild/DNFApplication.cpp	4	EH_OR_CLEANUP	exception/cleanup pattern present
guild	_ZN12CUserManager10DeleteUserEj	DIFF	164	N			N	Y	source/DNFServer/GameServer/Guild/DNFUserManager.cpp	0	CONST_OR_OFFSET	immediate/field/stack offset present
guild	_ZN12CUserManager17DeleteUser_CharNoEj	NEAR	118	Y			N	Y	source/DNFServer/GameServer/Guild/DNFUserManager.cpp	5	CODEGEN_TAIL	same mnemonic sequence; operand/codegen tail
guild	_ZN12CUserManager17InsertUser_CharNoEjP5CUser	DIFF	138	N			N	Y	source/DNFServer/GameServer/Guild/DNFUserManager.cpp	0	CONST_OR_OFFSET	immediate/field/stack offset present
guild	_ZN12CUserManager19InsertUser_CharNameEPcP5CUser	DIFF	138	N			Y	Y	source/DNFServer/GameServer/Guild/DNFUserManager.cpp	0	EH_OR_CLEANUP	exception/cleanup pattern present
guild	_ZN12CUserManager27DeleteUsersOnGameServerDownEP11CGameServer	DIFF	405	N			N	Y	source/DNFServer/GameServer/Guild/DNFUserManager.cpp	0	CONST_OR_OFFSET	immediate/field/stack offset present
guild	_ZN12CUserManager30DeleteUsersOnTcpGameServerDownEP14CTcpGameServer	DIFF	405	N			N	Y	source/DNFServer/GameServer/Guild/DNFUserManager.cpp	0	CONST_OR_OFFSET	immediate/field/stack offset present
guild	_ZN13CAppStartInit4InitEP12CApplicationiPPc	DIFF	372	N			Y	Y	source/DNFServer/GameServer/Guild/DNFAppStartInit.cpp	4	EH_OR_CLEANUP	exception/cleanup pattern present
guild	_ZN13CGuildManager13GuildMemLoginEjP5CUser	DIFF	665	N			Y	Y	source/DNFServer/GameServer/Guild/DNFGuildManager.cpp	0	EH_OR_CLEANUP	exception/cleanup pattern present
guild	_ZN13CGuildManager14DBGuildProcessEP14CServerHandlerb	DIFF	212	N			N	Y	source/DNFServer/GameServer/Guild/DNFGuildManager.cpp	0	CONST_OR_OFFSET	immediate/field/stack offset present
guild	_ZN13CGuildManager14GuildMemLogoutEjP5CUser	DIFF	510	N			Y	Y	source/DNFServer/GameServer/Guild/DNFGuildManager.cpp	0	EH_OR_CLEANUP	exception/cleanup pattern present
guild	_ZN13CGuildManager16GetAttendanceExpEji	NEAR	122	Y			N	Y	source/DNFServer/GameServer/Guild/DNFGuildManager.cpp	0	CODEGEN_TAIL	same mnemonic sequence; operand/codegen tail
guild	_ZN13CGuildManager17GetAttendanceInfoEjR16STAttendanceInfo	DIFF	216	N			N	Y	source/DNFServer/GameServer/Guild/DNFGuildManager.cpp	0	CONST_OR_OFFSET	immediate/field/stack offset present
guild	_ZN13CPowerManager18SaveDBPowerWarRankEv	DIFF	766	N			Y	Y	source/DNFServer/GameServer/Guild/PowerManager.cpp	0	EH_OR_CLEANUP	exception/cleanup pattern present
guild	_ZN13CPowerManager23SendPowerWarProcessInfoEj	DIFF	308	N			N	Y	source/DNFServer/GameServer/Guild/PowerManager.cpp	0	CONST_OR_OFFSET	immediate/field/stack offset present
guild	_ZN13CPowerManager34SendPowerWarEndInfoInSpecificPowerEc	DIFF	463	N			N	Y	source/DNFServer/GameServer/Guild/PowerManager.cpp	0	CONST_OR_OFFSET	immediate/field/stack offset present
guild	_ZN13CTcpNetSystem10SendPacketEv	NEAR	418	Y			Y	Y	source/DNFServer/GameServer/Guild/TcpNetSystem.cpp	0	EH_OR_CLEANUP	exception/cleanup pattern present
guild	_ZN13np_server_xml10CServerXml9StrPunishEiPKcNS_12_eStringTypeE	DIFF	385	N			Y	N		0	NEEDS_REVERSE	source location missing from md
guild	_ZN14CPacketDecoder10TcpProcessEv	DIFF	494	N			Y	Y	source/DNFServer/GameServer/Guild/DNFPacketDecoder.cpp	0	EH_OR_CLEANUP	exception/cleanup pattern present
guild	_ZN14CPacketDecoder10UdpProcessEv	DIFF	494	N			Y	Y	source/DNFServer/GameServer/Guild/DNFPacketDecoder.cpp	0	EH_OR_CLEANUP	exception/cleanup pattern present
guild	_ZN14CPacketDecoder9MsgDecodeEP12PacketHeader	DIFF	259	N			Y	Y	source/DNFServer/GameServer/Guild/DNFPacketDecoder.cpp	4	EH_OR_CLEANUP	exception/cleanup pattern present
guild	_ZN14CPacketDecoderC1Ev	DIFF	504	N			N	Y	source/DNFServer/GameServer/Guild/DNFPacketDecoder.cpp	4	CONST_OR_OFFSET	immediate/field/stack offset present
guild	_ZN14CPacketDecoderC2Ev	DIFF	504	N			N	Y	source/DNFServer/GameServer/Guild/DNFPacketDecoder.cpp	4	CONST_OR_OFFSET	immediate/field/stack offset present
guild	_ZN14CServerHandler7ProcessEv	DIFF	505	N			N	Y	source/DNFServer/GameServer/Guild/DNFServerHandler.cpp	0	CONST_OR_OFFSET	immediate/field/stack offset present
guild	_ZN17CPacketTranslater12OnGuildCargoEP12PacketHeader	DIFF	484	N			Y	Y	source/DNFServer/GameServer/Guild/DNFPacketTranslater.cpp	0	EH_OR_CLEANUP	exception/cleanup pattern present
guild	_ZN17CPacketTranslater15OnCallGuildInfoEP12PacketHeader	DIFF	544	N			Y	Y	source/DNFServer/GameServer/Guild/DNFPacketTranslater.cpp	0	EH_OR_CLEANUP	exception/cleanup pattern present
guild	_ZN17CPacketTranslater15OnDBMWGuildJoinEP12PacketHeader	DIFF	480	N			Y	Y	source/DNFServer/GameServer/Guild/DNFPacketTranslater.cpp	0	EH_OR_CLEANUP	exception/cleanup pattern present
guild	_ZN17CPacketTranslater15OnReplyUserInfoEP12PacketHeader	DIFF	781	N			Y	Y	source/DNFServer/GameServer/Guild/DNFPacketTranslater.cpp	0	EH_OR_CLEANUP	exception/cleanup pattern present
guild	_ZN17CPacketTranslater16OnChangeCharNameEP12PacketHeader	DIFF	485	N			Y	Y	source/DNFServer/GameServer/Guild/DNFPacketTranslater.cpp	0	EH_OR_CLEANUP	exception/cleanup pattern present
guild	_ZN17CPacketTranslater17OnCallGuildInviteEP12PacketHeader	DIFF	1144	N			Y	Y	source/DNFServer/GameServer/Guild/DNFPacketTranslater.cpp	0	EH_OR_CLEANUP	exception/cleanup pattern present
guild	_ZN17CPacketTranslater17OnChangeGuildNameEP12PacketHeader	DIFF	543	N			Y	Y	source/DNFServer/GameServer/Guild/DNFPacketTranslater.cpp	0	EH_OR_CLEANUP	exception/cleanup pattern present
guild	_ZN17CPacketTranslater17OnCharacterDeleteEP12PacketHeader	DIFF	425	N			Y	Y	source/DNFServer/GameServer/Guild/DNFPacketTranslater.cpp	0	EH_OR_CLEANUP	exception/cleanup pattern present
guild	_ZN17CPacketTranslater17OnCreateGuildAgitEP12PacketHeader	DIFF	400	N			Y	Y	source/DNFServer/GameServer/Guild/DNFPacketTranslater.cpp	0	EH_OR_CLEANUP	exception/cleanup pattern present
guild	_ZN17CPacketTranslater17OnDBLoadGuildAgitEP12PacketHeader	DIFF	239	N			Y	Y	source/DNFServer/GameServer/Guild/DNFPacketTranslater.cpp	0	EH_OR_CLEANUP	exception/cleanup pattern present
guild	_ZN17CPacketTranslater17OnDeleteGuildAgitEP12PacketHeader	DIFF	473	N			Y	Y	source/DNFServer/GameServer/Guild/DNFPacketTranslater.cpp	0	EH_OR_CLEANUP	exception/cleanup pattern present
guild	_ZN17CPacketTranslater17OnPacketJoinPowerEP12PacketHeader	DIFF	492	N			Y	Y	source/DNFServer/GameServer/Guild/DNFPacketTranslater.cpp	0	EH_OR_CLEANUP	exception/cleanup pattern present
guild	_ZN17CPacketTranslater17OnReplyQueryGuildEP12PacketHeader	DIFF	368	N			Y	Y	source/DNFServer/GameServer/Guild/DNFPacketTranslater.cpp	0	EH_OR_CLEANUP	exception/cleanup pattern present
guild	_ZN17CPacketTranslater18OnApproveJoinGuildEP12PacketHeader	DIFF	324	N			Y	Y	source/DNFServer/GameServer/Guild/DNFPacketTranslater.cpp	0	EH_OR_CLEANUP	exception/cleanup pattern present
guild	_ZN17CPacketTranslater18OnCallGuildLevelUpEP12PacketHeader	DIFF	657	N			Y	Y	source/DNFServer/GameServer/Guild/DNFPacketTranslater.cpp	0	EH_OR_CLEANUP	exception/cleanup pattern present
guild	_ZN17CPacketTranslater18OnCallGuildMembersEP12PacketHeader	DIFF	777	N			Y	Y	source/DNFServer/GameServer/Guild/DNFPacketTranslater.cpp	0	EH_OR_CLEANUP	exception/cleanup pattern present
guild	_ZN17CPacketTranslater18OnGameServerRegistEP12PacketHeader	DIFF	304	N			N	Y	source/DNFServer/GameServer/Guild/DNFPacketTranslater.cpp	0	CONST_OR_OFFSET	immediate/field/stack offset present
guild	_ZN17CPacketTranslater18OnIncreaseGuildExpEP12PacketHeader	DIFF	781	N			Y	Y	source/DNFServer/GameServer/Guild/DNFPacketTranslater.cpp	0	EH_OR_CLEANUP	exception/cleanup pattern present
guild	_ZN17CPacketTranslater18OnInnerPacketLoginEP12PacketHeader	DIFF	316	N			Y	Y	source/DNFServer/GameServer/Guild/DNFPacketTranslater.cpp	0	EH_OR_CLEANUP	exception/cleanup pattern present
guild	_ZN17CPacketTranslater18OnNoticeGuildEnterEP12PacketHeader	DIFF	406	N			Y	Y	source/DNFServer/GameServer/Guild/DNFPacketTranslater.cpp	0	EH_OR_CLEANUP	exception/cleanup pattern present
guild	_ZN17CPacketTranslater18OnRefreshGuildInfoEP12PacketHeader	DIFF	268	N			Y	Y	source/DNFServer/GameServer/Guild/DNFPacketTranslater.cpp	0	EH_OR_CLEANUP	exception/cleanup pattern present
guild	_ZN17CPacketTranslater18OnReplyGuildInviteEP12PacketHeader	DIFF	914	N			Y	Y	source/DNFServer/GameServer/Guild/DNFPacketTranslater.cpp	0	EH_OR_CLEANUP	exception/cleanup pattern present
guild	_ZN17CPacketTranslater18OnRequestBlackListEP12PacketHeader	DIFF	260	N			Y	Y	source/DNFServer/GameServer/Guild/DNFPacketTranslater.cpp	0	EH_OR_CLEANUP	exception/cleanup pattern present
guild	_ZN17CPacketTranslater18OnUpgradeGuildAgitEP12PacketHeader	DIFF	400	N			Y	Y	source/DNFServer/GameServer/Guild/DNFPacketTranslater.cpp	0	EH_OR_CLEANUP	exception/cleanup pattern present
guild	_ZN17CPacketTranslater19OnDBCreateGuildAgitEP12PacketHeader	DIFF	364	N			Y	Y	source/DNFServer/GameServer/Guild/DNFPacketTranslater.cpp	0	EH_OR_CLEANUP	exception/cleanup pattern present
guild	_ZN17CPacketTranslater19OnDBDeleteGuildAgitEP12PacketHeader	DIFF	304	N			Y	Y	source/DNFServer/GameServer/Guild/DNFPacketTranslater.cpp	0	EH_OR_CLEANUP	exception/cleanup pattern present
guild	_ZN17CPacketTranslater19OnDeleteToBlackListEP12PacketHeader	DIFF	357	N			Y	Y	source/DNFServer/GameServer/Guild/DNFPacketTranslater.cpp	0	EH_OR_CLEANUP	exception/cleanup pattern present
guild	_ZN17CPacketTranslater19OnGuildCargoHistoryEP12PacketHeader	DIFF	408	N			Y	Y	source/DNFServer/GameServer/Guild/DNFPacketTranslater.cpp	0	EH_OR_CLEANUP	exception/cleanup pattern present
guild	_ZN17CPacketTranslater19OnGuildCargoPopItemEP12PacketHeader	DIFF	851	N			Y	Y	source/DNFServer/GameServer/Guild/DNFPacketTranslater.cpp	0	EH_OR_CLEANUP	exception/cleanup pattern present
guild	_ZN17CPacketTranslater19OnGuildCargoUpgradeEP12PacketHeader	DIFF	660	N			Y	Y	source/DNFServer/GameServer/Guild/DNFPacketTranslater.cpp	0	EH_OR_CLEANUP	exception/cleanup pattern present
guild	_ZN17CPacketTranslater19OnNoticeGuildCreateEP12PacketHeader	DIFF	567	N			Y	Y	source/DNFServer/GameServer/Guild/DNFPacketTranslater.cpp	0	EH_OR_CLEANUP	exception/cleanup pattern present
guild	_ZN17CPacketTranslater19OnNoticeGuildSecedeEP12PacketHeader	DIFF	494	N			Y	Y	source/DNFServer/GameServer/Guild/DNFPacketTranslater.cpp	0	EH_OR_CLEANUP	exception/cleanup pattern present
guild	_ZN17CPacketTranslater19OnNoticeGuildWarEndEP12PacketHeader	DIFF	687	N			Y	Y	source/DNFServer/GameServer/Guild/DNFPacketTranslater.cpp	0	EH_OR_CLEANUP	exception/cleanup pattern present
guild	_ZN17CPacketTranslater19OnPacketSecedePowerEP12PacketHeader	DIFF	596	N			Y	Y	source/DNFServer/GameServer/Guild/DNFPacketTranslater.cpp	0	EH_OR_CLEANUP	exception/cleanup pattern present
guild	_ZN17CPacketTranslater20OnDBReplyGuildCreateEP12PacketHeader	DIFF	580	N			Y	Y	source/DNFServer/GameServer/Guild/DNFPacketTranslater.cpp	0	EH_OR_CLEANUP	exception/cleanup pattern present
guild	_ZN17CPacketTranslater20OnDBReplyGuildSecedeEP12PacketHeader	DIFF	858	N			Y	Y	source/DNFServer/GameServer/Guild/DNFPacketTranslater.cpp	0	EH_OR_CLEANUP	exception/cleanup pattern present
guild	_ZN17CPacketTranslater20OnDBUpgradeGuildAgitEP12PacketHeader	DIFF	287	N			Y	Y	source/DNFServer/GameServer/Guild/DNFPacketTranslater.cpp	0	EH_OR_CLEANUP	exception/cleanup pattern present
guild	_ZN17CPacketTranslater20OnGuildCargoMoveItemEP12PacketHeader	DIFF	718	N			Y	Y	source/DNFServer/GameServer/Guild/DNFPacketTranslater.cpp	0	EH_OR_CLEANUP	exception/cleanup pattern present
guild	_ZN17CPacketTranslater20OnGuildCargoPushItemEP12PacketHeader	DIFF	877	N			Y	Y	source/DNFServer/GameServer/Guild/DNFPacketTranslater.cpp	0	EH_OR_CLEANUP	exception/cleanup pattern present
guild	_ZN17CPacketTranslater20OnNoticeGuildChatMsgEP12PacketHeader	DIFF	552	N			Y	Y	source/DNFServer/GameServer/Guild/DNFPacketTranslater.cpp	0	EH_OR_CLEANUP	exception/cleanup pattern present
guild	_ZN17CPacketTranslater20OnNoticeGuildDismissEP12PacketHeader	DIFF	427	N			Y	Y	source/DNFServer/GameServer/Guild/DNFPacketTranslater.cpp	0	EH_OR_CLEANUP	exception/cleanup pattern present
guild	_ZN17CPacketTranslater20OnRequestGuildCreateEP12PacketHeader	DIFF	450	N			Y	Y	source/DNFServer/GameServer/Guild/DNFPacketTranslater.cpp	0	EH_OR_CLEANUP	exception/cleanup pattern present
guild	_ZN17CPacketTranslater20OnRequestGuildSecedeEP12PacketHeader	DIFF	820	N			Y	Y	source/DNFServer/GameServer/Guild/DNFPacketTranslater.cpp	0	EH_OR_CLEANUP	exception/cleanup pattern present
guild	_ZN17CPacketTranslater20OnWebGuildBoardWriteEP12PacketHeader	DIFF	292	N			Y	Y	source/DNFServer/GameServer/Guild/DNFPacketTranslater.cpp	0	EH_OR_CLEANUP	exception/cleanup pattern present
guild	_ZN17CPacketTranslater21OnCallGuildAllMembersEP12PacketHeader	DIFF	783	N			Y	Y	source/DNFServer/GameServer/Guild/DNFPacketTranslater.cpp	0	EH_OR_CLEANUP	exception/cleanup pattern present
guild	_ZN17CPacketTranslater21OnChangePowerWarPointEP12PacketHeader	DIFF	637	N			Y	Y	source/DNFServer/GameServer/Guild/DNFPacketTranslater.cpp	0	EH_OR_CLEANUP	exception/cleanup pattern present
guild	_ZN17CPacketTranslater21OnGuildAttendanceInfoEP12PacketHeader	DIFF	321	N			Y	Y	source/DNFServer/GameServer/Guild/DNFPacketTranslater.cpp	0	EH_OR_CLEANUP	exception/cleanup pattern present
guild	_ZN17CPacketTranslater21OnRegisterToBlackListEP12PacketHeader	DIFF	404	N			Y	Y	source/DNFServer/GameServer/Guild/DNFPacketTranslater.cpp	0	EH_OR_CLEANUP	exception/cleanup pattern present
guild	_ZN17CPacketTranslater21OnSetGuildMemberGradeEP12PacketHeader	DIFF	1030	N			Y	Y	source/DNFServer/GameServer/Guild/DNFPacketTranslater.cpp	0	EH_OR_CLEANUP	exception/cleanup pattern present
guild	_ZN17CPacketTranslater21OnWebGuildBoardDeleteEP12PacketHeader	DIFF	293	N			Y	Y	source/DNFServer/GameServer/Guild/DNFPacketTranslater.cpp	0	EH_OR_CLEANUP	exception/cleanup pattern present
guild	_ZN17CPacketTranslater22OnNotifyMessageToGuildEP12PacketHeader	NEAR	272	Y			Y	Y	source/DNFServer/GameServer/Guild/DNFPacketTranslater.cpp	0	EH_OR_CLEANUP	exception/cleanup pattern present
guild	_ZN17CPacketTranslater22OnWriteGuildMemberMemoEP12PacketHeader	DIFF	360	N			Y	Y	source/DNFServer/GameServer/Guild/DNFPacketTranslater.cpp	0	EH_OR_CLEANUP	exception/cleanup pattern present
guild	_ZN17CPacketTranslater23OnDBMWDeleteToBlackListEP12PacketHeader	DIFF	325	N			Y	Y	source/DNFServer/GameServer/Guild/DNFPacketTranslater.cpp	0	EH_OR_CLEANUP	exception/cleanup pattern present
guild	_ZN17CPacketTranslater23OnNoticeGuildMailArriveEP12PacketHeader	DIFF	325	N			Y	Y	source/DNFServer/GameServer/Guild/DNFPacketTranslater.cpp	0	EH_OR_CLEANUP	exception/cleanup pattern present
guild	_ZN17CPacketTranslater23OnNoticeGuildMarkChangeEP12PacketHeader	DIFF	376	N			Y	Y	source/DNFServer/GameServer/Guild/DNFPacketTranslater.cpp	0	EH_OR_CLEANUP	exception/cleanup pattern present
guild	_ZN17CPacketTranslater24OnChangeGuildNameFromWebEP12PacketHeader	DIFF	320	N			Y	Y	source/DNFServer/GameServer/Guild/DNFPacketTranslater.cpp	0	EH_OR_CLEANUP	exception/cleanup pattern present
guild	_ZN17CPacketTranslater24OnDBReplyGuildAllMembersEP12PacketHeader	DIFF	720	N			Y	Y	source/DNFServer/GameServer/Guild/DNFPacketTranslater.cpp	0	EH_OR_CLEANUP	exception/cleanup pattern present
guild	_ZN17CPacketTranslater24OnMonitorSendGuildLetterEP12PacketHeader	DIFF	793	N			Y	Y	source/DNFServer/GameServer/Guild/DNFPacketTranslater.cpp	0	EH_OR_CLEANUP	exception/cleanup pattern present
guild	_ZN17CPacketTranslater25OnDBMWResisterToBlackListEP12PacketHeader	DIFF	377	N			Y	Y	source/DNFServer/GameServer/Guild/DNFPacketTranslater.cpp	0	EH_OR_CLEANUP	exception/cleanup pattern present
guild	_ZN17CPacketTranslater25OnDBReplyQueryGuildMemberEP12PacketHeader	DIFF	376	N			Y	Y	source/DNFServer/GameServer/Guild/DNFPacketTranslater.cpp	0	EH_OR_CLEANUP	exception/cleanup pattern present
guild	_ZN17CPacketTranslater25OnGuildCargoCheckPushItemEP12PacketHeader	DIFF	632	N			Y	Y	source/DNFServer/GameServer/Guild/DNFPacketTranslater.cpp	0	EH_OR_CLEANUP	exception/cleanup pattern present
guild	_ZN17CPacketTranslater25OnUpdateChangableCharInfoEP12PacketHeader	DIFF	333	N			Y	Y	source/DNFServer/GameServer/Guild/DNFPacketTranslater.cpp	0	EH_OR_CLEANUP	exception/cleanup pattern present
guild	_ZN17CPacketTranslater26OnDBMWReplySendGuildLetterEP12PacketHeader	DIFF	525	N			Y	Y	source/DNFServer/GameServer/Guild/DNFPacketTranslater.cpp	0	EH_OR_CLEANUP	exception/cleanup pattern present
guild	_ZN17CPacketTranslater26OnDBReplyUnconnGuildMemberEP12PacketHeader	DIFF	624	N			Y	Y	source/DNFServer/GameServer/Guild/DNFPacketTranslater.cpp	0	EH_OR_CLEANUP	exception/cleanup pattern present
guild	_ZN17CPacketTranslater27OnDBLoadReplyGuildBoardOpenEP12PacketHeader	DIFF	359	N			Y	Y	source/DNFServer/GameServer/Guild/DNFPacketTranslater.cpp	0	EH_OR_CLEANUP	exception/cleanup pattern present
guild	_ZN17CPacketTranslater27OnNoticeGuildWarPointChangeEP12PacketHeader	DIFF	339	N			Y	Y	source/DNFServer/GameServer/Guild/DNFPacketTranslater.cpp	0	EH_OR_CLEANUP	exception/cleanup pattern present
guild	_ZN17CPacketTranslater28OnDBLoadReplyGuildBoardWriteEP12PacketHeader	DIFF	401	N			Y	Y	source/DNFServer/GameServer/Guild/DNFPacketTranslater.cpp	0	EH_OR_CLEANUP	exception/cleanup pattern present
guild	_ZN17CPacketTranslater28OnDBReplyGuildMasterDelegateEP12PacketHeader	DIFF	840	N			Y	Y	source/DNFServer/GameServer/Guild/DNFPacketTranslater.cpp	0	EH_OR_CLEANUP	exception/cleanup pattern present
guild	_ZN17CPacketTranslater28OnDBResponseApproveJoinGuildEP12PacketHeader	DIFF	370	N			Y	Y	source/DNFServer/GameServer/Guild/DNFPacketTranslater.cpp	0	EH_OR_CLEANUP	exception/cleanup pattern present
guild	_ZN17CPacketTranslater28OnGuildMasterDelegateFromWebEP12PacketHeader	DIFF	840	N			Y	Y	source/DNFServer/GameServer/Guild/DNFPacketTranslater.cpp	0	EH_OR_CLEANUP	exception/cleanup pattern present
guild	_ZN17CPacketTranslater28OnGuildRequestGuildBoardOpenEP12PacketHeader	DIFF	570	N			Y	Y	source/DNFServer/GameServer/Guild/DNFPacketTranslater.cpp	0	EH_OR_CLEANUP	exception/cleanup pattern present
guild	_ZN17CPacketTranslater28OnRequestGuildMasterDelegateEP12PacketHeader	DIFF	873	N			Y	Y	source/DNFServer/GameServer/Guild/DNFPacketTranslater.cpp	0	EH_OR_CLEANUP	exception/cleanup pattern present
guild	_ZN17CPacketTranslater28OnSetGuildMemberGradeFromWebEP12PacketHeader	DIFF	877	N			Y	Y	source/DNFServer/GameServer/Guild/DNFPacketTranslater.cpp	0	EH_OR_CLEANUP	exception/cleanup pattern present
guild	_ZN17CPacketTranslater29OnDBLoadReplyGuildBoardDeleteEP12PacketHeader	DIFF	357	N			Y	Y	source/DNFServer/GameServer/Guild/DNFPacketTranslater.cpp	0	EH_OR_CLEANUP	exception/cleanup pattern present
guild	_ZN17CPacketTranslater29OnGuildApplyOriginalPowerSideEP12PacketHeader	DIFF	448	N			Y	Y	source/DNFServer/GameServer/Guild/DNFPacketTranslater.cpp	0	EH_OR_CLEANUP	exception/cleanup pattern present
guild	_ZN17CPacketTranslater29OnGuildRequestGuildBoardWriteEP12PacketHeader	DIFF	344	N			Y	Y	source/DNFServer/GameServer/Guild/DNFPacketTranslater.cpp	0	EH_OR_CLEANUP	exception/cleanup pattern present
guild	_ZN17CPacketTranslater29OnNoticeGuildChatMsgHyperLinkEP12PacketHeader	DIFF	570	N			Y	Y	source/DNFServer/GameServer/Guild/DNFPacketTranslater.cpp	0	EH_OR_CLEANUP	exception/cleanup pattern present
guild	_ZN17CPacketTranslater30OnDBMWResponseBlackListOnLoginEP12PacketHeader	DIFF	340	N			Y	Y	source/DNFServer/GameServer/Guild/DNFPacketTranslater.cpp	0	EH_OR_CLEANUP	exception/cleanup pattern present
guild	_ZN17CPacketTranslater30OnGuildRequestGuildBoardDeleteEP12PacketHeader	DIFF	294	N			Y	Y	source/DNFServer/GameServer/Guild/DNFPacketTranslater.cpp	0	EH_OR_CLEANUP	exception/cleanup pattern present
guild	_ZN17CPacketTranslater31OnDBLoadReplyWebGuildBoardWriteEP12PacketHeader	DIFF	270	N			Y	Y	source/DNFServer/GameServer/Guild/DNFPacketTranslater.cpp	0	EH_OR_CLEANUP	exception/cleanup pattern present
guild	_ZN17CPacketTranslater31OnInCreaseDecreasePowerWarPointEP12PacketHeader	DIFF	310	N			Y	Y	source/DNFServer/GameServer/Guild/DNFPacketTranslater.cpp	0	EH_OR_CLEANUP	exception/cleanup pattern present
guild	_ZN17CPacketTranslater35OnCheckGuildMemberConnectionFromWebEP12PacketHeader	DIFF	893	N			Y	Y	source/DNFServer/GameServer/Guild/DNFPacketTranslater.cpp	0	EH_OR_CLEANUP	exception/cleanup pattern present
guild	_ZN17CPacketTranslater39OnDBMWChangeUnconnectedGuildMemberGradeEP12PacketHeader	DIFF	563	N			Y	Y	source/DNFServer/GameServer/Guild/DNFPacketTranslater.cpp	0	EH_OR_CLEANUP	exception/cleanup pattern present
guild	_ZN17CPacketTranslater7OnLoginEP12PacketHeader	DIFF	493	N			Y	Y	source/DNFServer/GameServer/Guild/DNFPacketTranslater.cpp	2	EH_OR_CLEANUP	exception/cleanup pattern present
guild	_ZN17CPacketTranslater8OnLogoutEP12PacketHeader	DIFF	564	N			Y	Y	source/DNFServer/GameServer/Guild/DNFPacketTranslater.cpp	0	EH_OR_CLEANUP	exception/cleanup pattern present
guild	_ZN17CPacketTranslater9GuildJoinEP6CGuildP15STGuildJoinInfoj	DIFF	265	N			N	Y	source/DNFServer/GameServer/Guild/DNFPacketTranslater.cpp	0	CONST_OR_OFFSET	immediate/field/stack offset present
guild	_ZN17CPacketTranslater9GuildJoinEP6CGuildP5CUserj	DIFF	307	N			N	Y	source/DNFServer/GameServer/Guild/DNFPacketTranslater.cpp	0	CONST_OR_OFFSET	immediate/field/stack offset present
guild	_ZN17CTcpNetworkThread8dispatchEPv	DIFF	661	N			Y	Y	source/DNFServer/GameServer/Guild/DNFTcpNetworkThread.cpp	0	EH_OR_CLEANUP	exception/cleanup pattern present
guild	_ZN17CUdpNetworkThread8dispatchEPv	DIFF	1052	N			Y	Y	source/DNFServer/GameServer/Guild/DNFNetworkThread.cpp	0	EH_OR_CLEANUP	exception/cleanup pattern present
guild	_ZN18CFrameCountHandler11SaveProcessEi	NEAR	86	Y			N	Y	source/DNFServer/GameServer/Guild/DNFTickHandler.cpp	6	CODEGEN_TAIL	same mnemonic sequence; operand/codegen tail
guild	_ZN18CFrameCountHandler11SaveProcessEv	NEAR	82	Y			N	Y	source/DNFServer/GameServer/Guild/DNFTickHandler.cpp	6	CODEGEN_TAIL	same mnemonic sequence; operand/codegen tail
guild	_ZN18CFrameCountHandler17GetFrameCountInfoEv	DIFF	562	N			Y	Y	source/DNFServer/GameServer/Guild/DNFTickHandler.cpp	0	EH_OR_CLEANUP	exception/cleanup pattern present
guild	_ZN18CFrameCountHandler18InitFrameCountInfoEP12CApplicationjt	NEAR	204	Y			Y	N		5	NEEDS_REVERSE	source location missing from md
guild	_ZN18CMemoryCashManager34InsertCashMemorySetCharacterObjectEP5CUser	DIFF	182	N			Y	Y	source/DNFServer/GameServer/Guild/MemoryCashManager.cpp	0	EH_OR_CLEANUP	exception/cleanup pattern present
guild	_ZN18CPowerWarGuildInfo14PrintDebugInfoEv	NEAR	206	Y			N	Y	source/DNFServer/GameServer/Guild/PowerWarGuildInfo.cpp	0	CODEGEN_TAIL	same mnemonic sequence; operand/codegen tail
guild	_ZN18CPowerWarGuildInfo24RewardGuildPowerWarPointER13CGuildManagerbiiii	DIFF	346	N			N	N		0	NEEDS_REVERSE	source location missing from md
guild	_ZN18CPowerWarGuildInfo25MakePacketDBPowerWarPointEP37Packet_DB_Save_Power_War_Point_Reward	DIFF	229	N			N	Y	source/DNFServer/GameServer/Guild/PowerWarGuildInfo.cpp	0	CONST_OR_OFFSET	immediate/field/stack offset present
guild	_ZN19CPowerWarCharacInfo14PrintDebugInfoEv	NEAR	186	Y			N	Y	source/DNFServer/GameServer/Guild/PowerWarCharacInfo.cpp	6	CODEGEN_TAIL	same mnemonic sequence; operand/codegen tail
guild	_ZN5CPeer11recv_packetEv	DIFF	242	N			N	Y	source/DNFServer/GameServer/Guild/Peer.cpp	0	CONST_OR_OFFSET	immediate/field/stack offset present
guild	_ZN5CPeer11send_packetEPci	NEAR	270	Y			N	Y	source/DNFServer/GameServer/Guild/Peer.cpp	0	CODEGEN_TAIL	same mnemonic sequence; operand/codegen tail
guild	_ZN5CPeer11send_packetEv	DIFF	302	N			N	Y	source/DNFServer/GameServer/Guild/Peer.cpp	0	CONST_OR_OFFSET	immediate/field/stack offset present
guild	_ZN5CPeer7parsingEi	DIFF	567	N			Y	Y	source/DNFServer/GameServer/Guild/Peer.cpp	0	EH_OR_CLEANUP	exception/cleanup pattern present
guild	_ZN5CUser17SendTcpGameserverEP12PacketHeader	DIFF	88	N			N	Y	source/DNFServer/GameServer/Guild/DNFUser.cpp	0	CONST_OR_OFFSET	immediate/field/stack offset present
guild	_ZN5CUser18GuildInviteProcessEv	DIFF	76	N			N	Y	source/DNFServer/GameServer/Guild/DNFUser.cpp	11	CONST_OR_OFFSET	immediate/field/stack offset present
guild	_ZN5CUser19AddGuildMemberPointEj	DIFF	53	N			N	Y	source/DNFServer/GameServer/Guild/DNFUser.cpp	0	CONST_OR_OFFSET	immediate/field/stack offset present
guild	_ZN6CGuild12AddGuildFundEj	NEAR	206	Y			N	Y	source/DNFServer/GameServer/Guild/DNFGuild.cpp	0	CODEGEN_TAIL	same mnemonic sequence; operand/codegen tail
guild	_ZN6CGuild12GuildLevelUpEP14CServerHandlerP5CUser	DIFF	351	N			N	Y	source/DNFServer/GameServer/Guild/DNFGuild.cpp	0	CONST_OR_OFFSET	immediate/field/stack offset present
guild	_ZN6CGuild13BuyGuildSkillEiisj	DIFF	430	N			N	Y	source/DNFServer/GameServer/Guild/DNFGuild.cpp	0	CONST_OR_OFFSET	immediate/field/stack offset present
guild	_ZN6CGuild14AddGuildMemberER21ST_Notice_Guild_EnterP5CUser	DIFF	226	N			N	Y	source/DNFServer/GameServer/Guild/DNFGuild.cpp	0	CONST_OR_OFFSET	immediate/field/stack offset present
guild	_ZN6CGuild17ChangeGuildMasterEP14CServerHandlerP5CUserj	DIFF	207	N			N	Y	source/DNFServer/GameServer/Guild/DNFGuild.cpp	0	CONST_OR_OFFSET	immediate/field/stack offset present
guild	_ZN6CGuild17InsertGuildMemberEjP5CUser	DIFF	163	N			N	Y	source/DNFServer/GameServer/Guild/DNFGuild.cpp	0	CONST_OR_OFFSET	immediate/field/stack offset present
guild	_ZN6CGuild17ReplyGuildMembersEP5CUser	DIFF	939	N			N	Y	source/DNFServer/GameServer/Guild/DNFGuild.cpp	0	CONST_OR_OFFSET	immediate/field/stack offset present
guild	_ZN6CGuild17SecedeProxyMemberER22ST_Notice_Guild_Secede	DIFF	217	N			N	Y	source/DNFServer/GameServer/Guild/DNFGuild.cpp	0	CONST_OR_OFFSET	immediate/field/stack offset present
guild	_ZN6CGuild17SetSubGuildMasterEjb	DIFF	218	N			N	Y	source/DNFServer/GameServer/Guild/DNFGuild.cpp	0	CONST_OR_OFFSET	immediate/field/stack offset present
guild	_ZN6CGuild18DBGuildSaveProcessEP14CServerHandler	DIFF	286	N			N	Y	source/DNFServer/GameServer/Guild/DNFGuild.cpp	0	CONST_OR_OFFSET	immediate/field/stack offset present
guild	_ZN6CGuild18DBSaveGuildMembersEhP14CServerHandlerh	DIFF	155	N			N	Y	source/DNFServer/GameServer/Guild/DNFGuild.cpp	0	CONST_OR_OFFSET	immediate/field/stack offset present
guild	_ZN6CGuild18SendToGuildForMailEv	DIFF	126	N			N	Y	source/DNFServer/GameServer/Guild/DNFGuild.cpp	0	CONST_OR_OFFSET	immediate/field/stack offset present
guild	_ZN6CGuild20ReplyGuildAllMembersEP5CUser	DIFF	1302	N			N	Y	source/DNFServer/GameServer/Guild/DNFGuild.cpp	0	CONST_OR_OFFSET	immediate/field/stack offset present
guild	_ZN6CGuild20WriteGuildMemberMemoEP5CUserPKc	DIFF	174	N			N	Y	source/DNFServer/GameServer/Guild/DNFGuild.cpp	0	CONST_OR_OFFSET	immediate/field/stack offset present
guild	_ZN6CGuild22NotifyTodayGuildMemberEP5CUser	DIFF	113	N			N	Y	source/DNFServer/GameServer/Guild/DNFGuild.cpp	0	CONST_OR_OFFSET	immediate/field/stack offset present
guild	_ZN6CGuild22ReplyGuildMembersToWebEP24STGuildMemberWebConnInfo	DIFF	211	N			N	Y	source/DNFServer/GameServer/Guild/DNFGuild.cpp	0	CONST_OR_OFFSET	immediate/field/stack offset present
guild	_ZN6CGuild22SendGuildInfoToMembersEb	DIFF	196	N			N	Y	source/DNFServer/GameServer/Guild/DNFGuild.cpp	0	CONST_OR_OFFSET	immediate/field/stack offset present
guild	_ZN6CGuild23LoadGuildOneMemberProxyEP5CUser	DIFF	300	N			N	Y	source/DNFServer/GameServer/Guild/DNFGuild.cpp	0	CONST_OR_OFFSET	immediate/field/stack offset present
guild	_ZN6CGuild23LoadGuildOneMemberProxyER18STGuildMemberProxy	DIFF	158	N			N	Y	source/DNFServer/GameServer/Guild/DNFGuild.cpp	0	CONST_OR_OFFSET	immediate/field/stack offset present
guild	_ZN6CGuild23NotifyMemoToGuildMemberEP5CUserPKc	DIFF	161	N			N	Y	source/DNFServer/GameServer/Guild/DNFGuild.cpp	0	CONST_OR_OFFSET	immediate/field/stack offset present
guild	_ZN6CGuild23SendGuildInfoToManagersEv	DIFF	214	N			N	Y	source/DNFServer/GameServer/Guild/DNFGuild.cpp	0	CONST_OR_OFFSET	immediate/field/stack offset present
guild	_ZN6CGuild24CallGuildAllMembersProxyEP5CUserP14CServerHandler	DIFF	104	N			N	Y	source/DNFServer/GameServer/Guild/DNFGuild.cpp	0	CONST_OR_OFFSET	immediate/field/stack offset present
guild	_ZN6CGuild24LoadGuildAllMembersProxyEP18STGuildMemberProxyhh	DIFF	132	N			N	N		0	NEEDS_REVERSE	source location missing from md
guild	_ZN6CGuild24NoticeEnterToGuildMemberEPc	DIFF	174	N			N	Y	source/DNFServer/GameServer/Guild/DNFGuild.cpp	0	CONST_OR_OFFSET	immediate/field/stack offset present
guild	_ZN6CGuild25ChangeGuildMemberCharNameEjPc	DIFF	195	N			N	Y	source/DNFServer/GameServer/Guild/DNFGuild.cpp	0	CONST_OR_OFFSET	immediate/field/stack offset present
guild	_ZN6CGuild25NoticeSecedeToGuildMemberEPc	DIFF	156	N			N	Y	source/DNFServer/GameServer/Guild/DNFGuild.cpp	0	CONST_OR_OFFSET	immediate/field/stack offset present
guild	_ZN6CGuild25NotifyAllTodayGuildMemberEv	DIFF	205	N			N	Y	source/DNFServer/GameServer/Guild/DNFGuild.cpp	0	CONST_OR_OFFSET	immediate/field/stack offset present
guild	_ZN6CGuild25SendGuildInfoToMemberOnlyEP5CUser	DIFF	157	N			Y	Y	source/DNFServer/GameServer/Guild/DNFGuild.cpp	0	EH_OR_CLEANUP	exception/cleanup pattern present
guild	_ZN6CGuild26NoticeGuildMemberLogin_OutEP5CUserc	DIFF	245	N			N	Y	source/DNFServer/GameServer/Guild/DNFGuild.cpp	0	CONST_OR_OFFSET	immediate/field/stack offset present
guild	_ZN6CGuild26NotifyAllAchieveAttendanceEjj	DIFF	133	N			N	Y	source/DNFServer/GameServer/Guild/DNFGuild.cpp	0	CONST_OR_OFFSET	immediate/field/stack offset present
guild	_ZN6CGuild26NotifyMessageToGuildMemberEv	DIFF	190	N			N	Y	source/DNFServer/GameServer/Guild/DNFGuild.cpp	0	CONST_OR_OFFSET	immediate/field/stack offset present
guild	_ZN6CGuild26SendGuildAgitInfoToMembersEv	DIFF	129	N			N	Y	source/DNFServer/GameServer/Guild/DNFGuild.cpp	0	CONST_OR_OFFSET	immediate/field/stack offset present
guild	_ZN6CGuild26UpdateChangableInfoProcessEv	DIFF	159	N			N	Y	source/DNFServer/GameServer/Guild/DNFGuild.cpp	0	CONST_OR_OFFSET	immediate/field/stack offset present
guild	_ZN6CGuild27DismissGuildMemberAndNoticeEi	DIFF	220	N			N	Y	source/DNFServer/GameServer/Guild/DNFGuild.cpp	0	CONST_OR_OFFSET	immediate/field/stack offset present
guild	_ZN6CGuild27NoticeChatMsgToGuildMembersEjPciPKc	DIFF	193	N			N	N		0	NEEDS_REVERSE	source location missing from md
guild	_ZN6CGuild28SendGuildNameChangeToMembersEv	DIFF	134	N			N	Y	source/DNFServer/GameServer/Guild/DNFGuild.cpp	0	CONST_OR_OFFSET	immediate/field/stack offset present
guild	_ZN6CGuild29NoticeMarkChangeToGuildMemberEj	DIFF	193	N			N	Y	source/DNFServer/GameServer/Guild/DNFGuild.cpp	0	CONST_OR_OFFSET	immediate/field/stack offset present
guild	_ZN6CGuild29getUnconnectedGuildMemberNameEj	DIFF	96	N			N	Y	source/DNFServer/GameServer/Guild/DNFGuild.cpp	0	CONST_OR_OFFSET	immediate/field/stack offset present
guild	_ZN6CGuild31InsertGuildMemberChanglableInfoEj	NEAR	66	Y			N	Y	source/DNFServer/GameServer/Guild/DNFGuild.cpp	0	CODEGEN_TAIL	same mnemonic sequence; operand/codegen tail
guild	_ZN6CGuild33ChangeUnconnectedGuildMemberGradeEji	NEAR	106	Y			N	Y	source/DNFServer/GameServer/Guild/DNFGuild.cpp	0	CODEGEN_TAIL	same mnemonic sequence; operand/codegen tail
guild	_ZN6CGuild34NoticeGuildMasterDelegateToMembersEPc	DIFF	171	N			N	Y	source/DNFServer/GameServer/Guild/DNFGuild.cpp	0	CONST_OR_OFFSET	immediate/field/stack offset present
guild	_ZN6CGuild34NotifyCreateGuildAgitToGuildMemberEj	DIFF	146	N			N	Y	source/DNFServer/GameServer/Guild/DNFGuild.cpp	0	CONST_OR_OFFSET	immediate/field/stack offset present
guild	_ZN6CGuild34NotifyDeleteGuildAgitToGuildMemberEj	DIFF	147	N			N	Y	source/DNFServer/GameServer/Guild/DNFGuild.cpp	0	CONST_OR_OFFSET	immediate/field/stack offset present
guild	_ZN6CGuild36NoticeChatMsgToGuildMembersHyperLinkEjPcihPK19hyperlink_item_infoPKc	DIFF	244	N			N	N		0	NEEDS_REVERSE	source location missing from md
guild	_ZN6CGuild9LoadGuildER17STGuildDBInfoOnlyPc	DIFF	231	N			N	Y	source/DNFServer/GameServer/Guild/DNFGuild.cpp	0	CONST_OR_OFFSET	immediate/field/stack offset present
guild	_ZN8WongWork11CGMAccounts4isGMEj	NEAR	100	Y			N	Y	source/DNFServer/GameServer/Guild/GMAccounts.cpp	0	CODEGEN_TAIL	same mnemonic sequence; operand/codegen tail
guild	_ZN9CGuildWar11RankProcessEv	NEAR	236	Y			Y	Y	source/DNFServer/GameServer/Guild/DNFGuildWar.cpp	0	EH_OR_CLEANUP	exception/cleanup pattern present
guild	_ZN9CGuildWar12SameRankWorkEv	DIFF	339	N			N	Y	source/DNFServer/GameServer/Guild/DNFGuildWar.cpp	0	CONST_OR_OFFSET	immediate/field/stack offset present
guild	_ZN9CGuildWar13DBSaveProcessEP12CApplication	DIFF	111	N			N	Y	source/DNFServer/GameServer/Guild/DNFGuildWar.cpp	0	CONST_OR_OFFSET	immediate/field/stack offset present
guild	_ZN9CGuildWar15GetGuildWarInfoEP22ST_Guild_War_Rank_Info	DIFF	188	N			N	Y	source/DNFServer/GameServer/Guild/DNFGuildWar.cpp	0	CONST_OR_OFFSET	immediate/field/stack offset present
guild	_ZNK11CUdpHandler12SendToServerEPcitPKc	DIFF	302	N			N	Y	source/DNFServer/GameServer/Guild/DNFUdpHandler.cpp	4	CONST_OR_OFFSET	immediate/field/stack offset present
guild	_ZNK6CGuild28PopGuildMemberChanglableInfoEjR26STGuildMemberChangableInfo	DIFF	97	N			N	N		0	NEEDS_REVERSE	source location missing from md
monitor	_ZN10CAppConfig11Parse_TableEPci	NEAR	458	Y			Y	Y	source/DNFServer/GameServer/Monitor/DNFAppConfig.cpp	4	EH_OR_CLEANUP	exception/cleanup pattern present
monitor	_ZN10CIPCounter11setLoadTermEh	DIFF	58	N			N	Y	source/DNFServer/GameServer/Monitor/IPCounter.cpp	5	CONST_OR_OFFSET	immediate/field/stack offset present
monitor	_ZN10CIPCounter13setMinIPCountEh	DIFF	30	N			N	Y	source/DNFServer/GameServer/Monitor/IPCounter.cpp	0	CONST_OR_OFFSET	immediate/field/stack offset present
monitor	_ZN10CIPCounter9setOptionEhh	NEAR	90	Y			N	Y	source/DNFServer/GameServer/Monitor/IPCounter.cpp	1	CODEGEN_TAIL	same mnemonic sequence; operand/codegen tail
monitor	_ZN10CTowerRank16registCharacRankEjPKcjj	DIFF	409	N			Y	N		0	NEEDS_REVERSE	source location missing from md
monitor	_ZN10CommonTime10SetCurTimeEv	DIFF	97	N			N	Y	source/DNFServer/GameServer/Monitor/SystemTimeHandler.cpp	9	CONST_OR_OFFSET	immediate/field/stack offset present
monitor	_ZN11CCashObject15GetBuddysObjectEPP6CBuddy	NEAR	80	Y			N	Y	source/DNFServer/GameServer/Monitor/CashObject.cpp	8	CODEGEN_TAIL	same mnemonic sequence; operand/codegen tail
monitor	_ZN11CUdpHandler16InitServerSocketEi	DIFF	219	N			N	Y	source/DNFServer/GameServer/Monitor/DNFUdpHandler.cpp	0	CONST_OR_OFFSET	immediate/field/stack offset present
monitor	_ZN12CAppStopInit4InitEP12CApplicationiPPc	DIFF	353	N			Y	Y	source/DNFServer/GameServer/Monitor/DNFAppStopInit.cpp	0	EH_OR_CLEANUP	exception/cleanup pattern present
monitor	_ZN12CApplication15TranslateSignalEv	DIFF	524	N			Y	Y	source/DNFServer/GameServer/Monitor/DNFApplication.cpp	0	EH_OR_CLEANUP	exception/cleanup pattern present
monitor	_ZN12CApplication4LoadEiPPc	DIFF	2245	N			Y	Y	source/DNFServer/GameServer/Monitor/DNFApplication.cpp	0	EH_OR_CLEANUP	exception/cleanup pattern present
monitor	_ZN12CBuddyHandle11addFromCashEP6CBuddy	DIFF	122	N			Y	Y	source/DNFServer/GameServer/Monitor/DNFBuddyHandle.cpp	0	EH_OR_CLEANUP	exception/cleanup pattern present
monitor	_ZN12CBuddyHandle11printBuddysEPc	DIFF	223	N			N	Y	source/DNFServer/GameServer/Monitor/DNFBuddyHandle.cpp	0	CONST_OR_OFFSET	immediate/field/stack offset present
monitor	_ZN12CBuddyHandle5addDBEP14CServerHandlerPc	DIFF	309	N			Y	Y	source/DNFServer/GameServer/Monitor/DNFBuddyHandle.cpp	0	EH_OR_CLEANUP	exception/cleanup pattern present
monitor	_ZN12CBuddyHandle5delDBEP14CServerHandlerPc	DIFF	278	N			Y	Y	source/DNFServer/GameServer/Monitor/DNFBuddyHandle.cpp	0	EH_OR_CLEANUP	exception/cleanup pattern present
monitor	_ZN12CBuddyHandle6insertEP6CBuddy	DIFF	115	N			Y	Y	source/DNFServer/GameServer/Monitor/DNFBuddyHandle.cpp	3	EH_OR_CLEANUP	exception/cleanup pattern present
monitor	_ZN12CUserManager11AddSchoolNoEjh	NEAR	522	Y			Y	Y	source/DNFServer/GameServer/Monitor/DNFUserManager.cpp	0	EH_OR_CLEANUP	exception/cleanup pattern present
monitor	_ZN12CUserManager14GetSchoolCountEjPjRh	DIFF	302	N			N	Y	source/DNFServer/GameServer/Monitor/DNFUserManager.cpp	0	CONST_OR_OFFSET	immediate/field/stack offset present
monitor	_ZN12CUserManager15ProcessByMinuteEv	DIFF	204	N			N	Y	source/DNFServer/GameServer/Monitor/DNFUserManager.cpp	0	CONST_OR_OFFSET	immediate/field/stack offset present
monitor	_ZN12CUserManager17InsertUser_CharNoEjP5CUser	NEAR	136	Y			N	Y	source/DNFServer/GameServer/Monitor/DNFUserManager.cpp	3	CODEGEN_TAIL	same mnemonic sequence; operand/codegen tail
monitor	_ZN12CUserManager19InsertUser_CharNameEPcP5CUser	NEAR	136	Y			Y	Y	source/DNFServer/GameServer/Monitor/DNFUserManager.cpp	4	EH_OR_CLEANUP	exception/cleanup pattern present
monitor	_ZN12CUserManager23SendConnectedBuddysListEP5CUser	DIFF	290	N			N	Y	source/DNFServer/GameServer/Monitor/DNFUserManager.cpp	0	CONST_OR_OFFSET	immediate/field/stack offset present
monitor	_ZN12CUserManager27DeleteUsersOnGameServerDownEP11CGameServer	DIFF	448	N			N	Y	source/DNFServer/GameServer/Monitor/DNFUserManager.cpp	0	CONST_OR_OFFSET	immediate/field/stack offset present
monitor	_ZN12CUserManager30DeleteUsersOnTcpGameServerDownEP14CTcpGameServer	DIFF	448	N			N	Y	source/DNFServer/GameServer/Monitor/DNFUserManager.cpp	0	CONST_OR_OFFSET	immediate/field/stack offset present
monitor	_ZN12momiji_event13EndEffectTask10_DoExecuteEv	DIFF	171	N			Y	Y	source/DNFServer/GameServer/Monitor/Arad_MomijiEvent.cpp	0	EH_OR_CLEANUP	exception/cleanup pattern present
monitor	_ZN13CAppStartInit11Init_DaemonEiPPc	DIFF	173	N			Y	Y	source/DNFServer/GameServer/Monitor/DNFAppStartInit.cpp	0	EH_OR_CLEANUP	exception/cleanup pattern present
monitor	_ZN13CAppStartInit4InitEP12CApplicationiPPc	DIFF	390	N			Y	Y	source/DNFServer/GameServer/Monitor/DNFAppStartInit.cpp	0	EH_OR_CLEANUP	exception/cleanup pattern present
monitor	_ZN13CMemberExpTbl11Parse_TableEPci	DIFF	89	N			N	Y	source/DNFServer/GameServer/Monitor/DNFMemberConfig.cpp	0	CONST_OR_OFFSET	immediate/field/stack offset present
monitor	_ZN13CMemberExpTbl17GetMemberExpLevelEj	DIFF	98	N			N	Y	source/DNFServer/GameServer/Monitor/DNFMemberConfig.cpp	0	CONST_OR_OFFSET	immediate/field/stack offset present
monitor	_ZN13CTcpNetSystem10SendPacketEv	DIFF	424	N			Y	Y	source/DNFServer/GameServer/Monitor/TcpNetSystem.cpp	0	EH_OR_CLEANUP	exception/cleanup pattern present
monitor	_ZN13CTcpNetSystem14OpenTcpServiceERiPKct	DIFF	236	N			N	Y	source/DNFServer/GameServer/Monitor/TcpNetSystem.cpp	0	CONST_OR_OFFSET	immediate/field/stack offset present
monitor	_ZN13CTcpNetSystem19CleanTcpSendPacketQEv	DIFF	169	N			Y	Y	source/DNFServer/GameServer/Monitor/TcpNetSystem.cpp	0	EH_OR_CLEANUP	exception/cleanup pattern present
monitor	_ZN13CTcpNetSystem21SetEpollAcceptedPeersEv	DIFF	232	N			Y	Y	source/DNFServer/GameServer/Monitor/TcpNetSystem.cpp	0	EH_OR_CLEANUP	exception/cleanup pattern present
monitor	_ZN13CTcpNetSystem4InitEt	DIFF	204	N			Y	Y	source/DNFServer/GameServer/Monitor/TcpNetSystem.cpp	0	EH_OR_CLEANUP	exception/cleanup pattern present
monitor	_ZN13CTcpNetSystemD1Ev	NEAR	424	Y			Y	Y	source/DNFServer/GameServer/Monitor/TcpNetSystem.cpp	0	EH_OR_CLEANUP	exception/cleanup pattern present
monitor	_ZN13CTcpNetSystemD2Ev	NEAR	424	Y			Y	Y	source/DNFServer/GameServer/Monitor/TcpNetSystem.cpp	0	EH_OR_CLEANUP	exception/cleanup pattern present
monitor	_ZN13np_server_xml10CServerXml9StrPunishEiPKcNS_12_eStringTypeE	DIFF	385	N			Y	N		4	NEEDS_REVERSE	source location missing from md
monitor	_ZN14CMemberManager10LoadMemberEjR14STMemberDBInfojjP14CServerHandler	DIFF	269	N			N	N		0	NEEDS_REVERSE	source location missing from md
monitor	_ZN14CMemberManager12DeleteMemberEjb	DIFF	196	N			N	Y	source/DNFServer/GameServer/Monitor/DNFMemberManager.cpp	0	CONST_OR_OFFSET	immediate/field/stack offset present
monitor	_ZN14CMemberManager12InsertMemberEjP7CMember	DIFF	123	N			N	Y	source/DNFServer/GameServer/Monitor/DNFMemberManager.cpp	0	CONST_OR_OFFSET	immediate/field/stack offset present
monitor	_ZN14CMemberManager13MemerMemLoginEjP5CUser	DIFF	578	N			Y	Y	source/DNFServer/GameServer/Monitor/DNFMemberManager.cpp	0	EH_OR_CLEANUP	exception/cleanup pattern present
monitor	_ZN14CMemberManager14RegisterMemberEP7CMembersP5CUserb	DIFF	180	N			N	Y	source/DNFServer/GameServer/Monitor/DNFMemberManager.cpp	0	CONST_OR_OFFSET	immediate/field/stack offset present
monitor	_ZN14CMemberManager15MemberMemLogoutEjP5CUserb	DIFF	320	N			Y	Y	source/DNFServer/GameServer/Monitor/DNFMemberManager.cpp	0	EH_OR_CLEANUP	exception/cleanup pattern present
monitor	_ZN14CMemberManager19SaveMemberOnConnectEP14CServerHandlerP5CUserS3_h	DIFF	126	N			N	N		0	NEEDS_REVERSE	source location missing from md
monitor	_ZN14CMemberManager21IsPossableMemberEnterEP5CUserP7CMemberS1_S3_i	DIFF	196	N			N	N		0	NEEDS_REVERSE	source location missing from md
monitor	_ZN14CMemberManager21SaveMemberOnUnConnectEP14CServerHandlerjjjh	DIFF	101	N			N	N		0	NEEDS_REVERSE	source location missing from md
monitor	_ZN14CMemberManager25MemberRegisterFlagProcessEv	DIFF	161	N			N	Y	source/DNFServer/GameServer/Monitor/DNFMemberManager.cpp	0	CONST_OR_OFFSET	immediate/field/stack offset present
monitor	_ZN14CPacketCounterILi1000ELi10240EE12AfterProcessEi	DIFF	166	N			N	Y	source/DNFServer/GameServer/Monitor/PacketCounter.h	0	CONST_OR_OFFSET	immediate/field/stack offset present
monitor	_ZN14CPacketCounterILi1000ELi10240EE20IncrementPacketCountEi	DIFF	67	N			N	Y	source/DNFServer/GameServer/Monitor/PacketCounter.h	0	CONST_OR_OFFSET	immediate/field/stack offset present
monitor	_ZN14CPacketDecoder10TcpProcessEv	DIFF	496	N			Y	Y	source/DNFServer/GameServer/Monitor/DNFPacketDecoder.cpp	0	EH_OR_CLEANUP	exception/cleanup pattern present
monitor	_ZN14CPacketDecoder10UdpProcessEv	DIFF	496	N			Y	Y	source/DNFServer/GameServer/Monitor/DNFPacketDecoder.cpp	0	EH_OR_CLEANUP	exception/cleanup pattern present
monitor	_ZN14CPacketDecoder9MsgDecodeEP12PacketHeader	DIFF	242	N			Y	Y	source/DNFServer/GameServer/Monitor/DNFPacketDecoder.cpp	0	EH_OR_CLEANUP	exception/cleanup pattern present
monitor	_ZN14CServerHandler20GetTcpGameServerByChEh	DIFF	106	N			N	Y	source/DNFServer/GameServer/Monitor/DNFServerHandler.cpp	0	CONST_OR_OFFSET	immediate/field/stack offset present
monitor	_ZN14CServerHandler20SendAllTcpGameServerEP12PacketHeader	DIFF	147	N			N	Y	source/DNFServer/GameServer/Monitor/DNFServerHandler.cpp	4	CONST_OR_OFFSET	immediate/field/stack offset present
monitor	_ZN14CServerHandler20SendAllTcpGameServerEP12PacketHeaderi	DIFF	172	N			N	Y	source/DNFServer/GameServer/Monitor/DNFServerHandler.cpp	2	CONST_OR_OFFSET	immediate/field/stack offset present
monitor	_ZN14CServerHandler7ProcessEv	DIFF	673	N			N	Y	source/DNFServer/GameServer/Monitor/DNFServerHandler.cpp	0	CONST_OR_OFFSET	immediate/field/stack offset present
monitor	_ZN15exchange_server18CCacheCharacterMgr14CollectGarbageEv	DIFF	171	N			N	Y	source/DNFServer/GameServer/Monitor/DNFManagerServer.cpp	0	CONST_OR_OFFSET	immediate/field/stack offset present
monitor	_ZN15init_accusation22CInitAccusationListMgr11setScheduleERKb	DIFF	119	N			Y	Y	source/DNFServer/GameServer/Monitor/DNFApplication.cpp	0	EH_OR_CLEANUP	exception/cleanup pattern present
monitor	_ZN16CDNFProhibitUser20IsTimeOutConnectableEv	DIFF	42	N			N	Y	source/DNFServer/GameServer/Monitor/DNFProhibitUserC5.cpp	0	CONST_OR_OFFSET	immediate/field/stack offset present
monitor	_ZN16CServerInterface19IsHeartBeatTimeOverEv	DIFF	68	N			N	Y	source/DNFServer/GameServer/Monitor/DNFServerInterface.cpp	0	CONST_OR_OFFSET	immediate/field/stack offset present
monitor	_ZN16CTcpAcceptThread8dispatchEPv	DIFF	613	N			Y	Y	source/DNFServer/GameServer/Monitor/DNFTcpAcceptThread.cpp	0	EH_OR_CLEANUP	exception/cleanup pattern present
monitor	_ZN16village_attacked23CVillageAttackedManager10OnScheduleEv	DIFF	368	N			N	Y	source/DNFServer/GameServer/Monitor/VillageAttackedManager.cpp	0	CONST_OR_OFFSET	immediate/field/stack offset present
monitor	_ZN16village_attacked23CVillageAttackedManager11InsertTimerEii	DIFF	302	N			Y	Y	source/DNFServer/GameServer/Monitor/VillageAttackedManager.cpp	0	EH_OR_CLEANUP	exception/cleanup pattern present
monitor	_ZN16village_attacked23CVillageAttackedManager11SendMinTimeEv	DIFF	92	N			N	Y	source/DNFServer/GameServer/Monitor/VillageAttackedManager.cpp	0	CONST_OR_OFFSET	immediate/field/stack offset present
monitor	_ZN16village_attacked23CVillageAttackedManager14SendCharacRankEv	DIFF	514	N			Y	Y	source/DNFServer/GameServer/Monitor/VillageAttackedManager.cpp	0	EH_OR_CLEANUP	exception/cleanup pattern present
monitor	_ZN16village_attacked23CVillageAttackedManager15GetHuntingPointEj	DIFF	74	N			N	Y	source/DNFServer/GameServer/Monitor/VillageAttackedManager.cpp	0	CONST_OR_OFFSET	immediate/field/stack offset present
monitor	_ZN16village_attacked23CVillageAttackedManager18UpdateHuntingPointEPP5CUserbPiPj	DIFF	317	N			N	N		0	NEEDS_REVERSE	source location missing from md
monitor	_ZN16village_attacked23CVillageAttackedManager20OnEndVillageAttackedEv	DIFF	216	N			Y	Y	source/DNFServer/GameServer/Monitor/VillageAttackedManager.cpp	0	EH_OR_CLEANUP	exception/cleanup pattern present
monitor	_ZN16village_attacked23CVillageAttackedManager25SendRequestRevengeDungeonEPc	DIFF	39	N			N	Y	source/DNFServer/GameServer/Monitor/VillageAttackedManager.cpp	0	CONST_OR_OFFSET	immediate/field/stack offset present
monitor	_ZN16village_attacked23CVillageAttackedManager34OnServerGroupRewardVillageAttackedEv	DIFF	311	N			Y	Y	source/DNFServer/GameServer/Monitor/VillageAttackedManager.cpp	0	EH_OR_CLEANUP	exception/cleanup pattern present
monitor	_ZN17CPacketTranslater11OnCharLoginEP12PacketHeader	DIFF	1103	N			Y	Y	source/DNFServer/GameServer/Monitor/DNFPacketTranslater.cpp	0	EH_OR_CLEANUP	exception/cleanup pattern present
monitor	_ZN17CPacketTranslater11OnHeartBeatEP12PacketHeader	DIFF	398	N			Y	Y	source/DNFServer/GameServer/Monitor/DNFPacketTranslater.cpp	3	EH_OR_CLEANUP	exception/cleanup pattern present
monitor	_ZN17CPacketTranslater11OnUserRepelEP12PacketHeader	DIFF	420	N			Y	Y	source/DNFServer/GameServer/Monitor/DNFPacketTranslater.cpp	0	EH_OR_CLEANUP	exception/cleanup pattern present
monitor	_ZN17CPacketTranslater12OnCeraUpdateEP12PacketHeader	DIFF	272	N			Y	Y	source/DNFServer/GameServer/Monitor/DNFPacketTranslater.cpp	0	EH_OR_CLEANUP	exception/cleanup pattern present
monitor	_ZN17CPacketTranslater12OnEventStartEP12PacketHeader	DIFF	360	N			Y	Y	source/DNFServer/GameServer/Monitor/DNFPacketTranslater.cpp	0	EH_OR_CLEANUP	exception/cleanup pattern present
monitor	_ZN17CPacketTranslater14OnGMRequestMidEP12PacketHeader	DIFF	374	N			Y	Y	source/DNFServer/GameServer/Monitor/DNFPacketTranslater.cpp	0	EH_OR_CLEANUP	exception/cleanup pattern present
monitor	_ZN17CPacketTranslater14OnMemberSecedeEP12PacketHeader	DIFF	712	N			Y	Y	source/DNFServer/GameServer/Monitor/DNFPacketTranslater.cpp	0	EH_OR_CLEANUP	exception/cleanup pattern present
monitor	_ZN17CPacketTranslater14onCollectItemsEP12PacketHeader	DIFF	522	N			Y	Y	source/DNFServer/GameServer/Monitor/DNFPacketTranslater.cpp	0	EH_OR_CLEANUP	exception/cleanup pattern present
monitor	_ZN17CPacketTranslater15OnPayTaxToUpperEP12PacketHeader	DIFF	716	N			Y	Y	source/DNFServer/GameServer/Monitor/DNFPacketTranslater.cpp	0	EH_OR_CLEANUP	exception/cleanup pattern present
monitor	_ZN17CPacketTranslater15OnReplyUserInfoEP12PacketHeader	DIFF	860	N			Y	Y	source/DNFServer/GameServer/Monitor/DNFPacketTranslater.cpp	0	EH_OR_CLEANUP	exception/cleanup pattern present
monitor	_ZN17CPacketTranslater16OnCallMemberListEP12PacketHeader	DIFF	677	N			Y	Y	source/DNFServer/GameServer/Monitor/DNFPacketTranslater.cpp	0	EH_OR_CLEANUP	exception/cleanup pattern present
monitor	_ZN17CPacketTranslater16OnChangeCharNameEP12PacketHeader	DIFF	544	N			Y	Y	source/DNFServer/GameServer/Monitor/DNFPacketTranslater.cpp	0	EH_OR_CLEANUP	exception/cleanup pattern present
monitor	_ZN17CPacketTranslater16OnLogoutCompleteEP12PacketHeader	DIFF	408	N			Y	Y	source/DNFServer/GameServer/Monitor/DNFPacketTranslater.cpp	0	EH_OR_CLEANUP	exception/cleanup pattern present
monitor	_ZN17CPacketTranslater16OnPvPChannelInfoEP12PacketHeader	DIFF	222	N			Y	Y	source/DNFServer/GameServer/Monitor/DNFPacketTranslater.cpp	0	EH_OR_CLEANUP	exception/cleanup pattern present
monitor	_ZN17CPacketTranslater16OnTakeScreenShotEP12PacketHeader	DIFF	408	N			Y	Y	source/DNFServer/GameServer/Monitor/DNFPacketTranslater.cpp	0	EH_OR_CLEANUP	exception/cleanup pattern present
monitor	_ZN17CPacketTranslater17OnAddBuddyDBReplyEP12PacketHeader	DIFF	377	N			Y	Y	source/DNFServer/GameServer/Monitor/DNFPacketTranslater.cpp	0	EH_OR_CLEANUP	exception/cleanup pattern present
monitor	_ZN17CPacketTranslater17OnCharacterDeleteEP12PacketHeader	DIFF	338	N			Y	Y	source/DNFServer/GameServer/Monitor/DNFPacketTranslater.cpp	0	EH_OR_CLEANUP	exception/cleanup pattern present
monitor	_ZN17CPacketTranslater17OnDelBuddyDBReplyEP12PacketHeader	DIFF	321	N			Y	Y	source/DNFServer/GameServer/Monitor/DNFPacketTranslater.cpp	0	EH_OR_CLEANUP	exception/cleanup pattern present
monitor	_ZN17CPacketTranslater17OnEventItemUpdateEP12PacketHeader	DIFF	427	N			Y	Y	source/DNFServer/GameServer/Monitor/DNFPacketTranslater.cpp	0	EH_OR_CLEANUP	exception/cleanup pattern present
monitor	_ZN17CPacketTranslater18OnGameServerRegistEP12PacketHeader	DIFF	352	N			N	Y	source/DNFServer/GameServer/Monitor/DNFPacketTranslater.cpp	0	CONST_OR_OFFSET	immediate/field/stack offset present
monitor	_ZN17CPacketTranslater18OnInnerPacketLoginEP12PacketHeader	DIFF	478	N			Y	Y	source/DNFServer/GameServer/Monitor/DNFPacketTranslater.cpp	0	EH_OR_CLEANUP	exception/cleanup pattern present
monitor	_ZN17CPacketTranslater18OnMemberEnterReplyEP12PacketHeader	DIFF	1491	N			Y	Y	source/DNFServer/GameServer/Monitor/DNFPacketTranslater.cpp	0	EH_OR_CLEANUP	exception/cleanup pattern present
monitor	_ZN17CPacketTranslater18OnSetCleanPadPointEP12PacketHeader	DIFF	548	N			Y	Y	source/DNFServer/GameServer/Monitor/DNFPacketTranslater.cpp	0	EH_OR_CLEANUP	exception/cleanup pattern present
monitor	_ZN17CPacketTranslater19OnDeleteToBlackListEP12PacketHeader	DIFF	448	N			Y	Y	source/DNFServer/GameServer/Monitor/DNFPacketTranslater.cpp	0	EH_OR_CLEANUP	exception/cleanup pattern present
monitor	_ZN17CPacketTranslater19OnInnerPacketLogoutEP12PacketHeader	DIFF	361	N			Y	Y	source/DNFServer/GameServer/Monitor/DNFPacketTranslater.cpp	0	EH_OR_CLEANUP	exception/cleanup pattern present
monitor	_ZN17CPacketTranslater19OnRegisterEventItemEP12PacketHeader	DIFF	305	N			Y	Y	source/DNFServer/GameServer/Monitor/DNFPacketTranslater.cpp	0	EH_OR_CLEANUP	exception/cleanup pattern present
monitor	_ZN17CPacketTranslater19OnWebQueryUserStateEP12PacketHeader	DIFF	399	N			Y	Y	source/DNFServer/GameServer/Monitor/DNFPacketTranslater.cpp	0	EH_OR_CLEANUP	exception/cleanup pattern present
monitor	_ZN17CPacketTranslater19OnWebRequestARSInfoEP12PacketHeader	DIFF	336	N			Y	Y	source/DNFServer/GameServer/Monitor/DNFPacketTranslater.cpp	0	EH_OR_CLEANUP	exception/cleanup pattern present
monitor	_ZN17CPacketTranslater20OnExchangeServerInfoEP12PacketHeader	DIFF	277	N			Y	Y	source/DNFServer/GameServer/Monitor/DNFPacketTranslater.cpp	0	EH_OR_CLEANUP	exception/cleanup pattern present
monitor	_ZN17CPacketTranslater20OnRequestMemberEnterEP12PacketHeader	DIFF	1001	N			Y	Y	source/DNFServer/GameServer/Monitor/DNFPacketTranslater.cpp	0	EH_OR_CLEANUP	exception/cleanup pattern present
monitor	_ZN17CPacketTranslater21OnMonitorPunishCancelEP12PacketHeader	DIFF	554	N			Y	Y	source/DNFServer/GameServer/Monitor/DNFPacketTranslater.cpp	0	EH_OR_CLEANUP	exception/cleanup pattern present
monitor	_ZN17CPacketTranslater21OnNoticeMemberChatMsgEP12PacketHeader	DIFF	537	N			Y	Y	source/DNFServer/GameServer/Monitor/DNFPacketTranslater.cpp	0	EH_OR_CLEANUP	exception/cleanup pattern present
monitor	_ZN17CPacketTranslater21OnPvPChannelUserCountEP12PacketHeader	DIFF	206	N			Y	Y	source/DNFServer/GameServer/Monitor/DNFPacketTranslater.cpp	0	EH_OR_CLEANUP	exception/cleanup pattern present
monitor	_ZN17CPacketTranslater21OnRegisterToBlackListEP12PacketHeader	DIFF	616	N			Y	Y	source/DNFServer/GameServer/Monitor/DNFPacketTranslater.cpp	0	EH_OR_CLEANUP	exception/cleanup pattern present
monitor	_ZN17CPacketTranslater21OnUpdateMiniCraneSeedEP12PacketHeader	DIFF	474	N			Y	Y	source/DNFServer/GameServer/Monitor/DNFPacketTranslater.cpp	0	EH_OR_CLEANUP	exception/cleanup pattern present
monitor	_ZN17CPacketTranslater21OnUserRepelByCharNameEP12PacketHeader	DIFF	436	N			Y	Y	source/DNFServer/GameServer/Monitor/DNFPacketTranslater.cpp	0	EH_OR_CLEANUP	exception/cleanup pattern present
monitor	_ZN17CPacketTranslater22OnRelayServerUserCheckEP12PacketHeader	DIFF	340	N			Y	Y	source/DNFServer/GameServer/Monitor/DNFPacketTranslater.cpp	0	EH_OR_CLEANUP	exception/cleanup pattern present
monitor	_ZN17CPacketTranslater23OnDBMWDeleteToBlackListEP12PacketHeader	DIFF	333	N			Y	Y	source/DNFServer/GameServer/Monitor/DNFPacketTranslater.cpp	0	EH_OR_CLEANUP	exception/cleanup pattern present
monitor	_ZN17CPacketTranslater23OnFindCharacName_useUIDEP12PacketHeader	DIFF	164	N			N	Y	source/DNFServer/GameServer/Monitor/DNFPacketTranslater.cpp	0	CONST_OR_OFFSET	immediate/field/stack offset present
monitor	_ZN17CPacketTranslater23OnQueryBuddyInfoDBReplyEP12PacketHeader	DIFF	321	N			Y	Y	source/DNFServer/GameServer/Monitor/DNFPacketTranslater.cpp	0	EH_OR_CLEANUP	exception/cleanup pattern present
monitor	_ZN17CPacketTranslater24OnNoticeCharLiveOnTenMinEP12PacketHeader	DIFF	567	N			Y	Y	source/DNFServer/GameServer/Monitor/DNFPacketTranslater.cpp	0	EH_OR_CLEANUP	exception/cleanup pattern present
monitor	_ZN17CPacketTranslater24onReplyLoadTowerFullRankEP12PacketHeader	DIFF	274	N			Y	Y	source/DNFServer/GameServer/Monitor/DNFPacketTranslater.cpp	0	EH_OR_CLEANUP	exception/cleanup pattern present
monitor	_ZN17CPacketTranslater25OnDBMWResisterToBlackListEP12PacketHeader	DIFF	415	N			Y	Y	source/DNFServer/GameServer/Monitor/DNFPacketTranslater.cpp	0	EH_OR_CLEANUP	exception/cleanup pattern present
monitor	_ZN17CPacketTranslater25onItemLimitEditionSellEndEP12PacketHeader	DIFF	544	N			Y	Y	source/DNFServer/GameServer/Monitor/DNFPacketTranslater.cpp	0	EH_OR_CLEANUP	exception/cleanup pattern present
monitor	_ZN17CPacketTranslater26OnWebEmergencyPatchMessageEP12PacketHeader	DIFF	421	N			Y	Y	source/DNFServer/GameServer/Monitor/DNFPacketTranslater.cpp	0	EH_OR_CLEANUP	exception/cleanup pattern present
monitor	_ZN17CPacketTranslater26onStartGameEventFromServerEP12PacketHeader	DIFF	250	N			Y	Y	source/DNFServer/GameServer/Monitor/DNFPacketTranslater.cpp	0	EH_OR_CLEANUP	exception/cleanup pattern present
monitor	_ZN17CPacketTranslater27OnCheckOverlappedAccusationEP12PacketHeader	DIFF	261	N			Y	Y	source/DNFServer/GameServer/Monitor/DNFPacketTranslater.cpp	0	EH_OR_CLEANUP	exception/cleanup pattern present
monitor	_ZN17CPacketTranslater27OnMonitorFindFactoryHubUserEP12PacketHeader	DIFF	691	N			Y	Y	source/DNFServer/GameServer/Monitor/DNFPacketTranslater.cpp	0	EH_OR_CLEANUP	exception/cleanup pattern present
monitor	_ZN17CPacketTranslater27OnMonitorSecuServiceConnWebEP12PacketHeader	DIFF	555	N			Y	Y	source/DNFServer/GameServer/Monitor/DNFPacketTranslater.cpp	0	EH_OR_CLEANUP	exception/cleanup pattern present
monitor	_ZN17CPacketTranslater27OnNoticeOtherChannelChatMsgEP12PacketHeader	DIFF	1104	N			Y	Y	source/DNFServer/GameServer/Monitor/DNFPacketTranslater.cpp	0	EH_OR_CLEANUP	exception/cleanup pattern present
monitor	_ZN17CPacketTranslater27OnNoticeProhibitConnectUserEP12PacketHeader	DIFF	909	N			Y	Y	source/DNFServer/GameServer/Monitor/DNFPacketTranslater.cpp	0	EH_OR_CLEANUP	exception/cleanup pattern present
monitor	_ZN17CPacketTranslater27OnVillageMonsterFightResultEP12PacketHeader	DIFF	196	N			Y	Y	source/DNFServer/GameServer/Monitor/DNFPacketTranslater.cpp	0	EH_OR_CLEANUP	exception/cleanup pattern present
monitor	_ZN17CPacketTranslater27onSocialEventRewardItemInfoEP12PacketHeader	DIFF	597	N			Y	Y	source/DNFServer/GameServer/Monitor/DNFPacketTranslater.cpp	0	EH_OR_CLEANUP	exception/cleanup pattern present
monitor	_ZN17CPacketTranslater29onItemLimitEditionLoadDataReqEP12PacketHeader	DIFF	508	N			Y	Y	source/DNFServer/GameServer/Monitor/DNFPacketTranslater.cpp	0	EH_OR_CLEANUP	exception/cleanup pattern present
monitor	_ZN17CPacketTranslater29onItemLimitEditionLoadDataRpyEP12PacketHeader	DIFF	674	N			Y	Y	source/DNFServer/GameServer/Monitor/DNFPacketTranslater.cpp	0	EH_OR_CLEANUP	exception/cleanup pattern present
monitor	_ZN17CPacketTranslater29onSocialEventRewardItemUpdateEP12PacketHeader	DIFF	388	N			Y	Y	source/DNFServer/GameServer/Monitor/DNFPacketTranslater.cpp	0	EH_OR_CLEANUP	exception/cleanup pattern present
monitor	_ZN17CPacketTranslater30OnDBMWResponseBlackListOnLoginEP12PacketHeader	DIFF	345	N			Y	Y	source/DNFServer/GameServer/Monitor/DNFPacketTranslater.cpp	0	EH_OR_CLEANUP	exception/cleanup pattern present
monitor	_ZN17CPacketTranslater30OnGameMonitorGMVillageAttackedEP12PacketHeader	DIFF	296	N			Y	Y	source/DNFServer/GameServer/Monitor/DNFPacketTranslater.cpp	0	EH_OR_CLEANUP	exception/cleanup pattern present
monitor	_ZN17CPacketTranslater30OnNoticeMemberChatMsgHyperLinkEP12PacketHeader	DIFF	551	N			Y	Y	source/DNFServer/GameServer/Monitor/DNFPacketTranslater.cpp	0	EH_OR_CLEANUP	exception/cleanup pattern present
monitor	_ZN17CPacketTranslater30onRequestCharacTowerUpdateRankEP12PacketHeader	DIFF	216	N			Y	Y	source/DNFServer/GameServer/Monitor/DNFPacketTranslater.cpp	0	EH_OR_CLEANUP	exception/cleanup pattern present
monitor	_ZN17CPacketTranslater30onSocialEventRewardItemInfoAllEP12PacketHeader	DIFF	515	N			Y	Y	source/DNFServer/GameServer/Monitor/DNFPacketTranslater.cpp	0	EH_OR_CLEANUP	exception/cleanup pattern present
monitor	_ZN17CPacketTranslater31onRequestCharacInfoByCharacNameEP12PacketHeader	DIFF	354	N			Y	Y	source/DNFServer/GameServer/Monitor/DNFPacketTranslater.cpp	0	EH_OR_CLEANUP	exception/cleanup pattern present
monitor	_ZN17CPacketTranslater31onSocialEventRewardItemResponseEP12PacketHeader	DIFF	408	N			Y	Y	source/DNFServer/GameServer/Monitor/DNFPacketTranslater.cpp	0	EH_OR_CLEANUP	exception/cleanup pattern present
monitor	_ZN17CPacketTranslater32onItemLimitEditionBuyableRequestEP12PacketHeader	DIFF	393	N			Y	Y	source/DNFServer/GameServer/Monitor/DNFPacketTranslater.cpp	0	EH_OR_CLEANUP	exception/cleanup pattern present
monitor	_ZN17CPacketTranslater36OnNoticeOtherChannelChatMsgHyperLinkEP12PacketHeader	DIFF	1348	N			Y	Y	source/DNFServer/GameServer/Monitor/DNFPacketTranslater.cpp	0	EH_OR_CLEANUP	exception/cleanup pattern present
monitor	_ZN17CPacketTranslater7OnLoginEP12PacketHeader	DIFF	825	N			Y	Y	source/DNFServer/GameServer/Monitor/DNFPacketTranslater.cpp	0	EH_OR_CLEANUP	exception/cleanup pattern present
monitor	_ZN17CPacketTranslater8OnLogoutEP12PacketHeader	DIFF	1233	N			Y	Y	source/DNFServer/GameServer/Monitor/DNFPacketTranslater.cpp	0	EH_OR_CLEANUP	exception/cleanup pattern present
monitor	_ZN17CTcpManagerServer13SendTcpPacketEP12PacketHeader	DIFF	76	N			N	Y	source/DNFServer/GameServer/Monitor/DNFManagerServer.cpp	0	CONST_OR_OFFSET	immediate/field/stack offset present
monitor	_ZN17CTcpNetworkThread8dispatchEPv	DIFF	660	N			Y	Y	source/DNFServer/GameServer/Monitor/DNFTcpNetworkThread.cpp	0	EH_OR_CLEANUP	exception/cleanup pattern present
monitor	_ZN17CUdpNetworkThread8dispatchEPv	DIFF	1059	N			Y	Y	source/DNFServer/GameServer/Monitor/DNFNetworkThread.cpp	0	EH_OR_CLEANUP	exception/cleanup pattern present
monitor	_ZN18CFrameCountHandler17GetFrameCountInfoEv	DIFF	553	N			Y	Y	source/DNFServer/GameServer/Monitor/DNFTickHandler.cpp	0	EH_OR_CLEANUP	exception/cleanup pattern present
monitor	_ZN18CMemoryCashManager18ProcessLifeTimeOutEv	DIFF	160	N			N	Y	source/DNFServer/GameServer/Monitor/MemoryCashManager.cpp	0	CONST_OR_OFFSET	immediate/field/stack offset present
monitor	_ZN18CMemoryCashManager20ProcessCashDataPrintEv	NEAR	124	Y			N	Y	source/DNFServer/GameServer/Monitor/MemoryCashManagerC5.cpp	0	CODEGEN_TAIL	same mnemonic sequence; operand/codegen tail
monitor	_ZN18CMemoryCashManager21QueryCashMemoryMemberEP5CUser	DIFF	383	N			Y	Y	source/DNFServer/GameServer/Monitor/MemoryCashManager.cpp	0	EH_OR_CLEANUP	exception/cleanup pattern present
monitor	_ZN18CMemoryCashManager24QueryCashMemoryBlackListEP5CUser	DIFF	325	N			Y	Y	source/DNFServer/GameServer/Monitor/MemoryCashManager.cpp	0	EH_OR_CLEANUP	exception/cleanup pattern present
monitor	_ZN18CMemoryCashManager24QueryCashMemoryBuddyInfoEP5CUser	DIFF	364	N			Y	Y	source/DNFServer/GameServer/Monitor/MemoryCashManager.cpp	0	EH_OR_CLEANUP	exception/cleanup pattern present
monitor	_ZN18CMemoryCashManager34InsertCashMemorySetCharacterObjectEP5CUserP7CMemberRbS4_	DIFF	273	N			Y	N		0	NEEDS_REVERSE	source location missing from md
monitor	_ZN19COnTimeEventManager10StartEventEjj	DIFF	115	N			Y	Y	source/DNFServer/GameServer/Monitor/OnTimeEventManager.cpp	0	EH_OR_CLEANUP	exception/cleanup pattern present
monitor	_ZN19COnTimeEventManager11OnRewardEndEv	DIFF	136	N			N	Y	source/DNFServer/GameServer/Monitor/OnTimeEventManager.cpp	0	CONST_OR_OFFSET	immediate/field/stack offset present
monitor	_ZN19COnTimeEventManager13OnRewardStartEv	DIFF	208	N			Y	Y	source/DNFServer/GameServer/Monitor/OnTimeEventManager.cpp	0	EH_OR_CLEANUP	exception/cleanup pattern present
monitor	_ZN19COnTimeEventManager15GetCurIdxByDBMWEv	DIFF	151	N			Y	Y	source/DNFServer/GameServer/Monitor/OnTimeEventManager.cpp	0	EH_OR_CLEANUP	exception/cleanup pattern present
monitor	_ZN19COnTimeEventManager21GetCurEventItemByDBMWEjj	DIFF	86	N			N	Y	source/DNFServer/GameServer/Monitor/OnTimeEventManager.cpp	3	CONST_OR_OFFSET	immediate/field/stack offset present
monitor	_ZN19COnTimeEventManager9AttachAppEP12CApplication	DIFF	97	N			Y	Y	source/DNFServer/GameServer/Monitor/OnTimeEventManager.cpp	0	EH_OR_CLEANUP	exception/cleanup pattern present
monitor	_ZN20CItemLimitEditionMgr10registItemERK28stItemLimitEditionItemInfo_t	DIFF	239	N			N	Y	source/DNFServer/GameServer/Monitor/ItemLimitEditionManager.cpp	0	CONST_OR_OFFSET	immediate/field/stack offset present
monitor	_ZN20CItemLimitEditionMgr19processScheduledJobEP12CApplicationb	DIFF	386	N			N	Y	source/DNFServer/GameServer/Monitor/ItemLimitEditionManager.cpp	0	CONST_OR_OFFSET	immediate/field/stack offset present
monitor	_ZN20CTask_ChristmasEvent10_DoExecuteEv	DIFF	158	N			Y	Y	source/DNFServer/GameServer/Monitor/TaskImpl.cpp	0	EH_OR_CLEANUP	exception/cleanup pattern present
monitor	_ZN20CTask_ChristmasEvent18MakeEventStartTickEi	DIFF	375	N			N	Y	source/DNFServer/GameServer/Monitor/TaskImpl.cpp	0	CONST_OR_OFFSET	immediate/field/stack offset present
monitor	_ZN22LimitNpcBuyItemManager10registItemER15NpcBuyLimitItem	DIFF	100	N			N	Y	source/DNFServer/GameServer/Monitor/LimitNpcBuyItem.cpp	2	CONST_OR_OFFSET	immediate/field/stack offset present
monitor	_ZN22LimitNpcBuyItemManager23getNpcLimitBuyItemCountEjR25LimitNpcBuyItemChangeInfo	DIFF	100	N			N	N		0	NEEDS_REVERSE	source location missing from md
monitor	_ZN22LimitNpcBuyItemManager25getNpcLimitBuyItemInfoAllEP22LimitNpcBuyItemInfoAll	DIFF	198	N			N	Y	source/DNFServer/GameServer/Monitor/LimitNpcBuyItem.cpp	0	CONST_OR_OFFSET	immediate/field/stack offset present
monitor	_ZN28TowerOfDespairReloadAPC_Task33SendRequest_DoRandomSelectUserAPCEv	NEAR	106	Y			N	Y	source/DNFServer/GameServer/Monitor/TowerOfDespairReloadAPC.cpp	6	CODEGEN_TAIL	same mnemonic sequence; operand/codegen tail
monitor	_ZN41TowerOfDespairWaitGameServerResponse_Task10_DoExecuteEv	DIFF	93	N			N	Y	source/DNFServer/GameServer/Monitor/TowerOfDespairReloadAPC.cpp	3	CONST_OR_OFFSET	immediate/field/stack offset present
monitor	_ZN5CPeer11send_packetEPci	NEAR	270	Y			N	Y	source/DNFServer/GameServer/Monitor/Peer.cpp	5	CODEGEN_TAIL	same mnemonic sequence; operand/codegen tail
monitor	_ZN5CPeer11send_packetEv	DIFF	302	N			N	Y	source/DNFServer/GameServer/Monitor/Peer.cpp	0	CONST_OR_OFFSET	immediate/field/stack offset present
monitor	_ZN5CPeer7parsingEi	DIFF	564	N			Y	Y	source/DNFServer/GameServer/Monitor/Peer.cpp	0	EH_OR_CLEANUP	exception/cleanup pattern present
monitor	_ZN5CUser17SendTcpGameserverEP12PacketHeader	DIFF	88	N			N	Y	source/DNFServer/GameServer/Monitor/DNFUser.cpp	0	CONST_OR_OFFSET	immediate/field/stack offset present
monitor	_ZN5CUser18MemberEnterProcessEv	DIFF	58	N			N	Y	source/DNFServer/GameServer/Monitor/DNFUser.cpp	0	CONST_OR_OFFSET	immediate/field/stack offset present
monitor	_ZN5CUser8DelBuddyEPc	DIFF	108	N			Y	Y	source/DNFServer/GameServer/Monitor/DNFUser.cpp	0	EH_OR_CLEANUP	exception/cleanup pattern present
monitor	_ZN7CMember10LoadMemberER14STMemberDBInfosjj	DIFF	129	N			N	Y	source/DNFServer/GameServer/Monitor/DNFMember.cpp	0	CONST_OR_OFFSET	immediate/field/stack offset present
monitor	_ZN7CMember21GetConnLowerMemberCntEv	DIFF	86	N			N	Y	source/DNFServer/GameServer/Monitor/DNFMember.cpp	9	CONST_OR_OFFSET	immediate/field/stack offset present
monitor	_ZN7CMember21IncConnLowerMemberExpEijj	DIFF	156	N			N	Y	source/DNFServer/GameServer/Monitor/DNFMember.cpp	0	CONST_OR_OFFSET	immediate/field/stack offset present
monitor	_ZN7CMember21NoticeLevelUpToLowersEj	DIFF	114	N			N	Y	source/DNFServer/GameServer/Monitor/DNFMember.cpp	0	CONST_OR_OFFSET	immediate/field/stack offset present
monitor	_ZN7CMember21NoticeMemberLogin_OutEP5CUserc	DIFF	456	N			N	Y	source/DNFServer/GameServer/Monitor/DNFMember.cpp	0	CONST_OR_OFFSET	immediate/field/stack offset present
monitor	_ZN7CMember28NoticeChatMsgToMemberMembersEPciP5CUser	DIFF	279	N			N	Y	source/DNFServer/GameServer/Monitor/DNFMember.cpp	0	CONST_OR_OFFSET	immediate/field/stack offset present
monitor	_ZN7CMember37NoticeChatMsgToMemberMembersHyperLinkEPcihPK19hyperlink_item_infoP5CUser	DIFF	330	N			N	N		0	NEEDS_REVERSE	source location missing from md
monitor	_ZN8WongWork11CGMAccounts12AppendGM_SysEjc	NEAR	78	Y			N	Y	source/DNFServer/GameServer/Monitor/GMAccounts.cpp	2	CODEGEN_TAIL	same mnemonic sequence; operand/codegen tail
monitor	_ZN9TCPSocket7connectEPKct	DIFF	120	N			N	Y	source/DNFServer/GameServer/Monitor/DNFTcpSocket.cpp	0	CONST_OR_OFFSET	immediate/field/stack offset present
monitor	_ZNK11CUdpHandler12SendToClientEPcitPKcj	DIFF	370	N			N	N		0	NEEDS_REVERSE	source location missing from md
monitor	_ZNK11CUdpHandler12SendToServerEPcitPKc	DIFF	302	N			N	Y	source/DNFServer/GameServer/Monitor/DNFUdpHandler.cpp	15	CONST_OR_OFFSET	immediate/field/stack offset present
monitor	_ZNK11CUdpHandler14RecvFromClientEPcPiPjPt	DIFF	330	N			N	N		0	NEEDS_REVERSE	source location missing from md
monitor	_ZNK11CUdpHandler14RecvFromServerEPcPiPjPt	DIFF	314	N			N	N		0	NEEDS_REVERSE	source location missing from md
monitor	_ZNK17CItemLimitEdition12makeItemInfoER28stItemLimitEditionItemInfo_t	NEAR	54	Y			N	Y	source/DNFServer/GameServer/Monitor/ItemLimitEditionManager.cpp	5	CODEGEN_TAIL	same mnemonic sequence; operand/codegen tail
monitor	_ZNK20CItemLimitEditionMgr32makeItemLimitEditionUpdatePacketER32Packet_Item_Limit_Edition_Update	NEAR	156	Y			N	N		5	NEEDS_REVERSE	source location missing from md
monitor	_ZNK20CItemLimitEditionMgr35makeItemLimitEditionSellStartPacketER36Packet_Item_Limit_Edition_Sell_Start	DIFF	103	N			N	N		5	NEEDS_REVERSE	source location missing from md
statics	_ZN14CNetworkThread8dispatchEPv	DIFF	1092	N			Y	Y	source/DNFServer/GameServer/Statics/DNFNetworkThread.cpp	0	EH_OR_CLEANUP	exception/cleanup pattern present
statics	_ZN16StatisticManager16AddLagStatisticsEP26Packet_Stat_Lag_Statistics	DIFF	929	N			Y	Y	source/DNFServer/GameServer/Statics/Statistics.cpp	0	EH_OR_CLEANUP	exception/cleanup pattern present
statics	_ZN16StatisticManager19SendDBLagStatisticsEP14CServerHandlerPc	DIFF	607	N			N	Y	source/DNFServer/GameServer/Statics/Statistics.cpp	0	CONST_OR_OFFSET	immediate/field/stack offset present
statics	_ZN16StatisticManager20SendDBPartyStatisticEP14CServerHandler	DIFF	739	N			N	Y	source/DNFServer/GameServer/Statics/Statistics.cpp	0	CONST_OR_OFFSET	immediate/field/stack offset present
statics	_ZN16StatisticManager20SendDBValueStatisticEP14CServerHandler	DIFF	429	N			N	Y	source/DNFServer/GameServer/Statics/Statistics.cpp	0	CONST_OR_OFFSET	immediate/field/stack offset present
statics	_ZN16StatisticManager21AddDisjointAvatarInfoEP32Packet_Avater_Disjoint_Statistic	NEAR	154	Y			N	Y	source/DNFServer/GameServer/Statics/Statistics.cpp	0	CODEGEN_TAIL	same mnemonic sequence; operand/codegen tail
statics	_ZN16StatisticManager22AddSecretShopStatisticEP28Packet_Secret_Shop_Statistic	DIFF	369	N			N	Y	source/DNFServer/GameServer/Statics/Statistics.cpp	0	CONST_OR_OFFSET	immediate/field/stack offset present
statics	_ZN16StatisticManager23SendDBPartyJobStatisticEP14CServerHandler	DIFF	520	N			N	Y	source/DNFServer/GameServer/Statics/Statistics.cpp	0	CONST_OR_OFFSET	immediate/field/stack offset present
statics	_ZN16StatisticManager23SendDBTingUserTimeCheckEP14CServerHandler	DIFF	206	N			N	Y	source/DNFServer/GameServer/Statics/Statistics.cpp	0	CONST_OR_OFFSET	immediate/field/stack offset present
statics	_ZN16StatisticManager25SendDBSecretShopStatisticEP14CServerHandler	DIFF	230	N			N	Y	source/DNFServer/GameServer/Statics/Statistics.cpp	0	CONST_OR_OFFSET	immediate/field/stack offset present
statics	_ZN16StatisticManager26AddTowerOfDespairStatisticEP35Packet_TowerOfDespair_Statistic_GTS	DIFF	126	N			N	Y	source/DNFServer/GameServer/Statics/Statistics.cpp	0	CONST_OR_OFFSET	immediate/field/stack offset present
statics	_ZN16StatisticManager26SendDBCirculationStatisticEP14CServerHandler	DIFF	611	N			N	Y	source/DNFServer/GameServer/Statics/Statistics.cpp	0	CONST_OR_OFFSET	immediate/field/stack offset present
statics	_ZN16StatisticManager26SendDBPartyCharacStatisticEP14CServerHandler	DIFF	599	N			N	Y	source/DNFServer/GameServer/Statics/Statistics.cpp	0	CONST_OR_OFFSET	immediate/field/stack offset present
statics	_ZN16StatisticManager26WriteDungeonPartyStatisticEP30Packet_Dungeon_Statistic_Party	DIFF	383	N			Y	Y	source/DNFServer/GameServer/Statics/Statistics.cpp	0	EH_OR_CLEANUP	exception/cleanup pattern present
statics	_ZN16StatisticManager27WriteAssertManagerStatisticEP26Packet_Assert_Manager_Info	DIFF	401	N			Y	Y	source/DNFServer/GameServer/Statics/Statistics.cpp	0	EH_OR_CLEANUP	exception/cleanup pattern present
statics	_ZN16StatisticManager27WriteHellPartyStatisticItemEP31Packet_HellParty_Statistic_Item	DIFF	311	N			Y	Y	source/DNFServer/GameServer/Statics/Statistics.cpp	0	EH_OR_CLEANUP	exception/cleanup pattern present
statics	_ZN16StatisticManager28SendDBAssertManagerStatisticEP14CServerHandler	DIFF	260	N			N	Y	source/DNFServer/GameServer/Statics/Statistics.cpp	0	CONST_OR_OFFSET	immediate/field/stack offset present
statics	_ZN16StatisticManager28SendDBHellPartyStatisticItemEP14CServerHandler	DIFF	361	N			N	Y	source/DNFServer/GameServer/Statics/Statistics.cpp	0	CONST_OR_OFFSET	immediate/field/stack offset present
statics	_ZN16StatisticManager29WriteDungeonPartyJobStatisticEP34Packet_Dungeon_Statistic_Party_Job	DIFF	311	N			Y	Y	source/DNFServer/GameServer/Statics/Statistics.cpp	0	EH_OR_CLEANUP	exception/cleanup pattern present
statics	_ZN16StatisticManager30AddLoadingTimeReportStatisticsEP37Packet_Loading_Time_Report_Statistics	DIFF	813	N			Y	Y	source/DNFServer/GameServer/Statics/Statistics.cpp	0	EH_OR_CLEANUP	exception/cleanup pattern present
statics	_ZN16StatisticManager30SendDBDeathTowerValueStatisticEP14CServerHandler	DIFF	277	N			N	Y	source/DNFServer/GameServer/Statics/Statistics.cpp	0	CONST_OR_OFFSET	immediate/field/stack offset present
statics	_ZN16StatisticManager31WriteUserTingTImeCheckStatisticEP40Packet_User_Ting_TimeCheck_Statistic_Add	DIFF	445	N			Y	N		0	NEEDS_REVERSE	source location missing from md
statics	_ZN16StatisticManager32SendDBUserTingTimeCheckStatisticEP14CServerHandler	DIFF	203	N			N	Y	source/DNFServer/GameServer/Statics/Statistics.cpp	0	CONST_OR_OFFSET	immediate/field/stack offset present
statics	_ZN16StatisticManager32WriteDungeonPartyCharacStatisticEP37Packet_Dungeon_Statistic_Party_Charac	DIFF	385	N			Y	Y	source/DNFServer/GameServer/Statics/Statistics.cpp	0	EH_OR_CLEANUP	exception/cleanup pattern present
statics	_ZN16StatisticManager35WriteDeathTowerPlayDataJobStatisticEP40Packet_DeathTower_Statistic_Playdata_Job	DIFF	293	N			Y	N		0	NEEDS_REVERSE	source location missing from md
statics	_ZN16StatisticManager36SendDBDeathTowerPlayDataJobStatisticEP14CServerHandler	DIFF	481	N			N	Y	source/DNFServer/GameServer/Statics/Statistics.cpp	0	CONST_OR_OFFSET	immediate/field/stack offset present
statics	_ZN16StatisticManager37WriteDeathTowerPlayDataPartyStatisticEP42Packet_DeathTower_Statistic_Playdata_Party	DIFF	281	N			Y	N		0	NEEDS_REVERSE	source location missing from md
statics	_ZN16StatisticManager38SendDBDeathTowerPlayDataPartyStatisticEP14CServerHandler	DIFF	322	N			N	Y	source/DNFServer/GameServer/Statics/Statistics.cpp	0	CONST_OR_OFFSET	immediate/field/stack offset present
statics	_ZN17CHWSpecResearcher14SendDBMWHWSpecEP14CServerHandlerh	DIFF	226	N			N	Y	source/DNFServer/GameServer/Statics/HWSpecResearcher.cpp	0	CONST_OR_OFFSET	immediate/field/stack offset present
statics	_ZN17CHWSpecResearcher17SendDBMWErrorLineEP14CServerHandler	DIFF	229	N			N	Y	source/DNFServer/GameServer/Statics/HWSpecResearcher.cpp	14	CONST_OR_OFFSET	immediate/field/stack offset present
statics	_ZN17CPacketTranslater23OnFrameLagStatisticsAddEP12PacketHeader	DIFF	1107	N			Y	Y	source/DNFServer/GameServer/Statics/DNFPacketTranslater.cpp	0	EH_OR_CLEANUP	exception/cleanup pattern present
statics	_ZN17FrameLagCollector14SaveUsedMemoryEP14CServerHandler	DIFF	204	N			N	Y	source/DNFServer/GameServer/Statics/FrameLagCollector.cpp	0	CONST_OR_OFFSET	immediate/field/stack offset present
statics	_ZN17FrameLagCollector16SaveFrameLagDataEP14CServerHandler	DIFF	851	N			N	Y	source/DNFServer/GameServer/Statics/FrameLagCollector.cpp	0	CONST_OR_OFFSET	immediate/field/stack offset present
statics	_ZN17FrameLagCollector17accFrameLagStructERNS_18FrameLagDataStructEP14FrameLagStruct	DIFF	738	N			N	N		0	NEEDS_REVERSE	source location missing from md
statics	_ZN17FrameLagCollector18FrameLagDataStruct4initEv	DIFF	205	N			N	Y	source/DNFServer/GameServer/Statics/FrameLagCollector.cpp	0	CONST_OR_OFFSET	immediate/field/stack offset present
statics	_ZN17FrameLagCollector19PushOneFrameLagDataEP30Packet_Frame_Lag_Statistic_Add	DIFF	769	N			N	Y	source/DNFServer/GameServer/Statics/FrameLagCollector.cpp	0	CONST_OR_OFFSET	immediate/field/stack offset present
statics	_ZN17FrameLagCollector22PushMonitoringSpecDataEP43Packet_Frame_Lag_Statistic_Result_Load_Spec	DIFF	386	N			N	Y	source/DNFServer/GameServer/Statics/FrameLagCollector.cpp	0	CONST_OR_OFFSET	immediate/field/stack offset present
statics	_ZN17FrameLagCollector22PushMonitoringSpecDataEP45Packet_Frame_Lag_Statistic_Result_Reload_Spec	DIFF	622	N			N	Y	source/DNFServer/GameServer/Statics/FrameLagCollector.cpp	0	CONST_OR_OFFSET	immediate/field/stack offset present
statics	_ZN17FrameLagCollector25is_valid_statistic_packetEP30Packet_Frame_Lag_Statistic_Add	DIFF	254	N			N	Y	source/DNFServer/GameServer/Statics/FrameLagCollector.cpp	0	CONST_OR_OFFSET	immediate/field/stack offset present
statics	_ZN17FrameLagCollector27SaveCollectedDirectxVersionEP14CServerHandler	DIFF	191	N			N	Y	source/DNFServer/GameServer/Statics/FrameLagCollector.cpp	0	CONST_OR_OFFSET	immediate/field/stack offset present
statics	_ZN25stDisjointAvatarInfoTotal5clearEv	DIFF	99	N			N	Y	source/DNFServer/GameServer/Statics/GMAccounts.cpp	0	CONST_OR_OFFSET	immediate/field/stack offset present
statics	_ZN25stDisjointAvatarInfoTotal8incCountEiiii	DIFF	122	N			N	Y	source/DNFServer/GameServer/Statics/GMAccounts.cpp	0	CONST_OR_OFFSET	immediate/field/stack offset present
manager	_ZN13CTcpNetSystem10SendPacketEv	NEAR	418	Y			Y	Y	source/DNFServer/GameServer/Manager/TcpNetSystem.cpp	14	EH_OR_CLEANUP	exception/cleanup pattern present
manager	_ZN5CPeer7parsingEi	DIFF	583	N			Y	Y	source/DNFServer/GameServer/Manager/Peer.cpp	0	EH_OR_CLEANUP	exception/cleanup pattern present
