symbol,demangled,category,reason,diff_excerpt,date
_Z14NumberToStringji,"NumberToString(unsigned int, int)",codegen_diff,"栈帧/局部布局差异 2 处（栈局部偏移不同（lea    -0x208(%eax),%eax | lea    -0x210(%eax),%eax）；栈局部偏移不同（lea    -0x208(%eax),%eax | lea    -0x210(%eax),%eax））","--- ORIG（伪代码化）
+++ OURS（伪代码化）
@@ -1,22 +1,22 @@
 push   %ebp
 mov    %esp,%ebp
 sub    $0x18,%esp
 mov    0xc(%ebp),%eax
 mov    %eax,%edx
 shl    $0x6,%edx
 mov    %gs:0x0,%eax
-lea    -0x208(%eax),%eax
+lea    -0x210(%eax),%eax",2026-08-11
_Z14NumberToStringyi,"NumberToString(unsigned long long, int)",codegen_diff,"栈帧/局部布局差异 2 处（栈局部偏移不同（lea    -0x208(%eax),%eax | lea    -0x210(%eax),%eax）；栈局部偏移不同（lea    -0x208(%eax),%eax | lea    -0x210(%eax),%eax））","--- ORIG（伪代码化）
+++ OURS（伪代码化）
@@ -1,29 +1,29 @@
 push   %ebp
 mov    %esp,%ebp
 sub    $0x28,%esp
 mov    0x8(%ebp),%eax
 mov    %eax,-0x10(%ebp)
 mov    0xc(%ebp),%eax
 mov    %eax,-0xc(%ebp)
 mov    0x10(%ebp),%eax
 mov    %eax,%edx",2026-08-11
_Z14signal_handleri,signal_handler(int),caliber_issue,"立即数/常量差异 1 处（立即数不同（sub    $0x18,%esp | sub    $0x28,%esp））；其余指令差异 8 处（操作数差异（mov    %eax,(%esp) | mov    %eax,-0x10(%ebp)）；助记符不同（call   <T> <_ZNK17CSignalTranslator9getSignalEi> | mov    0x8(%ebp),%eax））","--- ORIG（伪代码化）
+++ OURS（伪代码化）
@@ -1,16 +1,21 @@
 push   %ebp
 mov    %esp,%ebp
-sub    $0x18,%esp
+sub    $0x28,%esp
 call   <T> <_Z25CSignalTranslatorInstancev>
+mov    %eax,-0x10(%ebp)
+mov    0x8(%ebp),%eax
+mov    %eax,0x4(%esp)
+mov    -0x10(%ebp),%eax",2026-08-11
_Z20CApplicationInstancev,CApplicationInstance(),caliber_issue,"匿名数据指针差异 1 处（匿名数据指针差异（movl   $&data#b8e3732b(.rodata),0x8(%esp) | movl   $&data#193a0d28(.data),0x8(%esp)））","--- ORIG（伪代码化）
+++ OURS（伪代码化）
@@ -1,44 +1,44 @@
 push   %ebp
 mov    %esp,%ebp
 push   %edi
 push   %esi
 push   %ebx
 sub    $0x1c,%esp
 mov    $&_ZGVZ20CApplicationInstancevE8instance,%eax
 movzbl (%eax),%eax
 test   %al,%al",2026-08-11
_Z21CPacketTracerInstancev,CPacketTracerInstance(),caliber_issue,"匿名数据指针差异 1 处（匿名数据指针差异（movl   $&data#b8e3732b(.rodata),0x8(%esp) | movl   $&data#193a0d28(.data),0x8(%esp)））","--- ORIG（伪代码化）
+++ OURS（伪代码化）
@@ -1,44 +1,44 @@
 push   %ebp
 mov    %esp,%ebp
 push   %edi
 push   %esi
 push   %ebx
 sub    $0x1c,%esp
 mov    $&_ZGVZ21CPacketTracerInstancevE8instance,%eax
 movzbl (%eax),%eax
 test   %al,%al",2026-08-11
_Z21GetScheduleTimeAsWDayii,"GetScheduleTimeAsWDay(int, int)",codegen_diff,"等价指令形态差异 1 处（等价指令形态差异（lea vs mov））；栈帧/局部布局差异 14 处（栈局部偏移不同（lea    -0x10(%ebp),%eax | lea    -0x18(%ebp),%eax）；栈局部偏移不同（mov    %edx,-0x40(%ebp) | mov    -0x14(%ebp),%eax））；其余指令差异 26 处（助记符不同（lea    -0x10(%ebp),%eax | movl   $0x0,(%esp)）；操作数差异（mov    %eax,(%esp) | mov    %eax,-0x18(%ebp)））","--- ORIG（伪代码化）
+++ OURS（伪代码化）
@@ -1,59 +1,70 @@
 push   %ebp
 mov    %esp,%ebp
 sub    $0x58,%esp
-lea    -0x10(%ebp),%eax
-mov    %eax,(%esp)
+movl   $0x0,(%esp)
 call   <T> <time>
-lea    -0x10(%ebp),%eax
+mov    %eax,-0x18(%ebp)",2026-08-11
_Z22CFileLogWriterInstancev,CFileLogWriterInstance(),caliber_issue,"匿名数据指针差异 1 处（匿名数据指针差异（movl   $&data#b8e3732b(.rodata),0x8(%esp) | movl   $&data#193a0d28(.data),0x8(%esp)））","--- ORIG（伪代码化）
+++ OURS（伪代码化）
@@ -1,44 +1,44 @@
 push   %ebp
 mov    %esp,%ebp
 push   %edi
 push   %esi
 push   %ebx
 sub    $0x1c,%esp
 mov    $&_ZGVZ22CFileLogWriterInstancevE8instance,%eax
 movzbl (%eax),%eax
 test   %al,%al",2026-08-11
_Z22CPacketDecoderInstancev,CPacketDecoderInstance(),caliber_issue,"匿名数据指针差异 1 处（匿名数据指针差异（movl   $&data#b8e3732b(.rodata),0x8(%esp) | movl   $&data#193a0d28(.data),0x8(%esp)））","--- ORIG（伪代码化）
+++ OURS（伪代码化）
@@ -1,25 +1,25 @@
 push   %ebp
 mov    %esp,%ebp
 sub    $0x18,%esp
 mov    $&_ZGVZ22CPacketDecoderInstancevE8instance,%eax
 movzbl (%eax),%eax
 test   %al,%al
 jne    <T> <_Z22CPacketDecoderInstancev+0x5c>
 movl   $&_ZGVZ22CPacketDecoderInstancevE8instance,(%esp)
 call   <T> <__cxa_guard_acquire>",2026-08-11
_Z24CheckDayScheduleTimeOveril,"CheckDayScheduleTimeOver(int, long)",codegen_diff,"寄存器分配差异 1 处（寄存器分配差异（imul   $0xfffeae80,%eax,%edx | imul   $0xfffeae80,%eax,%eax））；等价指令形态差异 1 处（等价指令形态差异（lea vs mov））；其余指令差异 5 处（助记符不同（lea    -0xc(%ebp),%eax | movl   $0x0,(%esp)）；操作数差异（mov    %eax,(%esp) | mov    %eax,-0x10(%ebp)））","--- ORIG（伪代码化）
+++ OURS（伪代码化）
@@ -1,14 +1,16 @@
 push   %ebp
 mov    %esp,%ebp
 sub    $0x28,%esp
-lea    -0xc(%ebp),%eax
-mov    %eax,(%esp)
+movl   $0x0,(%esp)
 call   <T> <time>
+mov    %eax,-0x10(%ebp)
 mov    0x8(%ebp),%eax",2026-08-11
_Z25CSignalTranslatorInstancev,CSignalTranslatorInstance(),caliber_issue,"匿名数据指针差异 1 处（匿名数据指针差异（movl   $&data#b8e3732b(.rodata),0x8(%esp) | movl   $&data#193a0d28(.data),0x8(%esp)））","--- ORIG（伪代码化）
+++ OURS（伪代码化）
@@ -1,25 +1,25 @@
 push   %ebp
 mov    %esp,%ebp
 sub    $0x18,%esp
 mov    $&_ZGVZ25CSignalTranslatorInstancevE8instance,%eax
 movzbl (%eax),%eax
 test   %al,%al
 jne    <T> <_Z25CSignalTranslatorInstancev+0x5c>
 movl   $&_ZGVZ25CSignalTranslatorInstancevE8instance,(%esp)
 call   <T> <__cxa_guard_acquire>",2026-08-11
_Z26CheckDailyScheduleTimeOveril,"CheckDailyScheduleTimeOver(int, long)",caliber_issue,"等价指令形态差异 1 处（等价指令形态差异（mov vs lea））；栈帧/局部布局差异 18 处（栈局部偏移不同（lea    -0x10(%ebp),%eax | lea    -0x14(%ebp),%eax）；栈局部偏移不同（mov    %edx,-0x3c(%ebp) | mov    -0x10(%ebp),%eax））；立即数/常量差异 1 处（立即数不同（sub    $0x78,%esp | sub    $0x58,%esp））；其余指令差异 21 处（助记符不同（lea    -0x10(%ebp),%eax | movl   $0x0,(%esp)）；操作数差异（mov    %eax,(%esp) | mov    %eax,-0x14(%ebp)））","--- ORIG（伪代码化）
+++ OURS（伪代码化）
@@ -1,70 +1,56 @@
 push   %ebp
 mov    %esp,%ebp
-sub    $0x78,%esp
-lea    -0x10(%ebp),%eax
-mov    %eax,(%esp)
+sub    $0x58,%esp
+movl   $0x0,(%esp)
 call   <T> <time>
-lea    -0x10(%ebp),%eax",2026-08-11
_Z28CheckDayHourScheduleTimeOveriil,"CheckDayHourScheduleTimeOver(int, int, long)",caliber_issue,"等价指令形态差异 2 处（等价指令形态差异（mov vs lea）；等价指令形态差异（mov vs movzbl））；栈帧/局部布局差异 18 处（栈局部偏移不同（lea    -0x10(%ebp),%eax | lea    -0x14(%ebp),%eax）；栈局部偏移不同（mov    %edx,-0x3c(%ebp) | mov    -0x10(%ebp),%eax））；立即数/常量差异 1 处（立即数不同（sub    $0x78,%esp | sub    $0x58,%esp））；其余指令差异 24 处（助记符不同（lea    -0x10(%ebp),%eax | movl   $0x0,(%esp)）；操作数差异（mov    %eax,(%esp) | mov    %eax,-0x14(%ebp)））","--- ORIG（伪代码化）
+++ OURS（伪代码化）
@@ -1,73 +1,57 @@
 push   %ebp
 mov    %esp,%ebp
-sub    $0x78,%esp
-lea    -0x10(%ebp),%eax
-mov    %eax,(%esp)
+sub    $0x58,%esp
+movl   $0x0,(%esp)
 call   <T> <time>
-lea    -0x10(%ebp),%eax",2026-08-11
_ZN10CAppConfig11Parse_TableEPci,"CAppConfig::Parse_Table(char*, int)",other,"真实调用目标差异 1 处（调用目标不同（call   <T> <atoi> | call   <T> <strncpy>））；等价指令形态差异 13 处（等价指令形态差异（mov vs lea）；等价指令形态差异（mov vs lea））；栈帧/局部布局差异 9 处（栈局部偏移不同（lea    -0x28(%ebp),%eax | lea    -0x38(%ebp),%eax）；栈局部偏移不同（lea    -0x15(%ebp),%edx | lea    -0x2c(%ebp),%eax））；基本块布局差异 6 处（函数内跳转偏移不同（jmp    <T> <_ZN10CAppConfig11Parse_TableEPci+0x266> | jmp    <T> <_ZN10CAppConfig11Parse_TableEPci+0x278>）；函数内跳转偏移不同（jg     <T> <_ZN10CAppConfig11Parse_TableEPci+0x17f> | jg     <T> <_ZN10CAppConfig11Parse_TableEPci+0x17e>））；立即数/常量差异 1 处（立即数不同（sub    $0x50,%esp | sub    $0x60,%esp））；匿名数据指针差异 1 处（匿名数据指针差异（mov    &data#05ed3e65(.rodata)(%eax),%eax | mov    -0x34(%ebp),%eax））；其余指令差异 52 处（助记符不同（cmp    $0x2,%eax | mov    %eax,-0x10(%ebp)）；助记符不同（sete   %al | cmpl   $0x2,-0x10(%ebp)））","--- ORIG（伪代码化）
+++ OURS（伪代码化）
@@ -1,178 +1,182 @@
 push   %ebp
 mov    %esp,%ebp
 push   %esi
 push   %ebx
-sub    $0x50,%esp
+sub    $0x60,%esp
 mov    0xc(%ebp),%eax
 movzbl (%eax),%eax
 cmp    $0x23,%al",2026-08-11
_ZN10CAppConfig15Get_DBMWTcpPortEv,CAppConfig::Get_DBMWTcpPort(),codegen_diff,"等价指令形态差异 1 处（字节强转读取形态差（ORIG 直接偏移加载 movzwl 0x10(%eax),%eax vs OURS add+加载））","--- ORIG（伪代码化）
+++ OURS（伪代码化）
@@ -1,6 +1,7 @@
 push   %ebp
 mov    %esp,%ebp
 mov    0x8(%ebp),%eax
-movzwl 0x10(%eax),%eax
+add    $0x10,%eax
+movzwl (%eax),%eax
 pop    %ebp
 ret",2026-08-11
_ZN10CAppConfig15Get_ServerGroupEv,CAppConfig::Get_ServerGroup(),codegen_diff,"等价指令形态差异 1 处（字节强转读取形态差（ORIG 直接偏移加载 movzbl 0xa(%eax),%eax vs OURS add+加载））","--- ORIG（伪代码化）
+++ OURS（伪代码化）
@@ -1,6 +1,7 @@
 push   %ebp
 mov    %esp,%ebp
 mov    0x8(%ebp),%eax
-movzbl 0xa(%eax),%eax
+add    $0xa,%eax
+movzbl (%eax),%eax
 pop    %ebp
 ret",2026-08-11
_ZN10CAppConfig17Get_ServerTcpPortEv,CAppConfig::Get_ServerTcpPort(),codegen_diff,"等价指令形态差异 1 处（字节强转读取形态差（ORIG 直接偏移加载 movzwl 0x8(%eax),%eax vs OURS add+加载））","--- ORIG（伪代码化）
+++ OURS（伪代码化）
@@ -1,6 +1,7 @@
 push   %ebp
 mov    %esp,%ebp
 mov    0x8(%ebp),%eax
-movzwl 0x8(%eax),%eax
+add    $0x8,%eax
+movzwl (%eax),%eax
 pop    %ebp
 ret",2026-08-11
_ZN10CAppConfig17Get_ServerUdpPortEv,CAppConfig::Get_ServerUdpPort(),codegen_diff,"等价指令形态差异 1 处（字节强转读取形态差（ORIG 直接偏移加载 movzwl 0x6(%eax),%eax vs OURS add+加载））","--- ORIG（伪代码化）
+++ OURS（伪代码化）
@@ -1,6 +1,7 @@
 push   %ebp
 mov    %esp,%ebp
 mov    0x8(%ebp),%eax
-movzwl 0x6(%eax),%eax
+add    $0x6,%eax
+movzwl (%eax),%eax
 pop    %ebp
 ret",2026-08-11
_ZN10CAppConfig18clearServerInfoMapEv,CAppConfig::clearServerInfoMap(),codegen_diff,"STL 模板实例化差异（GCC 4.1 ORIG vs GCC 4.4 重建的 libstdc++：const_iterator 转换、operator->/operator*、operator!=/operator== 等） 1 处（STL 调用差异（call   <T> <_ZNKSt17_Rb_tree_iteratorISt4pairIKjP12stServerInfoEEptEv> | call   <T> <_ZNSt17_Rb_tree_iteratorISt4pairIKjP12stServerInfoEEppEv>））；等价指令形态差异 2 处（等价指令形态差异（mov vs lea）；等价指令形态差异（mov vs lea））；栈帧/局部布局差异 2 处（栈局部偏移不同（lea    -0x14(%ebp),%eax | lea    -0x10(%ebp),%eax）；栈局部偏移不同（lea    -0x14(%ebp),%eax | lea    -0x10(%ebp),%eax））；基本块布局差异 1 处（函数内跳转偏移不同（jmp    <T> <_ZN10CAppConfig18clearServerInfoMapEv+0x7c> | jmp    <T> <_ZN10CAppConfig18clearServerInfoMapEv+0x41>））；其余指令差异 2 处（助记符不同（test   %eax,%eax | lea    -0xc(%ebp),%eax）；助记符不同（setne  %al | mov    %eax,0x4(%esp)））","--- ORIG（伪代码化）
+++ OURS（伪代码化）
@@ -1,56 +1,40 @@
 push   %ebp
 mov    %esp,%ebp
 sub    $0x28,%esp
 mov    0x8(%ebp),%eax
 lea    0x14(%eax),%edx
-lea    -0x14(%ebp),%eax
+lea    -0x10(%ebp),%eax
 mov    %edx,0x4(%esp)
 mov    %eax,(%esp)",2026-08-11
_ZN10CAppConfig19Get_FrameCountValueEv,CAppConfig::Get_FrameCountValue(),codegen_diff,"等价指令形态差异 1 处（字节强转读取形态差（ORIG 直接偏移加载 movzbl 0x4(%eax),%eax vs OURS add+加载））；其余指令差异 1 处（操作数差异（movzbl %al,%eax | movzbl (%eax),%eax））","--- ORIG（伪代码化）
+++ OURS（伪代码化）
@@ -1,7 +1,7 @@
 push   %ebp
 mov    %esp,%ebp
 mov    0x8(%ebp),%eax
-movzbl 0x4(%eax),%eax
-movzbl %al,%eax
+add    $0x4,%eax
+movzbl (%eax),%eax
 pop    %ebp
 ret",2026-08-11
_ZN10CAppConfigC1Ev,CAppConfig::CAppConfig(),caliber_issue,"寄存器分配差异 2 处（寄存器分配差异（pop    %ebx | pop    %esi）；寄存器分配差异（pop    %esi | pop    %ebp））；基本块布局差异 1 处（函数内跳转偏移不同（jmp    <T> <_ZN10CAppConfigC1Ev+0x95> | jmp    <T> <_ZN10CAppConfigC1Ev+0x9a>））；匿名数据指针差异 1 处（匿名数据指针差异（movl   $&data#d3a43ecc(.rodata),0x4(%esp) | movl   $&data#48d1da9a(.rodata),0x4(%esp)））；其余指令差异 5 处（助记符不同（movw   $0x0,0x10(%eax) | mov    0x8(%ebp),%eax）；助记符不同（mov    0x8(%ebp),%eax | movw   $0x0,0x10(%eax)））","--- ORIG（伪代码化）
+++ OURS（伪代码化）
@@ -1,61 +1,60 @@
 push   %ebp
 mov    %esp,%ebp
 push   %esi
 push   %ebx
 sub    $0x20,%esp
 mov    0x8(%ebp),%eax
 mov    %eax,(%esp)
 call   <T> <_ZN10CTableBaseC1Ev>
 mov    0x8(%ebp),%eax",2026-08-11
_ZN10CAppConfigC2Ev,CAppConfig::CAppConfig(),caliber_issue,"寄存器分配差异 2 处（寄存器分配差异（pop    %ebx | pop    %esi）；寄存器分配差异（pop    %esi | pop    %ebp））；基本块布局差异 1 处（函数内跳转偏移不同（jmp    <T> <_ZN10CAppConfigC1Ev+0x95> | jmp    <T> <_ZN10CAppConfigC1Ev+0x9a>））；匿名数据指针差异 1 处（匿名数据指针差异（movl   $&data#d3a43ecc(.rodata),0x4(%esp) | movl   $&data#48d1da9a(.rodata),0x4(%esp)））；其余指令差异 5 处（助记符不同（movw   $0x0,0x10(%eax) | mov    0x8(%ebp),%eax）；助记符不同（mov    0x8(%ebp),%eax | movw   $0x0,0x10(%eax)））","--- ORIG（伪代码化）
+++ OURS（伪代码化）
@@ -1,61 +1,60 @@
 push   %ebp
 mov    %esp,%ebp
 push   %esi
 push   %ebx
 sub    $0x20,%esp
 mov    0x8(%ebp),%eax
 mov    %eax,(%esp)
 call   <T> <_ZN10CTableBaseC1Ev>
 mov    0x8(%ebp),%eax",2026-08-11
_ZN10CMyFileLogclEPKcS1_z,"CMyFileLog::operator()(char const*, char const*, ...)",codegen_diff,"寄存器分配差异 3 处（寄存器分配差异（mov    $0x7000,%edx | mov    $0x7000,%ebx）；寄存器分配差异（mov    %edx,0x8(%esp) | mov    %ebx,0x8(%esp)））","--- ORIG（伪代码化）
+++ OURS（伪代码化）
@@ -1,45 +1,45 @@
 push   %ebp
 mov    %esp,%ebp
 push   %ebx
 sub    $0x7024,%esp
+mov    $0x7000,%ebx
+mov    %ebx,0x8(%esp)
+movl   $0x0,0x4(%esp)
 lea    -0x700c(%ebp),%eax
-mov    $0x7000,%edx",2026-08-11
_ZN10CScheduler14SetSpecialHourEi,CScheduler::SetSpecialHour(int),codegen_diff,"等价指令形态差异 1 处（等价指令形态差异（mov vs lea））；其余指令差异 3 处（操作数差异（mov    %eax,%edx | mov    0x8(%ebp),%eax）；操作数差异（mov    0x8(%ebp),%eax | mov    %al,(%edx)））","--- ORIG（伪代码化）
+++ OURS（伪代码化）
@@ -1,10 +1,11 @@
 push   %ebp
 mov    %esp,%ebp
+mov    0x8(%ebp),%eax
+lea    0x2(%eax),%edx
 mov    0xc(%ebp),%eax
-mov    %eax,%edx
+mov    %al,(%edx)
 mov    0x8(%ebp),%eax
-mov    %dl,0x2(%eax)",2026-08-11
_ZN10CScheduler17SetSpecialDayHourEii,"CScheduler::SetSpecialDayHour(int, int)",codegen_diff,"等价指令形态差异 2 处（等价指令形态差异（mov vs lea）；等价指令形态差异（mov vs lea））；其余指令差异 4 处（操作数差异（mov    %eax,%edx | mov    0x8(%ebp),%eax）；操作数差异（mov    %eax,%edx | mov    %al,(%edx)））","--- ORIG（伪代码化）
+++ OURS（伪代码化）
@@ -1,14 +1,15 @@
 push   %ebp
 mov    %esp,%ebp
+mov    0x8(%ebp),%eax
+lea    0x2(%eax),%edx
 mov    0x10(%ebp),%eax
-mov    %eax,%edx
+mov    %al,(%edx)
 mov    0x8(%ebp),%eax
-mov    %dl,0x2(%eax)",2026-08-11
_ZN10CScheduler19GetNextScheduleTimeERhS0_,"CScheduler::GetNextScheduleTime(unsigned char&, unsigned char&)",template_macro,源码未定位：第 3 节未能在候选源文件/对象中定位该函数定义（模板头文件、宏生成函数或 typedef 参数形态），无法从源码侧修复；共 240 组指令差异。,"--- ORIG（伪代码化）
+++ OURS（伪代码化）
@@ -1,137 +1,173 @@
 push   %ebp
 mov    %esp,%ebp
-sub    $0x68,%esp
-lea    -0x20(%ebp),%eax
-mov    %eax,(%esp)
+push   %ebx
+sub    $0x64,%esp
+movl   $0x0,(%esp)
 call   <T> <time>",2026-08-11
_ZN10CScheduler19IsOnTimeSpecialHourEii,"CScheduler::IsOnTimeSpecialHour(int, int)",codegen_diff,"等价指令形态差异 1 处（字节强转读取形态差（ORIG 直接偏移加载 movzbl 0x2(%eax),%eax vs OURS add+加载））；其余指令差异 4 处（助记符不同（jne    <T> <_ZN10CScheduler19IsOnTimeSpecialHourEii+0x28> | movzbl (%eax),%eax）；助记符不同（movzbl 0x1(%eax),%eax | jne    <T> <_ZN10CScheduler19IsOnTimeSpecialHourEii+0x2c>））","--- ORIG（伪代码化）
+++ OURS（伪代码化）
@@ -1,17 +1,20 @@
 push   %ebp
 mov    %esp,%ebp
 mov    0x8(%ebp),%eax
-movzbl 0x2(%eax),%eax
+add    $0x2,%eax
+movzbl (%eax),%eax
 movsbl %al,%eax
 cmp    0xc(%ebp),%eax
-jne    <T> <_ZN10CScheduler19IsOnTimeSpecialHourEii+0x28>",2026-08-11
_ZN10CScheduler21SetSpecialWeekDayHourEii,"CScheduler::SetSpecialWeekDayHour(int, int)",other,"其余指令差异 9 处（操作数差异（mov    %eax,%edx | mov    0x8(%ebp),%eax）；操作数差异（mov    0x8(%ebp),%eax | mov    0xc(%ebp),%edx））","--- ORIG（伪代码化）
+++ OURS（伪代码化）
@@ -1,14 +1,17 @@
 push   %ebp
 mov    %esp,%ebp
+mov    0x8(%ebp),%eax
+mov    0xc(%ebp),%edx
+add    $0x2,%edx
+shl    $0x2,%edx
+add    %edx,%eax
+movb   $0x1,(%eax)
+mov    0x8(%ebp),%eax",2026-08-11
_ZN10CScheduler22IsOnTimeSpecialDayHourEiii,"CScheduler::IsOnTimeSpecialDayHour(int, int, int)",codegen_diff,"等价指令形态差异 1 处（字节强转读取形态差（ORIG 直接偏移加载 movzbl 0x3(%eax),%eax vs OURS add+加载））；基本块布局差异 1 处（函数内跳转偏移不同（jne    <T> <_ZN10CScheduler22IsOnTimeSpecialDayHourEiii+0x37> | jne    <T> <_ZN10CScheduler22IsOnTimeSpecialDayHourEiii+0x3d>））；其余指令差异 5 处（助记符不同（jne    <T> <_ZN10CScheduler22IsOnTimeSpecialDayHourEiii+0x37> | movzbl (%eax),%eax）；助记符不同（movzbl 0x2(%eax),%eax | jne    <T> <_ZN10CScheduler22IsOnTimeSpecialDayHourEiii+0x3d>））","--- ORIG（伪代码化）
+++ OURS（伪代码化）
@@ -1,22 +1,26 @@
 push   %ebp
 mov    %esp,%ebp
 mov    0x8(%ebp),%eax
-movzbl 0x3(%eax),%eax
+add    $0x3,%eax
+movzbl (%eax),%eax
 movsbl %al,%eax
 cmp    0xc(%ebp),%eax
-jne    <T> <_ZN10CScheduler22IsOnTimeSpecialDayHourEiii+0x37>",2026-08-11
_ZN10CScheduler26GetSpecificDayScheduleHourEi,CScheduler::GetSpecificDayScheduleHour(int),codegen_diff,"等价指令形态差异 2 处（等价指令形态差异（movzbl vs mov）；等价指令形态差异（mov vs movsbl））；其余指令差异 6 处（助记符不同（movsbl %al,%ecx | shl    $0x2,%edx）；助记符不同（mov    0xc(%ebp),%edx | add    $0xa,%edx））","--- ORIG（伪代码化）
+++ OURS（伪代码化）
@@ -1,21 +1,27 @@
 push   %ebp
 mov    %esp,%ebp
+mov    0x8(%ebp),%eax
 mov    0xc(%ebp),%edx
+shl    $0x2,%edx
+add    $0xa,%edx
+add    %edx,%eax
+movzbl (%eax),%eax
+movsbl %al,%edx",2026-08-11
_ZN10CScheduler26IsOnTimeSpecialWeekDayHourEiii,"CScheduler::IsOnTimeSpecialWeekDayHour(int, int, int)",codegen_diff,"等价指令形态差异 2 处（等价指令形态差异（movzbl vs mov）；等价指令形态差异（cmp vs test））；其余指令差异 11 处（助记符不同（test   %al,%al | add    $0x2,%edx）；助记符不同（je     <T> <_ZN10CScheduler26IsOnTimeSpecialWeekDayHourEiii+0x3f> | shl    $0x2,%edx））","--- ORIG（伪代码化）
+++ OURS（伪代码化）
@@ -1,24 +1,33 @@
 push   %ebp
 mov    %esp,%ebp
+mov    0x8(%ebp),%eax
 mov    0xc(%ebp),%edx
+add    $0x2,%edx
+shl    $0x2,%edx
+add    %edx,%eax
+movzbl (%eax),%eax
+test   %al,%al",2026-08-11
_ZN10CScheduler5ClearEv,CScheduler::Clear(),caliber_issue,"基本块布局差异 1 处（函数内跳转偏移不同（jmp    <T> <_ZN10CScheduler5ClearEv+0x71> | jmp    <T> <_ZN10CScheduler5ClearEv+0x89>））；立即数/常量差异 1 处（立即数不同（movb   $0xff,0xb(%eax,%edx,4) | movb   $0x0,(%eax)））；其余指令差异 4 处（助记符不同（movb   $0x0,0x8(%eax,%edx,4) | mov    0x8(%ebp),%eax）；助记符不同（movb   $0xff,0x9(%eax,%edx,4) | add    $0x2,%edx））","--- ORIG（伪代码化）
+++ OURS（伪代码化）
@@ -1,38 +1,50 @@
 push   %ebp
 mov    %esp,%ebp
 sub    $0x10,%esp
 mov    0x8(%ebp),%eax
 movb   $0xff,(%eax)
 mov    0x8(%ebp),%eax
 movb   $0xff,0x1(%eax)
 mov    0x8(%ebp),%eax
 movb   $0xff,0x2(%eax)",2026-08-11
_ZN10CTableBase19Load_Txt_Table_DataEPKci,"CTableBase::Load_Txt_Table_Data(char const*, int)",codegen_diff,"等价指令形态差异 1 处（等价指令形态差异（je vs jmp））；栈帧/局部布局差异 1 处（栈局部偏移不同（cmpl   $0x0,-0xc(%ebp) | cmpl   $0x0,-0x10(%ebp)））；基本块布局差异 1 处（函数内跳转偏移不同（jmp    <T> <_ZN10CTableBase19Load_Txt_Table_DataEPKci+0xd8> | jmp    <T> <_ZN10CTableBase19Load_Txt_Table_DataEPKci+0x3c>））；其余指令差异 36 处（助记符不同（movl   $0x0,-0x10(%ebp) | mov    %eax,-0x10(%ebp)）；助记符不同（mov    %eax,-0xc(%ebp) | movl   $0x0,-0xc(%ebp)））","--- ORIG（伪代码化）
+++ OURS（伪代码化）
@@ -1,63 +1,66 @@
 push   %ebp
 mov    %esp,%ebp
 sub    $0x428,%esp
-movl   $0x0,-0x10(%ebp)
 movl   $""rb"",0x4(%esp)
 mov    0xc(%ebp),%eax
 mov    %eax,(%esp)
 call   <T> <fopen>
-mov    %eax,-0xc(%ebp)",2026-08-11
_ZN10CommonTime10SetCurTimeEv,CommonTime::SetCurTime(),other,"其余指令差异 2 处（助记符不同（lea    -0x10(%ebp),%eax | movl   $0x0,(%esp)）；操作数差异（mov    %eax,(%esp) | mov    %eax,-0x10(%ebp)））","--- ORIG（伪代码化）
+++ OURS（伪代码化）
@@ -1,44 +1,44 @@
 push   %ebp
 mov    %esp,%ebp
 sub    $0x28,%esp
-lea    -0x10(%ebp),%eax
-mov    %eax,(%esp)
+movl   $0x0,(%esp)
 call   <T> <time>
+mov    %eax,-0x10(%ebp)
 lea    -0x10(%ebp),%eax",2026-08-11
_ZN11CCashObject11SetCharacNoEj,CCashObject::SetCharacNo(unsigned int),codegen_diff,"寄存器分配差异 1 处（寄存器分配差异（mov    0xc(%ebp),%edx | mov    0xc(%ebp),%edx））","--- ORIG（伪代码化）
+++ OURS（伪代码化）
@@ -1,7 +1,7 @@
 push   %ebp
 mov    %esp,%ebp
+mov    0xc(%ebp),%edx
 mov    0x8(%ebp),%eax
-mov    0xc(%ebp),%edx
 mov    %edx,0x4(%eax)
 pop    %ebp
 ret",2026-08-11
_ZN11CCashObject13IsLifeTimeOutEv,CCashObject::IsLifeTimeOut(),codegen_diff,共 5 组指令差异,"--- ORIG（伪代码化）
+++ OURS（伪代码化）
@@ -1,18 +1,13 @@
 push   %ebp
 mov    %esp,%ebp
 mov    0x8(%ebp),%eax
 mov    (%eax),%eax
 lea    -0x1(%eax),%edx
 mov    0x8(%ebp),%eax
 mov    %edx,(%eax)
 mov    0x8(%ebp),%eax
 mov    (%eax),%eax",2026-08-11
_ZN11CCashObjectC1Ev,CCashObject::CCashObject(),other,"其余指令差异 4 处（助记符不同（mov    0x8(%ebp),%eax | add    $0x8,%eax）；助记符不同（add    $0x8,%eax | mov    %eax,(%esp)））","--- ORIG（伪代码化）
+++ OURS（伪代码化）
@@ -1,13 +1,13 @@
 push   %ebp
 mov    %esp,%ebp
 sub    $0x18,%esp
 mov    0x8(%ebp),%eax
+add    $0x8,%eax
+mov    %eax,(%esp)
+call   <T> <_ZNSt3mapIjP10CBlackUserSt4lessIjESaISt4pairIKjS1_EEEC1Ev>
+mov    0x8(%ebp),%eax
 movl   $0x5,(%eax)",2026-08-11
_ZN11CCashObjectC2Ev,CCashObject::CCashObject(),other,"其余指令差异 4 处（助记符不同（mov    0x8(%ebp),%eax | add    $0x8,%eax）；助记符不同（add    $0x8,%eax | mov    %eax,(%esp)））","--- ORIG（伪代码化）
+++ OURS（伪代码化）
@@ -1,13 +1,13 @@
 push   %ebp
 mov    %esp,%ebp
 sub    $0x18,%esp
 mov    0x8(%ebp),%eax
+add    $0x8,%eax
+mov    %eax,(%esp)
+call   <T> <_ZNSt3mapIjP10CBlackUserSt4lessIjESaISt4pairIKjS1_EEEC1Ev>
+mov    0x8(%ebp),%eax
 movl   $0x5,(%eax)",2026-08-11
_ZN11CCashObjectD1Ev,CCashObject::~CCashObject(),codegen_diff,等价指令形态差异 1 处（等价指令形态差异（push vs sub））；其余指令差异 1 处（助记符不同（push   %ebx | leave））,"--- ORIG（伪代码化）
+++ OURS（伪代码化）
@@ -1,33 +1,9 @@
 push   %ebp
 mov    %esp,%ebp
-push   %esi
-push   %ebx
-sub    $0x10,%esp
-mov    0x8(%ebp),%eax
-movl   $0x0,(%eax)
-mov    0x8(%ebp),%eax
-movl   $0x0,0x4(%eax)",2026-08-11
_ZN11CCashObjectD2Ev,CCashObject::~CCashObject(),codegen_diff,等价指令形态差异 1 处（等价指令形态差异（push vs sub））；其余指令差异 1 处（助记符不同（push   %ebx | leave））,"--- ORIG（伪代码化）
+++ OURS（伪代码化）
@@ -1,33 +1,9 @@
 push   %ebp
 mov    %esp,%ebp
-push   %esi
-push   %ebx
-sub    $0x10,%esp
-mov    0x8(%ebp),%eax
-movl   $0x0,(%eax)
-mov    0x8(%ebp),%eax
-movl   $0x0,0x4(%eax)",2026-08-11
_ZN11CGameServer10InitializeEv,CGameServer::Initialize(),codegen_diff,共 6 组指令差异,"--- ORIG（伪代码化）
+++ OURS（伪代码化）
@@ -1,14 +1,8 @@
 push   %ebp
 mov    %esp,%ebp
 sub    $0x18,%esp
 mov    0x8(%ebp),%eax
 mov    %eax,(%esp)
 call   <T> <_ZN16CServerInterface10InitializeEv>
-xor    $0x1,%eax
-test   %al,%al
-je     <T> <_ZN11CGameServer10InitializeEv+0x1f>",2026-08-11
_ZN11CGameServer7DestroyEv,CGameServer::Destroy(),codegen_diff,共 6 组指令差异,"--- ORIG（伪代码化）
+++ OURS（伪代码化）
@@ -1,14 +1,8 @@
 push   %ebp
 mov    %esp,%ebp
 sub    $0x18,%esp
 mov    0x8(%ebp),%eax
 mov    %eax,(%esp)
 call   <T> <_ZN16CServerInterface7DestroyEv>
-xor    $0x1,%eax
-test   %al,%al
-je     <T> <_ZN11CGameServer7DestroyEv+0x1f>",2026-08-11
_ZN11CGameServer9SetSocketEj,CGameServer::SetSocket(unsigned int),codegen_diff,"寄存器分配差异 1 处（寄存器分配差异（mov    0xc(%ebp),%edx | mov    0xc(%ebp),%edx））","--- ORIG（伪代码化）
+++ OURS（伪代码化）
@@ -1,7 +1,7 @@
 push   %ebp
 mov    %esp,%ebp
+mov    0xc(%ebp),%edx
 mov    0x8(%ebp),%eax
-mov    0xc(%ebp),%edx
 mov    %edx,0x10(%eax)
 pop    %ebp
 ret",2026-08-11
_ZN11CGuildBoard15printGuildBoardEv,CGuildBoard::printGuildBoard(),codegen_diff,"STL 模板实例化差异（GCC 4.1 ORIG vs GCC 4.4 重建的 libstdc++：const_iterator 转换、operator->/operator*、operator!=/operator== 等） 2 处（STL 调用差异（call   <T> <_ZNKSt17_Rb_tree_iteratorISt4pairIKj18STGuildBoardDBInfoEEptEv> | call   <T> <_ZNKSt17_Rb_tree_iteratorISt4pairIKj18STGuildBoardDBInfoEEptEv>）；STL 调用差异（call   <T> <_ZN10CMyFileLogclEPKcS1_z> | call   <T> <_ZNSt17_Rb_tree_iteratorISt4pairIKj18STGuildBoardDBInfoEEppEv>））；寄存器分配差异 2 处（寄存器分配差异（mov    %eax,(%esp) | mov    %eax,(%esp)）；寄存器分配差异（mov    %eax,(%esp) | mov    %eax,(%esp)））；等价指令形态差异 9 处（等价指令形态差异（push vs sub）；等价指令形态差异（lea vs mov））；栈帧/局部布局差异 5 处（栈局部偏移不同（lea    -0x24(%ebp),%eax | lea    -0x14(%ebp),%eax）；栈局部偏移不同（lea    -0x2c(%ebp),%eax | lea    -0x14(%ebp),%eax））；其余指令差异 24 处（助记符不同（sub    $0x4c,%esp | add    $0xc,%eax）；操作数差异（mov    0x8(%ebp),%eax | mov    -0xc(%ebp),%edx））","--- ORIG（伪代码化）
+++ OURS（伪代码化）
@@ -1,66 +1,64 @@
 push   %ebp
 mov    %esp,%ebp
-push   %edi
 push   %esi
 push   %ebx
-sub    $0x4c,%esp
+sub    $0x40,%esp
 mov    0x8(%ebp),%eax
-lea    0xc(%eax),%edx",2026-08-11
_ZN11CGuildBoard17setGuildBoardDataEjjP6CGuildiP18STGuildBoardDBInfo,"CGuildBoard::setGuildBoardData(unsigned int, unsigned int, CGuild*, int, STGuildBoardDBInfo*)",template_macro,源码未定位：第 3 节未能在候选源文件/对象中定位该函数定义（模板头文件、宏生成函数或 typedef 参数形态），无法从源码侧修复；共 97 组指令差异。,"--- ORIG（伪代码化）
+++ OURS（伪代码化）
@@ -1,96 +1,107 @@
 push   %ebp
 mov    %esp,%ebp
 sub    $0x248,%esp
-movl   $0x0,-0xc(%ebp)
-jmp    <T> <_ZN11CGuildBoard17setGuildBoardDataEjjP6CGuildiP18STGuildBoardDBInfo+0x144>
-lea    -0x219(%ebp),%eax
+mov    0x8(%ebp),%eax
+add    $0xc,%eax
+mov    %eax,-0x14(%ebp)",2026-08-11
_ZN11CGuildBoard18sendGuildBoardDataEjjjP5CUser,"CGuildBoard::sendGuildBoardData(unsigned int, unsigned int, unsigned int, CUser*)",template_macro,源码未定位：第 3 节未能在候选源文件/对象中定位该函数定义（模板头文件、宏生成函数或 typedef 参数形态），无法从源码侧修复；共 409 组指令差异。,"--- ORIG（伪代码化）
+++ OURS（伪代码化）
@@ -1,342 +1,329 @@
 push   %ebp
 mov    %esp,%ebp
 push   %ebx
-sub    $0xd74,%esp
+sub    $0x704,%esp
 cmpl   $0x0,0x18(%ebp)
-je     <T> <_ZN11CGuildBoard18sendGuildBoardDataEjjjP5CUser+0x550>
+je     <T> <_ZN11CGuildBoard18sendGuildBoardDataEjjjP5CUser+0x4e4>
 mov    0x8(%ebp),%eax",2026-08-11
_ZN11CGuildBoard20deleteGuildBoardDataEjjj,"CGuildBoard::deleteGuildBoardData(unsigned int, unsigned int, unsigned int)",codegen_diff,"寄存器分配差异 1 处（寄存器分配差异（mov    %ebx,0x14(%esp) | mov    %eax,0x14(%esp)））；等价指令形态差异 8 处（等价指令形态差异（push vs sub）；等价指令形态差异（lea vs mov））；栈帧/局部布局差异 2 处（栈局部偏移不同（lea    -0x20(%ebp),%eax | lea    -0x14(%ebp),%eax）；栈局部偏移不同（lea    -0x20(%ebp),%eax | lea    -0x10(%ebp),%eax））；其余指令差异 27 处（助记符不同（sub    $0x44,%esp | add    $0xc,%eax）；操作数差异（mov    %ecx,0x4(%esp) | mov    -0xc(%ebp),%edx））","--- ORIG（伪代码化）
+++ OURS（伪代码化）
@@ -1,69 +1,67 @@
 push   %ebp
 mov    %esp,%ebp
-push   %ebx
-sub    $0x44,%esp
+sub    $0x48,%esp
 mov    0x8(%ebp),%eax
-lea    0xc(%eax),%ecx
-lea    -0x20(%ebp),%eax
+add    $0xc,%eax",2026-08-11
_ZN11CGuildBoard20isGuildBoardDBAccessEv,CGuildBoard::isGuildBoardDBAccess(),caliber_issue,"等价指令形态差异 1 处（字节强转读取形态差（ORIG 直接偏移加载 mov    0x24(%eax),%eax vs OURS add+加载））；立即数/常量差异 1 处（立即数不同（sub    $0x28,%esp | sub    $0x18,%esp））；其余指令差异 3 处（操作数差异（mov    %eax,-0xc(%ebp) | mov    %eax,%edx）；操作数差异（mov    -0xc(%ebp),%edx | mov    (%eax),%eax））","--- ORIG（伪代码化）
+++ OURS（伪代码化）
@@ -1,19 +1,16 @@
 push   %ebp
 mov    %esp,%ebp
-sub    $0x28,%esp
+sub    $0x18,%esp
 movl   $0x0,(%esp)
 call   <T> <time>
-mov    %eax,-0xc(%ebp)
+mov    %eax,%edx
 mov    0x8(%ebp),%eax",2026-08-11
_ZN11CGuildBoard21isWebGuildBoardActionEv,CGuildBoard::isWebGuildBoardAction(),codegen_diff,"等价指令形态差异 1 处（字节强转读取形态差（ORIG 直接偏移加载 movzbl 0x4(%eax),%eax vs OURS add+加载））","--- ORIG（伪代码化）
+++ OURS（伪代码化）
@@ -1,6 +1,9 @@
 push   %ebp
 mov    %esp,%ebp
 mov    0x8(%ebp),%eax
-movzbl 0x4(%eax),%eax
+add    $0x4,%eax
+movzbl (%eax),%eax
+test   %al,%al
+setne  %al
 pop    %ebp",2026-08-11
_ZN11CGuildBoard21setGuildBoardDBAccessEv,CGuildBoard::setGuildBoardDBAccess(),codegen_diff,"寄存器分配差异 1 处（寄存器分配差异（mov    0x8(%ebp),%eax | mov    0x8(%ebp),%eax））；等价指令形态差异 2 处（等价指令形态差异（sub vs push）；等价指令形态差异（mov vs lea））；其余指令差异 3 处（助记符不同（mov    %eax,-0xc(%ebp) | sub    $0x14,%esp）；操作数差异（mov    %edx,0x24(%eax) | mov    %eax,(%ebx)））","--- ORIG（伪代码化）
+++ OURS（伪代码化）
@@ -1,11 +1,13 @@
 push   %ebp
 mov    %esp,%ebp
-sub    $0x28,%esp
+push   %ebx
+sub    $0x14,%esp
+mov    0x8(%ebp),%eax
+lea    0x24(%eax),%ebx
 movl   $0x0,(%esp)
 call   <T> <time>",2026-08-11
_ZN11CGuildBoard22setWebGuildBoardActionEb,CGuildBoard::setWebGuildBoardAction(bool),other,"其余指令差异 2 处（助记符不同（movzbl -0x4(%ebp),%edx | lea    0x4(%eax),%edx）；助记符不同（mov    %dl,0x4(%eax) | cmpb   $0x0,-0x4(%ebp)））","--- ORIG（伪代码化）
+++ OURS（伪代码化）
@@ -1,10 +1,15 @@
 push   %ebp
 mov    %esp,%ebp
 sub    $0x4,%esp
 mov    0xc(%ebp),%eax
 mov    %al,-0x4(%ebp)
 mov    0x8(%ebp),%eax
-movzbl -0x4(%ebp),%edx
-mov    %dl,0x4(%eax)
+lea    0x4(%eax),%edx",2026-08-11
_ZN11CGuildBoard24getGuildBoardDBLoadStateEv,CGuildBoard::getGuildBoardDBLoadState(),codegen_diff,"等价指令形态差异 1 处（字节强转读取形态差（ORIG 直接偏移加载 mov    0x8(%eax),%eax vs OURS add+加载））","--- ORIG（伪代码化）
+++ OURS（伪代码化）
@@ -1,6 +1,7 @@
 push   %ebp
 mov    %esp,%ebp
 mov    0x8(%ebp),%eax
-mov    0x8(%eax),%eax
+add    $0x8,%eax
+mov    (%eax),%eax
 pop    %ebp
 ret",2026-08-11
_ZN11CGuildBoard24setGuildBoardDBLoadStateE18ENUM_DB_LOAD_STATE,CGuildBoard::setGuildBoardDBLoadState(ENUM_DB_LOAD_STATE),codegen_diff,"等价指令形态差异 1 处（等价指令形态差异（mov vs lea））；其余指令差异 1 处（操作数差异（mov    %edx,0x8(%eax) | mov    0xc(%ebp),%eax））","--- ORIG（伪代码化）
+++ OURS（伪代码化）
@@ -1,7 +1,8 @@
 push   %ebp
 mov    %esp,%ebp
 mov    0x8(%ebp),%eax
-mov    0xc(%ebp),%edx
-mov    %edx,0x8(%eax)
+lea    0x8(%eax),%edx
+mov    0xc(%ebp),%eax
+mov    %eax,(%edx)
 pop    %ebp",2026-08-11
_ZN11CGuildBoard27sendMessageToDBMW_GuildFundEP14CServerHandleriP5CUser,"CGuildBoard::sendMessageToDBMW_GuildFund(CServerHandler*, int, CUser*)",codegen_diff,"寄存器分配差异 1 处（寄存器分配差异（mov    %edx,%ecx | mov    %edx,%ebx））；等价指令形态差异 15 处（等价指令形态差异（push vs sub）；等价指令形态差异（lea vs mov））；栈帧/局部布局差异 2 处（栈局部偏移不同（lea    -0x28(%ebp),%eax | lea    -0xd8(%ebp),%eax）；栈局部偏移不同（lea    -0x2c(%ebp),%eax | lea    -0xd8(%ebp),%eax））；其余指令差异 48 处（助记符不同（sub    $0x2fc,%esp | lea    -0xc(%ebp),%eax）；助记符不同（mov    %eax,-0xdd(%ebp) | call   <T> <_ZNSsC1Ev>））","--- ORIG（伪代码化）
+++ OURS（伪代码化）
@@ -1,217 +1,159 @@
 push   %ebp
 mov    %esp,%ebp
-push   %edi
 push   %esi
 push   %ebx
-sub    $0x2fc,%esp
-lea    -0xe8(%ebp),%eax
+sub    $0x2f0,%esp
+lea    -0xc(%ebp),%eax",2026-08-11
_ZN11CGuildBoard30sendMessageToDBMW_GuildLevelUPEP14CServerHandleriP5CUser,"CGuildBoard::sendMessageToDBMW_GuildLevelUP(CServerHandler*, int, CUser*)",template_macro,源码未定位：第 3 节未能在候选源文件/对象中定位该函数定义（模板头文件、宏生成函数或 typedef 参数形态），无法从源码侧修复；共 151 组指令差异。,"--- ORIG（伪代码化）
+++ OURS（伪代码化）
@@ -1,159 +1,148 @@
 push   %ebp
 mov    %esp,%ebp
-push   %edi
 push   %esi
 push   %ebx
-sub    $0x1fc,%esp
-lea    -0xe4(%ebp),%eax
+sub    $0x1f0,%esp
+lea    -0x10(%ebp),%eax",2026-08-11
_ZN11CGuildBoard37sendMessageToDBMW_GuildMasterChangingEP14CServerHandlerP5CUserPKc,"CGuildBoard::sendMessageToDBMW_GuildMasterChanging(CServerHandler*, CUser*, char const*)",template_macro,源码未定位：第 3 节未能在候选源文件/对象中定位该函数定义（模板头文件、宏生成函数或 typedef 参数形态），无法从源码侧修复；共 85 组指令差异。,"--- ORIG（伪代码化）
+++ OURS（伪代码化）
@@ -1,124 +1,129 @@
 push   %ebp
 mov    %esp,%ebp
 push   %esi
 push   %ebx
 sub    $0xf0,%esp
 lea    -0xd8(%ebp),%eax
 mov    %eax,(%esp)
 call   <T> <_ZN40Packet_DB_Load_Request_Guild_Board_WriteC1Ev>
+lea    -0xd8(%ebp),%eax",2026-08-11
_ZN11CGuildBoard5resetEv,CGuildBoard::reset(),other,"其余指令差异 3 处（助记符不同（movb   $0x0,0x4(%eax) | add    $0x4,%eax）；助记符不同（movl   $0x0,0x8(%eax) | movb   $0x0,(%eax)））","--- ORIG（伪代码化）
+++ OURS（伪代码化）
@@ -1,17 +1,20 @@
 push   %ebp
 mov    %esp,%ebp
 sub    $0x18,%esp
 mov    0x8(%ebp),%eax
 add    $0xc,%eax
 mov    %eax,(%esp)
 call   <T> <_ZNSt3mapIj18STGuildBoardDBInfoSt7greaterIjESaISt4pairIKjS0_EEE5clearEv>
 mov    0x8(%ebp),%eax
 movl   $0x0,(%eax)",2026-08-11
_ZN11CGuildBoardC1Ev,CGuildBoard::CGuildBoard(),codegen_diff,"寄存器分配差异 1 处（寄存器分配差异（mov    %ebx,%edx | mov    %ebx,%eax））；等价指令形态差异 1 处（等价指令形态差异（sub vs push））；其余指令差异 12 处（助记符不同（add    $0xc,%eax | sub    $0x2c,%esp）；助记符不同（jmp    <T> <_ZN11CGuildBoardC1Ev+0x41> | lea    0xc(%eax),%esi））","--- ORIG（伪代码化）
+++ OURS（伪代码化）
@@ -1,28 +1,37 @@
 push   %ebp
 mov    %esp,%ebp
+push   %edi
 push   %esi
 push   %ebx
-sub    $0x10,%esp
+sub    $0x2c,%esp
 mov    0x8(%ebp),%eax
-add    $0xc,%eax",2026-08-11
_ZN11CGuildBoardC2Ev,CGuildBoard::CGuildBoard(),codegen_diff,"寄存器分配差异 1 处（寄存器分配差异（mov    %ebx,%edx | mov    %ebx,%eax））；等价指令形态差异 1 处（等价指令形态差异（sub vs push））；其余指令差异 12 处（助记符不同（add    $0xc,%eax | sub    $0x2c,%esp）；助记符不同（jmp    <T> <_ZN11CGuildBoardC1Ev+0x41> | lea    0xc(%eax),%esi））","--- ORIG（伪代码化）
+++ OURS（伪代码化）
@@ -1,28 +1,37 @@
 push   %ebp
 mov    %esp,%ebp
+push   %edi
 push   %esi
 push   %ebx
-sub    $0x10,%esp
+sub    $0x2c,%esp
 mov    0x8(%ebp),%eax
-add    $0xc,%eax",2026-08-11
_ZN11CGuildBoardD1Ev,CGuildBoard::~CGuildBoard(),codegen_diff,等价指令形态差异 1 处（等价指令形态差异（push vs sub））；其余指令差异 1 处（助记符不同（push   %ebx | leave））,"--- ORIG（伪代码化）
+++ OURS（伪代码化）
@@ -1,28 +1,12 @@
 push   %ebp
 mov    %esp,%ebp
-push   %esi
-push   %ebx
-sub    $0x10,%esp
+sub    $0x18,%esp
 mov    0x8(%ebp),%eax
 mov    %eax,(%esp)
 call   <T> <_ZN11CGuildBoard5resetEv>",2026-08-11
_ZN11CGuildBoardD2Ev,CGuildBoard::~CGuildBoard(),codegen_diff,等价指令形态差异 1 处（等价指令形态差异（push vs sub））；其余指令差异 1 处（助记符不同（push   %ebx | leave））,"--- ORIG（伪代码化）
+++ OURS（伪代码化）
@@ -1,28 +1,12 @@
 push   %ebp
 mov    %esp,%ebp
-push   %esi
-push   %ebx
-sub    $0x10,%esp
+sub    $0x18,%esp
 mov    0x8(%ebp),%eax
 mov    %eax,(%esp)
 call   <T> <_ZN11CGuildBoard5resetEv>",2026-08-11
_ZN11CGuildCargo10DeleteItemER11DnfItemInfoiihii,"CGuildCargo::DeleteItem(DnfItemInfo&, int, int, unsigned char, int, int)",codegen_diff,"寄存器分配差异 2 处（寄存器分配差异（mov    0x10(%ebp),%ebx | mov    0x10(%ebp),%eax）；寄存器分配差异（mov    0x8(%ebp),%eax | mov    0x8(%ebp),%eax））；等价指令形态差异 9 处（等价指令形态差异（push vs sub）；等价指令形态差异（jmp vs je））；其余指令差异 99 处（助记符不同（push   %esi | mov    %al,-0x2c(%ebp)）；助记符不同（push   %ebx | cmp    $0x1,%eax））","--- ORIG（伪代码化）
+++ OURS（伪代码化）
@@ -1,164 +1,152 @@
 push   %ebp
 mov    %esp,%ebp
-push   %edi
-push   %esi
-push   %ebx
-sub    $0x6c,%esp
+sub    $0x68,%esp
 mov    0x18(%ebp),%eax
-mov    %al,-0x3c(%ebp)",2026-08-11
_ZN11CGuildCargo10GetHistoryEP15STGuildCargoLog,CGuildCargo::GetHistory(STGuildCargoLog*),codegen_diff,"等价指令形态差异 5 处（等价指令形态差异（sub vs push）；等价指令形态差异（lea vs add））；栈帧/局部布局差异 3 处（栈局部偏移不同（lea    -0x2c(%ebp),%eax | lea    -0x30(%ebp),%eax）；栈局部偏移不同（lea    -0x1c(%ebp),%eax | lea    -0x20(%ebp),%eax））；其余指令差异 10 处（助记符不同（lea    0x18e8(%eax),%edx | sub    $0x44,%esp）；助记符不同（movl   $0x0,-0xc(%ebp) | mov    %eax,-0x10(%ebp)））","--- ORIG（伪代码化）
+++ OURS（伪代码化）
@@ -1,50 +1,57 @@
 push   %ebp
 mov    %esp,%ebp
-sub    $0x48,%esp
+push   %ebx
+sub    $0x44,%esp
 mov    0x8(%ebp),%eax
-lea    0x18e8(%eax),%edx
-lea    -0x2c(%ebp),%eax
+add    $0x18e8,%eax",2026-08-11
_ZN11CGuildCargo10InsertItemER11DnfItemInfoRiihi,"CGuildCargo::InsertItem(DnfItemInfo&, int&, int, unsigned char, int)",codegen_diff,"寄存器分配差异 1 处（寄存器分配差异（imul   $0x35,%ebx,%edx | imul   $0x35,%ecx,%ecx））；等价指令形态差异 9 处（等价指令形态差异（push vs sub）；等价指令形态差异（jmp vs jne））；栈帧/局部布局差异 4 处（栈局部偏移不同（mov    -0x20(%ebp),%edx | mov    %eax,-0xc(%ebp)）；栈局部偏移不同（mov    -0x24(%ebp),%ebx | mov    -0x10(%ebp),%edx））；其余指令差异 66 处（助记符不同（push   %esi | mov    %al,-0x2c(%ebp)）；助记符不同（push   %ebx | cmp    $0x1,%eax））","--- ORIG（伪代码化）
+++ OURS（伪代码化）
@@ -1,138 +1,144 @@
 push   %ebp
 mov    %esp,%ebp
-push   %edi
-push   %esi
-push   %ebx
-sub    $0x6c,%esp
+sub    $0x68,%esp
 mov    0x18(%ebp),%eax
-mov    %al,-0x3c(%ebp)",2026-08-11
_ZN11CGuildCargo10PrintCargoE25ENUM_GUILD_CARGO_BEHAVIOR,CGuildCargo::PrintCargo(ENUM_GUILD_CARGO_BEHAVIOR),caliber_issue,"等价指令形态差异 6 处（等价指令形态差异（push vs sub）；等价指令形态差异（lea vs mov））；立即数/常量差异 1 处（立即数不同（add    $0x4c,%esp | add    $0x18d8,%eax））；其余指令差异 28 处（助记符不同（push   %esi | lea    -0x18(%ebp),%eax）；助记符不同（push   %ebx | mov    0xc(%ebp),%ecx））","--- ORIG（伪代码化）
+++ OURS（伪代码化）
@@ -1,64 +1,64 @@
 push   %ebp
 mov    %esp,%ebp
-push   %edi
-push   %esi
-push   %ebx
-sub    $0x4c,%esp
-mov    0xc(%ebp),%edi
-mov    0x8(%ebp),%eax
-mov    0x18d8(%eax),%esi",2026-08-11
_ZN11CGuildCargo11GetCapacityEv,CGuildCargo::GetCapacity(),codegen_diff,"等价指令形态差异 1 处（字节强转读取形态差（ORIG 直接偏移加载 mov    0x18d8(%eax),%eax vs OURS add+加载））","--- ORIG（伪代码化）
+++ OURS（伪代码化）
@@ -1,6 +1,7 @@
 push   %ebp
 mov    %esp,%ebp
 mov    0x8(%ebp),%eax
-mov    0x18d8(%eax),%eax
+add    $0x18d8,%eax
+mov    (%eax),%eax
 pop    %ebp
 ret",2026-08-11
_ZN11CGuildCargo11IsValidSlotEi,CGuildCargo::IsValidSlot(int),codegen_diff,"寄存器分配差异 1 处（寄存器分配差异（mov    $0x1,%eax | mov    $0x1,%eax））；等价指令形态差异 1 处（字节强转读取形态差（ORIG 直接偏移加载 mov    0x18d8(%eax),%eax vs OURS add+加载））；基本块布局差异 2 处（函数内跳转偏移不同（js     <T> <_ZN11CGuildCargo11IsValidSlotEi+0x1d> | js     <T> <_ZN11CGuildCargo11IsValidSlotEi+0x25>）；函数内跳转偏移不同（jle    <T> <_ZN11CGuildCargo11IsValidSlotEi+0x24> | jle    <T> <_ZN11CGuildCargo11IsValidSlotEi+0x25>））；其余指令差异 2 处（助记符不同（jle    <T> <_ZN11CGuildCargo11IsValidSlotEi+0x1d> | mov    (%eax),%eax）；助记符不同（jmp    <T> <_ZN11CGuildCargo11IsValidSlotEi+0x29> | jg     <T> <_ZN11CGuildCargo11IsValidSlotEi+0x25>））","--- ORIG（伪代码化）
+++ OURS（伪代码化）
@@ -1,15 +1,17 @@
 push   %ebp
 mov    %esp,%ebp
 cmpl   $0x0,0xc(%ebp)
-js     <T> <_ZN11CGuildCargo11IsValidSlotEi+0x1d>
+js     <T> <_ZN11CGuildCargo11IsValidSlotEi+0x25>
 mov    0x8(%ebp),%eax
-mov    0x18d8(%eax),%eax
+add    $0x18d8,%eax
+mov    (%eax),%eax",2026-08-11
_ZN11CGuildCargo11SetCapacityEj,CGuildCargo::SetCapacity(unsigned int),codegen_diff,"等价指令形态差异 1 处（等价指令形态差异（mov vs lea））；其余指令差异 1 处（操作数差异（mov    %edx,0x18d8(%eax) | mov    0xc(%ebp),%eax））","--- ORIG（伪代码化）
+++ OURS（伪代码化）
@@ -1,7 +1,8 @@
 push   %ebp
 mov    %esp,%ebp
 mov    0x8(%ebp),%eax
-mov    0xc(%ebp),%edx
-mov    %edx,0x18d8(%eax)
+lea    0x18d8(%eax),%edx
+mov    0xc(%ebp),%eax
+mov    %eax,(%edx)
 pop    %ebp",2026-08-11
_ZN11CGuildCargo12SetGuildInfoEi,CGuildCargo::SetGuildInfo(int),codegen_diff,"等价指令形态差异 1 处（等价指令形态差异（mov vs lea））；其余指令差异 1 处（操作数差异（mov    %edx,0x18e0(%eax) | mov    0xc(%ebp),%eax））","--- ORIG（伪代码化）
+++ OURS（伪代码化）
@@ -1,7 +1,8 @@
 push   %ebp
 mov    %esp,%ebp
 mov    0x8(%ebp),%eax
-mov    0xc(%ebp),%edx
-mov    %edx,0x18e0(%eax)
+lea    0x18e0(%eax),%edx
+mov    0xc(%ebp),%eax
+mov    %eax,(%edx)
 pop    %ebp",2026-08-11
_ZN11CGuildCargo13CalcItemCountEv,CGuildCargo::CalcItemCount(),other,"其余指令差异 13 处（助记符不同（movl   $0x0,0x18dc(%eax) | add    $0x18dc,%eax）；助记符不同（jmp    <T> <_ZN11CGuildCargo13CalcItemCountEv+0x46> | movl   $0x0,(%eax)））","--- ORIG（伪代码化）
+++ OURS（伪代码化）
@@ -1,27 +1,33 @@
 push   %ebp
 mov    %esp,%ebp
 sub    $0x10,%esp
 mov    0x8(%ebp),%eax
-movl   $0x0,0x18dc(%eax)
+add    $0x18dc,%eax
+movl   $0x0,(%eax)
 movl   $0x0,-0x4(%ebp)
-jmp    <T> <_ZN11CGuildCargo13CalcItemCountEv+0x46>",2026-08-11
_ZN11CGuildCargo13InsertHistoryE25ENUM_GUILD_CARGO_BEHAVIORiPKciiPK12RandomOption,"CGuildCargo::InsertHistory(ENUM_GUILD_CARGO_BEHAVIOR, int, char const*, int, int, RandomOption const*)",template_macro,源码未定位：第 3 节未能在候选源文件/对象中定位该函数定义（模板头文件、宏生成函数或 typedef 参数形态），无法从源码侧修复；共 121 组指令差异。,"--- ORIG（伪代码化）
+++ OURS（伪代码化）
@@ -1,80 +1,111 @@
 push   %ebp
 mov    %esp,%ebp
 push   %esi
 push   %ebx
 sub    $0x60,%esp
 lea    -0x44(%ebp),%eax
 mov    %eax,(%esp)
 call   <T> <_ZN15STGuildCargoLogC1Ev>
+lea    -0x44(%ebp),%eax",2026-08-11
_ZN11CGuildCargo14IsLoadCompleteEv,CGuildCargo::IsLoadComplete(),codegen_diff,"等价指令形态差异 1 处（字节强转读取形态差（ORIG 直接偏移加载 movzbl 0x18e4(%eax),%eax vs OURS add+加载））","--- ORIG（伪代码化）
+++ OURS（伪代码化）
@@ -1,6 +1,9 @@
 push   %ebp
 mov    %esp,%ebp
 mov    0x8(%ebp),%eax
-movzbl 0x18e4(%eax),%eax
+add    $0x18e4,%eax
+movzbl (%eax),%eax
+test   %al,%al
+setne  %al
 pop    %ebp",2026-08-11
_ZN11CGuildCargo14SendGuildCargoEP5CUser,CGuildCargo::SendGuildCargo(CUser*),codegen_diff,"等价指令形态差异 2 处（等价指令形态差异（sub vs push）；等价指令形态差异（mov vs lea））；其余指令差异 5 处（助记符不同（je     <T> <_ZN11CGuildCargo14SendGuildCargoEP5CUser+0x76> | sub    $0x1904,%esp）；助记符不同（mov    %eax,-0x18ec(%ebp) | je     <T> <_ZN11CGuildCargo14SendGuildCargoEP5CUser+0x81>））","--- ORIG（伪代码化）
+++ OURS（伪代码化）
@@ -1,32 +1,39 @@
 push   %ebp
 mov    %esp,%ebp
-sub    $0x1908,%esp
+push   %ebx
+sub    $0x1904,%esp
 cmpl   $0x0,0xc(%ebp)
-je     <T> <_ZN11CGuildCargo14SendGuildCargoEP5CUser+0x76>
+je     <T> <_ZN11CGuildCargo14SendGuildCargoEP5CUser+0x81>
 lea    -0x18f6(%ebp),%eax",2026-08-11
_ZN11CGuildCargo15CheckInsertItemEiiihi,"CGuildCargo::CheckInsertItem(int, int, int, unsigned char, int)",template_macro,源码未定位：第 3 节未能在候选源文件/对象中定位该函数定义（模板头文件、宏生成函数或 typedef 参数形态），无法从源码侧修复；共 35 组指令差异。,"--- ORIG（伪代码化）
+++ OURS（伪代码化）
@@ -1,47 +1,52 @@
 push   %ebp
 mov    %esp,%ebp
 sub    $0x38,%esp
 mov    0x18(%ebp),%eax
 mov    %al,-0x1c(%ebp)
 mov    0x14(%ebp),%eax
 mov    %eax,0x4(%esp)
 mov    0x8(%ebp),%eax
 mov    %eax,(%esp)",2026-08-11
_ZN11CGuildCargo16PrintDnfItemInfoER11DnfItemInfo,CGuildCargo::PrintDnfItemInfo(DnfItemInfo&),caliber_issue,"等价指令形态差异 13 处（等价指令形态差异（movzbl vs mov）；字节强转读取形态差（ORIG 直接偏移加载 movzbl 0x10(%eax),%eax vs OURS add+加载））；栈帧/局部布局差异 1 处（栈局部偏移不同（mov    %eax,-0x1c(%ebp) | mov    %eax,-0x34(%ebp)））；立即数/常量差异 1 处（立即数不同（sub    $0x4c,%esp | sub    $0x5c,%esp））；其余指令差异 14 处（助记符不同（movzwl 0x11(%eax),%eax | movzbl -0x19(%ebp),%ebx）；助记符不同（mov    %eax,-0x28(%ebp) | movzwl (%eax),%eax））","--- ORIG（伪代码化）
+++ OURS（伪代码化）
@@ -1,69 +1,80 @@
 push   %ebp
 mov    %esp,%ebp
 push   %edi
 push   %esi
 push   %ebx
-sub    $0x4c,%esp
+sub    $0x5c,%esp
 movl   $0x400,0x8(%esp)
 movl   $0x0,0x4(%esp)",2026-08-11
_ZN11CGuildCargo17SendHistoryToDBMWEP14CServerHandler25ENUM_GUILD_CARGO_BEHAVIORiPKciiR11DnfItemInfo,"CGuildCargo::SendHistoryToDBMW(CServerHandler*, ENUM_GUILD_CARGO_BEHAVIOR, int, char const*, int, int, DnfItemInfo&)",template_macro,源码未定位：第 3 节未能在候选源文件/对象中定位该函数定义（模板头文件、宏生成函数或 typedef 参数形态），无法从源码侧修复；共 46 组指令差异。,"--- ORIG（伪代码化）
+++ OURS（伪代码化）
@@ -1,42 +1,58 @@
 push   %ebp
 mov    %esp,%ebp
-sub    $0x88,%esp
+push   %ebx
+sub    $0x84,%esp
 lea    -0x6e(%ebp),%eax
 mov    %eax,(%esp)
 call   <T> <_ZN36Packet_DB_Insert_Guild_Cargo_HistoryC1Ev>
-mov    0x8(%ebp),%eax",2026-08-11
_ZN11CGuildCargo19GetSpecificItemSlotEi,CGuildCargo::GetSpecificItemSlot(int),codegen_diff,"等价指令形态差异 1 处（等价指令形态差异（jne vs jmp））；其余指令差异 11 处（助记符不同（jmp    <T> <_ZN11CGuildCargo19GetSpecificItemSlotEi+0x2c> | mov    0x8(%ebp),%eax）；助记符不同（mov    0x8(%ebp),%eax | add    $0x18d8,%eax））","--- ORIG（伪代码化）
+++ OURS（伪代码化）
@@ -1,24 +1,28 @@
 push   %ebp
 mov    %esp,%ebp
 sub    $0x10,%esp
+mov    0x8(%ebp),%eax
+add    $0x18d8,%eax
+mov    (%eax),%eax
+mov    %eax,-0x8(%ebp)
 movl   $0x0,-0x4(%ebp)
-jmp    <T> <_ZN11CGuildCargo19GetSpecificItemSlotEi+0x2c>",2026-08-11
_ZN11CGuildCargo19SetGuildCargoDBInfoER18STGuildCargoDBInfo,CGuildCargo::SetGuildCargoDBInfo(STGuildCargoDBInfo&),other,"其余指令差异 1 处（助记符不同（sub    $0x18,%esp | pop    %ebp））","--- ORIG（伪代码化）
+++ OURS（伪代码化）
@@ -1,13 +1,4 @@
 push   %ebp
 mov    %esp,%ebp
-sub    $0x18,%esp
-mov    0x8(%ebp),%eax
-movl   $0x18dc,0x8(%esp)
-mov    0xc(%ebp),%edx
-mov    %edx,0x4(%esp)
-mov    %eax,(%esp)
-call   <T> <memcpy>",2026-08-11
_ZN11CGuildCargo20SendGuildCargoToDBMWEP14CServerHandleri,"CGuildCargo::SendGuildCargoToDBMW(CServerHandler*, int)",codegen_diff,"寄存器分配差异 1 处（寄存器分配差异（movl   $0x18d8,0x8(%esp) | movl   $0x18d8,0x8(%esp)））；等价指令形态差异 4 处（等价指令形态差异（mov vs lea）；字节强转读取形态差（ORIG 直接偏移加载 mov    0x18e0(%eax),%eax vs OURS add+加载））；栈帧/局部布局差异 4 处（栈局部偏移不同（mov    %eax,-0x14(%ebp) | mov    %eax,-0x10(%ebp)）；栈局部偏移不同（mov    -0x14(%ebp),%eax | mov    -0x10(%ebp),%eax））；其余指令差异 4 处（操作数差异（mov    %eax,%edx | mov    (%eax),%eax）；操作数差异（mov    %edx,0xa(%eax) | mov    %eax,(%edx)））","--- ORIG（伪代码化）
+++ OURS（伪代码化）
@@ -1,37 +1,37 @@
 push   %ebp
 mov    %esp,%ebp
 sub    $0x28,%esp
 mov    0xc(%ebp),%eax
 mov    %eax,(%esp)
 call   <T> <_ZN14CServerHandler14GetTcpDBServerEv>
-mov    %eax,-0x14(%ebp)
+mov    %eax,-0x10(%ebp)
 movl   $0x18ea,0x8(%esp)",2026-08-11
_ZN11CGuildCargo20SetGuildCargoHistoryEjP15STGuildCargoLog,"CGuildCargo::SetGuildCargoHistory(unsigned int, STGuildCargoLog*)",other,"其余指令差异 1 处（助记符不同（sub    $0x28,%esp | pop    %ebp））","--- ORIG（伪代码化）
+++ OURS（伪代码化）
@@ -1,29 +1,4 @@
 push   %ebp
 mov    %esp,%ebp
-sub    $0x28,%esp
-mov    0xc(%ebp),%eax
-cmp    $0x32,%eax
-jbe    <T> <_ZN11CGuildCargo20SetGuildCargoHistoryEjP15STGuildCargoLog+0x13>
-mov    $0x32,%eax
-mov    %eax,-0x10(%ebp)
-movl   $0x0,-0xc(%ebp)",2026-08-11
_ZN11CGuildCargo5ResetEv,CGuildCargo::Reset(),caliber_issue,"立即数/常量差异 1 处（立即数不同（movl   $0x0,0x18dc(%eax) | movl   $0x0,(%eax)））；其余指令差异 3 处（助记符不同（movl   $0x0,0x18d8(%eax) | add    $0x18d8,%eax）；助记符不同（movl   $0x0,0x18e0(%eax) | add    $0x18dc,%eax））","--- ORIG（伪代码化）
+++ OURS（伪代码化）
@@ -1,22 +1,26 @@
 push   %ebp
 mov    %esp,%ebp
 sub    $0x18,%esp
 mov    0x8(%ebp),%eax
-movl   $0x0,0x18d8(%eax)
+add    $0x18d8,%eax
+movl   $0x0,(%eax)
 mov    0x8(%ebp),%eax
-movl   $0x0,0x18dc(%eax)",2026-08-11
_ZN11CGuildCargo7AddItemER11DnfItemInfoii,"CGuildCargo::AddItem(DnfItemInfo&, int, int)",codegen_diff,"寄存器分配差异 3 处（寄存器分配差异（test   %eax,%eax | test   %eax,%eax）；寄存器分配差异（imul   $0x35,%edx,%edx | imul   $0x35,%eax,%eax））；等价指令形态差异 8 处（等价指令形态差异（push vs sub）；等价指令形态差异（mov vs lea））；基本块布局差异 1 处（函数内跳转偏移不同（jne    <T> <_ZN11CGuildCargo7AddItemER11DnfItemInfoii+0x102> | jne    <T> <_ZN11CGuildCargo7AddItemER11DnfItemInfoii+0xbd>））；其余指令差异 48 处（助记符不同（push   %esi | mov    0x8(%ebp),%eax）；助记符不同（push   %ebx | imul   $0x35,%edx,%edx））","--- ORIG（伪代码化）
+++ OURS（伪代码化）
@@ -1,103 +1,83 @@
 push   %ebp
 mov    %esp,%ebp
-push   %edi
-push   %esi
-push   %ebx
-sub    $0x3c,%esp
+sub    $0x38,%esp
+mov    0x8(%ebp),%eax
 mov    0x10(%ebp),%edx",2026-08-11
_ZN11CGuildCargo7IsEmptyEv,CGuildCargo::IsEmpty(),codegen_diff,"寄存器分配差异 1 处（寄存器分配差异（mov    0x8(%ebp),%eax | mov    0x8(%ebp),%eax））；基本块布局差异 1 处（函数内跳转偏移不同（jmp    <T> <_ZN11CGuildCargo7IsEmptyEv+0x43> | jmp    <T> <_ZN11CGuildCargo7IsEmptyEv+0x3b>））；其余指令差异 8 处（助记符不同（jmp    <T> <_ZN11CGuildCargo7IsEmptyEv+0x2b> | mov    0x8(%ebp),%eax）；助记符不同（mov    0x8(%ebp),%eax | add    $0x18d8,%eax））","--- ORIG（伪代码化）
+++ OURS（伪代码化）
@@ -1,23 +1,28 @@
 push   %ebp
 mov    %esp,%ebp
 sub    $0x10,%esp
+mov    0x8(%ebp),%eax
+add    $0x18d8,%eax
+mov    (%eax),%eax
+mov    %eax,-0x8(%ebp)
 movl   $0x0,-0x4(%ebp)
-jmp    <T> <_ZN11CGuildCargo7IsEmptyEv+0x2b>",2026-08-11
_ZN11CGuildCargo8MoveItemER11DnfItemInfoS1_iiiii,"CGuildCargo::MoveItem(DnfItemInfo&, DnfItemInfo&, int, int, int, int, int)",template_macro,源码未定位：第 3 节未能在候选源文件/对象中定位该函数定义（模板头文件、宏生成函数或 typedef 参数形态），无法从源码侧修复；共 345 组指令差异。,"--- ORIG（伪代码化）
+++ OURS（伪代码化）
@@ -1,272 +1,183 @@
 push   %ebp
 mov    %esp,%ebp
-push   %edi
-push   %esi
-push   %ebx
-sub    $0x8c,%esp
+sub    $0x98,%esp
 mov    0x14(%ebp),%eax
 mov    %eax,0x4(%esp)",2026-08-11
_ZN11CGuildCargoC1Ev,CGuildCargo::CGuildCargo(),codegen_diff,"寄存器分配差异 1 处（寄存器分配差异（mov    %esi,%eax | mov    %ebx,%eax））；等价指令形态差异 1 处（等价指令形态差异（sub vs push））；其余指令差异 12 处（助记符不同（add    $0x18e8,%eax | sub    $0x2c,%esp）；助记符不同（jmp    <T> <_ZN11CGuildCargoC1Ev+0x50> | mov    %eax,0x4(%esp)））","--- ORIG（伪代码化）
+++ OURS（伪代码化）
@@ -1,31 +1,59 @@
 push   %ebp
 mov    %esp,%ebp
+push   %edi
 push   %esi
 push   %ebx
-sub    $0x10,%esp
+sub    $0x2c,%esp
 mov    0x8(%ebp),%eax
+mov    %eax,0x4(%esp)",2026-08-11
_ZN11CGuildCargoC2Ev,CGuildCargo::CGuildCargo(),codegen_diff,"寄存器分配差异 1 处（寄存器分配差异（mov    %esi,%eax | mov    %ebx,%eax））；等价指令形态差异 1 处（等价指令形态差异（sub vs push））；其余指令差异 12 处（助记符不同（add    $0x18e8,%eax | sub    $0x2c,%esp）；助记符不同（jmp    <T> <_ZN11CGuildCargoC1Ev+0x50> | mov    %eax,0x4(%esp)））","--- ORIG（伪代码化）
+++ OURS（伪代码化）
@@ -1,31 +1,59 @@
 push   %ebp
 mov    %esp,%ebp
+push   %edi
 push   %esi
 push   %ebx
-sub    $0x10,%esp
+sub    $0x2c,%esp
 mov    0x8(%ebp),%eax
+mov    %eax,0x4(%esp)",2026-08-11
_ZN11CGuildCargoD1Ev,CGuildCargo::~CGuildCargo(),codegen_diff,等价指令形态差异 1 处（等价指令形态差异（push vs sub））；其余指令差异 1 处（助记符不同（push   %ebx | leave））,"--- ORIG（伪代码化）
+++ OURS（伪代码化）
@@ -1,28 +1,12 @@
 push   %ebp
 mov    %esp,%ebp
-push   %esi
-push   %ebx
-sub    $0x10,%esp
+sub    $0x18,%esp
 mov    0x8(%ebp),%eax
 mov    %eax,(%esp)
 call   <T> <_ZN11CGuildCargo5ResetEv>",2026-08-11
_ZN11CGuildCargoD2Ev,CGuildCargo::~CGuildCargo(),codegen_diff,等价指令形态差异 1 处（等价指令形态差异（push vs sub））；其余指令差异 1 处（助记符不同（push   %ebx | leave））,"--- ORIG（伪代码化）
+++ OURS（伪代码化）
@@ -1,28 +1,12 @@
 push   %ebp
 mov    %esp,%ebp
-push   %esi
-push   %ebx
-sub    $0x10,%esp
+sub    $0x18,%esp
 mov    0x8(%ebp),%eax
 mov    %eax,(%esp)
 call   <T> <_ZN11CGuildCargo5ResetEv>",2026-08-11
_ZN11CTcpHandler10ResetEpollEi,CTcpHandler::ResetEpoll(int),caliber_issue,"寄存器分配差异 4 处（寄存器分配差异（mov    0xc(%ebp),%edx | mov    0xc(%ebp),%ecx）；寄存器分配差异（mov    %edx,0x4(%esp) | mov    %ecx,0x4(%esp)））；基本块布局差异 1 处（函数内跳转偏移不同（jmp    <T> <_ZN11CTcpHandler10ResetEpollEi+0x39> | jmp    <T> <_ZN11CTcpHandler10ResetEpollEi+0x33>））；立即数/常量差异 1 处（立即数不同（sub    $0x28,%esp | sub    $0x18,%esp））；其余指令差异 2 处（操作数差异（mov    (%eax),%ecx | mov    0x8(%ebp),%edx）；操作数差异（mov    0x8(%ebp),%eax | mov    (%edx),%edx））","--- ORIG（伪代码化）
+++ OURS（伪代码化）
@@ -1,24 +1,22 @@
 push   %ebp
 mov    %esp,%ebp
-sub    $0x28,%esp
+sub    $0x18,%esp
 mov    0x8(%ebp),%eax
 mov    (%eax),%eax
 test   %eax,%eax
 jne    <T> <_ZN11CTcpHandler10ResetEpollEi+0x16>
 mov    $0xffffffff,%eax",2026-08-11
_ZN11CTcpHandler11GetEventPtrEi,CTcpHandler::GetEventPtr(int),other,"其余指令差异 9 处（助记符不同（jne    <T> <_ZN11CTcpHandler11GetEventPtrEi+0x16> | je     <T> <_ZN11CTcpHandler11GetEventPtrEi+0x2e>）；操作数差异（mov    $0x0,%eax | mov    0x8(%ebp),%edx））","--- ORIG（伪代码化）
+++ OURS（伪代码化）
@@ -1,22 +1,22 @@
 push   %ebp
 mov    %esp,%ebp
 sub    $0x18,%esp
 mov    0x8(%ebp),%eax
 mov    (%eax),%eax
 test   %eax,%eax
-jne    <T> <_ZN11CTcpHandler11GetEventPtrEi+0x16>
-mov    $0x0,%eax
-jmp    <T> <_ZN11CTcpHandler11GetEventPtrEi+0x33>",2026-08-11
_ZN11CTcpHandler12IsSetInEventEi,CTcpHandler::IsSetInEvent(int),other,"其余指令差异 9 处（助记符不同（jne    <T> <_ZN11CTcpHandler12IsSetInEventEi+0x16> | je     <T> <_ZN11CTcpHandler12IsSetInEventEi+0x2e>）；操作数差异（mov    $0x0,%eax | mov    0x8(%ebp),%edx））","--- ORIG（伪代码化）
+++ OURS（伪代码化）
@@ -1,22 +1,22 @@
 push   %ebp
 mov    %esp,%ebp
 sub    $0x18,%esp
 mov    0x8(%ebp),%eax
 mov    (%eax),%eax
 test   %eax,%eax
-jne    <T> <_ZN11CTcpHandler12IsSetInEventEi+0x16>
-mov    $0x0,%eax
-jmp    <T> <_ZN11CTcpHandler12IsSetInEventEi+0x33>",2026-08-11
_ZN11CTcpHandler12WaitForEventEv,CTcpHandler::WaitForEvent(),other,"其余指令差异 7 处（助记符不同（jne    <T> <_ZN11CTcpHandler12WaitForEventEv+0x16> | je     <T> <_ZN11CTcpHandler12WaitForEventEv+0x27>）；操作数差异（mov    $0xffffffff,%eax | mov    0x8(%ebp),%edx））","--- ORIG（伪代码化）
+++ OURS（伪代码化）
@@ -1,20 +1,20 @@
 push   %ebp
 mov    %esp,%ebp
 sub    $0x18,%esp
 mov    0x8(%ebp),%eax
 mov    (%eax),%eax
 test   %eax,%eax
-jne    <T> <_ZN11CTcpHandler12WaitForEventEv+0x16>
-mov    $0xffffffff,%eax
-jmp    <T> <_ZN11CTcpHandler12WaitForEventEv+0x2c>",2026-08-11
_ZN11CTcpHandler13IsSetErrEventEi,CTcpHandler::IsSetErrEvent(int),other,"其余指令差异 9 处（助记符不同（jne    <T> <_ZN11CTcpHandler13IsSetErrEventEi+0x16> | je     <T> <_ZN11CTcpHandler13IsSetErrEventEi+0x37>）；操作数差异（mov    $0x0,%eax | mov    0x8(%ebp),%edx））","--- ORIG（伪代码化）
+++ OURS（伪代码化）
@@ -1,22 +1,25 @@
 push   %ebp
 mov    %esp,%ebp
 sub    $0x18,%esp
 mov    0x8(%ebp),%eax
 mov    (%eax),%eax
 test   %eax,%eax
-jne    <T> <_ZN11CTcpHandler13IsSetErrEventEi+0x16>
-mov    $0x0,%eax
-jmp    <T> <_ZN11CTcpHandler13IsSetErrEventEi+0x33>",2026-08-11
_ZN11CTcpHandler13IsSetOutEventEi,CTcpHandler::IsSetOutEvent(int),other,"其余指令差异 9 处（助记符不同（jne    <T> <_ZN11CTcpHandler13IsSetOutEventEi+0x16> | je     <T> <_ZN11CTcpHandler13IsSetOutEventEi+0x37>）；操作数差异（mov    $0x0,%eax | mov    0x8(%ebp),%edx））","--- ORIG（伪代码化）
+++ OURS（伪代码化）
@@ -1,22 +1,25 @@
 push   %ebp
 mov    %esp,%ebp
 sub    $0x18,%esp
 mov    0x8(%ebp),%eax
 mov    (%eax),%eax
 test   %eax,%eax
-jne    <T> <_ZN11CTcpHandler13IsSetOutEventEi+0x16>
-mov    $0x0,%eax
-jmp    <T> <_ZN11CTcpHandler13IsSetOutEventEi+0x33>",2026-08-11
_ZN11CTcpHandler7SetPeerEPvib,"CTcpHandler::SetPeer(void*, int, bool)",codegen_diff,"寄存器分配差异 7 处（寄存器分配差异（mov    %edx,0xc(%esp) | mov    %ecx,0xc(%esp)）；寄存器分配差异（mov    0x10(%ebp),%edx | mov    0x10(%ebp),%ecx））；等价指令形态差异 2 处（等价指令形态差异（mov vs movzbl）；等价指令形态差异（movzbl vs mov））；其余指令差异 1 处（操作数差异（mov    0x8(%ebp),%eax | mov    (%edx),%edx））","--- ORIG（伪代码化）
+++ OURS（伪代码化）
@@ -1,28 +1,28 @@
 push   %ebp
 mov    %esp,%ebp
 sub    $0x28,%esp
 mov    0x14(%ebp),%eax
 mov    %al,-0xc(%ebp)
 mov    0x8(%ebp),%eax
 mov    (%eax),%eax
 test   %eax,%eax
 jne    <T> <_ZN11CTcpHandler7SetPeerEPvib+0x1c>",2026-08-11
_ZN11CTcpHandlerC1Ev,CTcpHandler::CTcpHandler(),codegen_diff,"寄存器分配差异 1 处（寄存器分配差异（mov    %ebx,%eax | mov    %ebx,%edx））","--- ORIG（伪代码化）
+++ OURS（伪代码化）
@@ -1,31 +1,30 @@
 push   %ebp
 mov    %esp,%ebp
 push   %edi
 push   %esi
 push   %ebx
 sub    $0x1c,%esp
 movl   $0x30,(%esp)
 call   <T> <_Znwj>
 mov    %eax,%ebx",2026-08-11
_ZN11CTcpHandlerC2Ev,CTcpHandler::CTcpHandler(),codegen_diff,"寄存器分配差异 1 处（寄存器分配差异（mov    %ebx,%eax | mov    %ebx,%edx））","--- ORIG（伪代码化）
+++ OURS（伪代码化）
@@ -1,31 +1,30 @@
 push   %ebp
 mov    %esp,%ebp
 push   %edi
 push   %esi
 push   %ebx
 sub    $0x1c,%esp
 movl   $0x30,(%esp)
 call   <T> <_Znwj>
 mov    %eax,%ebx",2026-08-11
_ZN11CTcpHandlerD1Ev,CTcpHandler::~CTcpHandler(),codegen_diff,"寄存器分配差异 2 处（寄存器分配差异（mov    %eax,(%esp) | mov    %edx,(%esp)）；间接调用寄存器不同（*%edx vs *%eax））；其余指令差异 2 处（操作数差异（mov    (%eax),%edx | mov    0x8(%ebp),%edx）；操作数差异（mov    0x8(%ebp),%eax | mov    (%edx),%edx））","--- ORIG（伪代码化）
+++ OURS（伪代码化）
@@ -1,24 +1,24 @@
 push   %ebp
 mov    %esp,%ebp
 sub    $0x18,%esp
 mov    0x8(%ebp),%eax
 mov    (%eax),%eax
 test   %eax,%eax
 je     <T> <_ZN11CTcpHandlerD1Ev+0x37>
 mov    0x8(%ebp),%eax
 mov    (%eax),%eax",2026-08-11
_ZN11CTcpHandlerD2Ev,CTcpHandler::~CTcpHandler(),codegen_diff,"寄存器分配差异 2 处（寄存器分配差异（mov    %eax,(%esp) | mov    %edx,(%esp)）；间接调用寄存器不同（*%edx vs *%eax））；其余指令差异 2 处（操作数差异（mov    (%eax),%edx | mov    0x8(%ebp),%edx）；操作数差异（mov    0x8(%ebp),%eax | mov    (%edx),%edx））","--- ORIG（伪代码化）
+++ OURS（伪代码化）
@@ -1,24 +1,24 @@
 push   %ebp
 mov    %esp,%ebp
 sub    $0x18,%esp
 mov    0x8(%ebp),%eax
 mov    (%eax),%eax
 test   %eax,%eax
 je     <T> <_ZN11CTcpHandlerD1Ev+0x37>
 mov    0x8(%ebp),%eax
 mov    (%eax),%eax",2026-08-11
_ZN11CUdpHandler16InitClientSocketEv,CUdpHandler::InitClientSocket(),codegen_diff,"等价指令形态差异 2 处（等价指令形态差异（push vs sub）；等价指令形态差异（jne vs jmp））；其余指令差异 5 处（助记符不同（sub    $0x24,%esp | jne    <T> <_ZN11CUdpHandler16InitClientSocketEv+0x55>）；助记符不同（jmp    <T> <_ZN11CUdpHandler16InitClientSocketEv+0x9c> | mov    0x8(%ebp),%eax））","--- ORIG（伪代码化）
+++ OURS（伪代码化）
@@ -1,41 +1,38 @@
 push   %ebp
 mov    %esp,%ebp
-push   %ebx
-sub    $0x24,%esp
+sub    $0x28,%esp
 movl   $0x11,0x8(%esp)
 movl   $0x2,0x4(%esp)
 movl   $0x2,(%esp)
 call   <T> <socket>",2026-08-11
_ZN11CUdpHandler16InitServerSocketEi,CUdpHandler::InitServerSocket(int),caliber_issue,"寄存器分配差异 3 处（寄存器分配差异（lea    -0x28(%ebp),%edx | lea    -0x28(%ebp),%eax）；寄存器分配差异（mov    0x8(%ebp),%eax | mov    0x8(%ebp),%eax））；等价指令形态差异 10 处（等价指令形态差异（push vs sub）；等价指令形态差异（jne vs jmp））；栈帧/局部布局差异 1 处（栈局部偏移不同（mov    -0x28(%ebp),%esi | mov    -0x20(%ebp),%edx））；基本块布局差异 1 处（函数内跳转偏移不同（jmp    <T> <_ZN11CUdpHandler16InitServerSocketEi+0xfd> | jmp    <T> <_ZN11CUdpHandler16InitServerSocketEi+0x124>））；立即数/常量差异 1 处（立即数不同（movl   $0xf4240,-0x28(%ebp) | movl   $0xa5,0x8(%esp)））；其余指令差异 17 处（助记符不同（sub    $0x40,%esp | jne    <T> <_ZN11CUdpHandler16InitServerSocketEi+0x51>）；助记符不同（mov    -0xc(%ebp),%eax | movw   $0x2,-0x1c(%ebp)））","--- ORIG（伪代码化）
+++ OURS（伪代码化）
@@ -1,112 +1,109 @@
 push   %ebp
 mov    %esp,%ebp
-push   %esi
 push   %ebx
-sub    $0x40,%esp
+sub    $0x44,%esp
 movl   $0x11,0x8(%esp)
 movl   $0x2,0x4(%esp)
 movl   $0x2,(%esp)",2026-08-11
_ZN11DnfItemInfo5resetEv,DnfItemInfo::reset(),caliber_issue,"立即数/常量差异 3 处（立即数不同（sub    $0x18,%esp | sub    $0x4,%esp）；立即数不同（movl   $0x0,0x6(%eax) | movl   $0x0,(%eax)））；其余指令差异 3 处（助记符不同（movl   $0x0,0x1(%eax) | add    $0x1,%eax）；助记符不同（movw   $0x0,0xa(%eax) | add    $0x6,%eax））","--- ORIG（伪代码化）
+++ OURS（伪代码化）
@@ -1,33 +1,38 @@
 push   %ebp
 mov    %esp,%ebp
-sub    $0x18,%esp
+sub    $0x4,%esp
 mov    0x8(%ebp),%eax
 movb   $0x0,(%eax)
 mov    0x8(%ebp),%eax
-movl   $0x0,0x1(%eax)
+add    $0x1,%eax",2026-08-11
_ZN11DnfItemInfoC1Ev,DnfItemInfo::DnfItemInfo(),codegen_diff,共 12 组指令差异,"--- ORIG（伪代码化）
+++ OURS（伪代码化）
@@ -1,16 +1,28 @@
 push   %ebp
 mov    %esp,%ebp
 sub    $0x18,%esp
 mov    0x8(%ebp),%eax
 add    $0x2b,%eax
+mov    %eax,0x4(%esp)
+movl   $0x1,(%esp)
+call   <T> <_ZnwjPv>
+mov    %eax,%edx",2026-08-11
_ZN11DnfItemInfoC2Ev,DnfItemInfo::DnfItemInfo(),codegen_diff,共 12 组指令差异,"--- ORIG（伪代码化）
+++ OURS（伪代码化）
@@ -1,16 +1,28 @@
 push   %ebp
 mov    %esp,%ebp
 sub    $0x18,%esp
 mov    0x8(%ebp),%eax
 add    $0x2b,%eax
+mov    %eax,0x4(%esp)
+movl   $0x1,(%esp)
+call   <T> <_ZnwjPv>
+mov    %eax,%edx",2026-08-11
_ZN12CAppStopInit4InitEP12CApplicationiPPc,"CAppStopInit::Init(CApplication*, int, char**)",caliber_issue,"异常处理/展开路径差异 1 处（异常处理运行时调用差异（call   <T> <_ZNSaIcED1Ev> | call   <T> <_Unwind_Resume>））；寄存器分配差异 3 处（寄存器分配差异（mov    %esi,%eax | mov    %eax,%esi）；寄存器分配差异（mov    %eax,%esi | mov    %esi,%eax））；等价指令形态差异 6 处（等价指令形态差异（mov vs lea）；等价指令形态差异（lea vs mov））；栈帧/局部布局差异 2 处（栈局部偏移不同（lea    -0x29(%ebp),%eax | lea    -0x21(%ebp),%eax）；栈局部偏移不同（lea    -0x29(%ebp),%edx | lea    -0x21(%ebp),%edx））；立即数/常量差异 1 处（立即数不同（sub    $0x3c,%esp | sub    $0x2c,%esp））；其余指令差异 27 处（操作数差异（movl   $""RECV STOP, 관리자에 의해 강제로 종료 되었습니다."",(%esp) | movl   $""RECV STOP, ..."",(%esp)）；助记符不同（lea    -0x30(%ebp),%eax | jmp    <T> <_ZN12CAppStopInit4InitEP12CApplicationiPPc+0x66>））","--- ORIG（伪代码化）
+++ OURS（伪代码化）
@@ -1,174 +1,121 @@
 push   %ebp
 mov    %esp,%ebp
 push   %edi
 push   %esi
 push   %ebx
-sub    $0x3c,%esp
-movl   $""RECV STOP, 관리자에 의해 강제로 종료 되었습니다."",(%esp)
+sub    $0x2c,%esp
+movl   $""RECV STOP, ..."",(%esp)",2026-08-11
_ZN12CApplication14SwitchQueueTCPEv,CApplication::SwitchQueueTCP(),codegen_diff,"等价指令形态差异 1 处（等价指令形态差异（lea vs mov））；栈帧/局部布局差异 1 处（栈局部偏移不同（lea    -0xc(%ebp),%eax | lea    -0x14(%ebp),%eax））；其余指令差异 8 处（助记符不同（xor    $0x1,%eax | mov    %eax,-0x10(%ebp)）；助记符不同（jne    <T> <_ZN12CApplication14SwitchQueueTCPEv+0x78> | mov    -0x10(%ebp),%eax））","--- ORIG（伪代码化）
+++ OURS（伪代码化）
@@ -1,45 +1,47 @@
 push   %ebp
 mov    %esp,%ebp
 push   %esi
 push   %ebx
 sub    $0x20,%esp
 mov    0x8(%ebp),%eax
 add    $0x130,%eax
 mov    %eax,(%esp)
 call   <T> <_ZN13CTcpNetSystem16Get_TcpRecvQLockEv>",2026-08-11
_ZN12CApplication14SwitchQueueUDPEv,CApplication::SwitchQueueUDP(),other,"真实调用目标差异 1 处（调用目标不同（call   <T> <_Z22CPacketDecoderInstancev> | call   <T> <_Z22CPacketDecoderInstancev>））；等价指令形态差异 2 处（等价指令形态差异（lea vs mov）；等价指令形态差异（lea vs mov））；栈帧/局部布局差异 1 处（栈局部偏移不同（lea    -0xc(%ebp),%eax | lea    -0x18(%ebp),%eax））；其余指令差异 10 处（助记符不同（jne    <T> <_ZN12CApplication14SwitchQueueUDPEv+0xb0> | mov    %eax,-0x14(%ebp)）；操作数差异（mov    0x8(%ebp),%eax | mov    -0x14(%ebp),%eax））","--- ORIG（伪代码化）
+++ OURS（伪代码化）
@@ -1,59 +1,62 @@
 push   %ebp
 mov    %esp,%ebp
 push   %esi
 push   %ebx
 sub    $0x20,%esp
 mov    0x8(%ebp),%eax
 add    $0x100,%eax
 mov    %eax,0x4(%esp)
-lea    -0xc(%ebp),%eax",2026-08-11
_ZN12CApplication15AttachAppInitorEPPc,CApplication::AttachAppInitor(char**),codegen_diff,"等价指令形态差异 7 处（等价指令形态差异（lea vs mov）；等价指令形态差异（lea vs mov））；栈帧/局部布局差异 1 处（栈局部偏移不同（lea    -0x1d(%ebp),%eax | lea    -0x28(%ebp),%esi））；其余指令差异 18 处（助记符不同（mov    %eax,-0x1c(%ebp) | test   %eax,%eax）；助记符不同（mov    -0x1c(%ebp),%eax | jne    <T> <_ZN12CApplication15AttachAppInitorEPPc+0xe5>））","--- ORIG（伪代码化）
+++ OURS（伪代码化）
@@ -1,133 +1,199 @@
 push   %ebp
 mov    %esp,%ebp
 push   %edi
 push   %esi
 push   %ebx
 sub    $0x2c,%esp
 mov    0xc(%ebp),%eax
 add    $0x8,%eax
 mov    (%eax),%eax",2026-08-11
_ZN12CApplication15Get_ServerGroupEv,CApplication::Get_ServerGroup(),codegen_diff,共 6 组指令差异,"--- ORIG（伪代码化）
+++ OURS（伪代码化）
@@ -1,9 +1,15 @@
 push   %ebp
 mov    %esp,%ebp
 sub    $0x18,%esp
 mov    0x8(%ebp),%eax
 mov    0x5c(%eax),%eax
+test   %eax,%eax
+je     <T> <_ZN12CApplication15Get_ServerGroupEv+0x20>
+mov    0x8(%ebp),%eax
+mov    0x5c(%eax),%eax",2026-08-11
_ZN12CApplication15TranslateSignalEv,CApplication::TranslateSignal(),other,"真实调用目标差异 1 处（调用目标不同（call   <T> <_ZN33Packet_Monitor_Notice_Guild_EnterC1Ev> | call   <T> <memcpy>））；STL 模板实例化差异（GCC 4.1 ORIG vs GCC 4.4 重建的 libstdc++：const_iterator 转换、operator->/operator*、operator!=/operator== 等） 2 处（STL 调用差异（call   <T> <_ZNK9__gnu_cxx17__normal_iteratorIPKP16ST_KillUSRConfigSt6vectorIS2_SaIS2_EEEdeEv> | call   <T> <_ZN17CPacketTranslater24OnMonitorSendGuildLetterEP12PacketHeader>）；STL 调用差异（call   <T> <_ZNK9__gnu_cxx17__normal_iteratorIPKP16ST_KillUSRConfigSt6vectorIS2_SaIS2_EEEdeEv> | call   <T> <_ZN36Packet_Guild_Master_Delegate_FromWebC1Ev>））；寄存器分配差异 9 处（寄存器分配差异（mov    %eax,(%esp) | mov    %edx,(%esp)）；寄存器分配差异（mov    %eax,(%esp) | mov    %eax,(%esp)））；等价指令形态差异 42 处（等价指令形态差异（mov vs lea）；等价指令形态差异（mov vs lea））；栈帧/局部布局差异 17 处（栈局部偏移不同（lea    -0x11(%ebp),%eax | lea    -0x15(%ebp),%eax）；栈局部偏移不同（lea    -0x11(%ebp),%eax | lea    -0x15(%ebp),%eax））；基本块布局差异 2 处（函数内跳转偏移不同（jmp    <T> <_ZN12CApplication15TranslateSignalEv+0x406> | jmp    <T> <_ZN12CApplication15TranslateSignalEv+0x3ef>）；函数内跳转偏移不同（jmp    <T> <_ZN12CApplication15TranslateSignalEv+0x406> | jmp    <T> <_ZN12CApplication15TranslateSignalEv+0x3ef>））；立即数/常量差异 2 处（立即数不同（sub    $0x170,%esp | sub    $0x180,%esp）；立即数不同（movl   $0x1e,-0x3b(%ebp) | movl   $0x1e,(%eax)））；匿名数据指针差异 2 处（匿名数据指针差异（mov    %eax,(%esp) | mov    &data#f3f3eebf(.rodata)(,%eax,4),%eax）；匿名数据指针差异（movl   $&data#fc911c56(.rodata),0x4(%esp) | movl   $&data#e3f060d6(.rodata),0x4(%esp)））；其余指令差异 94 处（操作数差异（mov    %eax,(%esp) | mov    %eax,-0x10(%ebp)）；助记符不同（call   <T> <_ZNKSt6vectorIP16ST_KillUSRConfigSaIS1_EE5emptyEv> | mov    -0x10(%ebp),%eax））","--- ORIG（伪代码化）
+++ OURS（伪代码化）
@@ -1,294 +1,293 @@
 push   %ebp
 mov    %esp,%ebp
 push   %esi
 push   %ebx
-sub    $0x170,%esp
+sub    $0x180,%esp
 mov    0x8(%ebp),%eax
 mov    0x64(%eax),%eax
 mov    %eax,(%esp)",2026-08-11
_ZN12CApplication17FindTcpGameServerEj,CApplication::FindTcpGameServer(unsigned int),codegen_diff,共 6 组指令差异,"--- ORIG（伪代码化）
+++ OURS（伪代码化）
@@ -1,11 +1,17 @@
 push   %ebp
 mov    %esp,%ebp
 sub    $0x18,%esp
+mov    0x8(%ebp),%eax
+mov    0x68(%eax),%eax
+test   %eax,%eax
+je     <T> <_ZN12CApplication17FindTcpGameServerEj+0x27>
 mov    0x8(%ebp),%eax
 mov    0x68(%eax),%eax",2026-08-11
_ZN12CApplication4FreeEv,CApplication::Free(),other,"真实调用目标差异 1 处（调用目标不同（call   <T> <puts> | call   *%eax））；寄存器分配差异 1 处（寄存器分配差异（mov    (%eax),%edx | mov    (%eax),%eax））；等价指令形态差异 2 处（字节强转读取形态差（ORIG 直接偏移加载 mov    0xfc(%eax),%eax vs OURS add+加载）；等价指令形态差异（jmp vs je））；基本块布局差异 1 处（函数内跳转偏移不同（je     <T> <_ZN12CApplication4FreeEv+0xe3> | je     <T> <_ZN12CApplication4FreeEv+0xa9>））；其余指令差异 37 处（操作数差异（mov    0x8(%ebp),%edx | mov    %eax,-0x14(%ebp)）；助记符不同（add    $0x290,%edx | mov    0x8(%ebp),%eax））","--- ORIG（伪代码化）
+++ OURS（伪代码化）
@@ -1,180 +1,187 @@
 push   %ebp
 mov    %esp,%ebp
 push   %esi
 push   %ebx
 sub    $0x20,%esp
 movl   $""Application Free Start!"",(%esp)
 call   <T> <puts>
 mov    0x8(%ebp),%eax
 mov    %eax,(%esp)",2026-08-11
_ZN12CApplication4InitEiPPc,"CApplication::Init(int, char**)",codegen_diff,"寄存器分配差异 1 处（寄存器分配差异（mov    0xc(%ebp),%edx | mov    0xc(%edx),%edx））；等价指令形态差异 1 处（等价指令形态差异（push vs sub））；其余指令差异 18 处（助记符不同（push   %ebx | mov    %eax,-0xc(%ebp)）；助记符不同（sub    $0x20,%esp | mov    0x8(%ebp),%eax））","--- ORIG（伪代码化）
+++ OURS（伪代码化）
@@ -1,83 +1,48 @@
 push   %ebp
 mov    %esp,%ebp
-push   %esi
-push   %ebx
-sub    $0x20,%esp
+sub    $0x28,%esp
 call   <T> <_Z8ShowLogov>
 movl   $&g_ServerString_,(%esp)
 call   <T> <_ZN13np_server_xml10CServerXml10StrLoadingEv>",2026-08-11
_ZN12CApplication4LoadEiPPc,"CApplication::Load(int, char**)",other,"真实调用目标差异 2 处（调用目标不同（call   <T> <_ZNSaIcED1Ev> | call   <T> <_ZN13CDNFExceptionC1ERKSs>）；调用目标不同（call   *%edx | call   <T> <_ZNSaIcED1Ev>））；异常处理/展开路径差异 5 处（异常处理运行时调用差异（call   <T> <_ZN12CTcpDBServer7GetSockEv> | call   <T> <_Unwind_Resume>）；异常处理运行时调用差异（call   <T> <_ZN10CMyFileLogC1EPKci> | call   <T> <__cxa_throw>））；寄存器分配差异 13 处（寄存器分配差异（mov    %esi,%eax | mov    %edx,%ebx）；寄存器分配差异（mov    %ebx,%edx | mov    %eax,%esi））；等价指令形态差异 47 处（等价指令形态差异（lea vs mov）；等价指令形态差异（lea vs mov））；栈帧/局部布局差异 3 处（栈局部偏移不同（lea    -0x58(%ebp),%eax | lea    -0x44(%ebp),%eax）；栈局部偏移不同（lea    -0x49(%ebp),%eax | lea    -0x3c(%ebp),%eax））；基本块布局差异 3 处（函数内跳转偏移不同（jmp    <T> <_ZN12CApplication4LoadEiPPc+0x38> | jmp    <T> <_ZN12CApplication4LoadEiPPc+0x3e>）；函数内跳转偏移不同（jmp    <T> <_ZN12CApplication4LoadEiPPc+0x700> | jmp    <T> <_ZN12CApplication4LoadEiPPc+0x284>））；立即数/常量差异 1 处（立即数不同（sub    $0x7c,%esp | sub    $0x8c,%esp））；其余指令差异 173 处（助记符不同（jmp    <T> <_ZN12CApplication4LoadEiPPc+0x700> | mov    %eax,(%esp)）；助记符不同（lea    -0x51(%ebp),%eax | call   <T> <_Unwind_Resume>））","--- ORIG（伪代码化）
+++ OURS（伪代码化）
@@ -1,527 +1,590 @@
 push   %ebp
 mov    %esp,%ebp
 push   %edi
 push   %esi
 push   %ebx
-sub    $0x7c,%esp
+sub    $0x8c,%esp
 movl   $0x1c,(%esp)
 call   <T> <_Znwj>",2026-08-11
_ZN12CApplication7ProcessEv,CApplication::Process(),other,"真实调用目标差异 1 处（调用目标不同（call   <T> <printf> | call   <T> <puts>））；等价指令形态差异 7 处（等价指令形态差异（movzbl vs mov）；等价指令形态差异（movzbl vs mov））；栈帧/局部布局差异 5 处（栈局部偏移不同（mov    %eax,-0x10(%ebp) | mov    %eax,-0x14(%ebp)）；栈局部偏移不同（mov    -0x10(%ebp),%eax | mov    -0x14(%ebp),%eax））；基本块布局差异 5 处（函数内跳转偏移不同（jmp    <T> <_ZN12CApplication7ProcessEv+0x209> | jmp    <T> <_ZN12CApplication7ProcessEv+0x1ff>）；函数内跳转偏移不同（je     <T> <_ZN12CApplication7ProcessEv+0xc5> | je     <T> <_ZN12CApplication7ProcessEv+0xbf>））；立即数/常量差异 1 处（立即数不同（sub    $0x30,%esp | sub    $0x40,%esp））；其余指令差异 25 处（操作数差异（test   %al,%al | test   %eax,%eax）；操作数差异（mov    0x8(%ebp),%eax | mov    -0x14(%ebp),%eax））","--- ORIG（伪代码化）
+++ OURS（伪代码化）
@@ -1,156 +1,155 @@
 push   %ebp
 mov    %esp,%ebp
 push   %esi
 push   %ebx
-sub    $0x30,%esp
-jmp    <T> <_ZN12CApplication7ProcessEv+0x209>
+sub    $0x40,%esp
+jmp    <T> <_ZN12CApplication7ProcessEv+0x1ff>
 mov    0x8(%ebp),%eax",2026-08-11
_ZN12CApplicationC1Ev,CApplication::CApplication(),codegen_diff,"寄存器分配差异 12 处（寄存器分配差异（mov    0x8(%ebp),%eax | mov    0x8(%ebp),%eax）；寄存器分配差异（movl   $0x0,0x5c(%eax) | movl   $0x0,0x5c(%eax)））；其余指令差异 18 处（助记符不同（movb   $0x0,0x4(%eax) | mov    0x8(%ebp),%eax）；助记符不同（mov    0x8(%ebp),%eax | movb   $0x0,0x4(%eax)））","--- ORIG（伪代码化）
+++ OURS（伪代码化）
@@ -1,129 +1,141 @@
 push   %ebp
 mov    %esp,%ebp
 push   %esi
 push   %ebx
 sub    $0x10,%esp
 mov    0x8(%ebp),%eax
 mov    %eax,(%esp)
 call   <T> <_ZN8CAppBaseC1Ev>
 mov    0x8(%ebp),%eax",2026-08-11
_ZN12CApplicationC2Ev,CApplication::CApplication(),codegen_diff,"寄存器分配差异 12 处（寄存器分配差异（mov    0x8(%ebp),%eax | mov    0x8(%ebp),%eax）；寄存器分配差异（movl   $0x0,0x5c(%eax) | movl   $0x0,0x5c(%eax)））；其余指令差异 18 处（助记符不同（movb   $0x0,0x4(%eax) | mov    0x8(%ebp),%eax）；助记符不同（mov    0x8(%ebp),%eax | movb   $0x0,0x4(%eax)））","--- ORIG（伪代码化）
+++ OURS（伪代码化）
@@ -1,129 +1,141 @@
 push   %ebp
 mov    %esp,%ebp
 push   %esi
 push   %ebx
 sub    $0x10,%esp
 mov    0x8(%ebp),%eax
 mov    %eax,(%esp)
 call   <T> <_ZN8CAppBaseC1Ev>
 mov    0x8(%ebp),%eax",2026-08-11
_ZN12CApplicationD1Ev,CApplication::~CApplication(),other,"真实调用目标差异 1 处（调用目标不同（call   <T> <_ZN6CMutexD1Ev> | call   <T> <_ZN6CMutexD1Ev>））；寄存器分配差异 3 处（寄存器分配差异（mov    0x8(%ebp),%eax | mov    0x8(%ebp),%eax）；寄存器分配差异（add    $0x118,%eax | add    $0x118,%eax））；等价指令形态差异 1 处（等价指令形态差异（je vs jmp））；基本块布局差异 3 处（函数内跳转偏移不同（jmp    <T> <_ZN12CApplicationD1Ev+0xed> | jmp    <T> <_ZN12CApplicationD1Ev+0xbd>）；函数内跳转偏移不同（jmp    <T> <_ZN12CApplicationD1Ev+0x11f> | jmp    <T> <_ZN12CApplicationD1Ev+0xcf>））；其余指令差异 6 处（助记符不同（mov    0x8(%ebp),%eax | jmp    <T> <_ZN12CApplicationD1Ev+0xe9>）；助记符不同（add    $0x100,%eax | jmp    <T> <_ZN12CApplicationD1Ev+0xfb>））","--- ORIG（伪代码化）
+++ OURS（伪代码化）
@@ -1,127 +1,145 @@
 push   %ebp
 mov    %esp,%ebp
 push   %esi
 push   %ebx
 sub    $0x10,%esp
 mov    0x8(%ebp),%eax
 movl   $&_ZTV12CApplication+0x8,(%eax)
 movl   $""Application Stop!"",(%esp)
 call   <T> <puts>",2026-08-11
_ZN12CApplicationD2Ev,CApplication::~CApplication(),other,"真实调用目标差异 1 处（调用目标不同（call   <T> <_ZN6CMutexD1Ev> | call   <T> <_ZN6CMutexD1Ev>））；寄存器分配差异 3 处（寄存器分配差异（mov    0x8(%ebp),%eax | mov    0x8(%ebp),%eax）；寄存器分配差异（add    $0x118,%eax | add    $0x118,%eax））；等价指令形态差异 1 处（等价指令形态差异（je vs jmp））；基本块布局差异 3 处（函数内跳转偏移不同（jmp    <T> <_ZN12CApplicationD1Ev+0xed> | jmp    <T> <_ZN12CApplicationD1Ev+0xbd>）；函数内跳转偏移不同（jmp    <T> <_ZN12CApplicationD1Ev+0x11f> | jmp    <T> <_ZN12CApplicationD1Ev+0xcf>））；其余指令差异 6 处（助记符不同（mov    0x8(%ebp),%eax | jmp    <T> <_ZN12CApplicationD1Ev+0xe9>）；助记符不同（add    $0x100,%eax | jmp    <T> <_ZN12CApplicationD1Ev+0xfb>））","--- ORIG（伪代码化）
+++ OURS（伪代码化）
@@ -1,127 +1,145 @@
 push   %ebp
 mov    %esp,%ebp
 push   %esi
 push   %ebx
 sub    $0x10,%esp
 mov    0x8(%ebp),%eax
 movl   $&_ZTV12CApplication+0x8,(%eax)
 movl   $""Application Stop!"",(%esp)
 call   <T> <puts>",2026-08-11
_ZN12CTcpDBServer10SendLogoutEv,CTcpDBServer::SendLogout(),other,"其余指令差异 3 处（助记符不同（mov    %eax,-0x10(%ebp) | je     <T> <_ZN12CTcpDBServer10SendLogoutEv+0x45>）；助记符不同（mov    -0x10(%ebp),%eax | add    $0xa,%eax））","--- ORIG（伪代码化）
+++ OURS（伪代码化）
@@ -1,22 +1,21 @@
 push   %ebp
 mov    %esp,%ebp
 sub    $0x28,%esp
 movl   $0xb,0x8(%esp)
 movl   $0x1069,0x4(%esp)
 mov    0x8(%ebp),%eax
 mov    %eax,(%esp)
 call   <T> <_ZN12CTcpDBServer16makePacketHeaderEtt>
-mov    %eax,-0x10(%ebp)",2026-08-11
_ZN12CTcpDBServer12DisConnectedEv,CTcpDBServer::DisConnected(),codegen_diff,"等价指令形态差异 1 处（等价指令形态差异（push vs sub））；其余指令差异 9 处（助记符不同（sub    $0x30,%esp | mov    0x8(%ebp),%eax）；助记符不同（mov    0x8(%ebp),%eax | movzwl 0x4(%eax),%eax））","--- ORIG（伪代码化）
+++ OURS（伪代码化）
@@ -1,35 +1,32 @@
 push   %ebp
 mov    %esp,%ebp
-push   %esi
 push   %ebx
-sub    $0x30,%esp
+sub    $0x34,%esp
 mov    0x8(%ebp),%eax
 movl   $0xffffffff,0x8(%eax)
 mov    0x8(%ebp),%eax",2026-08-11
_ZN12CTcpDBServer13IsValidServerEv,CTcpDBServer::IsValidServer(),codegen_diff,"寄存器分配差异 1 处（寄存器分配差异（mov    0x8(%ebp),%eax | mov    0x8(%ebp),%eax））；等价指令形态差异 2 处（等价指令形态差异（push vs sub）；等价指令形态差异（je vs jmp））；其余指令差异 8 处（助记符不同（push   %ebx | je     <T> <_ZN12CTcpDBServer13IsValidServerEv+0x22>）；助记符不同（sub    $0x30,%esp | je     <T> <_ZN12CTcpDBServer13IsValidServerEv+0x22>））","--- ORIG（伪代码化）
+++ OURS（伪代码化）
@@ -1,37 +1,32 @@
 push   %ebp
 mov    %esp,%ebp
-push   %esi
-push   %ebx
-sub    $0x30,%esp
+sub    $0x38,%esp
 mov    0x8(%ebp),%eax
 mov    0x8(%eax),%eax
 cmp    $0xffffffff,%eax",2026-08-11
_ZN12CTcpDBServer13SendHeartbeatEv,CTcpDBServer::SendHeartbeat(),other,"其余指令差异 3 处（助记符不同（mov    %eax,-0x10(%ebp) | je     <T> <_ZN12CTcpDBServer13SendHeartbeatEv+0x45>）；助记符不同（mov    -0x10(%ebp),%eax | add    $0xa,%eax））","--- ORIG（伪代码化）
+++ OURS（伪代码化）
@@ -1,22 +1,21 @@
 push   %ebp
 mov    %esp,%ebp
 sub    $0x28,%esp
 movl   $0xb,0x8(%esp)
 movl   $0x106a,0x4(%esp)
 mov    0x8(%ebp),%eax
 mov    %eax,(%esp)
 call   <T> <_ZN12CTcpDBServer16makePacketHeaderEtt>
-mov    %eax,-0x10(%ebp)",2026-08-11
_ZN12CTcpDBServer16makePacketHeaderEtt,"CTcpDBServer::makePacketHeader(unsigned short, unsigned short)",codegen_diff,"等价指令形态差异 1 处（等价指令形态差异（mov vs lea））；其余指令差异 10 处（助记符不同（je     <T> <_ZN12CTcpDBServer16makePacketHeaderEtt+0x5d> | jne    <T> <_ZN12CTcpDBServer16makePacketHeaderEtt+0x25>）；操作数差异（mov    %eax,-0x10(%ebp) | mov    $0x0,%eax））","--- ORIG（伪代码化）
+++ OURS（伪代码化）
@@ -1,34 +1,34 @@
 push   %ebp
 mov    %esp,%ebp
 sub    $0x38,%esp
 mov    0xc(%ebp),%edx
 mov    0x10(%ebp),%eax
 mov    %dx,-0x1c(%ebp)
 mov    %ax,-0x20(%ebp)
 mov    0x8(%ebp),%eax
 mov    0xc(%eax),%eax",2026-08-11
_ZN12CTcpDBServer9ConnectedEv,CTcpDBServer::Connected(),codegen_diff,"寄存器分配差异 1 处（寄存器分配差异（mov    0x8(%ebp),%eax | mov    0x8(%ebp),%eax））；等价指令形态差异 1 处（等价指令形态差异（push vs sub））；其余指令差异 11 处（助记符不同（sub    $0x30,%esp | test   %eax,%eax）；助记符不同（mov    0x8(%ebp),%eax | je     <T> <_ZN12CTcpDBServer9ConnectedEv+0x2a>））","--- ORIG（伪代码化）
+++ OURS（伪代码化）
@@ -1,36 +1,37 @@
 push   %ebp
 mov    %esp,%ebp
-push   %esi
 push   %ebx
-sub    $0x30,%esp
+sub    $0x34,%esp
 mov    0x8(%ebp),%eax
 mov    %eax,(%esp)
 call   <T> <_ZN12CTcpDBServer9SendLoginEv>",2026-08-11
_ZN12CTcpDBServer9SendLoginEv,CTcpDBServer::SendLogin(),other,"其余指令差异 3 处（助记符不同（mov    %eax,-0x10(%ebp) | je     <T> <_ZN12CTcpDBServer9SendLoginEv+0x45>）；助记符不同（mov    -0x10(%ebp),%eax | add    $0xa,%eax））","--- ORIG（伪代码化）
+++ OURS（伪代码化）
@@ -1,22 +1,21 @@
 push   %ebp
 mov    %esp,%ebp
 sub    $0x28,%esp
 movl   $0xb,0x8(%esp)
 movl   $0x1068,0x4(%esp)
 mov    0x8(%ebp),%eax
 mov    %eax,(%esp)
 call   <T> <_ZN12CTcpDBServer16makePacketHeaderEtt>
-mov    %eax,-0x10(%ebp)",2026-08-11
_ZN12CToolFileLogclEPKciS1_z,"CToolFileLog::operator()(char const*, int, char const*, ...)",codegen_diff,"寄存器分配差异 6 处（寄存器分配差异（mov    $0x7000,%edx | mov    $0x7000,%ebx）；寄存器分配差异（mov    %edx,0x8(%esp) | mov    %ebx,0x8(%esp)））","--- ORIG（伪代码化）
+++ OURS（伪代码化）
@@ -1,82 +1,82 @@
 push   %ebp
 mov    %esp,%ebp
 push   %edi
 push   %ebx
 sub    $0xe120,%esp
+mov    $0x7000,%ebx
+mov    %ebx,0x8(%esp)
+movl   $0x0,0x4(%esp)
 lea    -0x710c(%ebp),%eax",2026-08-11
_ZN12CUserManager10CreateUserEjjPciP11CGameServer,"CUserManager::CreateUser(unsigned int, unsigned int, char*, int, CGameServer*)",template_macro,源码未定位：第 3 节未能在候选源文件/对象中定位该函数定义（模板头文件、宏生成函数或 typedef 参数形态），无法从源码侧修复；共 70 组指令差异。,"--- ORIG（伪代码化）
+++ OURS（伪代码化）
@@ -1,143 +1,149 @@
 push   %ebp
 mov    %esp,%ebp
 push   %edi
 push   %esi
 push   %ebx
-sub    $0x4c,%esp
+sub    $0x5c,%esp
 movl   $0x8c,(%esp)
 call   <T> <_ZN5CUsernwEj>",2026-08-11
_ZN12CUserManager10DeleteUserEP5CUser,CUserManager::DeleteUser(CUser*),codegen_diff,"等价指令形态差异 5 处（等价指令形态差异（je vs jmp）；等价指令形态差异（lea vs mov））；其余指令差异 11 处（助记符不同（je     <T> <_ZN12CUserManager10DeleteUserEP5CUser+0x20> | jne    <T> <_ZN12CUserManager10DeleteUserEP5CUser+0x1c>）；助记符不同（jmp    <T> <_ZN12CUserManager10DeleteUserEP5CUser+0xe4> | cmpl   $0x0,0xc(%ebp)））","--- ORIG（伪代码化）
+++ OURS（伪代码化）
@@ -1,65 +1,71 @@
 push   %ebp
 mov    %esp,%ebp
 push   %ebx
 sub    $0x24,%esp
 mov    0x8(%ebp),%eax
 mov    %eax,(%esp)
 call   <T> <_ZNKSt3mapIKjP5CUserSt4lessIS0_ESaISt4pairIS0_S2_EEE5emptyEv>
 test   %al,%al
-je     <T> <_ZN12CUserManager10DeleteUserEP5CUser+0x20>",2026-08-11
_ZN12CUserManager10DeleteUserEj,CUserManager::DeleteUser(unsigned int),codegen_diff,"STL 模板实例化差异（GCC 4.1 ORIG vs GCC 4.4 重建的 libstdc++：const_iterator 转换、operator->/operator*、operator!=/operator== 等） 1 处（STL 调用差异（call   <T> <_ZNK12CUserManager8FindUserEj> | call   <T> <_ZNSt3mapIKjP5CUserSt4lessIS0_ESaISt4pairIS0_S2_EEE4findERS0_>））；等价指令形态差异 4 处（等价指令形态差异（push vs sub）；等价指令形态差异（mov vs lea））；其余指令差异 37 处（助记符不同（push   %esi | jne    <T> <_ZN12CUserManager10DeleteUserEj+0x13a>）；助记符不同（sub    $0x3c,%esp | mov    0x8(%ebp),%edx））","--- ORIG（伪代码化）
+++ OURS（伪代码化）
@@ -1,83 +1,91 @@
 push   %ebp
 mov    %esp,%ebp
-push   %edi
-push   %esi
 push   %ebx
-sub    $0x3c,%esp
+sub    $0x44,%esp
 mov    0x8(%ebp),%eax
 mov    %eax,(%esp)",2026-08-11
_ZN12CUserManager10InsertUserEjP5CUser,"CUserManager::InsertUser(unsigned int, CUser*)",caliber_issue,"立即数/常量差异 1 处（立即数不同（mov    $0x0,%eax | mov    $0x1,%eax））；其余指令差异 4 处（助记符不同（je     <T> <_ZN12CUserManager10InsertUserEjP5CUser+0x5d> | jne    <T> <_ZN12CUserManager10InsertUserEjP5CUser+0x14>）；助记符不同（call   <T> <_ZSt9make_pairIRKjRP5CUserESt4pairINSt17__decay_and_stripIT_E6__typeENS6_IT0_E6__typeEEOS7_OSA_> | mov    $0x0,%eax））","--- ORIG（伪代码化）
+++ OURS（伪代码化）
@@ -1,32 +1,32 @@
 push   %ebp
 mov    %esp,%ebp
 sub    $0x38,%esp
 mov    0x10(%ebp),%eax
 test   %eax,%eax
-je     <T> <_ZN12CUserManager10InsertUserEjP5CUser+0x5d>
+jne    <T> <_ZN12CUserManager10InsertUserEjP5CUser+0x14>
+mov    $0x0,%eax
+jmp    <T> <_ZN12CUserManager10InsertUserEjP5CUser+0x63>",2026-08-11
_ZN12CUserManager15ProcessByMinuteEv,CUserManager::ProcessByMinute(),caliber_issue,"STL 模板实例化差异（GCC 4.1 ORIG vs GCC 4.4 重建的 libstdc++：const_iterator 转换、operator->/operator*、operator!=/operator== 等） 1 处（STL 调用差异（call   <T> <_ZNSt3mapIKjP5CUserSt4lessIS0_ESaISt4pairIS0_S2_EEE5beginEv> | call   <T> <_ZNKSt17_Rb_tree_iteratorISt4pairIKjP5CUserEEptEv>））；寄存器分配差异 3 处（寄存器分配差异（mov    %eax,(%esp) | mov    %eax,(%esp)）；寄存器分配差异（mov    %eax,(%esp) | mov    %eax,(%esp)））；等价指令形态差异 4 处（等价指令形态差异（mov vs lea）；等价指令形态差异（mov vs lea））；立即数/常量差异 1 处（立即数不同（sub    $0x38,%esp | sub    $0x28,%esp））；其余指令差异 21 处（助记符不同（mov    0x8(%ebp),%eax | call   <T> <_ZNSt3mapIKjP5CUserSt4lessIS0_ESaISt4pairIS0_S2_EEE5beginEv>）；助记符不同（lea    0x18(%eax),%edx | sub    $0x4,%esp））","--- ORIG（伪代码化）
+++ OURS（伪代码化）
@@ -1,50 +1,44 @@
 push   %ebp
 mov    %esp,%ebp
-sub    $0x38,%esp
-mov    0x8(%ebp),%eax
-lea    0x18(%eax),%edx
-lea    -0x18(%ebp),%eax
-mov    %edx,0x4(%esp)
-mov    %eax,(%esp)
-call   <T> <_ZNSt3mapIKjP5CUserSt4lessIS0_ESaISt4pairIS0_S2_EEE5beginEv>",2026-08-11
_ZN12CUserManager17DeleteUser_CharNoEj,CUserManager::DeleteUser_CharNo(unsigned int),codegen_diff,"等价指令形态差异 2 处（等价指令形态差异（push vs sub）；等价指令形态差异（jne vs jmp））；基本块布局差异 3 处（函数内跳转偏移不同（jmp    <T> <_ZN12CUserManager17DeleteUser_CharNoEj+0x2d> | jmp    <T> <_ZN12CUserManager17DeleteUser_CharNoEj+0xb0>）；函数内跳转偏移不同（je     <T> <_ZN12CUserManager17DeleteUser_CharNoEj+0x38> | je     <T> <_ZN12CUserManager17DeleteUser_CharNoEj+0x5c>））；其余指令差异 11 处（助记符不同（push   %ebx | jne    <T> <_ZN12CUserManager17DeleteUser_CharNoEj+0x1f>）；助记符不同（sub    $0x30,%esp | jne    <T> <_ZN12CUserManager17DeleteUser_CharNoEj+0x26>））","--- ORIG（伪代码化）
+++ OURS（伪代码化）
@@ -1,57 +1,51 @@
 push   %ebp
 mov    %esp,%ebp
-push   %esi
-push   %ebx
-sub    $0x30,%esp
+sub    $0x38,%esp
 mov    0x8(%ebp),%eax
 add    $0x18,%eax
 mov    %eax,(%esp)",2026-08-11
_ZN12CUserManager17InsertUser_CharNoEjP5CUser,"CUserManager::InsertUser_CharNo(unsigned int, CUser*)",codegen_diff,"等价指令形态差异 1 处（等价指令形态差异（push vs sub））；栈帧/局部布局差异 3 处（栈局部偏移不同（lea    -0x28(%ebp),%eax | lea    -0x18(%ebp),%eax）；栈局部偏移不同（lea    -0x30(%ebp),%eax | lea    -0x20(%ebp),%eax））；其余指令差异 7 处（助记符不同（push   %esi | jne    <T> <_ZN12CUserManager17InsertUser_CharNoEjP5CUser+0x14>）；助记符不同（push   %ebx | mov    $0x0,%eax））","--- ORIG（伪代码化）
+++ OURS（伪代码化）
@@ -1,66 +1,33 @@
 push   %ebp
 mov    %esp,%ebp
-push   %edi
-push   %esi
-push   %ebx
-sub    $0x4c,%esp
+sub    $0x38,%esp
 mov    0x10(%ebp),%eax
 test   %eax,%eax",2026-08-11
_ZN12CUserManager19InsertUser_CharNameEPcP5CUser,"CUserManager::InsertUser_CharName(char*, CUser*)",caliber_issue,"STL 模板实例化差异（GCC 4.1 ORIG vs GCC 4.4 重建的 libstdc++：const_iterator 转换、operator->/operator*、operator!=/operator== 等） 1 处（STL 调用差异（call   <T> <_ZN5CUser7GetDBIDEv> | call   <T> <_ZSt9make_pairISsRP5CUserESt4pairINSt17__decay_and_stripIT_E6__typeENS4_IT0_E6__typeEEOS5_OS8_>））；等价指令形态差异 10 处（等价指令形态差异（lea vs mov）；等价指令形态差异（lea vs mov））；立即数/常量差异 1 处（立即数不同（sub    $0x40,%esp | sub    $0x30,%esp））；其余指令差异 20 处（助记符不同（je     <T> <_ZN12CUserManager19InsertUser_CharNameEPcP5CUser+0xd0> | jne    <T> <_ZN12CUserManager19InsertUser_CharNameEPcP5CUser+0x19>）；助记符不同（lea    0xc(%ebp),%eax | jmp    <T> <_ZN12CUserManager19InsertUser_CharNameEPcP5CUser+0x11b>））","--- ORIG（伪代码化）
+++ OURS（伪代码化）
@@ -1,66 +1,97 @@
 push   %ebp
 mov    %esp,%ebp
 push   %esi
 push   %ebx
-sub    $0x40,%esp
+sub    $0x30,%esp
 mov    0x10(%ebp),%eax
 test   %eax,%eax
-je     <T> <_ZN12CUserManager19InsertUser_CharNameEPcP5CUser+0xd0>",2026-08-11
_ZN12CUserManager26RefreshGuildAttendanceInfoEv,CUserManager::RefreshGuildAttendanceInfo(),caliber_issue,"等价指令形态差异 2 处（等价指令形态差异（mov vs lea）；等价指令形态差异（je vs jmp））；栈帧/局部布局差异 1 处（栈局部偏移不同（lea    -0x18(%ebp),%eax | lea    -0x14(%ebp),%eax））；基本块布局差异 1 处（函数内跳转偏移不同（jne    <T> <_ZN12CUserManager26RefreshGuildAttendanceInfoEv+0xf8> | jne    <T> <_ZN12CUserManager26RefreshGuildAttendanceInfoEv+0xd4>））；立即数/常量差异 1 处（立即数不同（sub    $0x30,%esp | sub    $0x20,%esp））；其余指令差异 7 处（助记符不同（lea    -0x18(%ebp),%eax | jmp    <T> <_ZN12CUserManager26RefreshGuildAttendanceInfoEv+0xa0>）；助记符不同（lea    -0x1c(%ebp),%eax | call   <T> <_ZNKSt17_Rb_tree_iteratorISt4pairIKjP5CUserEEptEv>））","--- ORIG（伪代码化）
+++ OURS（伪代码化）
@@ -1,82 +1,72 @@
 push   %ebp
 mov    %esp,%ebp
 push   %esi
 push   %ebx
-sub    $0x30,%esp
+sub    $0x20,%esp
 mov    0x8(%ebp),%eax
 add    $0x18,%eax
 mov    %eax,(%esp)",2026-08-11
_ZN12CUserManager27DeleteUsersOnGameServerDownEP11CGameServer,CUserManager::DeleteUsersOnGameServerDown(CGameServer*),codegen_diff,"寄存器分配差异 2 处（寄存器分配差异（test   %al,%al | test   %al,%al）；寄存器分配差异（test   %al,%al | test   %al,%al））；等价指令形态差异 7 处（等价指令形态差异（jmp vs jne）；等价指令形态差异（jne vs jmp））；基本块布局差异 6 处（函数内跳转偏移不同（je     <T> <_ZN12CUserManager27DeleteUsersOnGameServerDownEP11CGameServer+0x167> | je     <T> <_ZN12CUserManager27DeleteUsersOnGameServerDownEP11CGameServer+0x16d>）；函数内跳转偏移不同（jmp    <T> <_ZN12CUserManager27DeleteUsersOnGameServerDownEP11CGameServer+0x172> | jmp    <T> <_ZN12CUserManager27DeleteUsersOnGameServerDownEP11CGameServer+0x178>））；其余指令差异 13 处（助记符不同（je     <T> <_ZN12CUserManager27DeleteUsersOnGameServerDownEP11CGameServer+0x20> | jne    <T> <_ZN12CUserManager27DeleteUsersOnGameServerDownEP11CGameServer+0x2af>）；助记符不同（mov    $0x0,%eax | je     <T> <_ZN12CUserManager27DeleteUsersOnGameServerDownEP11CGameServer+0x68>））","--- ORIG（伪代码化）
+++ OURS（伪代码化）
@@ -1,202 +1,204 @@
 push   %ebp
 mov    %esp,%ebp
 push   %ebx
 sub    $0x44,%esp
 mov    0x8(%ebp),%eax
 mov    %eax,(%esp)
 call   <T> <_ZNKSt3mapIKjP5CUserSt4lessIS0_ESaISt4pairIS0_S2_EEE5emptyEv>
 test   %al,%al
-je     <T> <_ZN12CUserManager27DeleteUsersOnGameServerDownEP11CGameServer+0x20>",2026-08-11
_ZN12CUserManager29DeleteBlackUserOnCharacDeleteEj,CUserManager::DeleteBlackUserOnCharacDelete(unsigned int),caliber_issue,"STL 模板实例化差异（GCC 4.1 ORIG vs GCC 4.4 重建的 libstdc++：const_iterator 转换、operator->/operator*、operator!=/operator== 等） 1 处（STL 调用差异（call   <T> <_ZNSt3mapIKjP5CUserSt4lessIS0_ESaISt4pairIS0_S2_EEE5beginEv> | call   <T> <_ZNKSt17_Rb_tree_iteratorISt4pairIKjP5CUserEEptEv>））；寄存器分配差异 2 处（寄存器分配差异（mov    %eax,(%esp) | mov    %eax,(%esp)）；寄存器分配差异（mov    %eax,0x4(%esp) | mov    %edx,0x4(%esp)））；等价指令形态差异 5 处（等价指令形态差异（mov vs lea）；等价指令形态差异（lea vs mov））；基本块布局差异 1 处（函数内跳转偏移不同（jne    <T> <_ZN12CUserManager29DeleteBlackUserOnCharacDeleteEj+0xb8> | jne    <T> <_ZN12CUserManager29DeleteBlackUserOnCharacDeleteEj+0x8a>））；立即数/常量差异 1 处（立即数不同（sub    $0x38,%esp | sub    $0x28,%esp））；其余指令差异 16 处（助记符不同（mov    0x8(%ebp),%eax | call   <T> <_ZNSt3mapIKjP5CUserSt4lessIS0_ESaISt4pairIS0_S2_EEE5beginEv>）；助记符不同（lea    0x18(%eax),%edx | sub    $0x4,%esp））","--- ORIG（伪代码化）
+++ OURS（伪代码化）
@@ -1,58 +1,46 @@
 push   %ebp
 mov    %esp,%ebp
-sub    $0x38,%esp
+sub    $0x28,%esp
 mov    0x8(%ebp),%eax
 add    $0x18,%eax
 mov    %eax,(%esp)
 call   <T> <_ZNKSt3mapIKjP5CUserSt4lessIS0_ESaISt4pairIS0_S2_EEE5emptyEv>
 test   %al,%al",2026-08-11
_ZN12CUserManager30DeleteUsersOnTcpGameServerDownEP14CTcpGameServer,CUserManager::DeleteUsersOnTcpGameServerDown(CTcpGameServer*),codegen_diff,"寄存器分配差异 2 处（寄存器分配差异（test   %al,%al | test   %al,%al）；寄存器分配差异（test   %al,%al | test   %al,%al））；等价指令形态差异 7 处（等价指令形态差异（jmp vs jne）；等价指令形态差异（jne vs jmp））；基本块布局差异 6 处（函数内跳转偏移不同（je     <T> <_ZN12CUserManager30DeleteUsersOnTcpGameServerDownEP14CTcpGameServer+0x167> | je     <T> <_ZN12CUserManager30DeleteUsersOnTcpGameServerDownEP14CTcpGameServer+0x16d>）；函数内跳转偏移不同（jmp    <T> <_ZN12CUserManager30DeleteUsersOnTcpGameServerDownEP14CTcpGameServer+0x172> | jmp    <T> <_ZN12CUserManager30DeleteUsersOnTcpGameServerDownEP14CTcpGameServer+0x178>））；其余指令差异 13 处（助记符不同（je     <T> <_ZN12CUserManager30DeleteUsersOnTcpGameServerDownEP14CTcpGameServer+0x20> | jne    <T> <_ZN12CUserManager30DeleteUsersOnTcpGameServerDownEP14CTcpGameServer+0x2af>）；助记符不同（mov    $0x0,%eax | je     <T> <_ZN12CUserManager30DeleteUsersOnTcpGameServerDownEP14CTcpGameServer+0x68>））","--- ORIG（伪代码化）
+++ OURS（伪代码化）
@@ -1,202 +1,204 @@
 push   %ebp
 mov    %esp,%ebp
 push   %ebx
 sub    $0x44,%esp
 mov    0x8(%ebp),%eax
 mov    %eax,(%esp)
 call   <T> <_ZNKSt3mapIKjP5CUserSt4lessIS0_ESaISt4pairIS0_S2_EEE5emptyEv>
 test   %al,%al
-je     <T> <_ZN12CUserManager30DeleteUsersOnTcpGameServerDownEP14CTcpGameServer+0x20>",2026-08-11
_ZN12EpollHandler10ResetEpollEi,EpollHandler::ResetEpoll(int),caliber_issue,"寄存器分配差异 1 处（寄存器分配差异（add    $0x4,%eax | add    $0x4,%eax））；等价指令形态差异 1 处（等价指令形态差异（lea vs mov））；栈帧/局部布局差异 1 处（栈局部偏移不同（lea    -0xc(%ebp),%eax | lea    -0x10(%ebp),%eax））；立即数/常量差异 2 处（立即数不同（sub    $0x24,%esp | sub    $0x34,%esp）；立即数不同（movl   $0x1,0x4(%eax) | movl   $0x1,(%eax)））；其余指令差异 8 处（助记符不同（lea    0x4(%eax),%edx | movl   $0x1,-0x1c(%ebp)）；助记符不同（shr    $0x1f,%eax | mov    0x8(%eax),%eax））","--- ORIG（伪代码化）
+++ OURS（伪代码化）
@@ -1,43 +1,47 @@
 push   %ebp
 mov    %esp,%ebp
 push   %ebx
-sub    $0x24,%esp
+sub    $0x34,%esp
 mov    0x8(%ebp),%eax
-add    $0x4,%eax
 movl   $0xc,0x8(%esp)
 movl   $0x0,0x4(%esp)",2026-08-11
_ZN12EpollHandler11GetEventPtrEi,EpollHandler::GetEventPtr(int),codegen_diff,"寄存器分配差异 1 处（寄存器分配差异（mov    0x10(%eax),%ecx | mov    0x10(%eax),%eax））；其余指令差异 1 处（操作数差异（mov    0x4(%eax),%eax | mov    %eax,%ecx））","--- ORIG（伪代码化）
+++ OURS（伪代码化）
@@ -1,13 +1,15 @@
 push   %ebp
 mov    %esp,%ebp
 mov    0x8(%ebp),%eax
-mov    0x10(%eax),%ecx
+mov    0x10(%eax),%eax
+mov    %eax,%ecx
 mov    0xc(%ebp),%edx
 mov    %edx,%eax
 add    %eax,%eax",2026-08-11
_ZN12EpollHandler12IsSetInEventEi,EpollHandler::IsSetInEvent(int),codegen_diff,"寄存器分配差异 1 处（寄存器分配差异（mov    0x10(%eax),%ecx | mov    0x10(%eax),%eax））","--- ORIG（伪代码化）
+++ OURS（伪代码化）
@@ -1,14 +1,15 @@
 push   %ebp
 mov    %esp,%ebp
 mov    0x8(%ebp),%eax
-mov    0x10(%eax),%ecx
+mov    0x10(%eax),%eax
+mov    %eax,%ecx
 mov    0xc(%ebp),%edx
 mov    %edx,%eax
 add    %eax,%eax",2026-08-11
_ZN12EpollHandler12WaitForEventEv,EpollHandler::WaitForEvent(),codegen_diff,"等价指令形态差异 2 处（等价指令形态差异（sub vs push）；等价指令形态差异（leave vs pop））；其余指令差异 5 处（助记符不同（mov    %eax,-0x10(%ebp) | sub    $0x14,%esp）；操作数差异（mov    %eax,-0xc(%ebp) | mov    %eax,%ebx））","--- ORIG（伪代码化）
+++ OURS（伪代码化）
@@ -1,20 +1,20 @@
 push   %ebp
 mov    %esp,%ebp
-sub    $0x28,%esp
+push   %ebx
+sub    $0x14,%esp
 mov    0x8(%ebp),%eax
 mov    %eax,(%esp)
 call   <T> <_ZN12EpollHandler14GetEpollEventsEv>
-mov    %eax,-0x10(%ebp)",2026-08-11
_ZN12EpollHandler13IsSetErrEventEi,EpollHandler::IsSetErrEvent(int),codegen_diff,"寄存器分配差异 1 处（寄存器分配差异（mov    0x10(%eax),%ecx | mov    0x10(%eax),%eax））","--- ORIG（伪代码化）
+++ OURS（伪代码化）
@@ -1,16 +1,17 @@
 push   %ebp
 mov    %esp,%ebp
 mov    0x8(%ebp),%eax
-mov    0x10(%eax),%ecx
+mov    0x10(%eax),%eax
+mov    %eax,%ecx
 mov    0xc(%ebp),%edx
 mov    %edx,%eax
 add    %eax,%eax",2026-08-11
_ZN12EpollHandler13IsSetOutEventEi,EpollHandler::IsSetOutEvent(int),codegen_diff,"寄存器分配差异 1 处（寄存器分配差异（mov    0x10(%eax),%ecx | mov    0x10(%eax),%eax））","--- ORIG（伪代码化）
+++ OURS（伪代码化）
@@ -1,16 +1,17 @@
 push   %ebp
 mov    %esp,%ebp
 mov    0x8(%ebp),%eax
-mov    0x10(%eax),%ecx
+mov    0x10(%eax),%eax
+mov    %eax,%ecx
 mov    0xc(%ebp),%edx
 mov    %edx,%eax
 add    %eax,%eax",2026-08-11
_ZN12EpollHandler8SetEpollEPvib,"EpollHandler::SetEpoll(void*, int, bool)",caliber_issue,"寄存器分配差异 1 处（寄存器分配差异（mov    0x8(%ebp),%eax | mov    0x8(%ebp),%edx））；等价指令形态差异 2 处（等价指令形态差异（lea vs mov）；等价指令形态差异（mov vs lea））；栈帧/局部布局差异 3 处（栈局部偏移不同（mov    %al,-0x1c(%ebp) | mov    %al,-0x2c(%ebp)）；栈局部偏移不同（cmpb   $0x0,-0x1c(%ebp) | cmpb   $0x0,-0x2c(%ebp)））；基本块布局差异 1 处（函数内跳转偏移不同（je     <T> <_ZN12EpollHandler8SetEpollEPvib+0x1f> | je     <T> <_ZN12EpollHandler8SetEpollEPvib+0x1a>））；立即数/常量差异 1 处（立即数不同（sub    $0x34,%esp | sub    $0x44,%esp））；其余指令差异 11 处（操作数差异（mov    0x8(%ebp),%eax | mov    $0x8000001d,%eax）；助记符不同（movl   $0x8000001d,0x4(%eax) | jmp    <T> <_ZN12EpollHandler8SetEpollEPvib+0x1f>））","--- ORIG（伪代码化）
+++ OURS（伪代码化）
@@ -1,47 +1,52 @@
 push   %ebp
 mov    %esp,%ebp
 push   %ebx
-sub    $0x34,%esp
+sub    $0x44,%esp
 mov    0x14(%ebp),%eax
-mov    %al,-0x1c(%ebp)
-cmpb   $0x0,-0x1c(%ebp)
-je     <T> <_ZN12EpollHandler8SetEpollEPvib+0x1f>",2026-08-11
_ZN12EpollHandlerC1Ev,EpollHandler::EpollHandler(),codegen_diff,基本块布局差异 1 处（函数内跳转偏移不同（jmp    <T> <_ZN12EpollHandlerC1Ev+0x68> | jmp    <T> <_ZN12EpollHandlerC1Ev+0x6a>））,"--- ORIG（伪代码化）
+++ OURS（伪代码化）
@@ -1,40 +1,41 @@
 push   %ebp
 mov    %esp,%ebp
 push   %esi
 push   %ebx
 sub    $0x10,%esp
 mov    0x8(%ebp),%eax
 mov    %eax,(%esp)
 call   <T> <_ZN9CProtocolC1Ev>
 mov    0x8(%ebp),%eax",2026-08-11
_ZN12EpollHandlerC2Ev,EpollHandler::EpollHandler(),codegen_diff,基本块布局差异 1 处（函数内跳转偏移不同（jmp    <T> <_ZN12EpollHandlerC1Ev+0x68> | jmp    <T> <_ZN12EpollHandlerC1Ev+0x6a>））,"--- ORIG（伪代码化）
+++ OURS（伪代码化）
@@ -1,40 +1,41 @@
 push   %ebp
 mov    %esp,%ebp
 push   %esi
 push   %ebx
 sub    $0x10,%esp
 mov    0x8(%ebp),%eax
 mov    %eax,(%esp)
 call   <T> <_ZN9CProtocolC1Ev>
 mov    0x8(%ebp),%eax",2026-08-11
_ZN12EpollHandlerD1Ev,EpollHandler::~EpollHandler(),codegen_diff,"等价指令形态差异 1 处（等价指令形态差异（sub vs push））；其余指令差异 2 处（助记符不同（je     <T> <_ZN12EpollHandlerD1Ev+0x47> | push   %ebx）；助记符不同（leave | sub    $0x10,%esp））","--- ORIG（伪代码化）
+++ OURS（伪代码化）
@@ -1,23 +1,38 @@
 push   %ebp
 mov    %esp,%ebp
-sub    $0x18,%esp
+push   %esi
+push   %ebx
+sub    $0x10,%esp
 mov    0x8(%ebp),%eax
 movl   $&_ZTV12EpollHandler+0x8,(%eax)
 mov    0x8(%ebp),%eax",2026-08-11
_ZN12EpollHandlerD2Ev,EpollHandler::~EpollHandler(),codegen_diff,"等价指令形态差异 1 处（等价指令形态差异（sub vs push））；其余指令差异 2 处（助记符不同（je     <T> <_ZN12EpollHandlerD1Ev+0x47> | push   %ebx）；助记符不同（leave | sub    $0x10,%esp））","--- ORIG（伪代码化）
+++ OURS（伪代码化）
@@ -1,23 +1,38 @@
 push   %ebp
 mov    %esp,%ebp
-sub    $0x18,%esp
+push   %esi
+push   %ebx
+sub    $0x10,%esp
 mov    0x8(%ebp),%eax
 movl   $&_ZTV12EpollHandler+0x8,(%eax)
 mov    0x8(%ebp),%eax",2026-08-11
_ZN12RandomOption5resetEv,RandomOption::reset(),caliber_issue,"立即数/常量差异 1 处（立即数不同（sub    $0x18,%esp | sub    $0x4,%esp））","--- ORIG（伪代码化）
+++ OURS（伪代码化）
@@ -1,28 +1,28 @@
 push   %ebp
 mov    %esp,%ebp
-sub    $0x18,%esp
+sub    $0x4,%esp
 mov    0x8(%ebp),%eax
 mov    %eax,(%esp)
 call   <T> <_ZN17RandomOptionField5resetEv>
 mov    0x8(%ebp),%eax
 add    $0x3,%eax",2026-08-11
_ZN13CAppStartInit11Init_DaemonEiPPc,"CAppStartInit::Init_Daemon(int, char**)",codegen_diff,"寄存器分配差异 1 处（寄存器分配差异（mov    %ebx,%edx | mov    %eax,%ebx））；等价指令形态差异 7 处（等价指令形态差异（jmp vs jne）；等价指令形态差异（lea vs mov））；栈帧/局部布局差异 1 处（栈局部偏移不同（lea    -0x18(%ebp),%eax | lea    -0xd(%ebp),%eax））；其余指令差异 26 处（助记符不同（mov    %eax,-0x10(%ebp) | test   %eax,%eax）；助记符不同（mov    -0x10(%ebp),%eax | je     <T> <_ZN13CAppStartInit11Init_DaemonEiPPc+0x77>））","--- ORIG（伪代码化）
+++ OURS（伪代码化）
@@ -1,83 +1,88 @@
 push   %ebp
 mov    %esp,%ebp
 push   %esi
 push   %ebx
 sub    $0x20,%esp
 mov    0x10(%ebp),%eax
 add    $0x8,%eax
 mov    (%eax),%eax
-mov    %eax,-0x10(%ebp)",2026-08-11
_ZN13CAppStartInit4InitEP12CApplicationiPPc,"CAppStartInit::Init(CApplication*, int, char**)",caliber_issue,"等价指令形态差异 10 处（等价指令形态差异（mov vs lea）；等价指令形态差异（mov vs lea））；栈帧/局部布局差异 8 处（栈局部偏移不同（lea    -0x21(%ebp),%eax | lea    -0x2d(%ebp),%eax）；栈局部偏移不同（lea    -0x21(%ebp),%edx | lea    -0x2d(%ebp),%edx））；基本块布局差异 2 处（函数内跳转偏移不同（jmp    <T> <_ZN13CAppStartInit4InitEP12CApplicationiPPc+0xbb> | jmp    <T> <_ZN13CAppStartInit4InitEP12CApplicationiPPc+0x128>）；函数内跳转偏移不同（jmp    <T> <_ZN13CAppStartInit4InitEP12CApplicationiPPc+0x113> | jmp    <T> <_ZN13CAppStartInit4InitEP12CApplicationiPPc+0x1d2>））；立即数/常量差异 1 处（立即数不同（sub    $0x2c,%esp | sub    $0x3c,%esp））；其余指令差异 30 处（操作数差异（mov    %ebx,%eax | mov    %ebx,-0x24(%ebp)）；操作数差异（mov    %eax,%edx | mov    -0x24(%ebp),%edx））","--- ORIG（伪代码化）
+++ OURS（伪代码化）
@@ -1,185 +1,182 @@
 push   %ebp
 mov    %esp,%ebp
 push   %edi
 push   %esi
 push   %ebx
-sub    $0x2c,%esp
+sub    $0x3c,%esp
 movl   $0x0,(%esp)
 call   <T> <time>",2026-08-11
_ZN13CDNFExceptionD1Ev,CDNFException::~CDNFException(),codegen_diff,"等价指令形态差异 1 处（等价指令形态差异（jmp vs je））；基本块布局差异 1 处（函数内跳转偏移不同（jmp    <T> <_ZN13CDNFExceptionD1Ev+0x3b> | jmp    <T> <_ZN13CDNFExceptionD1Ev+0x3c>））；其余指令差异 2 处（助记符不同（cmp    $0xffffffff,%edx | mov    %eax,(%esp)）；助记符不同（je     <T> <_ZN13CDNFExceptionD1Ev+0x64> | call   <T> <_Unwind_Resume>））","--- ORIG（伪代码化）
+++ OURS（伪代码化）
@@ -1,41 +1,35 @@
 push   %ebp
 mov    %esp,%ebp
 push   %esi
 push   %ebx
 sub    $0x10,%esp
 mov    0x8(%ebp),%eax
 movl   $&_ZTV13CDNFException+0x8,(%eax)
 mov    0x8(%ebp),%eax
 add    $0x4,%eax",2026-08-11
_ZN13CDNFExceptionD2Ev,CDNFException::~CDNFException(),codegen_diff,"等价指令形态差异 1 处（等价指令形态差异（jmp vs je））；基本块布局差异 1 处（函数内跳转偏移不同（jmp    <T> <_ZN13CDNFExceptionD1Ev+0x3b> | jmp    <T> <_ZN13CDNFExceptionD1Ev+0x3c>））；其余指令差异 2 处（助记符不同（cmp    $0xffffffff,%edx | mov    %eax,(%esp)）；助记符不同（je     <T> <_ZN13CDNFExceptionD1Ev+0x64> | call   <T> <_Unwind_Resume>））","--- ORIG（伪代码化）
+++ OURS（伪代码化）
@@ -1,41 +1,35 @@
 push   %ebp
 mov    %esp,%ebp
 push   %esi
 push   %ebx
 sub    $0x10,%esp
 mov    0x8(%ebp),%eax
 movl   $&_ZTV13CDNFException+0x8,(%eax)
 mov    0x8(%ebp),%eax
 add    $0x4,%eax",2026-08-11
_ZN13CGuildManager10GuildEnterEjR21ST_Notice_Guild_Enter,"CGuildManager::GuildEnter(unsigned int, ST_Notice_Guild_Enter&)",codegen_diff,"等价指令形态差异 3 处（等价指令形态差异（je vs jmp）；等价指令形态差异（jmp vs je））；基本块布局差异 2 处（函数内跳转偏移不同（je     <T> <_ZN13CGuildManager10GuildEnterEjR21ST_Notice_Guild_Enter+0x424> | je     <T> <_ZN13CGuildManager10GuildEnterEjR21ST_Notice_Guild_Enter+0x426>）；函数内跳转偏移不同（jmp    <T> <_ZN13CGuildManager10GuildEnterEjR21ST_Notice_Guild_Enter+0x4ed> | jmp    <T> <_ZN13CGuildManager10GuildEnterEjR21ST_Notice_Guild_Enter+0x4f8>））；其余指令差异 49 处（助记符不同（sete   %al | jne    <T> <_ZN13CGuildManager10GuildEnterEjR21ST_Notice_Guild_Enter+0x2ce>）；助记符不同（test   %al,%al | jmp    <T> <_ZN13CGuildManager10GuildEnterEjR21ST_Notice_Guild_Enter+0x271>））","--- ORIG（伪代码化）
+++ OURS（伪代码化）
@@ -1,377 +1,383 @@
 push   %ebp
 mov    %esp,%ebp
 push   %edi
 push   %esi
 push   %ebx
 sub    $0x4c,%esp
 mov    0x8(%ebp),%eax
 mov    (%eax),%eax
 test   %eax,%eax",2026-08-11
_ZN13CGuildManager11AttendGuildEjj,"CGuildManager::AttendGuild(unsigned int, unsigned int)",codegen_diff,"STL 模板实例化差异（GCC 4.1 ORIG vs GCC 4.4 重建的 libstdc++：const_iterator 转换、operator->/operator*、operator!=/operator== 等） 2 处（STL 调用差异（call   <T> <_ZNKSt17_Rb_tree_iteratorISt4pairIKjSt6vectorIjSaIjEEEEeqERKS6_> | call   <T> <_ZNKSt17_Rb_tree_iteratorISt4pairIKjSt6vectorIjSaIjEEEEneERKS6_>）；STL 调用差异（call   <T> <_ZNSt3mapIjSt6vectorIjSaIjEESt4lessIjESaISt4pairIKjS2_EEE6insertERKS7_> | call   <T> <_ZNSt6vectorIjSaIjEE9push_backERKj>））；寄存器分配差异 4 处（寄存器分配差异（mov    %eax,0x4(%esp) | mov    %edx,0x4(%esp)）；寄存器分配差异（mov    %eax,(%esp) | mov    %eax,(%esp)））；等价指令形态差异 22 处（等价指令形态差异（mov vs lea）；等价指令形态差异（lea vs mov））；栈帧/局部布局差异 10 处（栈局部偏移不同（lea    -0x4c(%ebp),%eax | lea    -0x50(%ebp),%eax）；栈局部偏移不同（lea    -0x48(%ebp),%eax | lea    -0x4c(%ebp),%eax））；基本块布局差异 2 处（函数内跳转偏移不同（je     <T> <_ZN13CGuildManager11AttendGuildEjj+0x141> | je     <T> <_ZN13CGuildManager11AttendGuildEjj+0x126>）；函数内跳转偏移不同（je     <T> <_ZN13CGuildManager11AttendGuildEjj+0x23c> | je     <T> <_ZN13CGuildManager11AttendGuildEjj+0x242>））；其余指令差异 55 处（助记符不同（call   <T> <_ZNSt6vectorIjSaIjEEC1Ev> | lea    -0x50(%ebp),%eax）；操作数差异（lea    0x10(%ebp),%eax | lea    -0x40(%ebp),%eax））","--- ORIG（伪代码化）
+++ OURS（伪代码化）
@@ -1,174 +1,175 @@
 push   %ebp
 mov    %esp,%ebp
 push   %esi
 push   %ebx
 sub    $0x70,%esp
 movb   $0x0,-0xd(%ebp)
 mov    0x8(%ebp),%eax
 lea    0x9c(%eax),%ecx
-lea    -0x4c(%ebp),%eax",2026-08-11
_ZN13CGuildManager11CargoUnlockEv,CGuildManager::CargoUnlock(),codegen_diff,共 2 组指令差异,"--- ORIG（伪代码化）
+++ OURS（伪代码化）
@@ -1,6 +1,4 @@
 push   %ebp
 mov    %esp,%ebp
-mov    0x8(%ebp),%eax
-movb   $0x0,0x40(%eax)
 pop    %ebp
 ret",2026-08-11
_ZN13CGuildManager11DeleteGuildEP6CGuild,CGuildManager::DeleteGuild(CGuild*),other,"真实调用目标差异 1 处（调用目标不同（call   <T> <_ZN6CGuildD1Ev> | call   <T> <_ZN6CGuild11GetGuildKeyEv>））；寄存器分配差异 1 处（寄存器分配差异（mov    %ebx,(%esp) | mov    %eax,(%esp)））；等价指令形态差异 10 处（等价指令形态差异（push vs sub）；等价指令形态差异（jne vs jmp））；基本块布局差异 2 处（函数内跳转偏移不同（jne    <T> <_ZN13CGuildManager11DeleteGuildEP6CGuild+0x21> | jne    <T> <_ZN13CGuildManager11DeleteGuildEP6CGuild+0x27>）；函数内跳转偏移不同（jmp    <T> <_ZN13CGuildManager11DeleteGuildEP6CGuild+0x156> | jmp    <T> <_ZN13CGuildManager11DeleteGuildEP6CGuild+0x144>））；其余指令差异 30 处（助记符不同（sub    $0x4c,%esp | jne    <T> <_ZN13CGuildManager11DeleteGuildEP6CGuild+0x20>）；助记符不同（je     <T> <_ZN13CGuildManager11DeleteGuildEP6CGuild+0x3b> | mov    %eax,-0xc(%ebp)））","--- ORIG（伪代码化）
+++ OURS（伪代码化）
@@ -1,98 +1,92 @@
 push   %ebp
 mov    %esp,%ebp
-push   %edi
 push   %esi
 push   %ebx
-sub    $0x4c,%esp
+sub    $0x40,%esp
 mov    0x8(%ebp),%eax
 add    $0x4,%eax",2026-08-11
_ZN13CGuildManager11DeleteGuildEj,CGuildManager::DeleteGuild(unsigned int),codegen_diff,"等价指令形态差异 10 处（等价指令形态差异（push vs sub）；等价指令形态差异（mov vs lea））；栈帧/局部布局差异 2 处（栈局部偏移不同（lea    -0x30(%ebp),%eax | lea    -0x10(%ebp),%eax）；栈局部偏移不同（lea    -0x20(%ebp),%eax | lea    -0x10(%ebp),%eax））；其余指令差异 36 处（助记符不同（sub    $0x5c,%esp | jne    <T> <_ZN13CGuildManager11DeleteGuildEj+0x183>）；助记符不同（je     <T> <_ZN13CGuildManager11DeleteGuildEj+0x25> | lea    -0x10(%ebp),%eax））","--- ORIG（伪代码化）
+++ OURS（伪代码化）
@@ -1,117 +1,110 @@
 push   %ebp
 mov    %esp,%ebp
-push   %edi
 push   %esi
 push   %ebx
-sub    $0x5c,%esp
+sub    $0x40,%esp
 mov    0x8(%ebp),%eax
 add    $0x4,%eax",2026-08-11
_ZN13CGuildManager11GuildSecedeEjR22ST_Notice_Guild_Secede,"CGuildManager::GuildSecede(unsigned int, ST_Notice_Guild_Secede&)",caliber_issue,"寄存器分配差异 1 处（寄存器分配差异（cmpl   $0x0,-0x20(%ebp) | cmpl   $0x0,-0x20(%ebp)））；等价指令形态差异 3 处（字节强转读取形态差（ORIG 直接偏移加载 mov    0x8(%eax),%ebx vs OURS add+加载）；等价指令形态差异（mov vs lea））；栈帧/局部布局差异 16 处（栈局部偏移不同（lea    -0x31(%ebp),%eax | lea    -0x2d(%ebp),%eax）；栈局部偏移不同（lea    -0x31(%ebp),%eax | lea    -0x2d(%ebp),%eax））；立即数/常量差异 2 处（立即数不同（sub    $0x4c,%esp | sub    $0x5c,%esp）；立即数不同（add    $0x4c,%esp | add    $0x8,%eax））；其余指令差异 66 处（操作数差异（mov    0xc(%ebp),%eax | mov    (%eax),%ebx）；操作数差异（mov    %eax,0x4(%esp) | mov    %eax,-0x24(%ebp)））","--- ORIG（伪代码化）
+++ OURS（伪代码化）
@@ -1,242 +1,250 @@
 push   %ebp
 mov    %esp,%ebp
 push   %edi
 push   %esi
 push   %ebx
-sub    $0x4c,%esp
+sub    $0x5c,%esp
 mov    0x8(%ebp),%eax
 mov    (%eax),%eax",2026-08-11
_ZN13CGuildManager11InsertGuildEjP6CGuild,"CGuildManager::InsertGuild(unsigned int, CGuild*)",caliber_issue,"等价指令形态差异 1 处（等价指令形态差异（movzbl vs mov））；基本块布局差异 1 处（函数内跳转偏移不同（jmp    <T> <_ZN13CGuildManager11InsertGuildEjP6CGuild+0x65> | jmp    <T> <_ZN13CGuildManager11InsertGuildEjP6CGuild+0x66>））；立即数/常量差异 1 处（立即数不同（mov    $0x0,%eax | mov    $0x1,%eax））；其余指令差异 1 处（助记符不同（je     <T> <_ZN13CGuildManager11InsertGuildEjP6CGuild+0x60> | jne    <T> <_ZN13CGuildManager11InsertGuildEjP6CGuild+0x14>））","--- ORIG（伪代码化）
+++ OURS（伪代码化）
@@ -1,33 +1,33 @@
 push   %ebp
 mov    %esp,%ebp
 sub    $0x38,%esp
 mov    0x10(%ebp),%eax
 test   %eax,%eax
-je     <T> <_ZN13CGuildManager11InsertGuildEjP6CGuild+0x60>
+jne    <T> <_ZN13CGuildManager11InsertGuildEjP6CGuild+0x14>
+mov    $0x0,%eax
+jmp    <T> <_ZN13CGuildManager11InsertGuildEjP6CGuild+0x66>",2026-08-11
_ZN13CGuildManager11IsCargoLockEv,CGuildManager::IsCargoLock(),codegen_diff,共 2 组指令差异,"--- ORIG（伪代码化）
+++ OURS（伪代码化）
@@ -1,6 +1,8 @@
 push   %ebp
 mov    %esp,%ebp
 mov    0x8(%ebp),%eax
 movzbl 0x40(%eax),%eax
+test   %al,%al
+setne  %al
 pop    %ebp
 ret",2026-08-11
_ZN13CGuildManager12IsEmptyGuildEj,CGuildManager::IsEmptyGuild(unsigned int),caliber_issue,"等价指令形态差异 1 处（等价指令形态差异（mov vs lea））；立即数/常量差异 1 处（立即数不同（sub    $0x38,%esp | sub    $0x28,%esp））；其余指令差异 8 处（助记符不同（lea    -0x14(%ebp),%eax | je     <T> <_ZN13CGuildManager12IsEmptyGuildEj+0x1f>）；操作数差异（mov    %eax,(%esp) | mov    $0x0,%eax））","--- ORIG（伪代码化）
+++ OURS（伪代码化）
@@ -1,55 +1,48 @@
 push   %ebp
 mov    %esp,%ebp
-sub    $0x38,%esp
-lea    -0x14(%ebp),%eax
-mov    %eax,(%esp)
-call   <T> <_ZNSt17_Rb_tree_iteratorISt4pairIKjP6CGuildEEC1Ev>
+sub    $0x28,%esp
 mov    0x8(%ebp),%eax
 add    $0x4,%eax",2026-08-11
_ZN13CGuildManager13GuildMemLoginEjP5CUser,"CGuildManager::GuildMemLogin(unsigned int, CUser*)",other,"真实调用目标差异 1 处（调用目标不同（call   <T> <_ZN12CApplication16Get_GuildManagerEv> | call   <T> <_ZN6CGuild17InsertGuildMemberEjP5CUser>））；寄存器分配差异 2 处（寄存器分配差异（mov    -0x20(%ebp),%eax | mov    -0x20(%ebp),%eax）；寄存器分配差异（mov    %eax,(%esp) | mov    %eax,(%esp)））；等价指令形态差异 1 处（等价指令形态差异（je vs jmp））；栈帧/局部布局差异 3 处（栈局部偏移不同（mov    %eax,-0x20(%ebp) | mov    %eax,-0x24(%ebp)）；栈局部偏移不同（cmpl   $0x0,-0x20(%ebp) | cmpl   $0x0,-0x24(%ebp)））；其余指令差异 42 处（助记符不同（sete   %al | jne    <T> <_ZN13CGuildManager13GuildMemLoginEjP5CUser+0x2d4>）；助记符不同（test   %al,%al | jmp    <T> <_ZN13CGuildManager13GuildMemLoginEjP5CUser+0x277>））","--- ORIG（伪代码化）
+++ OURS（伪代码化）
@@ -1,331 +1,318 @@
 push   %ebp
 mov    %esp,%ebp
 push   %edi
 push   %esi
 push   %ebx
 sub    $0x4c,%esp
 cmpl   $0x0,0x10(%ebp)
 je     <T> <_ZN13CGuildManager13GuildMemLoginEjP5CUser+0x1c>
 mov    0x8(%ebp),%eax",2026-08-11
_ZN13CGuildManager14DBGuildProcessEP14CServerHandlerb,"CGuildManager::DBGuildProcess(CServerHandler*, bool)",codegen_diff,"寄存器分配差异 1 处（寄存器分配差异（shr    $0x3,%eax | shr    $0x3,%edx））；等价指令形态差异 5 处（等价指令形态差异（mov vs lea）；等价指令形态差异（mov vs lea））；栈帧/局部布局差异 14 处（栈局部偏移不同（mov    %eax,-0x20(%ebp) | mov    %eax,-0x24(%ebp)）；栈局部偏移不同（lea    -0x20(%ebp),%eax | lea    -0x24(%ebp),%eax））；基本块布局差异 3 处（函数内跳转偏移不同（je     <T> <_ZN13CGuildManager14DBGuildProcessEP14CServerHandlerb+0x153> | je     <T> <_ZN13CGuildManager14DBGuildProcessEP14CServerHandlerb+0x149>）；函数内跳转偏移不同（jmp    <T> <_ZN13CGuildManager14DBGuildProcessEP14CServerHandlerb+0xfe> | jmp    <T> <_ZN13CGuildManager14DBGuildProcessEP14CServerHandlerb+0xf4>））；其余指令差异 10 处（操作数差异（mov    %eax,%ecx | mov    %eax,-0xc(%ebp)）；操作数差异（mov    %edx,%eax | mov    -0xc(%ebp),%ecx））","--- ORIG（伪代码化）
+++ OURS（伪代码化）
@@ -1,105 +1,101 @@
 push   %ebp
 mov    %esp,%ebp
 push   %ebx
 sub    $0x44,%esp
 mov    0x10(%ebp),%eax
 mov    %al,-0x2c(%ebp)
 cmpl   $0x0,0xc(%ebp)
-je     <T> <_ZN13CGuildManager14DBGuildProcessEP14CServerHandlerb+0x153>
+je     <T> <_ZN13CGuildManager14DBGuildProcessEP14CServerHandlerb+0x149>",2026-08-11
_ZN13CGuildManager14GuildMemLogoutEjP5CUser,"CGuildManager::GuildMemLogout(unsigned int, CUser*)",codegen_diff,"等价指令形态差异 1 处（等价指令形态差异（mov vs movzbl））；其余指令差异 18 处（助记符不同（sete   %al | je     <T> <_ZN13CGuildManager14GuildMemLogoutEjP5CUser+0x334>）；助记符不同（test   %al,%al | je     <T> <_ZN13CGuildManager14GuildMemLogoutEjP5CUser+0x254>））","--- ORIG（伪代码化）
+++ OURS（伪代码化）
@@ -1,256 +1,250 @@
 push   %ebp
 mov    %esp,%ebp
 push   %edi
 push   %esi
 push   %ebx
 sub    $0x4c,%esp
 cmpl   $0x0,0x10(%ebp)
 je     <T> <_ZN13CGuildManager14GuildMemLogoutEjP5CUser+0x1c>
 mov    0x8(%ebp),%eax",2026-08-11
_ZN13CGuildManager15GetMaxGuildExp1Ev,CGuildManager::GetMaxGuildExp1(),other,"其余指令差异 1 处（操作数差异（mov    &_ZN13CGuildManager15m_uGuildExpMax1E,%eax | mov    $0x2710,%eax））","--- ORIG（伪代码化）
+++ OURS（伪代码化）
@@ -1,5 +1,5 @@
 push   %ebp
 mov    %esp,%ebp
-mov    &_ZN13CGuildManager15m_uGuildExpMax1E,%eax
+mov    $0x2710,%eax
 pop    %ebp
 ret",2026-08-11
_ZN13CGuildManager15GetMaxGuildExp2Ev,CGuildManager::GetMaxGuildExp2(),other,"其余指令差异 1 处（操作数差异（mov    &_ZN13CGuildManager15m_uGuildExpMax2E,%eax | mov    $0x4e20,%eax））","--- ORIG（伪代码化）
+++ OURS（伪代码化）
@@ -1,5 +1,5 @@
 push   %ebp
 mov    %esp,%ebp
-mov    &_ZN13CGuildManager15m_uGuildExpMax2E,%eax
+mov    $0x4e20,%eax
 pop    %ebp
 ret",2026-08-11
_ZN13CGuildManager15ProcessByMinuteEv,CGuildManager::ProcessByMinute(),codegen_diff,"等价指令形态差异 3 处（等价指令形态差异（jmp vs je）；等价指令形态差异（je vs jmp））；其余指令差异 2 处（助记符不同（jne    <T> <_ZN13CGuildManager15ProcessByMinuteEv+0xdb> | xor    $0x1,%eax）；助记符不同（jne    <T> <_ZN13CGuildManager15ProcessByMinuteEv+0x4d> | je     <T> <_ZN13CGuildManager15ProcessByMinuteEv+0x7d>））","--- ORIG（伪代码化）
+++ OURS（伪代码化）
@@ -1,67 +1,66 @@
 push   %ebp
 mov    %esp,%ebp
 sub    $0x28,%esp
 mov    0x8(%ebp),%eax
 mov    (%eax),%eax
 mov    0x8(%ebp),%edx
 add    $0x44,%edx
 mov    %eax,0x4(%esp)
 mov    %edx,(%esp)",2026-08-11
_ZN13CGuildManager16GetAttendanceExpEji,"CGuildManager::GetAttendanceExp(unsigned int, int)",codegen_diff,"STL 模板实例化差异（GCC 4.1 ORIG vs GCC 4.4 重建的 libstdc++：const_iterator 转换、operator->/operator*、operator!=/operator== 等） 1 处（STL 调用差异（call   <T> <_ZNKSt17_Rb_tree_iteratorISt4pairIKjSt6vectorIjSaIjEEEEneERKS6_> | call   <T> <_ZNKSt17_Rb_tree_iteratorISt4pairIKjSt6vectorIjSaIjEEEEeqERKS6_>））；等价指令形态差异 6 处（等价指令形态差异（mov vs lea）；等价指令形态差异（lea vs mov））；栈帧/局部布局差异 5 处（栈局部偏移不同（mov    %eax,-0x10(%ebp) | mov    %eax,-0xc(%ebp)）；栈局部偏移不同（cmpl   $0x0,-0x10(%ebp) | cmpl   $0x0,-0xc(%ebp)））；基本块布局差异 3 处（函数内跳转偏移不同（jne    <T> <_ZN13CGuildManager16GetAttendanceExpEji+0x2c> | jne    <T> <_ZN13CGuildManager16GetAttendanceExpEji+0x29>）；函数内跳转偏移不同（jmp    <T> <_ZN13CGuildManager16GetAttendanceExpEji+0xc0> | jmp    <T> <_ZN13CGuildManager16GetAttendanceExpEji+0xa6>））；其余指令差异 5 处（助记符不同（mov    %eax,(%esp) | jmp    <T> <_ZN13CGuildManager16GetAttendanceExpEji+0xa6>）；助记符不同（call   <T> <_ZNKSt17_Rb_tree_iteratorISt4pairIKjSt6vectorIjSaIjEEEEptEv> | mov    0x10(%ebp),%edx））","--- ORIG（伪代码化）
+++ OURS（伪代码化）
@@ -1,59 +1,52 @@
 push   %ebp
 mov    %esp,%ebp
 push   %ebx
 sub    $0x24,%esp
 mov    0xc(%ebp),%eax
 mov    %eax,0x4(%esp)
 mov    0x8(%ebp),%eax
 mov    %eax,(%esp)
 call   <T> <_ZN13CGuildManager9FindGuildEj>",2026-08-11
_ZN13CGuildManager16RewardAttendanceEjji,"CGuildManager::RewardAttendance(unsigned int, unsigned int, int)",codegen_diff,"基本块布局差异 4 处（函数内跳转偏移不同（je     <T> <_ZN13CGuildManager16RewardAttendanceEjji+0x81> | je     <T> <_ZN13CGuildManager16RewardAttendanceEjji+0x7a>）；函数内跳转偏移不同（jg     <T> <_ZN13CGuildManager16RewardAttendanceEjji+0x81> | jg     <T> <_ZN13CGuildManager16RewardAttendanceEjji+0x7a>））；其余指令差异 3 处（操作数差异（mov    0x14(%ebp),%eax | mov    -0x10(%ebp),%eax）；操作数差异（mov    &_ZL15guild_att_phase(,%eax,4),%eax | mov    %eax,0x8(%esp)））","--- ORIG（伪代码化）
+++ OURS（伪代码化）
@@ -1,40 +1,39 @@
 push   %ebp
 mov    %esp,%ebp
 sub    $0x28,%esp
 cmpl   $0xffffffff,0x14(%ebp)
-je     <T> <_ZN13CGuildManager16RewardAttendanceEjji+0x81>
+je     <T> <_ZN13CGuildManager16RewardAttendanceEjji+0x7a>
 cmpl   $0x8,0x14(%ebp)
-jg     <T> <_ZN13CGuildManager16RewardAttendanceEjji+0x81>
+jg     <T> <_ZN13CGuildManager16RewardAttendanceEjji+0x7a>",2026-08-11
_ZN13CGuildManager16SetGuildExpTableEPj,CGuildManager::SetGuildExpTable(unsigned int*),codegen_diff,"等价指令形态差异 1 处（等价指令形态差异（mov vs lea））；基本块布局差异 1 处（函数内跳转偏移不同（jmp    <T> <_ZN13CGuildManager16SetGuildExpTableEPj+0x28> | jmp    <T> <_ZN13CGuildManager16SetGuildExpTableEPj+0x2f>））；其余指令差异 5 处（操作数差异（mov    -0x4(%ebp),%edx | mov    0x8(%ebp),%eax）；助记符不同（shl    $0x2,%edx | mov    -0x4(%ebp),%edx））","--- ORIG（伪代码化）
+++ OURS（伪代码化）
@@ -1,18 +1,22 @@
 push   %ebp
 mov    %esp,%ebp
 sub    $0x10,%esp
 movl   $0x0,-0x4(%ebp)
-jmp    <T> <_ZN13CGuildManager16SetGuildExpTableEPj+0x28>
+jmp    <T> <_ZN13CGuildManager16SetGuildExpTableEPj+0x2f>
+mov    0x8(%ebp),%eax
+mov    -0x4(%ebp),%edx
+add    $0x1c,%edx",2026-08-11
_ZN13CGuildManager17GetAttendanceInfoEjR16STAttendanceInfo,"CGuildManager::GetAttendanceInfo(unsigned int, STAttendanceInfo&)",caliber_issue,"寄存器分配差异 1 处（寄存器分配差异（mov    0x10(%ebp),%edx | mov    0x10(%ebp),%ebx））；等价指令形态差异 6 处（等价指令形态差异（lea vs mov）；等价指令形态差异（mov vs lea））；栈帧/局部布局差异 7 处（栈局部偏移不同（mov    %eax,-0x10(%ebp) | mov    %eax,-0x1c(%ebp)）；栈局部偏移不同（cmpl   $0x0,-0x10(%ebp) | cmpl   $0x0,-0x1c(%ebp)））；基本块布局差异 1 处（函数内跳转偏移不同（je     <T> <_ZN13CGuildManager17GetAttendanceInfoEjR16STAttendanceInfo+0x15a> | je     <T> <_ZN13CGuildManager17GetAttendanceInfoEjR16STAttendanceInfo+0x17d>））；立即数/常量差异 1 处（立即数不同（sub    $0x24,%esp | sub    $0x34,%esp））；其余指令差异 45 处（操作数差异（mov    -0x10(%ebp),%eax | mov    0x10(%ebp),%eax）；助记符不同（movzwl %ax,%edx | lea    0x4(%eax),%ebx））","--- ORIG（伪代码化）
+++ OURS（伪代码化）
@@ -1,106 +1,116 @@
 push   %ebp
 mov    %esp,%ebp
 push   %ebx
-sub    $0x24,%esp
+sub    $0x34,%esp
 mov    0xc(%ebp),%eax
 mov    %eax,0x4(%esp)
 mov    0x8(%ebp),%eax
 mov    %eax,(%esp)",2026-08-11
_ZN13CGuildManager17InsertTodayMemberEjR18STTodayGuildMember,"CGuildManager::InsertTodayMember(unsigned int, STTodayGuildMember&)",caliber_issue,"栈帧/局部布局差异 9 处（栈局部偏移不同（lea    -0x70(%ebp),%eax | lea    -0x80(%ebp),%eax）；栈局部偏移不同（lea    -0x6c(%ebp),%eax | lea    -0x7c(%ebp),%eax））；立即数/常量差异 1 处（立即数不同（sub    $0x88,%esp | sub    $0x98,%esp））","--- ORIG（伪代码化）
+++ OURS（伪代码化）
@@ -1,50 +1,50 @@
 push   %ebp
 mov    %esp,%ebp
-sub    $0x88,%esp
+sub    $0x98,%esp
 mov    0x8(%ebp),%eax
 lea    0x58(%eax),%ecx
-lea    -0x70(%ebp),%eax
+lea    -0x80(%ebp),%eax
 lea    0xc(%ebp),%edx",2026-08-11
_ZN13CGuildManager18GetAttendancePhaseEj,CGuildManager::GetAttendancePhase(unsigned int),codegen_diff,"STL 模板实例化差异（GCC 4.1 ORIG vs GCC 4.4 重建的 libstdc++：const_iterator 转换、operator->/operator*、operator!=/operator== 等） 1 处（STL 调用差异（call   <T> <_ZNKSt17_Rb_tree_iteratorISt4pairIKjSt6vectorIjSaIjEEEEneERKS6_> | call   <T> <_ZNKSt17_Rb_tree_iteratorISt4pairIKjSt6vectorIjSaIjEEEEeqERKS6_>））；等价指令形态差异 2 处（等价指令形态差异（mov vs lea）；等价指令形态差异（lea vs mov））；栈帧/局部布局差异 3 处（栈局部偏移不同（lea    -0x14(%ebp),%eax | lea    -0x10(%ebp),%eax）；栈局部偏移不同（lea    -0x10(%ebp),%eax | lea    -0xc(%ebp),%eax））；基本块布局差异 2 处（函数内跳转偏移不同（je     <T> <_ZN13CGuildManager18GetAttendancePhaseEj+0xa0> | je     <T> <_ZN13CGuildManager18GetAttendancePhaseEj+0x60>）；函数内跳转偏移不同（jmp    <T> <_ZN13CGuildManager18GetAttendancePhaseEj+0x94> | jmp    <T> <_ZN13CGuildManager18GetAttendancePhaseEj+0x76>））；其余指令差异 1 处（助记符不同（movl   $0x8,-0xc(%ebp) | mov    $0x0,%eax））","--- ORIG（伪代码化）
+++ OURS（伪代码化）
@@ -1,51 +1,36 @@
 push   %ebp
 mov    %esp,%ebp
 sub    $0x28,%esp
 mov    0x8(%ebp),%eax
 lea    0x9c(%eax),%ecx
-lea    -0x14(%ebp),%eax
+lea    -0x10(%ebp),%eax
 lea    0xc(%ebp),%edx
 mov    %edx,0x8(%esp)",2026-08-11
_ZN13CGuildManager18RefreshTodayMemberEb,CGuildManager::RefreshTodayMember(bool),codegen_diff,"等价指令形态差异 1 处（等价指令形态差异（mov vs lea））；基本块布局差异 2 处（函数内跳转偏移不同（je     <T> <_ZN13CGuildManager18RefreshTodayMemberEb+0x14c> | je     <T> <_ZN13CGuildManager18RefreshTodayMemberEb+0x56>）；函数内跳转偏移不同（jne    <T> <_ZN13CGuildManager18RefreshTodayMemberEb+0x77> | jne    <T> <_ZN13CGuildManager18RefreshTodayMemberEb+0x142>））；其余指令差异 30 处（助记符不同（lea    -0x14(%ebp),%eax | movl   $0x0,(%esp)）；操作数差异（mov    %eax,(%esp) | mov    %eax,-0x14(%ebp)））","--- ORIG（伪代码化）
+++ OURS（伪代码化）
@@ -1,101 +1,107 @@
 push   %ebp
 mov    %esp,%ebp
 push   %ebx
 sub    $0x34,%esp
 mov    0xc(%ebp),%eax
 mov    %al,-0x1c(%ebp)
-lea    -0x14(%ebp),%eax
-mov    %eax,(%esp)
+movl   $0x0,(%esp)",2026-08-11
_ZN13CGuildManager20GetGuildExpWithLevelEh,CGuildManager::GetGuildExpWithLevel(unsigned char),other,"其余指令差异 1 处（助记符不同（cmpb   $0xf,-0x4(%ebp) | imul   $0x3e8,%eax,%eax））","--- ORIG（伪代码化）
+++ OURS（伪代码化）
@@ -1,13 +1,9 @@
 push   %ebp
 mov    %esp,%ebp
 sub    $0x4,%esp
 mov    0xc(%ebp),%eax
 mov    %al,-0x4(%ebp)
-cmpb   $0xf,-0x4(%ebp)
-jbe    <T> <_ZN13CGuildManager20GetGuildExpWithLevelEh+0x19>
-mov    &_ZN13CGuildManager10m_ExpTableE+0x40,%eax
-jmp    <T> <_ZN13CGuildManager20GetGuildExpWithLevelEh+0x24>",2026-08-11
_ZN13CGuildManager20GetGuildLevelWithExpEj,CGuildManager::GetGuildLevelWithExp(unsigned int),caliber_issue,"基本块布局差异 1 处（函数内跳转偏移不同（jmp    <T> <_ZN13CGuildManager20GetGuildLevelWithExpEj+0x42> | jmp    <T> <_ZN13CGuildManager20GetGuildLevelWithExpEj+0x41>））；符号/字符串引用差异 1 处（符号/字符串引用差异（mov    &_ZN13CGuildManager10m_ExpTableE+0x40,%eax | mov    &_ZZN13CGuildManager20GetGuildLevelWithExpEjE20g_guildExpLevelTable+0x40,%eax））；其余指令差异 6 处（助记符不同（ja     <T> <_ZN13CGuildManager20GetGuildLevelWithExpEj+0x17> | jbe    <T> <_ZN13CGuildManager20GetGuildLevelWithExpEj+0x3c>）；助记符不同（mov    $0x10,%eax | jmp    <T> <_ZN13CGuildManager20GetGuildLevelWithExpEj+0x31>））","--- ORIG（伪代码化）
+++ OURS（伪代码化）
@@ -1,26 +1,22 @@
 push   %ebp
 mov    %esp,%ebp
 sub    $0x10,%esp
-mov    &_ZN13CGuildManager10m_ExpTableE+0x40,%eax
+mov    &_ZZN13CGuildManager20GetGuildLevelWithExpEjE20g_guildExpLevelTable+0x40,%eax
 cmp    0xc(%ebp),%eax
-ja     <T> <_ZN13CGuildManager20GetGuildLevelWithExpEj+0x17>
-mov    $0x10,%eax
-jmp    <T> <_ZN13CGuildManager20GetGuildLevelWithExpEj+0x50>",2026-08-11
_ZN13CGuildManager21RefreshAttendanceInfoEb,CGuildManager::RefreshAttendanceInfo(bool),codegen_diff,"等价指令形态差异 1 处（等价指令形态差异（mov vs lea））；基本块布局差异 1 处（函数内跳转偏移不同（je     <T> <_ZN13CGuildManager21RefreshAttendanceInfoEb+0xde> | je     <T> <_ZN13CGuildManager21RefreshAttendanceInfoEb+0x53>））；其余指令差异 28 处（助记符不同（lea    -0x10(%ebp),%eax | movl   $0x0,(%esp)）；操作数差异（mov    %eax,(%esp) | mov    %eax,-0x10(%ebp)））","--- ORIG（伪代码化）
+++ OURS（伪代码化）
@@ -1,60 +1,66 @@
 push   %ebp
 mov    %esp,%ebp
 sub    $0x38,%esp
 mov    0xc(%ebp),%eax
 mov    %al,-0x1c(%ebp)
-lea    -0x10(%ebp),%eax
-mov    %eax,(%esp)
+movl   $0x0,(%esp)
 call   <T> <time>",2026-08-11
_ZN13CGuildManager22CheckAchieveAttendanceEj,CGuildManager::CheckAchieveAttendance(unsigned int),codegen_diff,"等价指令形态差异 1 处（等价指令形态差异（jmp vs je））；基本块布局差异 2 处（函数内跳转偏移不同（je     <T> <_ZN13CGuildManager22CheckAchieveAttendanceEj+0xa0> | je     <T> <_ZN13CGuildManager22CheckAchieveAttendanceEj+0xa2>）；函数内跳转偏移不同（jmp    <T> <_ZN13CGuildManager22CheckAchieveAttendanceEj+0x94> | jmp    <T> <_ZN13CGuildManager22CheckAchieveAttendanceEj+0x96>））；其余指令差异 4 处（操作数差异（mov    -0xc(%ebp),%edx | mov    %eax,%edx）；操作数差异（mov    &_ZL15guild_att_phase(,%edx,4),%edx | mov    -0xc(%ebp),%eax））","--- ORIG（伪代码化）
+++ OURS（伪代码化）
@@ -1,51 +1,52 @@
 push   %ebp
 mov    %esp,%ebp
 sub    $0x28,%esp
 mov    0x8(%ebp),%eax
 lea    0x9c(%eax),%ecx
 lea    -0x14(%ebp),%eax
 lea    0xc(%ebp),%edx
 mov    %edx,0x8(%esp)
 mov    %ecx,0x4(%esp)",2026-08-11
_ZN13CGuildManager22SendGuildInfoToMembersEjb,"CGuildManager::SendGuildInfoToMembers(unsigned int, bool)",codegen_diff,等价指令形态差异 3 处（等价指令形态差异（jne vs jmp）；等价指令形态差异（jmp vs jne））；基本块布局差异 3 处（函数内跳转偏移不同（je     <T> <_ZN13CGuildManager22SendGuildInfoToMembersEjb+0x12b> | je     <T> <_ZN13CGuildManager22SendGuildInfoToMembersEjb+0x12c>）；函数内跳转偏移不同（jmp    <T> <_ZN13CGuildManager22SendGuildInfoToMembersEjb+0x1a4> | jmp    <T> <_ZN13CGuildManager22SendGuildInfoToMembersEjb+0x1ab>））；其余指令差异 1 处（助记符不同（jmp    <T> <_ZN13CGuildManager22SendGuildInfoToMembersEjb+0x1aa> | nop））,"--- ORIG（伪代码化）
+++ OURS（伪代码化）
@@ -1,163 +1,164 @@
 push   %ebp
 mov    %esp,%ebp
 push   %edi
 push   %esi
 push   %ebx
 sub    $0x4c,%esp
 mov    0x10(%ebp),%eax
 mov    %al,-0x3c(%ebp)
 cmpl   $0x0,0xc(%ebp)",2026-08-11
_ZN13CGuildManager23IsGuildWarEnterableCharEhj,"CGuildManager::IsGuildWarEnterableChar(unsigned char, unsigned int)",codegen_diff,"寄存器分配差异 1 处（寄存器分配差异（mov    $0x0,%eax | mov    $0x0,%eax））；等价指令形态差异 1 处（等价指令形态差异（je vs jmp））；基本块布局差异 1 处（函数内跳转偏移不同（jmp    <T> <_ZN13CGuildManager23IsGuildWarEnterableCharEhj+0x4f> | jmp    <T> <_ZN13CGuildManager23IsGuildWarEnterableCharEhj+0x52>））；其余指令差异 4 处（助记符不同（je     <T> <_ZN13CGuildManager23IsGuildWarEnterableCharEhj+0x19> | jne    <T> <_ZN13CGuildManager23IsGuildWarEnterableCharEhj+0x4d>）；助记符不同（mov    $0x1,%eax | je     <T> <_ZN13CGuildManager23IsGuildWarEnterableCharEhj+0x46>））","--- ORIG（伪代码化）
+++ OURS（伪代码化）
@@ -1,27 +1,28 @@
 push   %ebp
 mov    %esp,%ebp
 sub    $0x28,%esp
 mov    0xc(%ebp),%eax
 mov    %al,-0xc(%ebp)
 cmpb   $0x6,-0xc(%ebp)
-je     <T> <_ZN13CGuildManager23IsGuildWarEnterableCharEhj+0x19>
-mov    $0x1,%eax
-jmp    <T> <_ZN13CGuildManager23IsGuildWarEnterableCharEhj+0x4f>",2026-08-11
_ZN13CGuildManager9CargoLockEv,CGuildManager::CargoLock(),codegen_diff,共 2 组指令差异,"--- ORIG（伪代码化）
+++ OURS（伪代码化）
@@ -1,6 +1,4 @@
 push   %ebp
 mov    %esp,%ebp
-mov    0x8(%ebp),%eax
-movb   $0x1,0x40(%eax)
 pop    %ebp
 ret",2026-08-11
_ZN13CGuildManager9FindGuildEj,CGuildManager::FindGuild(unsigned int),caliber_issue,"立即数/常量差异 1 处（立即数不同（sub    $0x38,%esp | sub    $0x28,%esp））；其余指令差异 9 处（助记符不同（lea    -0x10(%ebp),%eax | je     <T> <_ZN13CGuildManager9FindGuildEj+0x1f>）；助记符不同（mov    %eax,(%esp) | jmp    <T> <_ZN13CGuildManager9FindGuildEj+0x81>））","--- ORIG（伪代码化）
+++ OURS（伪代码化）
@@ -1,47 +1,42 @@
 push   %ebp
 mov    %esp,%ebp
-sub    $0x38,%esp
-lea    -0x10(%ebp),%eax
-mov    %eax,(%esp)
-call   <T> <_ZNSt17_Rb_tree_iteratorISt4pairIKjP6CGuildEEC1Ev>
+sub    $0x28,%esp
 mov    0x8(%ebp),%eax
 add    $0x4,%eax",2026-08-11
_ZN13CGuildManager9LoadGuildEjR17STGuildDBInfoOnlyPc,"CGuildManager::LoadGuild(unsigned int, STGuildDBInfoOnly&, char*)",other,"其余指令差异 2 处（助记符不同（sete   %al | jne    <T> <_ZN13CGuildManager9LoadGuildEjR17STGuildDBInfoOnlyPc+0x28>）；助记符不同（test   %al,%al | jmp    <T> <_ZN13CGuildManager9LoadGuildEjR17STGuildDBInfoOnlyPc+0x51>））","--- ORIG（伪代码化）
+++ OURS（伪代码化）
@@ -1,28 +1,26 @@
 push   %ebp
 mov    %esp,%ebp
 sub    $0x28,%esp
 mov    0xc(%ebp),%eax
 mov    %eax,0x4(%esp)
 mov    0x8(%ebp),%eax
 mov    %eax,(%esp)
 call   <T> <_ZN13CGuildManager9FindGuildEj>
 mov    %eax,-0xc(%ebp)",2026-08-11
_ZN13CGuildManagerC1Ev,CGuildManager::CGuildManager(),other,"真实调用目标差异 1 处（调用目标不同（call   <T> <_ZN10CScheduler17SetSpecialDayHourEii> | call   <T> <_ZN10CScheduler17SetSpecialDayHourEii>））；寄存器分配差异 4 处（寄存器分配差异（add    $0x1c,%eax | add    $0x1c,%eax）；寄存器分配差异（movl   $0x5,0x8(%esp) | movl   $0x5,0x8(%esp)））；其余指令差异 11 处（助记符不同（mov    0x8(%ebp),%eax | movl   $0x0,(%eax)）；助记符不同（movl   $0x0,(%eax) | mov    0x8(%ebp),%eax））","--- ORIG（伪代码化）
+++ OURS（伪代码化）
@@ -1,98 +1,99 @@
 push   %ebp
 mov    %esp,%ebp
 push   %esi
 push   %ebx
 sub    $0x10,%esp
-mov    0x8(%ebp),%eax
-movl   $0x0,(%eax)
 mov    0x8(%ebp),%eax
 add    $0x4,%eax",2026-08-11
_ZN13CGuildManagerC2Ev,CGuildManager::CGuildManager(),other,"真实调用目标差异 1 处（调用目标不同（call   <T> <_ZN10CScheduler17SetSpecialDayHourEii> | call   <T> <_ZN10CScheduler17SetSpecialDayHourEii>））；寄存器分配差异 4 处（寄存器分配差异（add    $0x1c,%eax | add    $0x1c,%eax）；寄存器分配差异（movl   $0x5,0x8(%esp) | movl   $0x5,0x8(%esp)））；其余指令差异 11 处（助记符不同（mov    0x8(%ebp),%eax | movl   $0x0,(%eax)）；助记符不同（movl   $0x0,(%eax) | mov    0x8(%ebp),%eax））","--- ORIG（伪代码化）
+++ OURS（伪代码化）
@@ -1,98 +1,99 @@
 push   %ebp
 mov    %esp,%ebp
 push   %esi
 push   %ebx
 sub    $0x10,%esp
-mov    0x8(%ebp),%eax
-movl   $0x0,(%eax)
 mov    0x8(%ebp),%eax
 add    $0x4,%eax",2026-08-11
_ZN13CGuildManagerD1Ev,CGuildManager::~CGuildManager(),codegen_diff,"基本块布局差异 5 处（函数内跳转偏移不同（jmp    <T> <_ZN13CGuildManagerD1Ev+0x3b> | jmp    <T> <_ZN13CGuildManagerD1Ev+0x5a>）；函数内跳转偏移不同（jmp    <T> <_ZN13CGuildManagerD1Ev+0x4b> | jmp    <T> <_ZN13CGuildManagerD1Ev+0x6a>））；其余指令差异 2 处（助记符不同（movl   $0x0,(%eax) | jmp    <T> <_ZN13CGuildManagerD1Ev+0x32>）；助记符不同（mov    0x8(%ebp),%eax | jmp    <T> <_ZN13CGuildManagerD1Ev+0x42>））","--- ORIG（伪代码化）
+++ OURS（伪代码化）
@@ -1,73 +1,71 @@
 push   %ebp
 mov    %esp,%ebp
 push   %esi
 push   %ebx
 sub    $0x10,%esp
 mov    0x8(%ebp),%eax
-movl   $0x0,(%eax)
-mov    0x8(%ebp),%eax
 add    $0x9c,%eax",2026-08-11
_ZN13CGuildManagerD2Ev,CGuildManager::~CGuildManager(),codegen_diff,"基本块布局差异 5 处（函数内跳转偏移不同（jmp    <T> <_ZN13CGuildManagerD1Ev+0x3b> | jmp    <T> <_ZN13CGuildManagerD1Ev+0x5a>）；函数内跳转偏移不同（jmp    <T> <_ZN13CGuildManagerD1Ev+0x4b> | jmp    <T> <_ZN13CGuildManagerD1Ev+0x6a>））；其余指令差异 2 处（助记符不同（movl   $0x0,(%eax) | jmp    <T> <_ZN13CGuildManagerD1Ev+0x32>）；助记符不同（mov    0x8(%ebp),%eax | jmp    <T> <_ZN13CGuildManagerD1Ev+0x42>））","--- ORIG（伪代码化）
+++ OURS（伪代码化）
@@ -1,73 +1,71 @@
 push   %ebp
 mov    %esp,%ebp
 push   %esi
 push   %ebx
 sub    $0x10,%esp
 mov    0x8(%ebp),%eax
-movl   $0x0,(%eax)
-mov    0x8(%ebp),%eax
 add    $0x9c,%eax",2026-08-11
_ZN13CMyRawFileLogclEPKcS1_z,"CMyRawFileLog::operator()(char const*, char const*, ...)",other,"其余指令差异 2 处（助记符不同（mov    $0x7000,%edx | movl   $0x7000,0x8(%esp)）；助记符不同（mov    %edx,0x8(%esp) | movl   $0x0,0x4(%esp)））","--- ORIG（伪代码化）
+++ OURS（伪代码化）
@@ -1,27 +1,26 @@
 push   %ebp
 mov    %esp,%ebp
 sub    $0x7028,%esp
+movl   $0x7000,0x8(%esp)
+movl   $0x0,0x4(%esp)
 lea    -0x700c(%ebp),%eax
-mov    $0x7000,%edx
-mov    %edx,0x8(%esp)
-movl   $0x0,0x4(%esp)",2026-08-11
_ZN13CPacketTracer16AbsoluteWriteLogEv,CPacketTracer::AbsoluteWriteLog(),codegen_diff,"等价指令形态差异 1 处（等价指令形态差异（push vs sub））；其余指令差异 6 处（助记符不同（sub    $0x24,%esp | mov    0x8(%ebp),%eax）；助记符不同（mov    0x8(%ebp),%eax | add    $0x4,%eax））","--- ORIG（伪代码化）
+++ OURS（伪代码化）
@@ -1,27 +1,23 @@
 push   %ebp
 mov    %esp,%ebp
-push   %ebx
-sub    $0x24,%esp
-mov    0x8(%ebp),%eax
-add    $0x4,%eax
-mov    %eax,(%esp)
-call   <T> <_ZNKSs5c_strEv>
-mov    %eax,%ebx",2026-08-11
_ZN13CPacketTracer6AddLogEii,"CPacketTracer::AddLog(int, int)",caliber_issue,"等价指令形态差异 3 处（等价指令形态差异（mov vs lea）；等价指令形态差异（mov vs lea））；栈帧/局部布局差异 3 处（栈局部偏移不同（lea    -0xc(%ebp),%eax | lea    -0x10(%ebp),%eax）；栈局部偏移不同（mov    %edx,-0x4c(%ebp) | mov    -0xc(%ebp),%eax））；立即数/常量差异 1 处（立即数不同（sub    $0x74,%esp | sub    $0x54,%esp））；其余指令差异 14 处（助记符不同（lea    -0xc(%ebp),%eax | movl   $0x0,(%esp)）；操作数差异（mov    %eax,(%esp) | mov    %eax,-0x10(%ebp)））","--- ORIG（伪代码化）
+++ OURS（伪代码化）
@@ -1,72 +1,48 @@
 push   %ebp
 mov    %esp,%ebp
 push   %ebx
-sub    $0x74,%esp
-lea    -0xc(%ebp),%eax
-mov    %eax,(%esp)
+sub    $0x54,%esp
+movl   $0x0,(%esp)
 call   <T> <time>",2026-08-11
_ZN13CPacketTracer8WriteLogEv,CPacketTracer::WriteLog(),caliber_issue,"立即数/常量差异 1 处（立即数不同（sub    $0x24,%esp | sub    $0x34,%esp））；其余指令差异 13 处（操作数差异（mov    %ecx,%eax | mov    0x8(%ebp),%eax）；助记符不同（sub    %eax,%edx | mov    (%eax),%eax））","--- ORIG（伪代码化）
+++ OURS（伪代码化）
@@ -1,42 +1,44 @@
 push   %ebp
 mov    %esp,%ebp
 push   %ebx
-sub    $0x24,%esp
+sub    $0x34,%esp
 mov    0x8(%ebp),%eax
 mov    (%eax),%ecx
+mov    0x8(%ebp),%eax
+mov    (%eax),%eax",2026-08-11
_ZN13CPowerManager12SetPowerInfoEcii,"CPowerManager::SetPowerInfo(char, int, int)",codegen_diff,"等价指令形态差异 1 处（等价指令形态差异（mov vs movzbl））；其余指令差异 3 处（助记符不同（movzbl -0xc(%ebp),%edx | lea    0x184(%eax),%edx）；助记符不同（xor    $0x1,%eax | mov    %al,(%edx)））","--- ORIG（伪代码化）
+++ OURS（伪代码化）
@@ -1,32 +1,34 @@
 push   %ebp
 mov    %esp,%ebp
 sub    $0x28,%esp
 mov    0xc(%ebp),%eax
 mov    %al,-0xc(%ebp)
 mov    0x8(%ebp),%eax
-movzbl -0xc(%ebp),%edx
-mov    %dl,0x184(%eax)
+lea    0x184(%eax),%edx",2026-08-11
_ZN13CPowerManager13CleanPowerWarEv,CPowerManager::CleanPowerWar(),codegen_diff,"寄存器分配差异 1 处（寄存器分配差异（add    $0x8,%eax | add    $0x8,%edx））；基本块布局差异 1 处（函数内跳转偏移不同（jmp    <T> <_ZN13CPowerManager13CleanPowerWarEv+0x27> | jmp    <T> <_ZN13CPowerManager13CleanPowerWarEv+0x29>））；其余指令差异 3 处（操作数差异（mov    -0xc(%ebp),%eax | mov    0x8(%ebp),%eax）；助记符不同（imul   $0x6c,%eax,%eax | mov    -0xc(%ebp),%edx））","--- ORIG（伪代码化）
+++ OURS（伪代码化）
@@ -1,28 +1,29 @@
 push   %ebp
 mov    %esp,%ebp
 sub    $0x28,%esp
 movl   $0x0,-0xc(%ebp)
-jmp    <T> <_ZN13CPowerManager13CleanPowerWarEv+0x27>
-mov    -0xc(%ebp),%eax
-imul   $0x6c,%eax,%eax
-add    0x8(%ebp),%eax
-add    $0x8,%eax",2026-08-11
_ZN13CPowerManager13GetPowerScoreE20ENUM_POWER_SIDE_TYPE,CPowerManager::GetPowerScore(ENUM_POWER_SIDE_TYPE),codegen_diff,"寄存器分配差异 1 处（寄存器分配差异（add    $0x8,%eax | add    $0x8,%edx））；其余指令差异 3 处（操作数差异（mov    0xc(%ebp),%eax | mov    0x8(%ebp),%eax）；助记符不同（imul   $0x6c,%eax,%eax | mov    0xc(%ebp),%edx））","--- ORIG（伪代码化）
+++ OURS（伪代码化）
@@ -1,11 +1,12 @@
 push   %ebp
 mov    %esp,%ebp
 sub    $0x18,%esp
-mov    0xc(%ebp),%eax
-imul   $0x6c,%eax,%eax
-add    0x8(%ebp),%eax
-add    $0x8,%eax
+mov    0x8(%ebp),%eax
+mov    0xc(%ebp),%edx",2026-08-11
_ZN13CPowerManager13GetWinnerSideEv,CPowerManager::GetWinnerSide(),codegen_diff,"等价指令形态差异 1 处（字节强转读取形态差（ORIG 直接偏移加载 movzbl 0x184(%eax),%eax vs OURS add+加载））","--- ORIG（伪代码化）
+++ OURS（伪代码化）
@@ -1,6 +1,7 @@
 push   %ebp
 mov    %esp,%ebp
 mov    0x8(%ebp),%eax
-movzbl 0x184(%eax),%eax
+add    $0x184,%eax
+movzbl (%eax),%eax
 pop    %ebp
 ret",2026-08-11
_ZN13CPowerManager13IncPowerScoreE20ENUM_POWER_SIDE_TYPEi,"CPowerManager::IncPowerScore(ENUM_POWER_SIDE_TYPE, int)",codegen_diff,"等价指令形态差异 1 处（等价指令形态差异（lea vs mov））；其余指令差异 10 处（助记符不同（mov    0xc(%ebp),%eax | test   %eax,%eax）；助记符不同（imul   $0x6c,%eax,%eax | sete   %al））","--- ORIG（伪代码化）
+++ OURS（伪代码化）
@@ -1,26 +1,30 @@
 push   %ebp
 mov    %esp,%ebp
 sub    $0x18,%esp
 mov    0x8(%ebp),%eax
 add    $0x14c,%eax
 mov    %eax,(%esp)
 call   <T> <_ZNK9CPowerWar12IsPowerWarOnEv>
+test   %eax,%eax
+sete   %al",2026-08-11
_ZN13CPowerManager13SetWinnerSideEc,CPowerManager::SetWinnerSide(char),codegen_diff,"等价指令形态差异 1 处（等价指令形态差异（mov vs movzbl））；其余指令差异 1 处（助记符不同（movzbl -0x4(%ebp),%edx | lea    0x184(%eax),%edx））","--- ORIG（伪代码化）
+++ OURS（伪代码化）
@@ -1,10 +1,11 @@
 push   %ebp
 mov    %esp,%ebp
 sub    $0x4,%esp
 mov    0xc(%ebp),%eax
 mov    %al,-0x4(%ebp)
 mov    0x8(%ebp),%eax
-movzbl -0x4(%ebp),%edx
-mov    %dl,0x184(%eax)
+lea    0x184(%eax),%edx",2026-08-11
_ZN13CPowerManager14PrintDebugInfoEv,CPowerManager::PrintDebugInfo(),codegen_diff,"栈帧/局部布局差异 4 处（栈局部偏移不同（lea    -0x18(%ebp),%eax | lea    -0x10(%ebp),%eax）；栈局部偏移不同（lea    -0x18(%ebp),%eax | lea    -0x10(%ebp),%eax））","--- ORIG（伪代码化）
+++ OURS（伪代码化）
@@ -1,37 +1,37 @@
 push   %ebp
 mov    %esp,%ebp
 sub    $0x28,%esp
 movl   $0x3c9,0x8(%esp)
 movl   $""PrintDebugInfo"",0x4(%esp)
-lea    -0x18(%ebp),%eax
+lea    -0x10(%ebp),%eax
 mov    %eax,(%esp)
 call   <T> <_ZN10CMyFileLogC1EPKci>",2026-08-11
_ZN13CPowerManager14SetPowerDBFlagEt,CPowerManager::SetPowerDBFlag(unsigned short),other,"其余指令差异 4 处（助记符不同（movzwl 0x18a(%eax),%eax | lea    0x18a(%eax),%edx）；助记符不同（mov    %eax,%edx | add    $0x18a,%eax））","--- ORIG（伪代码化）
+++ OURS（伪代码化）
@@ -1,13 +1,14 @@
 push   %ebp
 mov    %esp,%ebp
 sub    $0x4,%esp
 mov    0xc(%ebp),%eax
 mov    %ax,-0x4(%ebp)
 mov    0x8(%ebp),%eax
-movzwl 0x18a(%eax),%eax
-mov    %eax,%edx
-or     -0x4(%ebp),%dx",2026-08-11
_ZN13CPowerManager16CalcPowerWarRankEb,CPowerManager::CalcPowerWarRank(bool),caliber_issue,"等价指令形态差异 5 处（等价指令形态差异（push vs sub）；等价指令形态差异（lea vs mov））；栈帧/局部布局差异 2 处（栈局部偏移不同（lea    -0x18(%ebp),%eax | lea    -0x14(%ebp),%eax）；栈局部偏移不同（lea    -0x10(%ebp),%eax | lea    -0x1c(%ebp),%eax））；立即数/常量差异 1 处（立即数不同（add    $0x34,%esp | add    $0x184,%edx））；其余指令差异 25 处（助记符不同（sub    $0x34,%esp | mov    %al,-0x2c(%ebp)）；助记符不同（mov    %al,-0x1c(%ebp) | cmpb   $0x0,-0x2c(%ebp)））","--- ORIG（伪代码化）
+++ OURS（伪代码化）
@@ -1,68 +1,72 @@
 push   %ebp
 mov    %esp,%ebp
-push   %ebx
-sub    $0x34,%esp
+sub    $0x48,%esp
 mov    0xc(%ebp),%eax
-mov    %al,-0x1c(%ebp)
-cmpb   $0x0,-0x1c(%ebp)
-je     <T> <_ZN13CPowerManager16CalcPowerWarRankEb+0x1a>",2026-08-11
_ZN13CPowerManager16EndPowerWarEventEv,CPowerManager::EndPowerWarEvent(),codegen_diff,"栈帧/局部布局差异 4 处（栈局部偏移不同（lea    -0x18(%ebp),%eax | lea    -0x10(%ebp),%eax）；栈局部偏移不同（lea    -0x18(%ebp),%eax | lea    -0x10(%ebp),%eax））","--- ORIG（伪代码化）
+++ OURS（伪代码化）
@@ -1,65 +1,65 @@
 push   %ebp
 mov    %esp,%ebp
 sub    $0x28,%esp
 movl   $0xd5,0x8(%esp)
 movl   $""EndPowerWarEvent"",0x4(%esp)
-lea    -0x18(%ebp),%eax
+lea    -0x10(%ebp),%eax
 mov    %eax,(%esp)
 call   <T> <_ZN10CMyFileLogC1EPKci>",2026-08-11
_ZN13CPowerManager16InitPowerManagerEPcP12CApplication,"CPowerManager::InitPowerManager(char*, CApplication*)",codegen_diff,"等价指令形态差异 1 处（等价指令形态差异（mov vs lea））；其余指令差异 1 处（操作数差异（mov    %edx,0x4(%eax) | mov    0x10(%ebp),%eax））","--- ORIG（伪代码化）
+++ OURS（伪代码化）
@@ -1,13 +1,14 @@
 push   %ebp
 mov    %esp,%ebp
 sub    $0x18,%esp
 mov    0x8(%ebp),%eax
-mov    0x10(%ebp),%edx
-mov    %edx,0x4(%eax)
+lea    0x4(%eax),%edx
+mov    0x10(%ebp),%eax
+mov    %eax,(%edx)",2026-08-11
_ZN13CPowerManager16RewardBonusPointEv,CPowerManager::RewardBonusPoint(),codegen_diff,"寄存器分配差异 1 处（寄存器分配差异（imul   $0x6c,%eax,%eax | imul   $0x6c,%edx,%edx））；等价指令形态差异 1 处（字节强转读取形态差（ORIG 直接偏移加载 movzbl 0x184(%eax),%eax vs OURS add+加载））；其余指令差异 10 处（助记符不同（test   %al,%al | movzbl (%eax),%eax）；助记符不同（je     <T> <_ZN13CPowerManager16RewardBonusPointEv+0x50> | mov    %al,-0x9(%ebp)））","--- ORIG（伪代码化）
+++ OURS（伪代码化）
@@ -1,29 +1,23 @@
 push   %ebp
 mov    %esp,%ebp
 sub    $0x28,%esp
 mov    0x8(%ebp),%eax
-movzbl 0x184(%eax),%eax
-test   %al,%al
-je     <T> <_ZN13CPowerManager16RewardBonusPointEv+0x50>
+add    $0x184,%eax
+movzbl (%eax),%eax",2026-08-11
_ZN13CPowerManager16SendPowerWarInfoEv,CPowerManager::SendPowerWarInfo(),codegen_diff,"等价指令形态差异 4 处（等价指令形态差异（sub vs push）；等价指令形态差异（mov vs lea））；其余指令差异 3 处（助记符不同（movzbl 0x184(%eax),%eax | sub    $0x34,%esp）；助记符不同（mov    %eax,-0xd(%ebp) | add    $0x184,%eax））","--- ORIG（伪代码化）
+++ OURS（伪代码化）
@@ -1,29 +1,40 @@
 push   %ebp
 mov    %esp,%ebp
-sub    $0x38,%esp
+push   %ebx
+sub    $0x34,%esp
 lea    -0x1b(%ebp),%eax
 mov    %eax,(%esp)
 call   <T> <_ZN28Packet_Notice_Power_War_InfoC1Ev>
+lea    -0x1b(%ebp),%eax",2026-08-11
_ZN13CPowerManager17ComputeWinnerSideEv,CPowerManager::ComputeWinnerSide(),codegen_diff,"等价指令形态差异 3 处（等价指令形态差异（push vs sub）；等价指令形态差异（je vs jmp））；其余指令差异 11 处（助记符不同（sub    $0x14,%esp | mov    %eax,-0x10(%ebp)）；操作数差异（mov    %eax,%ebx | mov    %eax,-0xc(%ebp)））","--- ORIG（伪代码化）
+++ OURS（伪代码化）
@@ -1,39 +1,36 @@
 push   %ebp
 mov    %esp,%ebp
-push   %ebx
-sub    $0x14,%esp
+sub    $0x28,%esp
 movl   $0x1,0x4(%esp)
 mov    0x8(%ebp),%eax
 mov    %eax,(%esp)
 call   <T> <_ZN13CPowerManager13GetPowerScoreE20ENUM_POWER_SIDE_TYPE>",2026-08-11
_ZN13CPowerManager17SendPowerWarScoreEv,CPowerManager::SendPowerWarScore(),codegen_diff,"等价指令形态差异 8 处（字节强转读取形态差（ORIG 直接偏移加载 mov    0x4(%eax),%eax vs OURS add+加载）；等价指令形态差异（jne vs jmp））；栈帧/局部布局差异 6 处（栈局部偏移不同（lea    -0x25(%ebp),%eax | lea    -0x21(%ebp),%eax）；栈局部偏移不同（lea    -0x2c(%ebp),%eax | lea    -0x21(%ebp),%eax））；其余指令差异 14 处（助记符不同（sete   %al | mov    (%eax),%eax）；助记符不同（test   %al,%al | mov    %eax,-0x20(%ebp)））","--- ORIG（伪代码化）
+++ OURS（伪代码化）
@@ -1,120 +1,132 @@
 push   %ebp
 mov    %esp,%ebp
 push   %edi
 push   %esi
 push   %ebx
 sub    $0x5c,%esp
 mov    0x8(%ebp),%eax
-mov    0x4(%eax),%eax
+add    $0x4,%eax",2026-08-11
_ZN13CPowerManager18SaveDBPowerWarRankEv,CPowerManager::SaveDBPowerWarRank(),other,"真实调用目标差异 3 处（调用目标不同（call   <T> <_ZN10CMyFileLogclEPKcS1_z> | call   <T> <_ZN10CMyFileLogclEPKcS1_z>）；调用目标不同（call   <T> <_ZN10CMyFileLogclEPKcS1_z> | call   <T> <_ZN19CPowerWarCharacInfo21GetAllUserRankingInfoERjP10STUserRank>））；寄存器分配差异 5 处（寄存器分配差异（mov    0x8(%ebp),%eax | mov    0x8(%ebp),%eax）；寄存器分配差异（mov    %eax,(%esp) | mov    %eax,(%esp)））；等价指令形态差异 65 处（字节强转读取形态差（ORIG 直接偏移加载 movzbl 0x184(%eax),%eax vs OURS add+加载）；等价指令形态差异（lea vs mov））；栈帧/局部布局差异 15 处（栈局部偏移不同（lea    -0x64(%ebp),%eax | lea    -0x44(%ebp),%eax）；栈局部偏移不同（lea    -0x64(%ebp),%eax | lea    -0x44(%ebp),%eax））；基本块布局差异 1 处（函数内跳转偏移不同（jg     <T> <_ZN13CPowerManager18SaveDBPowerWarRankEv+0x67f> | jg     <T> <_ZN13CPowerManager18SaveDBPowerWarRankEv+0x6cb>））；立即数/常量差异 1 处（立即数不同（sub    $0x1850,%esp | sub    $0x1b90,%esp））；其余指令差异 144 处（助记符不同（test   %al,%al | movzbl (%eax),%eax）；助记符不同（je     <T> <_ZN13CPowerManager18SaveDBPowerWarRankEv+0x67c> | mov    %al,-0x31(%ebp)））","--- ORIG（伪代码化）
+++ OURS（伪代码化）
@@ -1,390 +1,405 @@
 push   %ebp
 mov    %esp,%ebp
 push   %esi
 push   %ebx
-sub    $0x1850,%esp
-mov    0x8(%ebp),%eax
-movzbl 0x184(%eax),%eax
-test   %al,%al
-je     <T> <_ZN13CPowerManager18SaveDBPowerWarRankEv+0x67c>",2026-08-11
_ZN13CPowerManager18StartPowerWarEventEv,CPowerManager::StartPowerWarEvent(),codegen_diff,"寄存器分配差异 1 处（寄存器分配差异（add    $0x8,%eax | add    $0x8,%edx））；基本块布局差异 1 处（函数内跳转偏移不同（jmp    <T> <_ZN13CPowerManager18StartPowerWarEventEv+0x37> | jmp    <T> <_ZN13CPowerManager18StartPowerWarEventEv+0x39>））；其余指令差异 3 处（操作数差异（mov    -0xc(%ebp),%eax | mov    0x8(%ebp),%eax）；助记符不同（imul   $0x6c,%eax,%eax | mov    -0xc(%ebp),%edx））","--- ORIG（伪代码化）
+++ OURS（伪代码化）
@@ -1,32 +1,33 @@
 push   %ebp
 mov    %esp,%ebp
 sub    $0x28,%esp
 mov    0x8(%ebp),%eax
 add    $0x14c,%eax
 mov    %eax,(%esp)
 call   <T> <_ZN9CPowerWar8setEventEv>
 movl   $0x0,-0xc(%ebp)
-jmp    <T> <_ZN13CPowerManager18StartPowerWarEventEv+0x37>",2026-08-11
_ZN13CPowerManager18UpdatePowerWarInfoEb20ENUM_POWER_SIDE_TYPEiPj,"CPowerManager::UpdatePowerWarInfo(bool, ENUM_POWER_SIDE_TYPE, int, unsigned int*)",codegen_diff,"等价指令形态差异 1 处（字节强转读取形态差（ORIG 直接偏移加载 mov    0x4(%eax),%eax vs OURS add+加载））；栈帧/局部布局差异 1 处（栈局部偏移不同（mov    -0x14(%ebp),%eax | mov    -0xc(%ebp),%eax））；其余指令差异 27 处（助记符不同（je     <T> <_ZN13CPowerManager18UpdatePowerWarInfoEb20ENUM_POWER_SIDE_TYPEiPj+0xbe> | mov    (%eax),%eax）；助记符不同（movl   $0x0,-0x14(%ebp) | je     <T> <_ZN13CPowerManager18UpdatePowerWarInfoEb20ENUM_POWER_SIDE_TYPEiPj+0xb5>））","--- ORIG（伪代码化）
+++ OURS（伪代码化）
@@ -1,66 +1,63 @@
 push   %ebp
 mov    %esp,%ebp
 push   %ebx
 sub    $0x34,%esp
 mov    0xc(%ebp),%eax
 mov    %al,-0x1c(%ebp)
 mov    0x8(%ebp),%eax
-mov    0x4(%eax),%eax
+add    $0x4,%eax",2026-08-11
_ZN13CPowerManager19SaveDBPowerWarPointEv,CPowerManager::SaveDBPowerWarPoint(),caliber_issue,"等价指令形态差异 12 处（等价指令形态差异（lea vs mov）；等价指令形态差异（mov vs lea））；栈帧/局部布局差异 2 处（栈局部偏移不同（mov    %eax,-0x24(%ebp) | mov    %eax,-0x1c(%ebp)）；栈局部偏移不同（mov    -0x3c(%ebp),%eax | mov    -0x1c(%ebp),%eax））；立即数/常量差异 1 处（立即数不同（sub    $0x5c,%esp | sub    $0x4c,%esp））；其余指令差异 11 处（助记符不同（mov    %al,-0x29(%ebp) | add    $0x4,%eax）；操作数差异（mov    %eax,-0x28(%ebp) | mov    (%eax),%eax））","--- ORIG（伪代码化）
+++ OURS（伪代码化）
@@ -1,64 +1,84 @@
 push   %ebp
 mov    %esp,%ebp
 push   %edi
 push   %esi
 push   %ebx
-sub    $0x5c,%esp
-lea    -0x34(%ebp),%eax
+sub    $0x4c,%esp
+mov    0x8(%ebp),%eax",2026-08-11
_ZN13CPowerManager19SendPowerWarEndInfoEv,CPowerManager::SendPowerWarEndInfo(),codegen_diff,"栈帧/局部布局差异 4 处（栈局部偏移不同（lea    -0x18(%ebp),%eax | lea    -0x10(%ebp),%eax）；栈局部偏移不同（lea    -0x18(%ebp),%eax | lea    -0x10(%ebp),%eax））","--- ORIG（伪代码化）
+++ OURS（伪代码化）
@@ -1,33 +1,33 @@
 push   %ebp
 mov    %esp,%ebp
 sub    $0x28,%esp
 movl   $0x419,0x8(%esp)
 movl   $""SendPowerWarEndInfo"",0x4(%esp)
-lea    -0x18(%ebp),%eax
+lea    -0x10(%ebp),%eax
 mov    %eax,(%esp)
 call   <T> <_ZN10CMyFileLogC1EPKci>",2026-08-11
_ZN13CPowerManager19SendPowerWarEndTimeEi,CPowerManager::SendPowerWarEndTime(int),caliber_issue,"等价指令形态差异 9 处（字节强转读取形态差（ORIG 直接偏移加载 mov    0x4(%eax),%eax vs OURS add+加载）；等价指令形态差异（jne vs jmp））；栈帧/局部布局差异 5 处（栈局部偏移不同（lea    -0x1d(%ebp),%eax | lea    -0x21(%ebp),%eax）；栈局部偏移不同（lea    -0x24(%ebp),%eax | lea    -0x21(%ebp),%eax））；立即数/常量差异 1 处（立即数不同（sub    $0x3c,%esp | sub    $0x4c,%esp））；其余指令差异 10 处（助记符不同（sete   %al | mov    (%eax),%eax）；助记符不同（test   %al,%al | mov    %eax,-0x20(%ebp)））","--- ORIG（伪代码化）
+++ OURS（伪代码化）
@@ -1,109 +1,116 @@
 push   %ebp
 mov    %esp,%ebp
 push   %edi
 push   %esi
 push   %ebx
-sub    $0x3c,%esp
+sub    $0x4c,%esp
 mov    0x8(%ebp),%eax
-mov    0x4(%eax),%eax",2026-08-11
_ZN13CPowerManager20GetUserPowerWarPointE20ENUM_POWER_SIDE_TYPEj,"CPowerManager::GetUserPowerWarPoint(ENUM_POWER_SIDE_TYPE, unsigned int)",codegen_diff,"寄存器分配差异 1 处（寄存器分配差异（add    $0x8,%eax | add    $0x8,%edx））；其余指令差异 3 处（操作数差异（mov    0xc(%ebp),%eax | mov    0x8(%ebp),%eax）；助记符不同（imul   $0x6c,%eax,%eax | mov    0xc(%ebp),%edx））","--- ORIG（伪代码化）
+++ OURS（伪代码化）
@@ -1,15 +1,16 @@
 push   %ebp
 mov    %esp,%ebp
 sub    $0x18,%esp
-mov    0xc(%ebp),%eax
-imul   $0x6c,%eax,%eax
-add    0x8(%ebp),%eax
-add    $0x8,%eax
+mov    0x8(%ebp),%eax
+mov    0xc(%ebp),%edx",2026-08-11
_ZN13CPowerManager21GetUserRankingInPowerE20ENUM_POWER_SIDE_TYPEj,"CPowerManager::GetUserRankingInPower(ENUM_POWER_SIDE_TYPE, unsigned int)",codegen_diff,"寄存器分配差异 1 处（寄存器分配差异（add    $0x8,%eax | add    $0x8,%edx））；其余指令差异 3 处（操作数差异（mov    0xc(%ebp),%eax | mov    0x8(%ebp),%eax）；助记符不同（imul   $0x6c,%eax,%eax | mov    0xc(%ebp),%edx））","--- ORIG（伪代码化）
+++ OURS（伪代码化）
@@ -1,15 +1,16 @@
 push   %ebp
 mov    %esp,%ebp
 sub    $0x18,%esp
-mov    0xc(%ebp),%eax
-imul   $0x6c,%eax,%eax
-add    0x8(%ebp),%eax
-add    $0x8,%eax
+mov    0x8(%ebp),%eax
+mov    0xc(%ebp),%edx",2026-08-11
_ZN13CPowerManager21SetPowerWarRewardInfoEiiii,"CPowerManager::SetPowerWarRewardInfo(int, int, int, int)",codegen_diff,"等价指令形态差异 3 处（等价指令形态差异（mov vs lea）；等价指令形态差异（mov vs lea））；其余指令差异 5 处（操作数差异（mov    %edx,0x18c(%eax) | mov    0xc(%ebp),%eax）；操作数差异（mov    0x10(%ebp),%edx | mov    %eax,(%edx)））","--- ORIG（伪代码化）
+++ OURS（伪代码化）
@@ -1,16 +1,20 @@
 push   %ebp
 mov    %esp,%ebp
 mov    0x8(%ebp),%eax
-mov    0xc(%ebp),%edx
-mov    %edx,0x18c(%eax)
+lea    0x18c(%eax),%edx
+mov    0xc(%ebp),%eax
+mov    %eax,(%edx)
 mov    0x8(%ebp),%eax",2026-08-11
_ZN13CPowerManager22GetGuildRankingInPowerE20ENUM_POWER_SIDE_TYPEj,"CPowerManager::GetGuildRankingInPower(ENUM_POWER_SIDE_TYPE, unsigned int)",codegen_diff,"寄存器分配差异 1 处（寄存器分配差异（add    $0x8,%eax | add    $0x8,%edx））；其余指令差异 3 处（操作数差异（mov    0xc(%ebp),%eax | mov    0x8(%ebp),%eax）；助记符不同（imul   $0x6c,%eax,%eax | mov    0xc(%ebp),%edx））","--- ORIG（伪代码化）
+++ OURS（伪代码化）
@@ -1,15 +1,16 @@
 push   %ebp
 mov    %esp,%ebp
 sub    $0x18,%esp
-mov    0xc(%ebp),%eax
-imul   $0x6c,%eax,%eax
-add    0x8(%ebp),%eax
-add    $0x8,%eax
+mov    0x8(%ebp),%eax
+mov    0xc(%ebp),%edx",2026-08-11
_ZN13CPowerManager23SendPowerWarProcessInfoEj,CPowerManager::SendPowerWarProcessInfo(unsigned int),caliber_issue,"等价指令形态差异 16 处（字节强转读取形态差（ORIG 直接偏移加载 mov    0x4(%eax),%eax vs OURS add+加载）；等价指令形态差异（lea vs mov））；栈帧/局部布局差异 1 处（栈局部偏移不同（lea    -0x56(%ebp),%eax | lea    -0x2c(%ebp),%eax））；立即数/常量差异 1 处（立即数不同（sub    $0x74,%esp | sub    $0x84,%esp））；其余指令差异 31 处（助记符不同（jne    <T> <_ZN13CPowerManager23SendPowerWarProcessInfoEj+0x6f> | mov    (%eax),%eax）；助记符不同（mov    0x4(%eax),%eax | jmp    <T> <_ZN13CPowerManager23SendPowerWarProcessInfoEj+0x286>））","--- ORIG（伪代码化）
+++ OURS（伪代码化）
@@ -1,152 +1,174 @@
 push   %ebp
 mov    %esp,%ebp
 push   %ebx
-sub    $0x74,%esp
+sub    $0x84,%esp
 mov    0x8(%ebp),%eax
-mov    0x4(%eax),%eax
+add    $0x4,%eax
+mov    (%eax),%eax",2026-08-11
_ZN13CPowerManager24RewardGuildPowerWarPointEv,CPowerManager::RewardGuildPowerWarPoint(),codegen_diff,"寄存器分配差异 2 处（寄存器分配差异（mov    0x8(%ebp),%eax | mov    0x8(%ebp),%eax）；寄存器分配差异（mov    0x8(%ebp),%eax | mov    0x8(%ebp),%eax））；等价指令形态差异 12 处（等价指令形态差异（push vs sub）；等价指令形态差异（lea vs mov））；栈帧/局部布局差异 1 处（栈局部偏移不同（mov    %eax,-0x30(%ebp) | mov    -0x14(%ebp),%eax））；其余指令差异 58 处（助记符不同（push   %esi | lea    -0x2c(%ebp),%eax）；助记符不同（push   %ebx | lea    -0x2c(%ebp),%eax））","--- ORIG（伪代码化）
+++ OURS（伪代码化）
@@ -1,126 +1,112 @@
 push   %ebp
 mov    %esp,%ebp
-push   %edi
-push   %esi
-push   %ebx
-sub    $0x4c,%esp
+sub    $0x58,%esp
 movl   $0x198,0x8(%esp)
 movl   $""RewardGuildPowerWarPoint"",0x4(%esp)",2026-08-11
_ZN13CPowerManager24SaveDBPowerWarBonusPointEv,CPowerManager::SaveDBPowerWarBonusPoint(),codegen_diff,"寄存器分配差异 1 处（寄存器分配差异（mov    %eax,0x4(%esp) | mov    %eax,0x4(%esp)））；等价指令形态差异 1 处（字节强转读取形态差（ORIG 直接偏移加载 movzbl 0x184(%eax),%eax vs OURS add+加载））；栈帧/局部布局差异 2 处（栈局部偏移不同（lea    -0x7ea(%ebp),%eax | lea    -0x7ef(%ebp),%eax）；栈局部偏移不同（lea    -0x7ea(%ebp),%eax | lea    -0x7ef(%ebp),%eax））；基本块布局差异 1 处（函数内跳转偏移不同（jg     <T> <_ZN13CPowerManager24SaveDBPowerWarBonusPointEv+0x98> | jg     <T> <_ZN13CPowerManager24SaveDBPowerWarBonusPointEv+0x9c>））；其余指令差异 20 处（助记符不同（test   %al,%al | movzbl (%eax),%eax）；助记符不同（je     <T> <_ZN13CPowerManager24SaveDBPowerWarBonusPointEv+0x95> | mov    %al,-0x11(%ebp)））","--- ORIG（伪代码化）
+++ OURS（伪代码化）
@@ -1,45 +1,49 @@
 push   %ebp
 mov    %esp,%ebp
 sub    $0x808,%esp
 mov    0x8(%ebp),%eax
-movzbl 0x184(%eax),%eax
-test   %al,%al
-je     <T> <_ZN13CPowerManager24SaveDBPowerWarBonusPointEv+0x95>
-mov    0x8(%ebp),%eax
-movzbl 0x184(%eax),%eax",2026-08-11
_ZN13CPowerManager25SaveDBPowerWarPointRewardEv,CPowerManager::SaveDBPowerWarPointReward(),codegen_diff,"等价指令形态差异 8 处（字节强转读取形态差（ORIG 直接偏移加载 movzbl 0x184(%eax),%eax vs OURS add+加载）；等价指令形态差异（mov vs lea））；栈帧/局部布局差异 3 处（栈局部偏移不同（lea    -0x1c(%ebp),%eax | lea    -0x24(%ebp),%eax）；栈局部偏移不同（mov    -0x14(%ebp),%eax | mov    %eax,-0x18(%ebp)））；基本块布局差异 1 处（函数内跳转偏移不同（jle    <T> <_ZN13CPowerManager25SaveDBPowerWarPointRewardEv+0x72> | jle    <T> <_ZN13CPowerManager25SaveDBPowerWarPointRewardEv+0x67>））；其余指令差异 16 处（助记符不同（test   %al,%al | movzbl (%eax),%eax）；助记符不同（je     <T> <_ZN13CPowerManager25SaveDBPowerWarPointRewardEv+0x26> | mov    %al,-0x19(%ebp)））","--- ORIG（伪代码化）
+++ OURS（伪代码化）
@@ -1,74 +1,77 @@
 push   %ebp
 mov    %esp,%ebp
 push   %ebx
 sub    $0x814,%esp
 mov    0x8(%ebp),%eax
-movzbl 0x184(%eax),%eax
-test   %al,%al
-je     <T> <_ZN13CPowerManager25SaveDBPowerWarPointRewardEv+0x26>
-mov    0x8(%ebp),%eax",2026-08-11
_ZN13CPowerManager33SendPowerWarEndInfoToSpecificUserEP5CUserjhjjjjj,"CPowerManager::SendPowerWarEndInfoToSpecificUser(CUser*, unsigned int, unsigned char, unsigned int, unsigned int, unsigned int, unsigned int, unsigned int)",template_macro,源码未定位：第 3 节未能在候选源文件/对象中定位该函数定义（模板头文件、宏生成函数或 typedef 参数形态），无法从源码侧修复；共 45 组指令差异。,"--- ORIG（伪代码化）
+++ OURS（伪代码化）
@@ -1,39 +1,60 @@
 push   %ebp
 mov    %esp,%ebp
-sub    $0x58,%esp
+push   %ebx
+sub    $0x54,%esp
 mov    0x14(%ebp),%eax
 mov    %al,-0x3c(%ebp)
 lea    -0x33(%ebp),%eax
 mov    %eax,(%esp)",2026-08-11
_ZN13CPowerManager34SendPowerWarEndInfoInSpecificPowerEc,CPowerManager::SendPowerWarEndInfoInSpecificPower(char),codegen_diff,"寄存器分配差异 3 处（寄存器分配差异（mov    %ebx,0xc(%esp) | mov    %eax,0xc(%esp)）；寄存器分配差异（movsbl -0x6c(%ebp),%eax | movsbl -0x6c(%ebp),%edx））；等价指令形态差异 18 处（等价指令形态差异（lea vs mov）；等价指令形态差异（mov vs lea））；栈帧/局部布局差异 14 处（栈局部偏移不同（lea    -0x60(%ebp),%eax | lea    -0x40(%ebp),%eax）；栈局部偏移不同（movl   $0x0,-0x28(%ebp) | movl   $0x1,-0x28(%ebp)））；其余指令差异 85 处（助记符不同（movsbl -0x6c(%ebp),%ebx | lea    -0x40(%ebp),%eax）；助记符不同（mov    %eax,(%esp) | call   <T> <_ZN10CMyFileLogC1EPKci>））","--- ORIG（伪代码化）
+++ OURS（伪代码化）
@@ -1,226 +1,233 @@
 push   %ebp
 mov    %esp,%ebp
 push   %esi
 push   %ebx
 sub    $0xa0,%esp
 mov    0xc(%ebp),%eax
 mov    %al,-0x6c(%ebp)
-movsbl -0x6c(%ebp),%ebx
 movl   $0x42a,0x8(%esp)",2026-08-11
_ZN13CPowerManagerC1Ev,CPowerManager::CPowerManager(),caliber_issue,"寄存器分配差异 1 处（寄存器分配差异（mov    %eax,%edi | mov    %ebx,%eax））；等价指令形态差异 4 处（等价指令形态差异（mov vs lea）；等价指令形态差异（je vs jmp））；立即数/常量差异 2 处（立即数不同（sub    $0x2c,%esp | sub    $0x3c,%esp）；立即数不同（movl   $0x0,0x4(%eax) | movl   $0x0,-0x1c(%ebp)））；其余指令差异 50 处（助记符不同（lea    0x8(%eax),%esi | jmp    <T> <_ZN13CPowerManagerC1Ev+0x70>）；操作数差异（mov    %esi,%edi | mov    -0x1c(%ebp),%edx））","--- ORIG（伪代码化）
+++ OURS（伪代码化）
@@ -1,85 +1,80 @@
 push   %ebp
 mov    %esp,%ebp
 push   %edi
 push   %esi
 push   %ebx
-sub    $0x2c,%esp
+sub    $0x3c,%esp
 mov    0x8(%ebp),%eax
 movl   $&_ZTV13CPowerManager+0x8,(%eax)",2026-08-11
_ZN13CPowerManagerC2Ev,CPowerManager::CPowerManager(),caliber_issue,"寄存器分配差异 1 处（寄存器分配差异（mov    %eax,%edi | mov    %ebx,%eax））；等价指令形态差异 4 处（等价指令形态差异（mov vs lea）；等价指令形态差异（je vs jmp））；立即数/常量差异 2 处（立即数不同（sub    $0x2c,%esp | sub    $0x3c,%esp）；立即数不同（movl   $0x0,0x4(%eax) | movl   $0x0,-0x1c(%ebp)））；其余指令差异 50 处（助记符不同（lea    0x8(%eax),%esi | jmp    <T> <_ZN13CPowerManagerC1Ev+0x70>）；操作数差异（mov    %esi,%edi | mov    -0x1c(%ebp),%edx））","--- ORIG（伪代码化）
+++ OURS（伪代码化）
@@ -1,85 +1,80 @@
 push   %ebp
 mov    %esp,%ebp
 push   %edi
 push   %esi
 push   %ebx
-sub    $0x2c,%esp
+sub    $0x3c,%esp
 mov    0x8(%ebp),%eax
 movl   $&_ZTV13CPowerManager+0x8,(%eax)",2026-08-11
_ZN13CPowerManagerD1Ev,CPowerManager::~CPowerManager(),codegen_diff,"寄存器分配差异 1 处（寄存器分配差异（add    $0x8,%eax | add    $0x8,%ecx））；等价指令形态差异 3 处（等价指令形态差异（push vs sub）；等价指令形态差异（lea vs add））；其余指令差异 18 处（助记符不同（push   %esi | movl   $0x2,-0xc(%ebp)）；助记符不同（push   %ebx | jmp    <T> <_ZN13CPowerManagerD1Ev+0x51>））","--- ORIG（伪代码化）
+++ OURS（伪代码化）
@@ -1,65 +1,39 @@
 push   %ebp
 mov    %esp,%ebp
-push   %edi
-push   %esi
-push   %ebx
-sub    $0x1c,%esp
+sub    $0x28,%esp
 mov    0x8(%ebp),%eax
 movl   $&_ZTV13CPowerManager+0x8,(%eax)",2026-08-11
_ZN13CPowerManagerD2Ev,CPowerManager::~CPowerManager(),codegen_diff,"寄存器分配差异 1 处（寄存器分配差异（add    $0x8,%eax | add    $0x8,%ecx））；等价指令形态差异 3 处（等价指令形态差异（push vs sub）；等价指令形态差异（lea vs add））；其余指令差异 18 处（助记符不同（push   %esi | movl   $0x2,-0xc(%ebp)）；助记符不同（push   %ebx | jmp    <T> <_ZN13CPowerManagerD1Ev+0x51>））","--- ORIG（伪代码化）
+++ OURS（伪代码化）
@@ -1,65 +1,39 @@
 push   %ebp
 mov    %esp,%ebp
-push   %edi
-push   %esi
-push   %ebx
-sub    $0x1c,%esp
+sub    $0x28,%esp
 mov    0x8(%ebp),%eax
 movl   $&_ZTV13CPowerManager+0x8,(%eax)",2026-08-11
_ZN13CServerConfig11Parse_TableEPci,"CServerConfig::Parse_Table(char*, int)",codegen_diff,"栈帧/局部布局差异 6 处（栈局部偏移不同（lea    -0x24(%ebp),%eax | lea    -0x20(%ebp),%eax）；栈局部偏移不同（mov    -0x24(%ebp),%eax | mov    -0x20(%ebp),%eax））","--- ORIG（伪代码化）
+++ OURS（伪代码化）
@@ -1,65 +1,65 @@
 push   %ebp
 mov    %esp,%ebp
 sub    $0x38,%esp
 mov    0xc(%ebp),%eax
 movzbl (%eax),%eax
 cmp    $0x23,%al
 jne    <T> <_ZN13CServerConfig11Parse_TableEPci+0x1a>
 mov    $0x0,%eax
 jmp    <T> <_ZN13CServerConfig11Parse_TableEPci+0xd5>",2026-08-11
_ZN13CServerConfigC1Ev,CServerConfig::CServerConfig(),caliber_issue,"栈帧/局部布局差异 2 处（栈局部偏移不同（mov    %eax,-0x1c(%ebp) | mov    %eax,-0x30(%ebp)）；栈局部偏移不同（mov    -0x1c(%ebp),%eax | mov    -0x30(%ebp),%eax））；基本块布局差异 1 处（函数内跳转偏移不同（jmp    <T> <_ZN13CServerConfigC1Ev+0x95> | jmp    <T> <_ZN13CServerConfigC1Ev+0x7f>））；立即数/常量差异 1 处（立即数不同（sub    $0x2c,%esp | sub    $0x3c,%esp））；其余指令差异 1 处（助记符不同（add    $0x2c,%esp | jmp    <T> <_ZN13CServerConfigC1Ev+0x11f>））","--- ORIG（伪代码化）
+++ OURS（伪代码化）
@@ -1,60 +1,114 @@
 push   %ebp
 mov    %esp,%ebp
 push   %edi
 push   %esi
 push   %ebx
-sub    $0x2c,%esp
+sub    $0x3c,%esp
 mov    0x8(%ebp),%eax
 mov    %eax,(%esp)",2026-08-11
_ZN13CServerConfigC2Ev,CServerConfig::CServerConfig(),caliber_issue,"栈帧/局部布局差异 2 处（栈局部偏移不同（mov    %eax,-0x1c(%ebp) | mov    %eax,-0x30(%ebp)）；栈局部偏移不同（mov    -0x1c(%ebp),%eax | mov    -0x30(%ebp),%eax））；基本块布局差异 1 处（函数内跳转偏移不同（jmp    <T> <_ZN13CServerConfigC1Ev+0x95> | jmp    <T> <_ZN13CServerConfigC1Ev+0x7f>））；立即数/常量差异 1 处（立即数不同（sub    $0x2c,%esp | sub    $0x3c,%esp））；其余指令差异 1 处（助记符不同（add    $0x2c,%esp | jmp    <T> <_ZN13CServerConfigC1Ev+0x11f>））","--- ORIG（伪代码化）
+++ OURS（伪代码化）
@@ -1,60 +1,114 @@
 push   %ebp
 mov    %esp,%ebp
 push   %edi
 push   %esi
 push   %ebx
-sub    $0x2c,%esp
+sub    $0x3c,%esp
 mov    0x8(%ebp),%eax
 mov    %eax,(%esp)",2026-08-11
_ZN13CTcpNetSystem10CleanPeersEv,CTcpNetSystem::CleanPeers(),codegen_diff,"寄存器分配差异 1 处（寄存器分配差异（lea    -0x10(%ebp),%eax | lea    -0x10(%ebp),%eax））；等价指令形态差异 4 处（等价指令形态差异（lea vs add）；等价指令形态差异（lea vs mov））；栈帧/局部布局差异 3 处（栈局部偏移不同（lea    -0x10(%ebp),%eax | lea    -0x14(%ebp),%eax）；栈局部偏移不同（lea    -0x14(%ebp),%eax | lea    -0x18(%ebp),%eax））；其余指令差异 12 处（助记符不同（jmp    <T> <_ZN13CTcpNetSystem10CleanPeersEv+0x8f> | lea    -0x14(%ebp),%eax）；助记符不同（lea    -0x10(%ebp),%eax | jmp    <T> <_ZN13CTcpNetSystem10CleanPeersEv+0x94>））","--- ORIG（伪代码化）
+++ OURS（伪代码化）
@@ -1,69 +1,69 @@
 push   %ebp
 mov    %esp,%ebp
 push   %esi
 push   %ebx
 sub    $0x20,%esp
 mov    0x8(%ebp),%eax
-lea    0x144(%eax),%edx
-lea    -0x10(%ebp),%eax
+add    $0x144,%eax",2026-08-11
_ZN13CTcpNetSystem10DeletePeerEP5CPeer,CTcpNetSystem::DeletePeer(CPeer*),caliber_issue,"等价指令形态差异 10 处（等价指令形态差异（lea vs mov）；等价指令形态差异（lea vs mov））；栈帧/局部布局差异 3 处（栈局部偏移不同（lea    -0xc(%ebp),%eax | lea    -0x20(%ebp),%eax）；栈局部偏移不同（lea    -0xc(%ebp),%eax | lea    -0x1c(%ebp),%edx））；立即数/常量差异 1 处（立即数不同（sub    $0x20,%esp | sub    $0x30,%esp））；其余指令差异 6 处（操作数差异（mov    %ecx,0x4(%esp) | mov    %eax,-0xc(%ebp)）；操作数差异（mov    0x8(%ebp),%eax | mov    -0x10(%ebp),%eax））","--- ORIG（伪代码化）
+++ OURS（伪代码化）
@@ -1,72 +1,78 @@
 push   %ebp
 mov    %esp,%ebp
 push   %esi
 push   %ebx
-sub    $0x20,%esp
+sub    $0x30,%esp
 mov    0xc(%ebp),%eax
 mov    %eax,(%esp)
 call   <T> <_ZN5CPeer12GetTcpSocketEv>",2026-08-11
_ZN13CTcpNetSystem10SendPacketEv,CTcpNetSystem::SendPacket(),codegen_diff,"寄存器分配差异 4 处（寄存器分配差异（movzwl %ax,%esi | movzwl %ax,%edx）；寄存器分配差异（movzwl (%eax),%eax | movzwl (%eax),%eax））；等价指令形态差异 17 处（等价指令形态差异（push vs sub）；等价指令形态差异（lea vs add））；栈帧/局部布局差异 14 处（栈局部偏移不同（mov    %eax,-0x2c(%ebp) | mov    -0x24(%ebp),%eax）；栈局部偏移不同（lea    -0x50(%ebp),%eax | lea    -0x30(%ebp),%eax））；基本块布局差异 2 处（函数内跳转偏移不同（jmp    <T> <_ZN13CTcpNetSystem10SendPacketEv+0x1ad> | jmp    <T> <_ZN13CTcpNetSystem10SendPacketEv+0x1a7>）；函数内跳转偏移不同（je     <T> <_ZN13CTcpNetSystem10SendPacketEv+0x22f> | je     <T> <_ZN13CTcpNetSystem10SendPacketEv+0x1af>））；其余指令差异 77 处（助记符不同（sub    $0x6c,%esp | mov    0x8(%ebp),%eax）；操作数差异（mov    0x8(%ebp),%eax | mov    %eax,-0x24(%ebp)））","--- ORIG（伪代码化）
+++ OURS（伪代码化）
@@ -1,207 +1,212 @@
 push   %ebp
 mov    %esp,%ebp
-push   %edi
 push   %esi
 push   %ebx
-sub    $0x6c,%esp
+sub    $0x60,%esp
+mov    0x8(%ebp),%eax
+add    $0xc0,%eax",2026-08-11
_ZN13CTcpNetSystem12WaitForEventEv,CTcpNetSystem::WaitForEvent(),caliber_issue,"立即数/常量差异 1 处（立即数不同（sub    $0x18,%esp | sub    $0x28,%esp））","--- ORIG（伪代码化）
+++ OURS（伪代码化）
@@ -1,9 +1,15 @@
 push   %ebp
 mov    %esp,%ebp
-sub    $0x18,%esp
+sub    $0x28,%esp
 mov    0x8(%ebp),%eax
 mov    (%eax),%eax
+mov    %eax,-0xc(%ebp)
+cmpl   $0x0,-0xc(%ebp)
+je     <T> <_ZN13CTcpNetSystem12WaitForEventEv+0x21>",2026-08-11
_ZN13CTcpNetSystem14OpenTcpServiceERiPKct,"CTcpNetSystem::OpenTcpService(int&, char const*, unsigned short)",other,"真实调用目标差异 1 处（调用目标不同（call   <T> <_ZN13CTcpNetSystem10DeletePeerEP5CPeer> | call   <T> <_ZN10CMyFileLogclEPKcS1_z>））；寄存器分配差异 1 处（寄存器分配差异（mov    %eax,(%esp) | mov    %eax,(%esp)））；等价指令形态差异 4 处（等价指令形态差异（mov vs lea）；等价指令形态差异（lea vs mov））；基本块布局差异 1 处（函数内跳转偏移不同（je     <T> <_ZN13CTcpNetSystem14OpenTcpServiceERiPKct+0x9b> | je     <T> <_ZN13CTcpNetSystem14OpenTcpServiceERiPKct+0xe6>））；其余指令差异 37 处（助记符不同（xor    $0x1,%eax | je     <T> <_ZN13CTcpNetSystem14OpenTcpServiceERiPKct+0x150>）；助记符不同（movl   $""tcpSock.open() Fail!"",(%esp) | jmp    <T> <_ZN13CTcpNetSystem14OpenTcpServiceERiPKct+0x1a9>））","--- ORIG（伪代码化）
+++ OURS（伪代码化）
@@ -1,114 +1,112 @@
 push   %ebp
 mov    %esp,%ebp
 push   %esi
 push   %ebx
 sub    $0x50,%esp
 mov    0x14(%ebp),%eax
 mov    %ax,-0x2c(%ebp)
 mov    0x8(%ebp),%eax
 mov    %eax,(%esp)",2026-08-11
_ZN13CTcpNetSystem17Get_TcpServerPortEv,CTcpNetSystem::Get_TcpServerPort(),codegen_diff,"等价指令形态差异 1 处（字节强转读取形态差（ORIG 直接偏移加载 movzwl 0x15c(%eax),%eax vs OURS add+加载））","--- ORIG（伪代码化）
+++ OURS（伪代码化）
@@ -1,6 +1,7 @@
 push   %ebp
 mov    %esp,%ebp
 mov    0x8(%ebp),%eax
-movzwl 0x15c(%eax),%eax
+add    $0x15c,%eax
+movzwl (%eax),%eax
 pop    %ebp
 ret",2026-08-11
_ZN13CTcpNetSystem18PushTcpSendPacketQEPc,CTcpNetSystem::PushTcpSendPacketQ(char*),codegen_diff,"等价指令形态差异 7 处（等价指令形态差异（push vs sub）；等价指令形态差异（lea vs mov））；栈帧/局部布局差异 1 处（栈局部偏移不同（lea    -0x2c(%ebp),%eax | lea    -0x14(%ebp),%eax））；其余指令差异 19 处（助记符不同（sub    $0x4c,%esp | lea    -0x14(%ebp),%eax）；助记符不同（mov    %eax,-0x1c(%ebp) | cmpl   $0xa,-0xc(%ebp)））","--- ORIG（伪代码化）
+++ OURS（伪代码化）
@@ -1,69 +1,69 @@
 push   %ebp
 mov    %esp,%ebp
-push   %edi
 push   %esi
 push   %ebx
-sub    $0x4c,%esp
+sub    $0x40,%esp
 mov    0x8(%ebp),%eax
 add    $0xe8,%eax",2026-08-11
_ZN13CTcpNetSystem19CleanTcpSendPacketQEv,CTcpNetSystem::CleanTcpSendPacketQ(),codegen_diff,"等价指令形态差异 6 处（等价指令形态差异（lea vs add）；等价指令形态差异（mov vs lea））；栈帧/局部布局差异 2 处（栈局部偏移不同（lea    -0x14(%ebp),%eax | lea    -0x18(%ebp),%eax）；栈局部偏移不同（lea    -0x14(%ebp),%eax | lea    -0x18(%ebp),%eax））；其余指令差异 22 处（操作数差异（mov    0x8(%ebp),%eax | mov    %eax,-0x10(%ebp)）；助记符不同（add    $0xc0,%eax | jmp    <T> <_ZN13CTcpNetSystem19CleanTcpSendPacketQEv+0x16>））","--- ORIG（伪代码化）
+++ OURS（伪代码化）
@@ -1,83 +1,83 @@
 push   %ebp
 mov    %esp,%ebp
 push   %esi
 push   %ebx
 sub    $0x30,%esp
 mov    0x8(%ebp),%eax
+add    $0xc0,%eax
+mov    %eax,-0x10(%ebp)
+jmp    <T> <_ZN13CTcpNetSystem19CleanTcpSendPacketQEv+0x16>",2026-08-11
_ZN13CTcpNetSystem21SetEpollAcceptedPeersEv,CTcpNetSystem::SetEpollAcceptedPeers(),codegen_diff,"寄存器分配差异 2 处（寄存器分配差异（mov    0x8(%ebp),%edx | mov    0x8(%ebp),%eax）；寄存器分配差异（mov    (%edx),%edx | mov    (%eax),%eax））；等价指令形态差异 4 处（等价指令形态差异（jne vs jmp）；等价指令形态差异（mov vs lea））；栈帧/局部布局差异 4 处（栈局部偏移不同（mov    %eax,-0x30(%ebp) | mov    -0x1c(%ebp),%eax）；栈局部偏移不同（mov    -0x30(%ebp),%eax | mov    -0x14(%ebp),%eax））；基本块布局差异 1 处（函数内跳转偏移不同（je     <T> <_ZN13CTcpNetSystem21SetEpollAcceptedPeersEv+0xd9> | je     <T> <_ZN13CTcpNetSystem21SetEpollAcceptedPeersEv+0xc6>））；其余指令差异 29 处（操作数差异（mov    %eax,(%esp) | mov    %eax,-0x24(%ebp)）；助记符不同（call   <T> <_ZNKSt5queueIP5CPeerSt5dequeIS1_SaIS1_EEE5emptyEv> | add    $0x144,%eax））","--- ORIG（伪代码化）
+++ OURS（伪代码化）
@@ -1,117 +1,92 @@
 push   %ebp
 mov    %esp,%ebp
 push   %esi
 push   %ebx
 sub    $0x40,%esp
 mov    0x8(%ebp),%eax
 add    $0x60,%eax
 mov    %eax,0x4(%esp)
 lea    -0x2c(%ebp),%eax",2026-08-11
_ZN13CTcpNetSystem21SetEpollConnectedPeerEP5CPeer,CTcpNetSystem::SetEpollConnectedPeer(CPeer*),caliber_issue,"寄存器分配差异 2 处（寄存器分配差异（mov    %ebx,0xc(%esp) | mov    %eax,0xc(%esp)）；寄存器分配差异（mov    %edx,0x8(%esp) | mov    %eax,0x8(%esp)））；等价指令形态差异 4 处（等价指令形态差异（mov vs lea）；等价指令形态差异（lea vs mov））；栈帧/局部布局差异 2 处（栈局部偏移不同（lea    -0x2c(%ebp),%eax | lea    -0x20(%ebp),%eax）；栈局部偏移不同（mov    -0xc(%ebp),%edx | mov    -0x10(%ebp),%eax））；立即数/常量差异 1 处（立即数不同（sub    $0x40,%esp | sub    $0x30,%esp））；其余指令差异 26 处（助记符不同（movl   $0x0,-0xc(%ebp) | mov    %eax,-0x18(%ebp)）；操作数差异（mov    0xc(%ebp),%ecx | mov    -0x18(%ebp),%eax））","--- ORIG（伪代码化）
+++ OURS（伪代码化）
@@ -1,91 +1,73 @@
 push   %ebp
 mov    %esp,%ebp
 push   %esi
 push   %ebx
-sub    $0x40,%esp
+sub    $0x30,%esp
 mov    0x8(%ebp),%eax
 add    $0x78,%eax
 mov    %eax,0x4(%esp)",2026-08-11
_ZN13CTcpNetSystem23PopDeleteTcpSendPacketQEP14CTcpSendBuffer,CTcpNetSystem::PopDeleteTcpSendPacketQ(CTcpSendBuffer*),other,"真实调用目标差异 1 处（调用目标不同（call   <T> <_ZN6CGuardI6CMutexED1Ev> | call   <T> <_ZN6CGuardI6CMutexED1Ev>））；异常处理/展开路径差异 1 处（异常处理运行时调用差异（call   <T> <_ZN14CTcpSendBufferdlEPv> | call   <T> <_Unwind_Resume>））；寄存器分配差异 1 处（寄存器分配差异（mov    %eax,(%esp) | mov    %eax,(%esp)））；等价指令形态差异 2 处（等价指令形态差异（lea vs mov）；等价指令形态差异（mov vs lea））；栈帧/局部布局差异 1 处（栈局部偏移不同（lea    -0xc(%ebp),%eax | lea    -0x14(%ebp),%eax））；其余指令差异 20 处（助记符不同（mov    %eax,0x4(%esp) | add    $0xc0,%eax）；操作数差异（mov    %eax,(%esp) | mov    0x8(%ebp),%eax））","--- ORIG（伪代码化）
+++ OURS（伪代码化）
@@ -1,55 +1,57 @@
 push   %ebp
 mov    %esp,%ebp
 push   %esi
 push   %ebx
 sub    $0x20,%esp
 mov    0x8(%ebp),%eax
+add    $0xc0,%eax
+mov    %eax,-0xc(%ebp)
+mov    0x8(%ebp),%eax",2026-08-11
_ZN13CTcpNetSystem4InitEt,CTcpNetSystem::Init(unsigned short),caliber_issue,"等价指令形态差异 2 处（等价指令形态差异（mov vs lea）；等价指令形态差异（mov vs lea））；栈帧/局部布局差异 1 处（栈局部偏移不同（mov    %ax,-0x1c(%ebp) | mov    %ax,-0x2c(%ebp)））；立即数/常量差异 1 处（立即数不同（sub    $0x2c,%esp | sub    $0x3c,%esp））；其余指令差异 22 处（助记符不同（movzwl -0x1c(%ebp),%edx | lea    0x15c(%eax),%edx）；助记符不同（mov    %dx,0x15c(%eax) | movzwl -0x2c(%ebp),%eax））","--- ORIG（伪代码化）
+++ OURS（伪代码化）
@@ -1,101 +1,103 @@
 push   %ebp
 mov    %esp,%ebp
 push   %edi
 push   %esi
 push   %ebx
-sub    $0x2c,%esp
+sub    $0x3c,%esp
 mov    0xc(%ebp),%eax
-mov    %ax,-0x1c(%ebp)",2026-08-11
_ZN13CTcpNetSystem7GetPeerEj,CTcpNetSystem::GetPeer(unsigned int),codegen_diff,"寄存器分配差异 1 处（寄存器分配差异（lea    -0x10(%ebp),%eax | lea    -0x10(%ebp),%eax））；等价指令形态差异 5 处（等价指令形态差异（lea vs add）；等价指令形态差异（lea vs mov））；栈帧/局部布局差异 1 处（栈局部偏移不同（lea    -0xc(%ebp),%eax | lea    -0x10(%ebp),%eax））；其余指令差异 6 处（操作数差异（mov    0x8(%ebp),%eax | mov    -0xc(%ebp),%edx）；助记符不同（call   <T> <_ZNKSt17_Rb_tree_iteratorISt4pairIKjP5CPeerEEneERKS5_> | lea    -0x14(%ebp),%eax））","--- ORIG（伪代码化）
+++ OURS（伪代码化）
@@ -1,34 +1,35 @@
 push   %ebp
 mov    %esp,%ebp
 sub    $0x28,%esp
 mov    0x8(%ebp),%eax
-lea    0x144(%eax),%ecx
-lea    -0x10(%ebp),%eax
+add    $0x144,%eax
+mov    %eax,-0xc(%ebp)
+lea    -0x14(%ebp),%eax",2026-08-11
_ZN13CTcpNetSystemC1Ev,CTcpNetSystem::CTcpNetSystem(),other,"真实调用目标差异 1 处（调用目标不同（call   <T> <_ZN6CMutexC1Ev> | call   <T> <_ZdlPvS_>））；异常处理/展开路径差异 1 处（异常处理运行时调用差异（call   <T> <_ZN6CMutexD1Ev> | call   <T> <_Unwind_Resume>））；寄存器分配差异 13 处（寄存器分配差异（mov    0x8(%ebp),%eax | mov    0x8(%ebp),%eax）；寄存器分配差异（mov    %eax,(%esp) | mov    %ebx,(%esp)））；等价指令形态差异 15 处（等价指令形态差异（sub vs push）；等价指令形态差异（add vs lea））；其余指令差异 99 处（助记符不同（movl   $0x0,0x4(%eax) | sub    $0x9c,%esp）；助记符不同（mov    0x8(%ebp),%eax | add    $0x4,%eax））","--- ORIG（伪代码化）
+++ OURS（伪代码化）
@@ -1,168 +1,273 @@
 push   %ebp
 mov    %esp,%ebp
+push   %edi
 push   %esi
 push   %ebx
-sub    $0x60,%esp
+sub    $0x9c,%esp
 mov    0x8(%ebp),%eax
 movl   $0x0,(%eax)",2026-08-11
_ZN13CTcpNetSystemC2Ev,CTcpNetSystem::CTcpNetSystem(),other,"真实调用目标差异 1 处（调用目标不同（call   <T> <_ZN6CMutexC1Ev> | call   <T> <_ZdlPvS_>））；异常处理/展开路径差异 1 处（异常处理运行时调用差异（call   <T> <_ZN6CMutexD1Ev> | call   <T> <_Unwind_Resume>））；寄存器分配差异 13 处（寄存器分配差异（mov    0x8(%ebp),%eax | mov    0x8(%ebp),%eax）；寄存器分配差异（mov    %eax,(%esp) | mov    %ebx,(%esp)））；等价指令形态差异 15 处（等价指令形态差异（sub vs push）；等价指令形态差异（add vs lea））；其余指令差异 99 处（助记符不同（movl   $0x0,0x4(%eax) | sub    $0x9c,%esp）；助记符不同（mov    0x8(%ebp),%eax | add    $0x4,%eax））","--- ORIG（伪代码化）
+++ OURS（伪代码化）
@@ -1,168 +1,273 @@
 push   %ebp
 mov    %esp,%ebp
+push   %edi
 push   %esi
 push   %ebx
-sub    $0x60,%esp
+sub    $0x9c,%esp
 mov    0x8(%ebp),%eax
 movl   $0x0,(%eax)",2026-08-11
_ZN13CTcpNetSystemD1Ev,CTcpNetSystem::~CTcpNetSystem(),caliber_issue,"等价指令形态差异 4 处（等价指令形态差异（push vs sub）；字节强转读取形态差（ORIG 直接偏移加载 mov    0x118(%eax),%eax vs OURS add+加载））；基本块布局差异 1 处（函数内跳转偏移不同（je     <T> <_ZN13CTcpNetSystemD1Ev+0x35> | je     <T> <_ZN13CTcpNetSystemD1Ev+0x36>））；立即数/常量差异 1 处（立即数不同（add    $0xc,%eax | add    $0x4,%eax））；其余指令差异 37 处（助记符不同（sub    $0x10,%esp | je     <T> <_ZN13CTcpNetSystemD1Ev+0x36>）；助记符不同（je     <T> <_ZN13CTcpNetSystemD1Ev+0x3e> | mov    (%eax),%eax））","--- ORIG（伪代码化）
+++ OURS（伪代码化）
@@ -1,210 +1,114 @@
 push   %ebp
 mov    %esp,%ebp
-push   %esi
 push   %ebx
-sub    $0x10,%esp
+sub    $0x14,%esp
 mov    0x8(%ebp),%eax
 mov    %eax,(%esp)
 call   <T> <_ZN13CTcpNetSystem10CleanPeersEv>",2026-08-11
_ZN13CTcpNetSystemD2Ev,CTcpNetSystem::~CTcpNetSystem(),caliber_issue,"等价指令形态差异 4 处（等价指令形态差异（push vs sub）；字节强转读取形态差（ORIG 直接偏移加载 mov    0x118(%eax),%eax vs OURS add+加载））；基本块布局差异 1 处（函数内跳转偏移不同（je     <T> <_ZN13CTcpNetSystemD1Ev+0x35> | je     <T> <_ZN13CTcpNetSystemD1Ev+0x36>））；立即数/常量差异 1 处（立即数不同（add    $0xc,%eax | add    $0x4,%eax））；其余指令差异 37 处（助记符不同（sub    $0x10,%esp | je     <T> <_ZN13CTcpNetSystemD1Ev+0x36>）；助记符不同（je     <T> <_ZN13CTcpNetSystemD1Ev+0x3e> | mov    (%eax),%eax））","--- ORIG（伪代码化）
+++ OURS（伪代码化）
@@ -1,210 +1,114 @@
 push   %ebp
 mov    %esp,%ebp
-push   %esi
 push   %ebx
-sub    $0x10,%esp
+sub    $0x14,%esp
 mov    0x8(%ebp),%eax
 mov    %eax,(%esp)
 call   <T> <_ZN13CTcpNetSystem10CleanPeersEv>",2026-08-11
_ZN13STGuildDBInfoC1Ev,STGuildDBInfo::STGuildDBInfo(),caliber_issue,"立即数/常量差异 1 处（立即数不同（sub    $0x10,%esp | sub    $0x20,%esp））；其余指令差异 1 处（助记符不同（add    $0x10,%esp | mov    0x8(%ebp),%eax））","--- ORIG（伪代码化）
+++ OURS（伪代码化）
@@ -1,26 +1,49 @@
 push   %ebp
 mov    %esp,%ebp
 push   %esi
 push   %ebx
-sub    $0x10,%esp
+sub    $0x20,%esp
 mov    0x8(%ebp),%eax
 mov    %eax,(%esp)
 call   <T> <_ZN17STGuildDBInfoOnlyC1Ev>",2026-08-11
_ZN13STGuildDBInfoC2Ev,STGuildDBInfo::STGuildDBInfo(),caliber_issue,"立即数/常量差异 1 处（立即数不同（sub    $0x10,%esp | sub    $0x20,%esp））；其余指令差异 1 处（助记符不同（add    $0x10,%esp | mov    0x8(%ebp),%eax））","--- ORIG（伪代码化）
+++ OURS（伪代码化）
@@ -1,26 +1,49 @@
 push   %ebp
 mov    %esp,%ebp
 push   %esi
 push   %ebx
-sub    $0x10,%esp
+sub    $0x20,%esp
 mov    0x8(%ebp),%eax
 mov    %eax,(%esp)
 call   <T> <_ZN17STGuildDBInfoOnlyC1Ev>",2026-08-11
_ZN13ST_ServerInfoC1Ev,ST_ServerInfo::ST_ServerInfo(),other,"其余指令差异 4 处（助记符不同（add    $0x4,%eax | mov    0x8(%ebp),%eax）；助记符不同（mov    %eax,(%esp) | add    $0x4,%eax））","--- ORIG（伪代码化）
+++ OURS（伪代码化）
@@ -1,17 +1,17 @@
 push   %ebp
 mov    %esp,%ebp
 sub    $0x18,%esp
+mov    0x8(%ebp),%eax
+add    $0x4,%eax
+mov    %eax,(%esp)
+call   <T> <_ZNSsC1Ev>
 mov    0x8(%ebp),%eax
 movb   $0x0,(%eax)",2026-08-11
_ZN13ST_ServerInfoC2Ev,ST_ServerInfo::ST_ServerInfo(),other,"其余指令差异 4 处（助记符不同（add    $0x4,%eax | mov    0x8(%ebp),%eax）；助记符不同（mov    %eax,(%esp) | add    $0x4,%eax））","--- ORIG（伪代码化）
+++ OURS（伪代码化）
@@ -1,17 +1,17 @@
 push   %ebp
 mov    %esp,%ebp
 sub    $0x18,%esp
+mov    0x8(%ebp),%eax
+add    $0x4,%eax
+mov    %eax,(%esp)
+call   <T> <_ZNSsC1Ev>
 mov    0x8(%ebp),%eax
 movb   $0x0,(%eax)",2026-08-11
_ZN13np_server_xml10CServerXml9StrPunishEiPKcNS_12_eStringTypeE,"np_server_xml::CServerXml::StrPunish(int, char const*, np_server_xml::_eStringType)",template_macro,源码未定位：第 3 节未能在候选源文件/对象中定位该函数定义（模板头文件、宏生成函数或 typedef 参数形态），无法从源码侧修复；共 81 组指令差异。,"--- ORIG（伪代码化）
+++ OURS（伪代码化）
@@ -1,191 +1,192 @@
 push   %ebp
 mov    %esp,%ebp
 push   %esi
 push   %ebx
 sub    $0x60,%esp
 cmpl   $0x0,0x10(%ebp)
-je     <T> <_ZN13np_server_xml10CServerXml9StrPunishEiPKcNS_12_eStringTypeE+0x25a>
+je     <T> <_ZN13np_server_xml10CServerXml9StrPunishEiPKcNS_12_eStringTypeE+0x264>
 lea    -0x51(%ebp),%eax",2026-08-11
_ZN13np_server_xml10CServerXmlC1Ev,np_server_xml::CServerXml::CServerXml(),codegen_diff,"寄存器分配差异 2 处（寄存器分配差异（mov    %edx,%ebx | mov    %eax,%ebx）；寄存器分配差异（mov    %eax,%esi | mov    %ebx,%eax））；等价指令形态差异 1 处（等价指令形态差异（sub vs push））；其余指令差异 17 处（助记符不同（mov    0x8(%ebp),%eax | sub    $0x2c,%esp）；助记符不同（add    $0x8,%eax | movl   $0x5,0x8(%esp)））","--- ORIG（伪代码化）
+++ OURS（伪代码化）
@@ -1,93 +1,133 @@
 push   %ebp
 mov    %esp,%ebp
+push   %edi
 push   %esi
 push   %ebx
-sub    $0x10,%esp
-mov    0x8(%ebp),%eax
-add    $0x8,%eax
-mov    %eax,(%esp)",2026-08-11
_ZN13np_server_xml10CServerXmlC2Ev,np_server_xml::CServerXml::CServerXml(),codegen_diff,"寄存器分配差异 2 处（寄存器分配差异（mov    %edx,%ebx | mov    %eax,%ebx）；寄存器分配差异（mov    %eax,%esi | mov    %ebx,%eax））；等价指令形态差异 1 处（等价指令形态差异（sub vs push））；其余指令差异 17 处（助记符不同（mov    0x8(%ebp),%eax | sub    $0x2c,%esp）；助记符不同（add    $0x8,%eax | movl   $0x5,0x8(%esp)））","--- ORIG（伪代码化）
+++ OURS（伪代码化）
@@ -1,93 +1,133 @@
 push   %ebp
 mov    %esp,%ebp
+push   %edi
 push   %esi
 push   %ebx
-sub    $0x10,%esp
-mov    0x8(%ebp),%eax
-add    $0x8,%eax
-mov    %eax,(%esp)",2026-08-11
_ZN13np_server_xml10CServerXmlD1Ev,np_server_xml::CServerXml::~CServerXml(),other,"其余指令差异 25 处（助记符不同（jmp    <T> <_ZN13np_server_xml10CServerXmlD1Ev+0x2f> | mov    0x8(%ebp),%eax）；助记符不同（jmp    <T> <_ZN13np_server_xml10CServerXmlD1Ev+0x41> | add    $0xa0,%eax））","--- ORIG（伪代码化）
+++ OURS（伪代码化）
@@ -1,98 +1,112 @@
 push   %ebp
 mov    %esp,%ebp
 push   %esi
 push   %ebx
 sub    $0x10,%esp
 mov    0x8(%ebp),%eax
 mov    %eax,(%esp)
 call   <T> <_ZN13np_server_xml10CServerXml10InitStringEv>
-jmp    <T> <_ZN13np_server_xml10CServerXmlD1Ev+0x2f>",2026-08-11
_ZN13np_server_xml10CServerXmlD2Ev,np_server_xml::CServerXml::~CServerXml(),other,"其余指令差异 25 处（助记符不同（jmp    <T> <_ZN13np_server_xml10CServerXmlD1Ev+0x2f> | mov    0x8(%ebp),%eax）；助记符不同（jmp    <T> <_ZN13np_server_xml10CServerXmlD1Ev+0x41> | add    $0xa0,%eax））","--- ORIG（伪代码化）
+++ OURS（伪代码化）
@@ -1,98 +1,112 @@
 push   %ebp
 mov    %esp,%ebp
 push   %esi
 push   %ebx
 sub    $0x10,%esp
 mov    0x8(%ebp),%eax
 mov    %eax,(%esp)
 call   <T> <_ZN13np_server_xml10CServerXml10InitStringEv>
-jmp    <T> <_ZN13np_server_xml10CServerXmlD1Ev+0x2f>",2026-08-11
_ZN14CFileLogWriter11writeRawLogEPKcS1_z,"CFileLogWriter::writeRawLog(char const*, char const*, ...)",codegen_diff,"等价指令形态差异 5 处（等价指令形态差异（je vs jmp）；等价指令形态差异（jmp vs je））；基本块布局差异 12 处（函数内跳转偏移不同（jmp    <T> <_ZN14CFileLogWriter11writeRawLogEPKcS1_z+0x3be> | jmp    <T> <_ZN14CFileLogWriter11writeRawLogEPKcS1_z+0x3de>）；函数内跳转偏移不同（je     <T> <_ZN14CFileLogWriter11writeRawLogEPKcS1_z+0x15a> | je     <T> <_ZN14CFileLogWriter11writeRawLogEPKcS1_z+0x15f>））；其余指令差异 10 处（助记符不同（jmp    <T> <_ZN14CFileLogWriter11writeRawLogEPKcS1_z+0x3b1> | mov    $0x0,%ebx）；助记符不同（jmp    <T> <_ZN14CFileLogWriter11writeRawLogEPKcS1_z+0x3be> | mov    $0x1,%ebx））","--- ORIG（伪代码化）
+++ OURS（伪代码化）
@@ -1,303 +1,305 @@
 push   %ebp
 mov    %esp,%ebp
 push   %edi
 push   %esi
 push   %ebx
 sub    $0x2dc,%esp
 mov    0x8(%ebp),%eax
 add    $0x1c,%eax
 mov    %eax,0x4(%esp)",2026-08-11
_ZN14CFileLogWriter8writeLogEPKcS1_z,"CFileLogWriter::writeLog(char const*, char const*, ...)",codegen_diff,"等价指令形态差异 5 处（等价指令形态差异（je vs jmp）；等价指令形态差异（jmp vs je））；基本块布局差异 12 处（函数内跳转偏移不同（jmp    <T> <_ZN14CFileLogWriter8writeLogEPKcS1_z+0x3cc> | jmp    <T> <_ZN14CFileLogWriter8writeLogEPKcS1_z+0x3ec>）；函数内跳转偏移不同（je     <T> <_ZN14CFileLogWriter8writeLogEPKcS1_z+0x161> | je     <T> <_ZN14CFileLogWriter8writeLogEPKcS1_z+0x166>））；其余指令差异 10 处（助记符不同（jmp    <T> <_ZN14CFileLogWriter8writeLogEPKcS1_z+0x3bf> | mov    $0x0,%ebx）；助记符不同（jmp    <T> <_ZN14CFileLogWriter8writeLogEPKcS1_z+0x3cc> | mov    $0x1,%ebx））","--- ORIG（伪代码化）
+++ OURS（伪代码化）
@@ -1,307 +1,309 @@
 push   %ebp
 mov    %esp,%ebp
 push   %edi
 push   %esi
 push   %ebx
 sub    $0x2dc,%esp
 mov    0x8(%ebp),%eax
 add    $0x1c,%eax
 mov    %eax,0x4(%esp)",2026-08-11
_ZN14CKillUSRConfig11Clear_TableEv,CKillUSRConfig::Clear_Table(),codegen_diff,"STL 模板实例化差异（GCC 4.1 ORIG vs GCC 4.4 重建的 libstdc++：const_iterator 转换、operator->/operator*、operator!=/operator== 等） 1 处（STL 调用差异（call   <T> <_ZNSt6vectorIP16ST_KillUSRConfigSaIS1_EE5beginEv> | call   <T> <_ZNK9__gnu_cxx17__normal_iteratorIPP16ST_KillUSRConfigSt6vectorIS2_SaIS2_EEEdeEv>））；寄存器分配差异 1 处（寄存器分配差异（mov    %eax,(%esp) | mov    %eax,(%esp)））；等价指令形态差异 4 处（等价指令形态差异（mov vs lea）；等价指令形态差异（mov vs lea））；栈帧/局部布局差异 1 处（栈局部偏移不同（lea    -0x14(%ebp),%eax | lea    -0xc(%ebp),%eax））；基本块布局差异 1 处（函数内跳转偏移不同（je     <T> <_ZN14CKillUSRConfig11Clear_TableEv+0xa2> | je     <T> <_ZN14CKillUSRConfig11Clear_TableEv+0x91>））；其余指令差异 13 处（助记符不同（mov    0x8(%ebp),%eax | call   <T> <_ZNSt6vectorIP16ST_KillUSRConfigSaIS1_EE5beginEv>）；助记符不同（lea    0x4(%eax),%edx | sub    $0x4,%esp））","--- ORIG（伪代码化）
+++ OURS（伪代码化）
@@ -1,50 +1,47 @@
 push   %ebp
 mov    %esp,%ebp
 sub    $0x28,%esp
 mov    0x8(%ebp),%eax
 add    $0x4,%eax
 mov    %eax,(%esp)
 call   <T> <_ZNKSt6vectorIP16ST_KillUSRConfigSaIS1_EE5emptyEv>
 xor    $0x1,%eax
 test   %al,%al",2026-08-11
_ZN14CKillUSRConfig11Parse_TableEPci,"CKillUSRConfig::Parse_Table(char*, int)",codegen_diff,"等价指令形态差异 1 处（等价指令形态差异（jmp vs je））；基本块布局差异 1 处（函数内跳转偏移不同（jmp    <T> <_ZN14CKillUSRConfig11Parse_TableEPci+0xe5> | jmp    <T> <_ZN14CKillUSRConfig11Parse_TableEPci+0x100>））；其余指令差异 7 处（助记符不同（cmp    $0x4,%eax | movl   $0x0,-0x1c(%ebp)）；助记符不同（sete   %al | movl   $0x0,-0x18(%ebp)））","--- ORIG（伪代码化）
+++ OURS（伪代码化）
@@ -1,71 +1,74 @@
 push   %ebp
 mov    %esp,%ebp
 push   %ebx
 sub    $0x34,%esp
 mov    0xc(%ebp),%eax
 movzbl (%eax),%eax
 cmp    $0x23,%al
 jne    <T> <_ZN14CKillUSRConfig11Parse_TableEPci+0x1b>
 mov    $0x0,%eax",2026-08-11
_ZN14CManagerServer10InitializeEv,CManagerServer::Initialize(),codegen_diff,共 6 组指令差异,"--- ORIG（伪代码化）
+++ OURS（伪代码化）
@@ -1,14 +1,8 @@
 push   %ebp
 mov    %esp,%ebp
 sub    $0x18,%esp
 mov    0x8(%ebp),%eax
 mov    %eax,(%esp)
 call   <T> <_ZN16CServerInterface10InitializeEv>
-xor    $0x1,%eax
-test   %al,%al
-je     <T> <_ZN14CManagerServer10InitializeEv+0x1f>",2026-08-11
_ZN14CManagerServer13SendHeartBeatEi,CManagerServer::SendHeartBeat(int),caliber_issue,"等价指令形态差异 1 处（等价指令形态差异（mov vs lea））；栈帧/局部布局差异 1 处（栈局部偏移不同（lea    -0x23(%ebp),%eax | lea    -0x29(%ebp),%eax））；基本块布局差异 1 处（函数内跳转偏移不同（je     <T> <_ZN14CManagerServer13SendHeartBeatEi+0x7a> | je     <T> <_ZN14CManagerServer13SendHeartBeatEi+0x7f>））；立即数/常量差异 1 处（立即数不同（sub    $0x3c,%esp | sub    $0x4c,%esp））；其余指令差异 2 处（操作数差异（lea    -0x23(%ebp),%ebx | lea    0xa(%eax),%edx）；助记符不同（add    $0x3c,%esp | mov    %al,(%edx)））","--- ORIG（伪代码化）
+++ OURS（伪代码化）
@@ -1,44 +1,46 @@
 push   %ebp
 mov    %esp,%ebp
 push   %edi
 push   %esi
 push   %ebx
-sub    $0x3c,%esp
+sub    $0x4c,%esp
 mov    0x8(%ebp),%eax
 mov    %eax,(%esp)",2026-08-11
_ZN14CManagerServer7DestroyEv,CManagerServer::Destroy(),codegen_diff,共 6 组指令差异,"--- ORIG（伪代码化）
+++ OURS（伪代码化）
@@ -1,14 +1,8 @@
 push   %ebp
 mov    %esp,%ebp
 sub    $0x18,%esp
 mov    0x8(%ebp),%eax
 mov    %eax,(%esp)
 call   <T> <_ZN16CServerInterface7DestroyEv>
-xor    $0x1,%eax
-test   %al,%al
-je     <T> <_ZN14CManagerServer7DestroyEv+0x1f>",2026-08-11
_ZN14CMonitorServer10InitializeEv,CMonitorServer::Initialize(),codegen_diff,共 6 组指令差异,"--- ORIG（伪代码化）
+++ OURS（伪代码化）
@@ -1,14 +1,8 @@
 push   %ebp
 mov    %esp,%ebp
 sub    $0x18,%esp
 mov    0x8(%ebp),%eax
 mov    %eax,(%esp)
 call   <T> <_ZN16CServerInterface10InitializeEv>
-xor    $0x1,%eax
-test   %al,%al
-je     <T> <_ZN14CMonitorServer10InitializeEv+0x1f>",2026-08-11
_ZN14CMonitorServer13SendHeartBeatEi,CMonitorServer::SendHeartBeat(int),caliber_issue,"等价指令形态差异 1 处（等价指令形态差异（mov vs lea））；栈帧/局部布局差异 1 处（栈局部偏移不同（lea    -0x23(%ebp),%eax | lea    -0x29(%ebp),%eax））；基本块布局差异 1 处（函数内跳转偏移不同（je     <T> <_ZN14CMonitorServer13SendHeartBeatEi+0x7a> | je     <T> <_ZN14CMonitorServer13SendHeartBeatEi+0x7f>））；立即数/常量差异 1 处（立即数不同（sub    $0x3c,%esp | sub    $0x4c,%esp））；其余指令差异 2 处（操作数差异（lea    -0x23(%ebp),%ebx | lea    0xa(%eax),%edx）；助记符不同（add    $0x3c,%esp | mov    %al,(%edx)））","--- ORIG（伪代码化）
+++ OURS（伪代码化）
@@ -1,44 +1,46 @@
 push   %ebp
 mov    %esp,%ebp
 push   %edi
 push   %esi
 push   %ebx
-sub    $0x3c,%esp
+sub    $0x4c,%esp
 mov    0x8(%ebp),%eax
 mov    %eax,(%esp)",2026-08-11
_ZN14CMonitorServer7DestroyEv,CMonitorServer::Destroy(),codegen_diff,共 6 组指令差异,"--- ORIG（伪代码化）
+++ OURS（伪代码化）
@@ -1,14 +1,8 @@
 push   %ebp
 mov    %esp,%ebp
 sub    $0x18,%esp
 mov    0x8(%ebp),%eax
 mov    %eax,(%esp)
 call   <T> <_ZN16CServerInterface7DestroyEv>
-xor    $0x1,%eax
-test   %al,%al
-je     <T> <_ZN14CMonitorServer7DestroyEv+0x1f>",2026-08-11
_ZN14CPacketCounterILi1000ELi10240EE12AfterProcessEi,"CPacketCounter<1000, 10240>::AfterProcess(int)",caliber_issue,"寄存器分配差异 1 处（寄存器分配差异（mov    0x8(%ebp),%eax | mov    0x8(%ebp),%eax））；等价指令形态差异 9 处（等价指令形态差异（lea vs add）；等价指令形态差异（lea vs add））；基本块布局差异 1 处（函数内跳转偏移不同（ja     <T> <_ZN14CPacketCounterILi1000ELi10240EE12AfterProcessEi+0x116> | ja     <T> <_ZN14CPacketCounterILi1000ELi10240EE12AfterProcessEi+0xf2>））；立即数/常量差异 1 处（立即数不同（add    $0x5138,%edx | add    $0x4d50,%eax））；其余指令差异 40 处（助记符不同（push   %ebx | jg     <T> <_ZN14CPacketCounterILi1000ELi10240EE12AfterProcessEi+0xf2>）；助记符不同（jg     <T> <_ZN14CPacketCounterILi1000ELi10240EE12AfterProcessEi+0x110> | jle    <T> <_ZN14CPacketCounterILi1000ELi10240EE12AfterProcessEi+0xf2>））","--- ORIG（伪代码化）
+++ OURS（伪代码化）
@@ -1,83 +1,74 @@
 push   %ebp
 mov    %esp,%ebp
-push   %ebx
 sub    $0x10,%esp
 cmpl   $0x27ff,0xc(%ebp)
-jg     <T> <_ZN14CPacketCounterILi1000ELi10240EE12AfterProcessEi+0x110>
+jg     <T> <_ZN14CPacketCounterILi1000ELi10240EE12AfterProcessEi+0xf2>
 cmpl   $0x3e7,0xc(%ebp)
-jle    <T> <_ZN14CPacketCounterILi1000ELi10240EE12AfterProcessEi+0x113>",2026-08-11
_ZN14CPacketCounterILi1000ELi10240EE13BeforeProcessEv,"CPacketCounter<1000, 10240>::BeforeProcess()",codegen_diff,"等价指令形态差异 1 处（等价指令形态差异（mov vs lea））；其余指令差异 6 处（操作数差异（mov    %edx,0x9068(%eax) | mov    (%eax),%eax）；操作数差异（mov    0x9068(%eax),%eax | mov    %eax,(%edx)））","--- ORIG（伪代码化）
+++ OURS（伪代码化）
@@ -1,16 +1,17 @@
 push   %ebp
 mov    %esp,%ebp
 mov    0x8(%ebp),%eax
-mov    (%eax),%edx
+lea    0x9068(%eax),%edx
 mov    0x8(%ebp),%eax
-mov    %edx,0x9068(%eax)
+mov    (%eax),%eax
+mov    %eax,(%edx)",2026-08-11
_ZN14CPacketCounterILi1000ELi10240EE20IncrementPacketCountEi,"CPacketCounter<1000, 10240>::IncrementPacketCount(int)",codegen_diff,"基本块布局差异 2 处（函数内跳转偏移不同（jg     <T> <_ZN14CPacketCounterILi1000ELi10240EE20IncrementPacketCountEi+0x56> | jg     <T> <_ZN14CPacketCounterILi1000ELi10240EE20IncrementPacketCountEi+0x64>）；函数内跳转偏移不同（jle    <T> <_ZN14CPacketCounterILi1000ELi10240EE20IncrementPacketCountEi+0x59> | jle    <T> <_ZN14CPacketCounterILi1000ELi10240EE20IncrementPacketCountEi+0x64>））；其余指令差异 18 处（助记符不同（xor    $0x1,%eax | cmp    $0x1,%al）；助记符不同（test   %al,%al | mov    0xc(%ebp),%edx））","--- ORIG（伪代码化）
+++ OURS（伪代码化）
@@ -1,32 +1,33 @@
 push   %ebp
 mov    %esp,%ebp
 cmpl   $0x27ff,0xc(%ebp)
-jg     <T> <_ZN14CPacketCounterILi1000ELi10240EE20IncrementPacketCountEi+0x56>
+jg     <T> <_ZN14CPacketCounterILi1000ELi10240EE20IncrementPacketCountEi+0x64>
 cmpl   $0x3e7,0xc(%ebp)
-jle    <T> <_ZN14CPacketCounterILi1000ELi10240EE20IncrementPacketCountEi+0x59>
+jle    <T> <_ZN14CPacketCounterILi1000ELi10240EE20IncrementPacketCountEi+0x64>
 mov    0x8(%ebp),%eax",2026-08-11
_ZN14CPacketCounterILi1000ELi10240EE5ResetEv,"CPacketCounter<1000, 10240>::Reset()",caliber_issue,"立即数/常量差异 2 处（立即数不同（sub    $0x10,%esp | sub    $0x18,%esp）；立即数不同（movl   $0x0,-0x4(%ebp) | movl   $0x1d644,0x8(%esp)））；其余指令差异 3 处（助记符不同（jmp    <T> <_ZN14CPacketCounterILi1000ELi10240EE5ResetEv+0x56> | movl   $0x0,0x4(%esp)）；操作数差异（mov    -0x4(%ebp),%edx | mov    %eax,(%esp)））","--- ORIG（伪代码化）
+++ OURS（伪代码化）
@@ -1,30 +1,10 @@
 push   %ebp
 mov    %esp,%ebp
-sub    $0x10,%esp
-movl   $0x0,-0x4(%ebp)
-jmp    <T> <_ZN14CPacketCounterILi1000ELi10240EE5ResetEv+0x56>
-mov    -0x4(%ebp),%edx
+sub    $0x18,%esp
 mov    0x8(%ebp),%eax
-movl   $0x0,0x8(%eax,%edx,4)",2026-08-11
_ZN14CPacketCounterILi1000ELi10240EEC1EPcS1_,"CPacketCounter<1000, 10240>::CPacketCounter(char*, char*)",codegen_diff,"等价指令形态差异 2 处（等价指令形态差异（sub vs push）；等价指令形态差异（mov vs lea））；其余指令差异 12 处（助记符不同（mov    0x8(%ebp),%edx | sub    $0x14,%esp）；操作数差异（mov    %eax,0x4(%edx) | mov    0x8(%ebp),%eax））","--- ORIG（伪代码化）
+++ OURS（伪代码化）
@@ -1,33 +1,38 @@
 push   %ebp
 mov    %esp,%ebp
-sub    $0x18,%esp
+push   %ebx
+sub    $0x14,%esp
 mov    0x8(%ebp),%eax
 mov    %eax,(%esp)
 call   <T> <_ZN14CPacketCounterILi1000ELi10240EE5ResetEv>
+mov    0x8(%ebp),%eax",2026-08-11
_ZN14CPacketCounterILi1000ELi10240EEC2EPcS1_,"CPacketCounter<1000, 10240>::CPacketCounter(char*, char*)",codegen_diff,"等价指令形态差异 2 处（等价指令形态差异（sub vs push）；等价指令形态差异（mov vs lea））；其余指令差异 12 处（助记符不同（mov    0x8(%ebp),%edx | sub    $0x14,%esp）；操作数差异（mov    %eax,0x4(%edx) | mov    0x8(%ebp),%eax））","--- ORIG（伪代码化）
+++ OURS（伪代码化）
@@ -1,33 +1,38 @@
 push   %ebp
 mov    %esp,%ebp
-sub    $0x18,%esp
+push   %ebx
+sub    $0x14,%esp
 mov    0x8(%ebp),%eax
 mov    %eax,(%esp)
 call   <T> <_ZN14CPacketCounterILi1000ELi10240EE5ResetEv>
+mov    0x8(%ebp),%eax",2026-08-11
_ZN14CPacketDecoder10TcpProcessEv,CPacketDecoder::TcpProcess(),caliber_issue,"异常处理/展开路径差异 2 处（异常处理运行时调用差异（call   <T> <_ZNSsD1Ev> | call   <T> <_ZSt9terminatev>）；异常处理运行时调用差异（call   <T> <_ZNKSt5queueIP14CTcpRecvBufferSt5dequeIS1_SaIS1_EEE5emptyEv> | call   <T> <_Unwind_Resume>））；寄存器分配差异 5 处（寄存器分配差异（mov    0x8(%ebp),%eax | mov    0x8(%ebp),%eax）；寄存器分配差异（mov    0x8(%ebp),%eax | mov    0x8(%ebp),%eax））；等价指令形态差异 21 处（字节强转读取形态差（ORIG 直接偏移加载 mov    0xc(%eax),%eax vs OURS add+加载）；等价指令形态差异（lea vs mov））；栈帧/局部布局差异 5 处（栈局部偏移不同（lea    -0x34(%ebp),%eax | lea    -0x3d(%ebp),%eax）；栈局部偏移不同（lea    -0x34(%ebp),%esi | lea    -0x3d(%ebp),%eax））；基本块布局差异 1 处（函数内跳转偏移不同（jmp    <T> <_ZN14CPacketDecoder10TcpProcessEv+0x28c> | jmp    <T> <_ZN14CPacketDecoder10TcpProcessEv+0x273>））；立即数/常量差异 1 处（立即数不同（sub    $0x4c,%esp | sub    $0x5c,%esp））；其余指令差异 106 处（助记符不同（je     <T> <_ZN14CPacketDecoder10TcpProcessEv+0x21> | mov    (%eax),%eax）；助记符不同（mov    0x8(%ebp),%eax | je     <T> <_ZN14CPacketDecoder10TcpProcessEv+0x25>））","--- ORIG（伪代码化）
+++ OURS（伪代码化）
@@ -1,242 +1,254 @@
 push   %ebp
 mov    %esp,%ebp
 push   %edi
 push   %esi
 push   %ebx
-sub    $0x4c,%esp
-mov    0x8(%ebp),%eax
-mov    0xc(%eax),%eax
+sub    $0x5c,%esp",2026-08-11
_ZN14CPacketDecoder10UdpProcessEv,CPacketDecoder::UdpProcess(),other,"真实调用目标差异 2 处（调用目标不同（call   <T> <_ZN14CPacketDecoder9MsgDecodeEP12PacketHeader> | call   <T> <_Z23CAppLoadCheckerInstancev>）；调用目标不同（call   <T> <_ZN6CGuardI6CMutexED1Ev> | call   <T> <_ZN14CPacketDecoder9MsgDecodeEP12PacketHeader>））；异常处理/展开路径差异 3 处（异常处理运行时调用差异（call   <T> <_ZSt9terminatev> | call   <T> <_ZNSsD1Ev>）；异常处理运行时调用差异（call   <T> <_ZSt9terminatev> | call   <T> <_ZNSsD1Ev>））；STL 模板实例化差异（GCC 4.1 ORIG vs GCC 4.4 重建的 libstdc++：const_iterator 转换、operator->/operator*、operator!=/operator== 等） 1 处（STL 调用差异（call   <T> <_ZN15CAppLoadChecker13CheckUdpRecvQEi> | call   <T> <_ZNKSt5queueIP14CUdpRecvBufferSt5dequeIS1_SaIS1_EEE4sizeEv>））；寄存器分配差异 8 处（寄存器分配差异（mov    0x8(%ebp),%eax | mov    0x8(%ebp),%eax）；寄存器分配差异（mov    %ebx,%edx | mov    %esi,%eax））；等价指令形态差异 18 处（字节强转读取形态差（ORIG 直接偏移加载 mov    0x4(%eax),%eax vs OURS add+加载）；等价指令形态差异（mov vs lea））；栈帧/局部布局差异 10 处（栈局部偏移不同（lea    -0x2d(%ebp),%eax | lea    -0x3d(%ebp),%eax）；栈局部偏移不同（lea    -0x34(%ebp),%eax | lea    -0x3d(%ebp),%eax））；基本块布局差异 3 处（函数内跳转偏移不同（je     <T> <_ZN14CPacketDecoder10UdpProcessEv+0x20> | je     <T> <_ZN14CPacketDecoder10UdpProcessEv+0x22>）；函数内跳转偏移不同（jmp    <T> <_ZN14CPacketDecoder10UdpProcessEv+0x26b> | jmp    <T> <_ZN14CPacketDecoder10UdpProcessEv+0x273>））；立即数/常量差异 1 处（立即数不同（sub    $0x4c,%esp | sub    $0x5c,%esp））；其余指令差异 93 处（助记符不同（jne    <T> <_ZN14CPacketDecoder10UdpProcessEv+0xec> | mov    (%eax),%eax）；助记符不同（lea    -0x2d(%ebp),%eax | jne    <T> <_ZN14CPacketDecoder10UdpProcessEv+0xee>））","--- ORIG（伪代码化）
+++ OURS（伪代码化）
@@ -1,242 +1,252 @@
 push   %ebp
 mov    %esp,%ebp
 push   %edi
 push   %esi
 push   %ebx
-sub    $0x4c,%esp
+sub    $0x5c,%esp
 mov    0x8(%ebp),%eax
 mov    (%eax),%eax",2026-08-11
_ZN14CPacketDecoder6AttachEP12CApplication,CPacketDecoder::Attach(CApplication*),codegen_diff,"寄存器分配差异 1 处（寄存器分配差异（mov    %eax,(%esp) | mov    %eax,(%ebx)））；等价指令形态差异 3 处（等价指令形态差异（sub vs push）；等价指令形态差异（mov vs lea））；其余指令差异 25 处（助记符不同（je     <T> <_ZN14CPacketDecoder6AttachEP12CApplication+0xa6> | sub    $0x24,%esp）；助记符不同（mov    0x8(%ebp),%edx | je     <T> <_ZN14CPacketDecoder6AttachEP12CApplication+0xdf>））","--- ORIG（伪代码化）
+++ OURS（伪代码化）
@@ -1,50 +1,74 @@
 push   %ebp
 mov    %esp,%ebp
-sub    $0x18,%esp
+push   %ebx
+sub    $0x24,%esp
 cmpl   $0x0,0xc(%ebp)
-je     <T> <_ZN14CPacketDecoder6AttachEP12CApplication+0xa6>
+je     <T> <_ZN14CPacketDecoder6AttachEP12CApplication+0xdf>
+mov    0x8(%ebp),%eax",2026-08-11
_ZN14CPacketDecoder9MsgDecodeEP12PacketHeader,CPacketDecoder::MsgDecode(PacketHeader*),other,"真实调用目标差异 1 处（调用目标不同（call   <T> <_ZN14CPacketCounterILi1000ELi10240EE12AfterProcessEi> | call   <T> <_ZN14CPacketCounterILi1000ELi10240EE12AfterProcessEi>））；寄存器分配差异 1 处（寄存器分配差异（mov    %eax,0x4(%esp) | mov    %eax,0x4(%esp)））；等价指令形态差异 2 处（等价指令形态差异（jmp vs jne）；等价指令形态差异（mov vs lea））；基本块布局差异 1 处（函数内跳转偏移不同（jmp    <T> <_ZN14CPacketDecoder9MsgDecodeEP12PacketHeader+0x1f0> | jmp    <T> <_ZN14CPacketDecoder9MsgDecodeEP12PacketHeader+0x1ce>））；立即数/常量差异 1 处（立即数不同（sub    $0x2c,%esp | sub    $0x3c,%esp））；匿名数据指针差异 2 处（匿名数据指针差异（movl   $&_ZGVZN14CPacketDecoder9MsgDecodeEP12PacketHeaderE14packet_counter,(%esp) | movl   $&data#193a0d28(.data),0x8(%esp)）；匿名数据指针差异（movl   $&data#b8e3732b(.rodata),0x8(%esp) | movl   $&_ZZN14CPacketDecoder9MsgDecodeEP12PacketHeaderE16g_decoderCounter,0x4(%esp)））；其余指令差异 55 处（助记符不同（cmp    $0x27ff,%ax | mov    %ax,-0x1e(%ebp)）；助记符不同（ja     <T> <_ZN14CPacketDecoder9MsgDecodeEP12PacketHeader+0x18f> | cmpw   $0x27ff,-0x1e(%ebp)））","--- ORIG（伪代码化）
+++ OURS（伪代码化）
@@ -1,128 +1,114 @@
 push   %ebp
 mov    %esp,%ebp
 push   %edi
 push   %esi
 push   %ebx
-sub    $0x2c,%esp
+sub    $0x3c,%esp
 cmpl   $0x0,0xc(%ebp)
 jne    <T> <_ZN14CPacketDecoder9MsgDecodeEP12PacketHeader+0x19>",2026-08-11
_ZN14CPacketDecoderC1Ev,CPacketDecoder::CPacketDecoder(),caliber_issue,"寄存器分配差异 1 处（寄存器分配差异（movl   $0x0,0x4(%eax) | movl   $0x0,0x4(%esp)））；立即数/常量差异 2 处（立即数不同（sub    $0x10,%esp | sub    $0x28,%esp）；立即数不同（movl   $0x0,(%eax) | movl   $0x3ec0,0x8(%esp)））；其余指令差异 15 处（操作数差异（mov    0x8(%ebp),%eax | mov    %eax,(%esp)）；助记符不同（movl   $0x0,0x8(%eax) | call   <T> <memset>））","--- ORIG（伪代码化）
+++ OURS（伪代码化）
@@ -1,250 +1,25 @@
 push   %ebp
 mov    %esp,%ebp
-sub    $0x10,%esp
+sub    $0x28,%esp
 mov    0x8(%ebp),%eax
-movl   $0x0,(%eax)
+movl   $0x3ec0,0x8(%esp)
+movl   $0x0,0x4(%esp)
+mov    %eax,(%esp)",2026-08-11
_ZN14CPacketDecoderC2Ev,CPacketDecoder::CPacketDecoder(),caliber_issue,"寄存器分配差异 1 处（寄存器分配差异（movl   $0x0,0x4(%eax) | movl   $0x0,0x4(%esp)））；立即数/常量差异 2 处（立即数不同（sub    $0x10,%esp | sub    $0x28,%esp）；立即数不同（movl   $0x0,(%eax) | movl   $0x3ec0,0x8(%esp)））；其余指令差异 15 处（操作数差异（mov    0x8(%ebp),%eax | mov    %eax,(%esp)）；助记符不同（movl   $0x0,0x8(%eax) | call   <T> <memset>））","--- ORIG（伪代码化）
+++ OURS（伪代码化）
@@ -1,250 +1,25 @@
 push   %ebp
 mov    %esp,%ebp
-sub    $0x10,%esp
+sub    $0x28,%esp
 mov    0x8(%ebp),%eax
-movl   $0x0,(%eax)
+movl   $0x3ec0,0x8(%esp)
+movl   $0x0,0x4(%esp)
+mov    %eax,(%esp)",2026-08-11
_ZN14CPacketDecoderD1Ev,CPacketDecoder::~CPacketDecoder(),codegen_diff,共 4 组指令差异,"--- ORIG（伪代码化）
+++ OURS（伪代码化）
@@ -1,8 +1,4 @@
 push   %ebp
 mov    %esp,%ebp
-mov    0x8(%ebp),%eax
-movl   $0x0,(%eax)
-mov    0x8(%ebp),%eax
-movl   $0x0,0x4(%eax)
 pop    %ebp
 ret",2026-08-11
_ZN14CPacketDecoderD2Ev,CPacketDecoder::~CPacketDecoder(),codegen_diff,共 4 组指令差异,"--- ORIG（伪代码化）
+++ OURS（伪代码化）
@@ -1,8 +1,4 @@
 push   %ebp
 mov    %esp,%ebp
-mov    0x8(%ebp),%eax
-movl   $0x0,(%eax)
-mov    0x8(%ebp),%eax
-movl   $0x0,0x4(%eax)
 pop    %ebp
 ret",2026-08-11
_ZN14CServerHandler10QueryGuildEjj,"CServerHandler::QueryGuild(unsigned int, unsigned int)",codegen_diff,"等价指令形态差异 3 处（等价指令形态差异（sub vs push）；等价指令形态差异（mov vs lea））；其余指令差异 2 处（助记符不同（mov    %al,-0x11(%ebp) | sub    $0x34,%esp）；助记符不同（leave | mov    %al,(%ebx)））","--- ORIG（伪代码化）
+++ OURS（伪代码化）
@@ -1,23 +1,32 @@
 push   %ebp
 mov    %esp,%ebp
-sub    $0x38,%esp
+push   %ebx
+sub    $0x34,%esp
 lea    -0x1b(%ebp),%eax
 mov    %eax,(%esp)
 call   <T> <_ZN21Packet_DB_Query_GuildC1Ev>
+lea    -0x1b(%ebp),%eax",2026-08-11
_ZN14CServerHandler13SendToManagerEP12PacketHeader,CServerHandler::SendToManager(PacketHeader*),codegen_diff,"等价指令形态差异 1 处（字节强转读取形态差（ORIG 直接偏移加载 movzwl 0x2(%eax),%eax vs OURS add+加载））","--- ORIG（伪代码化）
+++ OURS（伪代码化）
@@ -1,15 +1,16 @@
 push   %ebp
 mov    %esp,%ebp
 sub    $0x18,%esp
 mov    0xc(%ebp),%eax
-movzwl 0x2(%eax),%eax
+add    $0x2,%eax
+movzwl (%eax),%eax
 movzwl %ax,%ecx
 mov    0xc(%ebp),%edx",2026-08-11
_ZN14CServerHandler14ResetHeartBeatEh,CServerHandler::ResetHeartBeat(unsigned char),codegen_diff,"寄存器分配差异 2 处（寄存器分配差异（mov    %eax,0x4(%esp) | mov    %eax,0x4(%esp)）；寄存器分配差异（movzbl -0x2c(%ebp),%ebx | movzbl -0x2c(%ebp),%eax））；等价指令形态差异 7 处（等价指令形态差异（push vs sub）；等价指令形态差异（mov vs lea））；栈帧/局部布局差异 3 处（栈局部偏移不同（lea    -0x20(%ebp),%eax | lea    -0x14(%ebp),%ecx）；栈局部偏移不同（lea    -0x1c(%ebp),%ecx | lea    -0x10(%ebp),%eax））；基本块布局差异 1 处（函数内跳转偏移不同（je     <T> <_ZN14CServerHandler14ResetHeartBeatEh+0x88> | je     <T> <_ZN14CServerHandler14ResetHeartBeatEh+0x87>））；其余指令差异 5 处（助记符不同（sub    $0x44,%esp | mov    %eax,-0x14(%ebp)）；助记符不同（lea    -0x20(%ebp),%eax | je     <T> <_ZN14CServerHandler14ResetHeartBeatEh+0x9d>））","--- ORIG（伪代码化）
+++ OURS（伪代码化）
@@ -1,65 +1,63 @@
 push   %ebp
 mov    %esp,%ebp
-push   %ebx
-sub    $0x44,%esp
+sub    $0x48,%esp
 mov    0xc(%ebp),%eax
 mov    %al,-0x2c(%ebp)
 movzbl -0x2c(%ebp),%eax
-mov    %eax,-0x1c(%ebp)",2026-08-11
_ZN14CServerHandler14SetConnectFlagEhb,"CServerHandler::SetConnectFlag(unsigned char, bool)",codegen_diff,"寄存器分配差异 1 处（寄存器分配差异（mov    %ebx,0xc(%esp) | mov    %eax,0xc(%esp)））；等价指令形态差异 2 处（等价指令形态差异（mov vs lea）；等价指令形态差异（lea vs mov））；栈帧/局部布局差异 6 处（栈局部偏移不同（mov    %eax,-0x18(%ebp) | mov    %eax,-0x10(%ebp)）；栈局部偏移不同（lea    -0x1c(%ebp),%eax | lea    -0x14(%ebp),%eax））；其余指令差异 2 处（助记符不同（movzbl -0x2c(%ebp),%ebx | lea    -0x1c(%ebp),%eax）；助记符不同（lea    -0x10(%ebp),%eax | movzbl -0x2c(%ebp),%eax））","--- ORIG（伪代码化）
+++ OURS（伪代码化）
@@ -1,55 +1,55 @@
 push   %ebp
 mov    %esp,%ebp
 push   %ebx
 sub    $0x44,%esp
 mov    0xc(%ebp),%edx
 mov    0x10(%ebp),%eax
 mov    %dl,-0x2c(%ebp)
 mov    %al,-0x30(%ebp)
 movzbl -0x2c(%ebp),%eax",2026-08-11
_ZN14CServerHandler16GetServerGroupNoEv,CServerHandler::GetServerGroupNo(),codegen_diff,共 6 组指令差异,"--- ORIG（伪代码化）
+++ OURS（伪代码化）
@@ -1,9 +1,15 @@
 push   %ebp
 mov    %esp,%ebp
 sub    $0x18,%esp
 mov    0x8(%ebp),%eax
 mov    0x3c(%eax),%eax
+test   %eax,%eax
+je     <T> <_ZN14CServerHandler16GetServerGroupNoEv+0x20>
+mov    0x8(%ebp),%eax
+mov    0x3c(%eax),%eax",2026-08-11
_ZN14CServerHandler16GetTcpGameServerEj,CServerHandler::GetTcpGameServer(unsigned int),codegen_diff,"STL 模板实例化差异（GCC 4.1 ORIG vs GCC 4.4 重建的 libstdc++：const_iterator 转换、operator->/operator*、operator!=/operator== 等） 1 处（STL 调用差异（call   <T> <_ZNKSt17_Rb_tree_iteratorISt4pairIKjP14CTcpGameServerEEneERKS5_> | call   <T> <_ZNKSt17_Rb_tree_iteratorISt4pairIKjP14CTcpGameServerEEeqERKS5_>））；基本块布局差异 1 处（函数内跳转偏移不同（je     <T> <_ZN14CServerHandler16GetTcpGameServerEj+0x63> | je     <T> <_ZN14CServerHandler16GetTcpGameServerEj+0x5a>））；其余指令差异 2 处（助记符不同（jmp    <T> <_ZN14CServerHandler16GetTcpGameServerEj+0x68> | mov    $0x0,%eax）；助记符不同（mov    $0x0,%eax | jmp    <T> <_ZN14CServerHandler16GetTcpGameServerEj+0x68>））","--- ORIG（伪代码化）
+++ OURS（伪代码化）
@@ -1,34 +1,34 @@
 push   %ebp
 mov    %esp,%ebp
 sub    $0x28,%esp
 mov    0x8(%ebp),%eax
 lea    0x24(%eax),%ecx
 lea    -0x10(%ebp),%eax
 lea    0xc(%ebp),%edx
 mov    %edx,0x8(%esp)
 mov    %ecx,0x4(%esp)",2026-08-11
_ZN14CServerHandler16QueryGuildMemberEhj,"CServerHandler::QueryGuildMember(unsigned char, unsigned int)",codegen_diff,等价指令形态差异 2 处（等价指令形态差异（mov vs lea）；等价指令形态差异（mov vs lea））,"--- ORIG（伪代码化）
+++ OURS（伪代码化）
@@ -1,21 +1,25 @@
 push   %ebp
 mov    %esp,%ebp
 sub    $0x38,%esp
 mov    0xc(%ebp),%eax
 mov    %al,-0x1c(%ebp)
 lea    -0x17(%ebp),%eax
 mov    %eax,(%esp)
 call   <T> <_ZN28Packet_DB_Query_Guild_MemberC1Ev>
+lea    -0x17(%ebp),%eax",2026-08-11
_ZN14CServerHandler16RegistGameServerEP12stServerInfo,CServerHandler::RegistGameServer(stServerInfo*),caliber_issue,"寄存器分配差异 1 处（寄存器分配差异（mov    (%eax),%edx | mov    (%eax),%eax））；等价指令形态差异 3 处（等价指令形态差异（lea vs mov）；等价指令形态差异（mov vs movzbl））；栈帧/局部布局差异 11 处（栈局部偏移不同（mov    %eax,-0x30(%ebp) | mov    %eax,-0x3c(%ebp)）；栈局部偏移不同（lea    -0x34(%ebp),%eax | lea    -0x40(%ebp),%eax））；基本块布局差异 1 处（函数内跳转偏移不同（jmp    <T> <_ZN14CServerHandler16RegistGameServerEP12stServerInfo+0xf1> | jmp    <T> <_ZN14CServerHandler16RegistGameServerEP12stServerInfo+0x110>））；立即数/常量差异 1 处（立即数不同（sub    $0x3c,%esp | sub    $0x4c,%esp））；其余指令差异 5 处（助记符不同（call   *%edx | mov    %edx,(%esp)）；助记符不同（mov    0xc(%ebp),%eax | call   *%eax））","--- ORIG（伪代码化）
+++ OURS（伪代码化）
@@ -1,82 +1,91 @@
 push   %ebp
 mov    %esp,%ebp
 push   %edi
 push   %esi
 push   %ebx
-sub    $0x3c,%esp
+sub    $0x4c,%esp
 mov    0xc(%ebp),%eax
 movzbl 0x1(%eax),%eax",2026-08-11
_ZN14CServerHandler16SendToGameServerEhP12PacketHeader,"CServerHandler::SendToGameServer(unsigned char, PacketHeader*)",codegen_diff,"等价指令形态差异 1 处（字节强转读取形态差（ORIG 直接偏移加载 movzwl 0x2(%eax),%eax vs OURS add+加载））；基本块布局差异 1 处（函数内跳转偏移不同（je     <T> <_ZN14CServerHandler16SendToGameServerEhP12PacketHeader+0x48> | je     <T> <_ZN14CServerHandler16SendToGameServerEhP12PacketHeader+0x4a>））","--- ORIG（伪代码化）
+++ OURS（伪代码化）
@@ -1,24 +1,25 @@
 push   %ebp
 mov    %esp,%ebp
 sub    $0x38,%esp
 mov    0xc(%ebp),%eax
 mov    %al,-0x1c(%ebp)
 movzbl -0x1c(%ebp),%eax
 mov    %eax,0x4(%esp)
 mov    0x8(%ebp),%eax
 mov    %eax,(%esp)",2026-08-11
_ZN14CServerHandler16UnregistDBServerEv,CServerHandler::UnregistDBServer(),codegen_diff,基本块布局差异 1 处（函数内跳转偏移不同（je     <T> <_ZN14CServerHandler16UnregistDBServerEv+0x2b> | je     <T> <_ZN14CServerHandler16UnregistDBServerEv+0x35>））,"--- ORIG（伪代码化）
+++ OURS（伪代码化）
@@ -1,23 +1,23 @@
 push   %ebp
 mov    %esp,%ebp
 push   %ebx
 sub    $0x14,%esp
 mov    0x8(%ebp),%eax
 mov    0x18(%eax),%eax
 test   %eax,%eax
-je     <T> <_ZN14CServerHandler16UnregistDBServerEv+0x2b>
+je     <T> <_ZN14CServerHandler16UnregistDBServerEv+0x35>",2026-08-11
_ZN14CServerHandler18UnregistGameServerEj,CServerHandler::UnregistGameServer(unsigned int),caliber_issue,"等价指令形态差异 7 处（等价指令形态差异（mov vs lea）；等价指令形态差异（lea vs mov））；栈帧/局部布局差异 3 处（栈局部偏移不同（lea    -0x18(%ebp),%eax | lea    -0x14(%ebp),%eax）；栈局部偏移不同（lea    -0x14(%ebp),%eax | lea    -0x10(%ebp),%eax））；基本块布局差异 1 处（函数内跳转偏移不同（je     <T> <_ZN14CServerHandler18UnregistGameServerEj+0x77> | je     <T> <_ZN14CServerHandler18UnregistGameServerEj+0x7c>））；立即数/常量差异 1 处（立即数不同（sub    $0x24,%esp | sub    $0x34,%esp））；其余指令差异 5 处（助记符不同（je     <T> <_ZN14CServerHandler18UnregistGameServerEj+0x55> | jne    <T> <_ZN14CServerHandler18UnregistGameServerEj+0xcd>）；助记符不同（jmp    <T> <_ZN14CServerHandler18UnregistGameServerEj+0xcb> | mov    0x4(%eax),%eax））","--- ORIG（伪代码化）
+++ OURS（伪代码化）
@@ -1,58 +1,61 @@
 push   %ebp
 mov    %esp,%ebp
 push   %ebx
-sub    $0x24,%esp
+sub    $0x34,%esp
 mov    0x8(%ebp),%edx
-lea    -0x18(%ebp),%eax
+lea    -0x14(%ebp),%eax
 lea    0xc(%ebp),%ecx",2026-08-11
_ZN14CServerHandler19CreateTcpGameServerEj,CServerHandler::CreateTcpGameServer(unsigned int),codegen_diff,"栈帧/局部布局差异 5 处（栈局部偏移不同（mov    %eax,-0x34(%ebp) | mov    %eax,-0x2c(%ebp)）；栈局部偏移不同（mov    -0x34(%ebp),%edx | mov    -0x2c(%ebp),%edx））；其余指令差异 6 处（助记符不同（je     <T> <_ZN14CServerHandler19CreateTcpGameServerEj+0xbe> | xor    $0x1,%eax）；助记符不同（mov    -0x34(%ebp),%eax | je     <T> <_ZN14CServerHandler19CreateTcpGameServerEj+0xda>））","--- ORIG（伪代码化）
+++ OURS（伪代码化）
@@ -1,75 +1,75 @@
 push   %ebp
 mov    %esp,%ebp
 push   %edi
 push   %esi
 push   %ebx
 sub    $0x3c,%esp
 movl   $0xc,(%esp)
 call   <T> <_Znwj>
 mov    %eax,%ebx",2026-08-11
_ZN14CServerHandler19DeleteTcpGameServerEj,CServerHandler::DeleteTcpGameServer(unsigned int),caliber_issue,"STL 模板实例化差异（GCC 4.1 ORIG vs GCC 4.4 重建的 libstdc++：const_iterator 转换、operator->/operator*、operator!=/operator== 等） 1 处（STL 调用差异（call   <T> <_ZNKSt17_Rb_tree_iteratorISt4pairIKjP14CTcpGameServerEEneERKS5_> | call   <T> <_ZNKSt17_Rb_tree_iteratorISt4pairIKjP14CTcpGameServerEEeqERKS5_>））；寄存器分配差异 1 处（寄存器分配差异（mov    0x4(%eax),%ebx | mov    0x4(%eax),%eax））；等价指令形态差异 2 处（等价指令形态差异（mov vs lea）；等价指令形态差异（lea vs mov））；栈帧/局部布局差异 3 处（栈局部偏移不同（lea    -0x18(%ebp),%eax | lea    -0x14(%ebp),%eax）；栈局部偏移不同（lea    -0x14(%ebp),%eax | lea    -0x10(%ebp),%eax））；立即数/常量差异 1 处（立即数不同（sub    $0x24,%esp | sub    $0x34,%esp））；其余指令差异 9 处（助记符不同（je     <T> <_ZN14CServerHandler19DeleteTcpGameServerEj+0xc8> | jne    <T> <_ZN14CServerHandler19DeleteTcpGameServerEj+0xda>）；助记符不同（je     <T> <_ZN14CServerHandler19DeleteTcpGameServerEj+0x76> | mov    %eax,-0xc(%ebp)））","--- ORIG（伪代码化）
+++ OURS（伪代码化）
@@ -1,59 +1,64 @@
 push   %ebp
 mov    %esp,%ebp
 push   %ebx
-sub    $0x24,%esp
+sub    $0x34,%esp
 mov    0x8(%ebp),%eax
 lea    0x24(%eax),%ecx
-lea    -0x18(%ebp),%eax
+lea    -0x14(%ebp),%eax",2026-08-11
_ZN14CServerHandler19IsConnectedDBServerEv,CServerHandler::IsConnectedDBServer(),codegen_diff,"基本块布局差异 1 处（函数内跳转偏移不同（je     <T> <_ZN14CServerHandler19IsConnectedDBServerEv+0x20> | je     <T> <_ZN14CServerHandler19IsConnectedDBServerEv+0x29>））；其余指令差异 1 处（助记符不同（jmp    <T> <_ZN14CServerHandler19IsConnectedDBServerEv+0x25> | test   %al,%al））","--- ORIG（伪代码化）
+++ OURS（伪代码化）
@@ -1,15 +1,18 @@
 push   %ebp
 mov    %esp,%ebp
 sub    $0x18,%esp
 mov    0x8(%ebp),%eax
 mov    0x18(%eax),%eax
 test   %eax,%eax
-je     <T> <_ZN14CServerHandler19IsConnectedDBServerEv+0x20>
+je     <T> <_ZN14CServerHandler19IsConnectedDBServerEv+0x29>
 mov    0x8(%ebp),%eax",2026-08-11
_ZN14CServerHandler20SendAllTcpGameServerEP12PacketHeader,CServerHandler::SendAllTcpGameServer(PacketHeader*),codegen_diff,"寄存器分配差异 7 处（寄存器分配差异（mov    0xc(%ebp),%eax | mov    0xc(%ebp),%edx）；寄存器分配差异（lea    0xa(%eax),%edx | lea    0xa(%edx),%ecx））；等价指令形态差异 1 处（字节强转读取形态差（ORIG 直接偏移加载 movzwl 0x2(%eax),%eax vs OURS add+加载））；基本块布局差异 1 处（函数内跳转偏移不同（jne    <T> <_ZN14CServerHandler20SendAllTcpGameServerEP12PacketHeader+0x31> | jne    <T> <_ZN14CServerHandler20SendAllTcpGameServerEP12PacketHeader+0x23>））；其余指令差异 6 处（助记符不同（movl   $0x0,-0x10(%ebp) | jmp    <T> <_ZN14CServerHandler20SendAllTcpGameServerEP12PacketHeader+0xb6>）；助记符不同（movl   $0x0,-0xc(%ebp) | je     <T> <_ZN14CServerHandler20SendAllTcpGameServerEP12PacketHeader+0xab>））","--- ORIG（伪代码化）
+++ OURS（伪代码化）
@@ -1,72 +1,71 @@
 push   %ebp
 mov    %esp,%ebp
 sub    $0x28,%esp
-movl   $0x0,-0x10(%ebp)
-movl   $0x0,-0xc(%ebp)
 mov    0x8(%ebp),%eax
 lea    0x24(%eax),%edx
 lea    -0x18(%ebp),%eax
 mov    %edx,0x4(%esp)",2026-08-11
_ZN14CServerHandler20SendAllUdpGameServerEPci,"CServerHandler::SendAllUdpGameServer(char*, int)",codegen_diff,"等价指令形态差异 2 处（等价指令形态差异（lea vs mov）；等价指令形态差异（mov vs lea））；基本块布局差异 1 处（函数内跳转偏移不同（jmp    <T> <_ZN14CServerHandler20SendAllUdpGameServerEPci+0x78> | jmp    <T> <_ZN14CServerHandler20SendAllUdpGameServerEPci+0x61>））；其余指令差异 4 处（助记符不同（je     <T> <_ZN14CServerHandler20SendAllUdpGameServerEPci+0x5b> | mov    %eax,-0xc(%ebp)）；助记符不同（mov    %eax,(%esp) | je     <T> <_ZN14CServerHandler20SendAllUdpGameServerEPci+0x56>））","--- ORIG（伪代码化）
+++ OURS（伪代码化）
@@ -1,50 +1,45 @@
 push   %ebp
 mov    %esp,%ebp
 sub    $0x28,%esp
 mov    0x8(%ebp),%edx
 lea    -0x14(%ebp),%eax
 mov    %edx,0x4(%esp)
 mov    %eax,(%esp)
 call   <T> <_ZNSt3mapIjP11CGameServerSt4lessIjESaISt4pairIKjS1_EEE5beginEv>
 sub    $0x4,%esp",2026-08-11
_ZN14CServerHandler21IsConnectedGameServerEh,CServerHandler::IsConnectedGameServer(unsigned char),codegen_diff,"寄存器分配差异 2 处（寄存器分配差异（mov    %eax,0x4(%esp) | mov    %eax,0x4(%esp)）；寄存器分配差异（movzbl -0x2c(%ebp),%ebx | movzbl -0x2c(%ebp),%eax））；等价指令形态差异 4 处（等价指令形态差异（push vs sub）；等价指令形态差异（mov vs lea））；栈帧/局部布局差异 3 处（栈局部偏移不同（lea    -0x1c(%ebp),%eax | lea    -0x10(%ebp),%ecx）；栈局部偏移不同（lea    -0x18(%ebp),%ecx | lea    -0xc(%ebp),%eax））；其余指令差异 5 处（助记符不同（sub    $0x44,%esp | mov    %eax,-0x10(%ebp)）；助记符不同（lea    -0x1c(%ebp),%eax | je     <T> <_ZN14CServerHandler21IsConnectedGameServerEh+0x72>））","--- ORIG（伪代码化）
+++ OURS（伪代码化）
@@ -1,52 +1,50 @@
 push   %ebp
 mov    %esp,%ebp
-push   %ebx
-sub    $0x44,%esp
+sub    $0x48,%esp
 mov    0xc(%ebp),%eax
 mov    %al,-0x2c(%ebp)
 movzbl -0x2c(%ebp),%eax
-mov    %eax,-0x18(%ebp)",2026-08-11
_ZN14CServerHandler21UnregistManagerServerEv,CServerHandler::UnregistManagerServer(),codegen_diff,基本块布局差异 1 处（函数内跳转偏移不同（je     <T> <_ZN14CServerHandler21UnregistManagerServerEv+0x2b> | je     <T> <_ZN14CServerHandler21UnregistManagerServerEv+0x35>））,"--- ORIG（伪代码化）
+++ OURS（伪代码化）
@@ -1,23 +1,23 @@
 push   %ebp
 mov    %esp,%ebp
 push   %ebx
 sub    $0x14,%esp
 mov    0x8(%ebp),%eax
 mov    0x1c(%eax),%eax
 test   %eax,%eax
-je     <T> <_ZN14CServerHandler21UnregistManagerServerEv+0x2b>
+je     <T> <_ZN14CServerHandler21UnregistManagerServerEv+0x35>",2026-08-11
_ZN14CServerHandler21UnregistMonitorServerEv,CServerHandler::UnregistMonitorServer(),codegen_diff,基本块布局差异 1 处（函数内跳转偏移不同（je     <T> <_ZN14CServerHandler21UnregistMonitorServerEv+0x2b> | je     <T> <_ZN14CServerHandler21UnregistMonitorServerEv+0x35>））,"--- ORIG（伪代码化）
+++ OURS（伪代码化）
@@ -1,23 +1,23 @@
 push   %ebp
 mov    %esp,%ebp
 push   %ebx
 sub    $0x14,%esp
 mov    0x8(%ebp),%eax
 mov    0x20(%eax),%eax
 test   %eax,%eax
-je     <T> <_ZN14CServerHandler21UnregistMonitorServerEv+0x2b>
+je     <T> <_ZN14CServerHandler21UnregistMonitorServerEv+0x35>",2026-08-11
_ZN14CServerHandler22SendTcpGameServerFirstEP12PacketHeader,CServerHandler::SendTcpGameServerFirst(PacketHeader*),codegen_diff,"等价指令形态差异 3 处（字节强转读取形态差（ORIG 直接偏移加载 movzwl 0x2(%eax),%eax vs OURS add+加载）；等价指令形态差异（lea vs mov））；其余指令差异 12 处（助记符不同（jne    <T> <_ZN14CServerHandler22SendTcpGameServerFirstEP12PacketHeader+0xc8> | xor    $0x1,%eax）；助记符不同（movl   $0x0,-0x10(%ebp) | je     <T> <_ZN14CServerHandler22SendTcpGameServerFirstEP12PacketHeader+0xbf>））","--- ORIG（伪代码化）
+++ OURS（伪代码化）
@@ -1,63 +1,60 @@
 push   %ebp
 mov    %esp,%ebp
 sub    $0x28,%esp
 mov    0x8(%ebp),%eax
 add    $0x24,%eax
 mov    %eax,(%esp)
 call   <T> <_ZNKSt3mapIjP14CTcpGameServerSt4lessIjESaISt4pairIKjS1_EEE5emptyEv>
+xor    $0x1,%eax
 test   %al,%al",2026-08-11
_ZN14CServerHandler23SendDBMWConnectionCheckEv,CServerHandler::SendDBMWConnectionCheck(),other,"其余指令差异 2 处（助记符不同（movb   $0xcb,-0x9(%ebp) | lea    -0x13(%ebp),%eax）；助记符不同（movzwl -0x11(%ebp),%eax | add    $0xa,%eax））","--- ORIG（伪代码化）
+++ OURS（伪代码化）
@@ -1,18 +1,22 @@
 push   %ebp
 mov    %esp,%ebp
 sub    $0x28,%esp
 lea    -0x13(%ebp),%eax
 mov    %eax,(%esp)
 call   <T> <_ZN28Packet_DBMW_Connection_CheckC1Ev>
-movb   $0xcb,-0x9(%ebp)
-movzwl -0x11(%ebp),%eax
+lea    -0x13(%ebp),%eax",2026-08-11
_ZN14CServerHandler6AttachEP12CApplication,CServerHandler::Attach(CApplication*),codegen_diff,共 2 组指令差异,"--- ORIG（伪代码化）
+++ OURS（伪代码化）
@@ -1,9 +1,7 @@
 push   %ebp
 mov    %esp,%ebp
-cmpl   $0x0,0xc(%ebp)
-je     <T> <_ZN14CServerHandler6AttachEP12CApplication+0x12>
 mov    0x8(%ebp),%eax
 mov    0xc(%ebp),%edx
 mov    %edx,0x3c(%eax)
 pop    %ebp
 ret",2026-08-11
_ZN14CServerHandler7ProcessEv,CServerHandler::Process(),other,"真实调用目标差异 1 处（调用目标不同（call   <T> <_ZN12CTcpDBServer7GetPortEv> | call   <T> <_ZN12CTcpDBServer7GetPortEv>））；寄存器分配差异 8 处（寄存器分配差异（lea    0x1(%eax),%ecx | lea    0x1(%eax),%edx）；寄存器分配差异（mov    0x8(%ebp),%eax | mov    0x8(%ebp),%eax））；等价指令形态差异 14 处（等价指令形态差异（push vs sub）；等价指令形态差异（je vs jmp））；栈帧/局部布局差异 5 处（栈局部偏移不同（lea    -0x38(%ebp),%eax | lea    -0x28(%ebp),%eax）；栈局部偏移不同（mov    -0x1c(%ebp),%edx | mov    -0x14(%ebp),%eax））；基本块布局差异 5 处（函数内跳转偏移不同（je     <T> <_ZN14CServerHandler7ProcessEv+0x33> | je     <T> <_ZN14CServerHandler7ProcessEv+0x35>）；函数内跳转偏移不同（je     <T> <_ZN14CServerHandler7ProcessEv+0xf8> | je     <T> <_ZN14CServerHandler7ProcessEv+0xc4>））；立即数/常量差异 1 处（立即数不同（mov    $0x0,%eax | mov    $0x1,%eax））；其余指令差异 59 处（助记符不同（sub    $0x4c,%esp | movb   $0x0,-0x1d(%ebp)）；助记符不同（cmp    $0x3,%eax | mov    %eax,-0x18(%ebp)））","--- ORIG（伪代码化）
+++ OURS（伪代码化）
@@ -1,238 +1,230 @@
 push   %ebp
 mov    %esp,%ebp
-push   %edi
 push   %esi
 push   %ebx
-sub    $0x4c,%esp
+sub    $0x50,%esp
+movb   $0x0,-0x1d(%ebp)
 mov    0x8(%ebp),%eax",2026-08-11
_ZN14CServerHandler8SendToDBEP12PacketHeader,CServerHandler::SendToDB(PacketHeader*),codegen_diff,"等价指令形态差异 1 处（字节强转读取形态差（ORIG 直接偏移加载 movzwl 0x2(%eax),%eax vs OURS add+加载））","--- ORIG（伪代码化）
+++ OURS（伪代码化）
@@ -1,15 +1,16 @@
 push   %ebp
 mov    %esp,%ebp
 sub    $0x18,%esp
 mov    0xc(%ebp),%eax
-movzwl 0x2(%eax),%eax
+add    $0x2,%eax
+movzwl (%eax),%eax
 movzwl %ax,%ecx
 mov    0xc(%ebp),%edx",2026-08-11
_ZN14CServerHandlerC1Ev,CServerHandler::CServerHandler(),codegen_diff,"STL 模板实例化差异（GCC 4.1 ORIG vs GCC 4.4 重建的 libstdc++：const_iterator 转换、operator->/operator*、operator!=/operator== 等） 1 处（STL 调用差异（call   <T> <_ZNSt3mapIjP14CTcpGameServerSt4lessIjESaISt4pairIKjS1_EEEC1Ev> | call   <T> <_ZNSt3mapIjP14CTcpGameServerSt4lessIjESaISt4pairIKjS1_EEEC1Ev>））；寄存器分配差异 3 处（寄存器分配差异（add    $0x24,%eax | add    $0x24,%eax）；寄存器分配差异（mov    %eax,(%esp) | mov    %eax,(%esp)））；其余指令差异 4 处（助记符不同（mov    0x8(%ebp),%eax | add    $0x44,%eax）；助记符不同（add    $0x44,%eax | mov    %eax,(%esp)））","--- ORIG（伪代码化）
+++ OURS（伪代码化）
@@ -1,49 +1,49 @@
 push   %ebp
 mov    %esp,%ebp
 push   %esi
 push   %ebx
 sub    $0x10,%esp
 mov    0x8(%ebp),%eax
 mov    %eax,(%esp)
 call   <T> <_ZNSt3mapIjP11CGameServerSt4lessIjESaISt4pairIKjS1_EEEC1Ev>
 mov    0x8(%ebp),%eax",2026-08-11
_ZN14CServerHandlerC2Ev,CServerHandler::CServerHandler(),codegen_diff,"STL 模板实例化差异（GCC 4.1 ORIG vs GCC 4.4 重建的 libstdc++：const_iterator 转换、operator->/operator*、operator!=/operator== 等） 1 处（STL 调用差异（call   <T> <_ZNSt3mapIjP14CTcpGameServerSt4lessIjESaISt4pairIKjS1_EEEC1Ev> | call   <T> <_ZNSt3mapIjP14CTcpGameServerSt4lessIjESaISt4pairIKjS1_EEEC1Ev>））；寄存器分配差异 3 处（寄存器分配差异（add    $0x24,%eax | add    $0x24,%eax）；寄存器分配差异（mov    %eax,(%esp) | mov    %eax,(%esp)））；其余指令差异 4 处（助记符不同（mov    0x8(%ebp),%eax | add    $0x44,%eax）；助记符不同（add    $0x44,%eax | mov    %eax,(%esp)））","--- ORIG（伪代码化）
+++ OURS（伪代码化）
@@ -1,49 +1,49 @@
 push   %ebp
 mov    %esp,%ebp
 push   %esi
 push   %ebx
 sub    $0x10,%esp
 mov    0x8(%ebp),%eax
 mov    %eax,(%esp)
 call   <T> <_ZNSt3mapIjP11CGameServerSt4lessIjESaISt4pairIKjS1_EEEC1Ev>
 mov    0x8(%ebp),%eax",2026-08-11
_ZN14CServerHandlerD1Ev,CServerHandler::~CServerHandler(),codegen_diff,"基本块布局差异 1 处（函数内跳转偏移不同（je     <T> <_ZN14CServerHandlerD1Ev+0x4e> | je     <T> <_ZN14CServerHandlerD1Ev+0x36>））；其余指令差异 8 处（助记符不同（mov    0x8(%ebp),%eax | je     <T> <_ZN14CServerHandlerD1Ev+0x2c>）；助记符不同（mov    0x18(%eax),%eax | je     <T> <_ZN14CServerHandlerD1Ev+0x7e>））","--- ORIG（伪代码化）
+++ OURS（伪代码化）
@@ -1,97 +1,79 @@
 push   %ebp
 mov    %esp,%ebp
 push   %esi
 push   %ebx
 sub    $0x10,%esp
 mov    0x8(%ebp),%eax
 mov    0x18(%eax),%eax
 test   %eax,%eax
-je     <T> <_ZN14CServerHandlerD1Ev+0x4e>",2026-08-11
_ZN14CServerHandlerD2Ev,CServerHandler::~CServerHandler(),codegen_diff,"基本块布局差异 1 处（函数内跳转偏移不同（je     <T> <_ZN14CServerHandlerD1Ev+0x4e> | je     <T> <_ZN14CServerHandlerD1Ev+0x36>））；其余指令差异 8 处（助记符不同（mov    0x8(%ebp),%eax | je     <T> <_ZN14CServerHandlerD1Ev+0x2c>）；助记符不同（mov    0x18(%eax),%eax | je     <T> <_ZN14CServerHandlerD1Ev+0x7e>））","--- ORIG（伪代码化）
+++ OURS（伪代码化）
@@ -1,97 +1,79 @@
 push   %ebp
 mov    %esp,%ebp
 push   %esi
 push   %ebx
 sub    $0x10,%esp
 mov    0x8(%ebp),%eax
 mov    0x18(%eax),%eax
 test   %eax,%eax
-je     <T> <_ZN14CServerHandlerD1Ev+0x4e>",2026-08-11
_ZN14CTcpGameServer12SetChannelNoEh,CTcpGameServer::SetChannelNo(unsigned char),codegen_diff,"寄存器分配差异 1 处（寄存器分配差异（movzbl -0x4(%ebp),%edx | movzbl -0x4(%ebp),%edx））","--- ORIG（伪代码化）
+++ OURS（伪代码化）
@@ -1,10 +1,10 @@
 push   %ebp
 mov    %esp,%ebp
 sub    $0x4,%esp
 mov    0xc(%ebp),%eax
 mov    %al,-0x4(%ebp)
+movzbl -0x4(%ebp),%edx
 mov    0x8(%ebp),%eax
-movzbl -0x4(%ebp),%edx
 mov    %dl,0x8(%eax)",2026-08-11
_ZN14CTcpGameServer13IsValidServerEv,CTcpGameServer::IsValidServer(),other,其余指令差异 1 处（助记符不同（je     <T> <_ZN14CTcpGameServer13IsValidServerEv+0x1d> | setne  %al））,"--- ORIG（伪代码化）
+++ OURS（伪代码化）
@@ -1,15 +1,8 @@
 push   %ebp
 mov    %esp,%ebp
 mov    0x8(%ebp),%eax
 mov    (%eax),%eax
 test   %eax,%eax
-je     <T> <_ZN14CTcpGameServer13IsValidServerEv+0x1d>
-mov    0x8(%ebp),%eax
-mov    0x4(%eax),%eax
-test   %eax,%eax",2026-08-11
_ZN14CTcpGameServer16SendToGameServerEPc,CTcpGameServer::SendToGameServer(char*),codegen_diff,共 4 组指令差异,"--- ORIG（伪代码化）
+++ OURS（伪代码化）
@@ -1,11 +1,15 @@
 push   %ebp
 mov    %esp,%ebp
 sub    $0x18,%esp
+mov    0x8(%ebp),%eax
+mov    0x4(%eax),%eax
+test   %eax,%eax
+je     <T> <_ZN14CTcpGameServer16SendToGameServerEPc+0x25>
 mov    0x8(%ebp),%eax
 mov    0x4(%eax),%eax",2026-08-11
_ZN14CTcpGameServer16makePacketHeaderEtt,"CTcpGameServer::makePacketHeader(unsigned short, unsigned short)",codegen_diff,"等价指令形态差异 1 处（等价指令形态差异（mov vs lea））；其余指令差异 9 处（助记符不同（je     <T> <_ZN14CTcpGameServer16makePacketHeaderEtt+0x5a> | jne    <T> <_ZN14CTcpGameServer16makePacketHeaderEtt+0x25>）；操作数差异（mov    %eax,-0x10(%ebp) | mov    $0x0,%eax））","--- ORIG（伪代码化）
+++ OURS（伪代码化）
@@ -1,33 +1,33 @@
 push   %ebp
 mov    %esp,%ebp
 sub    $0x38,%esp
 mov    0xc(%ebp),%edx
 mov    0x10(%ebp),%eax
 mov    %dx,-0x1c(%ebp)
 mov    %ax,-0x20(%ebp)
 mov    0x8(%ebp),%eax
 mov    0x4(%eax),%eax",2026-08-11
_ZN15CPowerWarConfig11Parse_TableEPci,"CPowerWarConfig::Parse_Table(char*, int)",other,"真实调用目标差异 1 处（调用目标不同（call   <T> <atoi> | call   <T> <atoi>））；STL 模板实例化差异（GCC 4.1 ORIG vs GCC 4.4 重建的 libstdc++：const_iterator 转换、operator->/operator*、operator!=/operator== 等） 2 处（STL 调用差异（call   <T> <_ZNSt6vectorI22STPowerWarScheduleTimeSaIS0_EE9push_backERKS0_> | call   <T> <atoi>）；STL 调用差异（call   <T> <atoi> | call   <T> <_ZNSt6vectorI22STPowerWarScheduleTimeSaIS0_EE9push_backERKS0_>））；寄存器分配差异 3 处（寄存器分配差异（mov    %eax,(%esp) | mov    %eax,(%esp)）；寄存器分配差异（mov    %edx,(%esp) | mov    %eax,(%esp)））；等价指令形态差异 15 处（等价指令形态差异（mov vs lea）；等价指令形态差异（lea vs mov））；栈帧/局部布局差异 13 处（栈局部偏移不同（lea    -0x24(%ebp),%eax | lea    -0x1c(%ebp),%eax）；栈局部偏移不同（mov    %eax,-0x10(%ebp) | mov    %eax,-0xc(%ebp)））；基本块布局差异 2 处（函数内跳转偏移不同（jmp    <T> <_ZN15CPowerWarConfig11Parse_TableEPci+0x346> | jmp    <T> <_ZN15CPowerWarConfig11Parse_TableEPci+0x2fc>）；函数内跳转偏移不同（jne    <T> <_ZN15CPowerWarConfig11Parse_TableEPci+0x341> | jne    <T> <_ZN15CPowerWarConfig11Parse_TableEPci+0x2f7>））；立即数/常量差异 1 处（立即数不同（sub    $0x38,%esp | sub    $0x48,%esp））；匿名数据指针差异 1 处（匿名数据指针差异（mov    &data#99e5ff0e(.rodata)(%eax),%eax | mov    -0x18(%ebp),%eax））；其余指令差异 137 处（助记符不同（movb   $0x0,-0x9(%ebp) | ja     <T> <_ZN15CPowerWarConfig11Parse_TableEPci+0x2d6>）；助记符不同（ja     <T> <_ZN15CPowerWarConfig11Parse_TableEPci+0x320> | mov    &data#98dce95d(.rodata)(%eax),%eax））","--- ORIG（伪代码化）
+++ OURS（伪代码化）
@@ -1,243 +1,221 @@
 push   %ebp
 mov    %esp,%ebp
-sub    $0x38,%esp
+sub    $0x48,%esp
 mov    0xc(%ebp),%eax
 movzbl (%eax),%eax
 cmp    $0x23,%al
 jne    <T> <_ZN15CPowerWarConfig11Parse_TableEPci+0x1a>
 mov    $0x0,%eax",2026-08-11
_ZN15CPowerWarConfigD1Ev,CPowerWarConfig::~CPowerWarConfig(),other,"其余指令差异 4 处（助记符不同（jmp    <T> <_ZN15CPowerWarConfigD1Ev+0x36> | mov    0x8(%ebp),%eax）；助记符不同（jmp    <T> <_ZN15CPowerWarConfigD1Ev+0x46> | add    $0x4,%eax））","--- ORIG（伪代码化）
+++ OURS（伪代码化）
@@ -1,48 +1,52 @@
 push   %ebp
 mov    %esp,%ebp
 push   %esi
 push   %ebx
 sub    $0x10,%esp
 mov    0x8(%ebp),%eax
 movl   $&_ZTV15CPowerWarConfig+0x8,(%eax)
 mov    0x8(%ebp),%eax
 mov    %eax,(%esp)",2026-08-11
_ZN15CPowerWarConfigD2Ev,CPowerWarConfig::~CPowerWarConfig(),other,"其余指令差异 4 处（助记符不同（jmp    <T> <_ZN15CPowerWarConfigD1Ev+0x36> | mov    0x8(%ebp),%eax）；助记符不同（jmp    <T> <_ZN15CPowerWarConfigD1Ev+0x46> | add    $0x4,%eax））","--- ORIG（伪代码化）
+++ OURS（伪代码化）
@@ -1,48 +1,52 @@
 push   %ebp
 mov    %esp,%ebp
 push   %esi
 push   %ebx
 sub    $0x10,%esp
 mov    0x8(%ebp),%eax
 movl   $&_ZTV15CPowerWarConfig+0x8,(%eax)
 mov    0x8(%ebp),%eax
 mov    %eax,(%esp)",2026-08-11
_ZN15STGuildCallInfoC1Ev,STGuildCallInfo::STGuildCallInfo(),caliber_issue,"立即数/常量差异 2 处（立即数不同（movb   $0x0,0x4(%eax) | movb   $0x0,(%eax)）；立即数不同（movb   $0x0,0x5(%eax) | movb   $0x0,(%eax)））；其余指令差异 2 处（助记符不同（movl   $0x0,(%eax) | add    $0x4,%eax）；助记符不同（mov    0x8(%ebp),%eax | add    $0x5,%eax））","--- ORIG（伪代码化）
+++ OURS（伪代码化）
@@ -1,17 +1,17 @@
 push   %ebp
 mov    %esp,%ebp
 sub    $0x18,%esp
 mov    0x8(%ebp),%eax
-movl   $0x0,(%eax)
+add    $0x4,%eax
+movb   $0x0,(%eax)
 mov    0x8(%ebp),%eax
-movb   $0x0,0x4(%eax)",2026-08-11
_ZN15STGuildCallInfoC2Ev,STGuildCallInfo::STGuildCallInfo(),caliber_issue,"立即数/常量差异 2 处（立即数不同（movb   $0x0,0x4(%eax) | movb   $0x0,(%eax)）；立即数不同（movb   $0x0,0x5(%eax) | movb   $0x0,(%eax)））；其余指令差异 2 处（助记符不同（movl   $0x0,(%eax) | add    $0x4,%eax）；助记符不同（mov    0x8(%ebp),%eax | add    $0x5,%eax））","--- ORIG（伪代码化）
+++ OURS（伪代码化）
@@ -1,17 +1,17 @@
 push   %ebp
 mov    %esp,%ebp
 sub    $0x18,%esp
 mov    0x8(%ebp),%eax
-movl   $0x0,(%eax)
+add    $0x4,%eax
+movb   $0x0,(%eax)
 mov    0x8(%ebp),%eax
-movb   $0x0,0x4(%eax)",2026-08-11
_ZN15STGuildCargoLogC1Ev,STGuildCargoLog::STGuildCargoLog(),codegen_diff,"寄存器分配差异 1 处（寄存器分配差异（mov    0x8(%ebp),%eax | mov    0x8(%ebp),%eax））","--- ORIG（伪代码化）
+++ OURS（伪代码化）
@@ -1,10 +1,10 @@
 push   %ebp
 mov    %esp,%ebp
 sub    $0x18,%esp
+mov    0x8(%ebp),%eax
 movl   $0x30,0x8(%esp)
 movl   $0x0,0x4(%esp)
-mov    0x8(%ebp),%eax
 mov    %eax,(%esp)
 call   <T> <memset>",2026-08-11
_ZN15STGuildCargoLogC2Ev,STGuildCargoLog::STGuildCargoLog(),codegen_diff,"寄存器分配差异 1 处（寄存器分配差异（mov    0x8(%ebp),%eax | mov    0x8(%ebp),%eax））","--- ORIG（伪代码化）
+++ OURS（伪代码化）
@@ -1,10 +1,10 @@
 push   %ebp
 mov    %esp,%ebp
 sub    $0x18,%esp
+mov    0x8(%ebp),%eax
 movl   $0x30,0x8(%esp)
 movl   $0x0,0x4(%esp)
-mov    0x8(%ebp),%eax
 mov    %eax,(%esp)
 call   <T> <memset>",2026-08-11
_ZN16CServerInterface10GetGroupNoEv,CServerInterface::GetGroupNo(),codegen_diff,共 6 组指令差异,"--- ORIG（伪代码化）
+++ OURS（伪代码化）
@@ -1,7 +1,13 @@
 push   %ebp
 mov    %esp,%ebp
 mov    0x8(%ebp),%eax
 mov    0x4(%eax),%eax
+test   %eax,%eax
+je     <T> <_ZN16CServerInterface10GetGroupNoEv+0x18>
+mov    0x8(%ebp),%eax
+mov    0x4(%eax),%eax
 movzbl (%eax),%eax",2026-08-11
_ZN16CServerInterface10InitializeEv,CServerInterface::Initialize(),caliber_issue,"等价指令形态差异 1 处（等价指令形态差异（jmp vs jne））；立即数/常量差异 2 处（立即数不同（sub    $0x1c,%esp | sub    $0x2c,%esp）；立即数不同（add    $0x1c,%esp | add    $0x2c,%esp））；其余指令差异 5 处（助记符不同（test   %eax,%eax | mov    %eax,-0x1c(%ebp)）；助记符不同（jne    <T> <_ZN16CServerInterface10InitializeEv+0x62> | cmpl   $0x0,-0x1c(%ebp)））","--- ORIG（伪代码化）
+++ OURS（伪代码化）
@@ -1,41 +1,41 @@
 push   %ebp
 mov    %esp,%ebp
 push   %edi
 push   %esi
 push   %ebx
-sub    $0x1c,%esp
+sub    $0x2c,%esp
 mov    0x8(%ebp),%eax
 mov    0xc(%eax),%eax",2026-08-11
_ZN16CServerInterface11IsConnectedEv,CServerInterface::IsConnected(),codegen_diff,共 2 组指令差异,"--- ORIG（伪代码化）
+++ OURS（伪代码化）
@@ -1,6 +1,8 @@
 push   %ebp
 mov    %esp,%ebp
 mov    0x8(%ebp),%eax
 movzbl 0x8(%eax),%eax
+test   %al,%al
+setne  %al
 pop    %ebp
 ret",2026-08-11
_ZN16CServerInterface11SetConnFlagEb,CServerInterface::SetConnFlag(bool),codegen_diff,"寄存器分配差异 1 处（寄存器分配差异（movzbl -0x4(%ebp),%edx | movzbl -0x4(%ebp),%edx））","--- ORIG（伪代码化）
+++ OURS（伪代码化）
@@ -1,10 +1,10 @@
 push   %ebp
 mov    %esp,%ebp
 sub    $0x4,%esp
 mov    0xc(%ebp),%eax
 mov    %al,-0x4(%ebp)
+movzbl -0x4(%ebp),%edx
 mov    0x8(%ebp),%eax
-movzbl -0x4(%ebp),%edx
 mov    %dl,0x8(%eax)",2026-08-11
_ZN16CServerInterface12GetChannelNoEv,CServerInterface::GetChannelNo(),other,"其余指令差异 1 处（助记符不同（movzbl 0x1(%eax),%eax | test   %eax,%eax））","--- ORIG（伪代码化）
+++ OURS（伪代码化）
@@ -1,7 +1,14 @@
 push   %ebp
 mov    %esp,%ebp
 mov    0x8(%ebp),%eax
 mov    0x4(%eax),%eax
-movzbl 0x1(%eax),%eax
+test   %eax,%eax
+je     <T> <_ZN16CServerInterface12GetChannelNoEv+0x1b>
+mov    0x8(%ebp),%eax
+mov    0x4(%eax),%eax",2026-08-11
_ZN16CServerInterface12OnDisconnectEv,CServerInterface::OnDisconnect(),codegen_diff,共 6 组指令差异,"--- ORIG（伪代码化）
+++ OURS（伪代码化）
@@ -1,10 +1,4 @@
 push   %ebp
 mov    %esp,%ebp
-mov    0x8(%ebp),%eax
-movb   $0x0,0x8(%eax)
-mov    0x8(%ebp),%eax
-movb   $0x14,0x9(%eax)
-mov    0x8(%ebp),%eax
-movb   $0x0,0xa(%eax)
 pop    %ebp",2026-08-11
_ZN16CServerInterface12SendToServerEPci,"CServerInterface::SendToServer(char*, int)",codegen_diff,"等价指令形态差异 1 处（等价指令形态差异（add vs lea））；基本块布局差异 1 处（函数内跳转偏移不同（je     <T> <_ZN16CServerInterface12SendToServerEPci+0x4e> | je     <T> <_ZN16CServerInterface12SendToServerEPci+0x4c>））；其余指令差异 1 处（助记符不同（mov    %eax,%ecx | jmp    <T> <_ZN16CServerInterface12SendToServerEPci+0x51>））","--- ORIG（伪代码化）
+++ OURS（伪代码化）
@@ -1,29 +1,28 @@
 push   %ebp
 mov    %esp,%ebp
 sub    $0x28,%esp
 mov    0x8(%ebp),%eax
 mov    0xc(%eax),%eax
 test   %eax,%eax
-je     <T> <_ZN16CServerInterface12SendToServerEPci+0x4e>
+je     <T> <_ZN16CServerInterface12SendToServerEPci+0x4c>
 mov    0x8(%ebp),%eax",2026-08-11
_ZN16CServerInterface13IsValidServerEv,CServerInterface::IsValidServer(),codegen_diff,"等价指令形态差异 1 处（等价指令形态差异（jmp vs je））；其余指令差异 2 处（助记符不同（jne    <T> <_ZN16CServerInterface13IsValidServerEv+0x17> | test   %eax,%eax）；操作数差异（mov    $0x1,%eax | mov    0x8(%ebp),%eax））","--- ORIG（伪代码化）
+++ OURS（伪代码化）
@@ -1,12 +1,16 @@
 push   %ebp
 mov    %esp,%ebp
 mov    0x8(%ebp),%eax
 mov    0x4(%eax),%eax
+test   %eax,%eax
+je     <T> <_ZN16CServerInterface13IsValidServerEv+0x21>
+mov    0x8(%ebp),%eax
+mov    0x4(%eax),%eax
 movzbl (%eax),%eax",2026-08-11
_ZN16CServerInterface19IsHeartBeatTimeOverEv,CServerInterface::IsHeartBeatTimeOver(),codegen_diff,"等价指令形态差异 1 处（等价指令形态差异（lea vs mov））；其余指令差异 6 处（助记符不同（lea    -0x1(%eax),%edx | sub    $0x1,%eax）；助记符不同（sete   %al | mov    %eax,%edx））","--- ORIG（伪代码化）
+++ OURS（伪代码化）
@@ -1,31 +1,29 @@
 push   %ebp
 mov    %esp,%ebp
 mov    0x8(%ebp),%eax
 movzbl 0x9(%eax),%eax
-lea    -0x1(%eax),%edx
+sub    $0x1,%eax
+mov    %eax,%edx
 mov    0x8(%ebp),%eax
 mov    %dl,0x9(%eax)",2026-08-11
_ZN16CTcpAcceptThread8dispatchEPv,CTcpAcceptThread::dispatch(void*),other,"真实调用目标差异 1 处（调用目标不同（call   <T> <_ZN5CPeer12GetTcpSocketEv> | call   <T> <printf>））；等价指令形态差异 3 处（等价指令形态差异（push vs sub）；等价指令形态差异（je vs jmp））；栈帧/局部布局差异 1 处（栈局部偏移不同（mov    %eax,-0x20(%ebp) | mov    -0x10(%ebp),%edx））；基本块布局差异 1 处（函数内跳转偏移不同（je     <T> <_ZN16CTcpAcceptThread8dispatchEPv+0x2f> | je     <T> <_ZN16CTcpAcceptThread8dispatchEPv+0x1ab>））；其余指令差异 32 处（助记符不同（sub    $0x3c,%esp | mov    %eax,-0x14(%ebp)）；助记符不同（xor    $0x1,%eax | mov    -0x14(%ebp),%eax））","--- ORIG（伪代码化）
+++ OURS（伪代码化）
@@ -1,302 +1,121 @@
 push   %ebp
 mov    %esp,%ebp
-push   %edi
 push   %esi
 push   %ebx
-sub    $0x3c,%esp
+sub    $0x20,%esp
 mov    0x8(%ebp),%eax
 add    $0x18,%eax",2026-08-11
_ZN16CTcpAcceptThreadC1Ev,CTcpAcceptThread::CTcpAcceptThread(),codegen_diff,"等价指令形态差异 1 处（等价指令形态差异（sub vs push））；其余指令差异 2 处（助记符不同（jmp    <T> <_ZN16CTcpAcceptThreadC1Ev+0x65> | sub    $0x1c,%esp）；助记符不同（add    $0x10,%esp | mov    0x8(%ebp),%eax））","--- ORIG（伪代码化）
+++ OURS（伪代码化）
@@ -1,35 +1,60 @@
 push   %ebp
 mov    %esp,%ebp
+push   %edi
 push   %esi
 push   %ebx
-sub    $0x10,%esp
+sub    $0x1c,%esp
 mov    0x8(%ebp),%eax
 mov    %eax,(%esp)",2026-08-11
_ZN16CTcpAcceptThreadC2Ev,CTcpAcceptThread::CTcpAcceptThread(),codegen_diff,"等价指令形态差异 1 处（等价指令形态差异（sub vs push））；其余指令差异 2 处（助记符不同（jmp    <T> <_ZN16CTcpAcceptThreadC1Ev+0x65> | sub    $0x1c,%esp）；助记符不同（add    $0x10,%esp | mov    0x8(%ebp),%eax））","--- ORIG（伪代码化）
+++ OURS（伪代码化）
@@ -1,35 +1,60 @@
 push   %ebp
 mov    %esp,%ebp
+push   %edi
 push   %esi
 push   %ebx
-sub    $0x10,%esp
+sub    $0x1c,%esp
 mov    0x8(%ebp),%eax
 mov    %eax,(%esp)",2026-08-11
_ZN16CThreadInterface14dispatch_proxyEPv,CThreadInterface::dispatch_proxy(void*),caliber_issue,"立即数/常量差异 1 处（立即数不同（sub    $0x28,%esp | sub    $0x18,%esp））；其余指令差异 6 处（操作数差异（mov    %eax,-0xc(%ebp) | mov    (%eax),%eax）；操作数差异（mov    -0xc(%ebp),%eax | mov    0x8(%ebp),%edx））","--- ORIG（伪代码化）
+++ OURS（伪代码化）
@@ -1,17 +1,15 @@
 push   %ebp
 mov    %esp,%ebp
-sub    $0x28,%esp
+sub    $0x18,%esp
 mov    0x8(%ebp),%eax
-mov    %eax,-0xc(%ebp)
-mov    -0xc(%ebp),%eax
 mov    (%eax),%eax
 add    $0x10,%eax",2026-08-11
_ZN16CThreadInterface5beginEv,CThreadInterface::begin(),codegen_diff,"基本块布局差异 1 处（函数内跳转偏移不同（jns    <T> <_ZN16CThreadInterface5beginEv+0x47> | jns    <T> <_ZN16CThreadInterface5beginEv+0x40>））；其余指令差异 3 处（操作数差异（mov    $0x0,%eax | mov    -0xc(%ebp),%eax）；助记符不同（jmp    <T> <_ZN16CThreadInterface5beginEv+0x4c> | not    %eax））","--- ORIG（伪代码化）
+++ OURS（伪代码化）
@@ -1,21 +1,21 @@
 push   %ebp
 mov    %esp,%ebp
 sub    $0x28,%esp
 mov    0x8(%ebp),%eax
 lea    0x4(%eax),%edx
 mov    0x8(%ebp),%eax
 mov    %eax,0xc(%esp)
 movl   $&_ZN16CThreadInterface14dispatch_proxyEPv,0x8(%esp)
 movl   $0x0,0x4(%esp)",2026-08-11
_ZN16ReservedCapacity5resetEv,ReservedCapacity::reset(),other,"其余指令差异 1 处（助记符不同（movl   $0x0,0x4(%eax) | add    $0x4,%eax））","--- ORIG（伪代码化）
+++ OURS（伪代码化）
@@ -1,10 +1,11 @@
 push   %ebp
 mov    %esp,%ebp
 mov    0x8(%ebp),%eax
 movl   $0x0,(%eax)
 mov    0x8(%ebp),%eax
-movl   $0x0,0x4(%eax)
+add    $0x4,%eax
+movl   $0x0,(%eax)
 mov    0x8(%ebp),%eax",2026-08-11
_ZN17CPacketTranslater10OnEventEndEP12PacketHeader,CPacketTranslater::OnEventEnd(PacketHeader*),other,"真实调用目标差异 1 处（调用目标不同（call   *%edx | call   <T> <printf>））；等价指令形态差异 3 处（等价指令形态差异（lea vs add）；等价指令形态差异（mov vs lea））；栈帧/局部布局差异 11 处（栈局部偏移不同（lea    -0x39(%ebp),%eax | lea    -0x25(%ebp),%eax）；栈局部偏移不同（lea    -0x39(%ebp),%eax | lea    -0x25(%ebp),%eax））；基本块布局差异 1 处（函数内跳转偏移不同（jmp    <T> <_ZN17CPacketTranslater10OnEventEndEP12PacketHeader+0x146> | jmp    <T> <_ZN17CPacketTranslater10OnEventEndEP12PacketHeader+0x14e>））；其余指令差异 26 处（操作数差异（mov    0xa(%eax),%ebx | mov    -0x24(%ebp),%eax）；操作数差异（mov    %ebx,0xc(%esp) | mov    (%eax),%eax））","--- ORIG（伪代码化）
+++ OURS（伪代码化）
@@ -1,163 +1,165 @@
 push   %ebp
 mov    %esp,%ebp
 push   %edi
 push   %esi
 push   %ebx
 sub    $0x4c,%esp
 mov    &_ZN17CPacketTranslater8m_pclAppE,%eax
 test   %eax,%eax
 jne    <T> <_ZN17CPacketTranslater10OnEventEndEP12PacketHeader+0xdf>",2026-08-11
_ZN17CPacketTranslater11OnCharLoginEP12PacketHeader,CPacketTranslater::OnCharLogin(PacketHeader*),other,"真实调用目标差异 2 处（调用目标不同（call   <T> <_ZN13CGuildManager13GuildMemLoginEjP5CUser> | call   <T> <_Z14NumberToStringji>）；调用目标不同（call   <T> <_ZN10CMyFileLogC1EPKci> | call   <T> <_Z14NumberToStringji>））；寄存器分配差异 2 处（寄存器分配差异（mov    %ecx,(%esp) | mov    %eax,(%esp)）；寄存器分配差异（mov    %eax,(%esp) | mov    %eax,(%esp)））；等价指令形态差异 34 处（字节强转读取形态差（ORIG 直接偏移加载 mov    0x13(%eax),%edx vs OURS add+加载）；等价指令形态差异（movzbl vs mov））；栈帧/局部布局差异 13 处（栈局部偏移不同（mov    -0x24(%ebp),%eax | mov    -0x38(%ebp),%eax）；栈局部偏移不同（mov    -0x24(%ebp),%eax | mov    -0x34(%ebp),%eax））；立即数/常量差异 3 处（立即数不同（sub    $0xbc,%esp | sub    $0xac,%esp）；立即数不同（add    $0x10,%eax | add    $0xa,%eax））；其余指令差异 157 处（助记符不同（je     <T> <_ZN17CPacketTranslater11OnCharLoginEP12PacketHeader+0x4e0> | mov    0x8(%ebp),%eax）；操作数差异（mov    0x8(%ebp),%eax | mov    %eax,-0x38(%ebp)））","--- ORIG（伪代码化）
+++ OURS（伪代码化）
@@ -1,325 +1,347 @@
 push   %ebp
 mov    %esp,%ebp
 push   %edi
 push   %esi
 push   %ebx
-sub    $0xbc,%esp
+sub    $0xac,%esp
+mov    0x8(%ebp),%eax
+mov    %eax,-0x38(%ebp)",2026-08-11
_ZN17CPacketTranslater11OnHeartBeatEP12PacketHeader,CPacketTranslater::OnHeartBeat(PacketHeader*),codegen_diff,"等价指令形态差异 6 处（等价指令形态差异（lea vs mov）；等价指令形态差异（mov vs lea））；栈帧/局部布局差异 6 处（栈局部偏移不同（lea    -0x44(%ebp),%eax | lea    -0x24(%ebp),%eax）；栈局部偏移不同（lea    -0x44(%ebp),%eax | lea    -0x24(%ebp),%eax））；基本块布局差异 9 处（函数内跳转偏移不同（je     <T> <_ZN17CPacketTranslater11OnHeartBeatEP12PacketHeader+0x2ff> | je     <T> <_ZN17CPacketTranslater11OnHeartBeatEP12PacketHeader+0x2f2>）；函数内跳转偏移不同（je     <T> <_ZN17CPacketTranslater11OnHeartBeatEP12PacketHeader+0x302> | je     <T> <_ZN17CPacketTranslater11OnHeartBeatEP12PacketHeader+0x2f5>））；其余指令差异 30 处（助记符不同（setne  %al | je     <T> <_ZN17CPacketTranslater11OnHeartBeatEP12PacketHeader+0x164>）；助记符不同（test   %al,%al | lea    -0x2f(%ebp),%eax））","--- ORIG（伪代码化）
+++ OURS（伪代码化）
@@ -1,199 +1,194 @@
 push   %ebp
 mov    %esp,%ebp
 push   %esi
 push   %ebx
 sub    $0x60,%esp
 mov    0x8(%ebp),%eax
 mov    %eax,-0x1c(%ebp)
 mov    &_ZN17CPacketTranslater8m_pclAppE,%eax
 test   %eax,%eax",2026-08-11
_ZN17CPacketTranslater12OnEventStartEP12PacketHeader,CPacketTranslater::OnEventStart(PacketHeader*),other,"真实调用目标差异 1 处（调用目标不同（call   *%edx | call   <T> <_ZN12CApplication17Get_ServerHandlerEv>））；寄存器分配差异 10 处（寄存器分配差异（mov    %edx,%esi | mov    %eax,%ecx）；寄存器分配差异（mov    %eax,%edi | mov    %edx,%eax））；等价指令形态差异 11 处（等价指令形态差异（lea vs mov）；等价指令形态差异（jne vs jmp））；栈帧/局部布局差异 4 处（栈局部偏移不同（lea    -0x39(%ebp),%eax | lea    -0x1d(%ebp),%eax）；栈局部偏移不同（lea    -0x39(%ebp),%eax | lea    -0x1d(%ebp),%eax））；基本块布局差异 2 处（函数内跳转偏移不同（jne    <T> <_ZN17CPacketTranslater12OnEventStartEP12PacketHeader+0xdf> | jne    <T> <_ZN17CPacketTranslater12OnEventStartEP12PacketHeader+0xf2>）；函数内跳转偏移不同（jmp    <T> <_ZN17CPacketTranslater12OnEventStartEP12PacketHeader+0x8d> | jmp    <T> <_ZN17CPacketTranslater12OnEventStartEP12PacketHeader+0x95>））；立即数/常量差异 1 处（立即数不同（sub    $0x5c,%esp | sub    $0x4c,%esp））；其余指令差异 31 处（助记符不同（jmp    <T> <_ZN17CPacketTranslater12OnEventStartEP12PacketHeader+0x87> | mov    %ecx,%esi）；助记符不同（cmp    $0xffffffff,%edx | lea    -0x24(%ebp),%eax））","--- ORIG（伪代码化）
+++ OURS（伪代码化）
@@ -1,170 +1,115 @@
 push   %ebp
 mov    %esp,%ebp
 push   %edi
 push   %esi
 push   %ebx
-sub    $0x5c,%esp
+sub    $0x4c,%esp
 mov    &_ZN17CPacketTranslater8m_pclAppE,%eax
 test   %eax,%eax",2026-08-11
_ZN17CPacketTranslater12OnGuildCargoEP12PacketHeader,CPacketTranslater::OnGuildCargo(PacketHeader*),other,"真实调用目标差异 3 处（调用目标不同（call   <T> <_ZN5CUser17GetGuildMemDBInfoEv> | call   <T> <_ZN12CApplication16Get_GuildManagerEv>）；调用目标不同（call   <T> <_ZN10CMyFileLogclEPKcS1_z> | call   <T> <_ZN5CUser17SendTcpGameserverEP12PacketHeader>））；寄存器分配差异 3 处（寄存器分配差异（mov    %eax,(%esp) | mov    %eax,(%esp)）；寄存器分配差异（mov    %eax,(%esp) | mov    %eax,(%esp)））；等价指令形态差异 27 处（等价指令形态差异（push vs sub）；等价指令形态差异（lea vs mov））；栈帧/局部布局差异 8 处（栈局部偏移不同（lea    -0x70(%ebp),%eax | lea    -0x30(%ebp),%eax）；栈局部偏移不同（mov    %eax,-0x2c(%ebp) | mov    %eax,-0x24(%ebp)））；基本块布局差异 1 处（函数内跳转偏移不同（jmp    <T> <_ZN17CPacketTranslater12OnGuildCargoEP12PacketHeader+0x2e3> | jmp    <T> <_ZN17CPacketTranslater12OnGuildCargoEP12PacketHeader+0x40e>））；其余指令差异 116 处（助记符不同（sub    $0x197c,%esp | mov    %eax,-0x28(%ebp)）；助记符不同（mov    %eax,-0x30(%ebp) | jne    <T> <_ZN17CPacketTranslater12OnGuildCargoEP12PacketHeader+0x55>））","--- ORIG（伪代码化）
+++ OURS（伪代码化）
@@ -1,240 +1,252 @@
 push   %ebp
 mov    %esp,%ebp
-push   %edi
 push   %esi
 push   %ebx
-sub    $0x197c,%esp
+sub    $0x1970,%esp
 mov    0x8(%ebp),%eax
-mov    %eax,-0x30(%ebp)",2026-08-11
_ZN17CPacketTranslater12OnGuildDebugEP12PacketHeader,CPacketTranslater::OnGuildDebug(PacketHeader*),caliber_issue,"寄存器分配差异 3 处（寄存器分配差异（mov    %eax,0x4(%esp) | mov    %edx,0x4(%esp)）；寄存器分配差异（mov    %edx,(%esp) | mov    %eax,(%esp)））；等价指令形态差异 7 处（等价指令形态差异（push vs sub）；等价指令形态差异（mov vs lea））；栈帧/局部布局差异 5 处（栈局部偏移不同（mov    %eax,-0x10(%ebp) | mov    %eax,-0x14(%ebp)）；栈局部偏移不同（cmpl   $0x0,-0x10(%ebp) | cmpl   $0x0,-0x14(%ebp)））；基本块布局差异 2 处（函数内跳转偏移不同（jmp    <T> <_ZN17CPacketTranslater12OnGuildDebugEP12PacketHeader+0x259> | jmp    <T> <_ZN17CPacketTranslater12OnGuildDebugEP12PacketHeader+0x178>）；函数内跳转偏移不同（jne    <T> <_ZN17CPacketTranslater12OnGuildDebugEP12PacketHeader+0x1ff> | jne    <T> <_ZN17CPacketTranslater12OnGuildDebugEP12PacketHeader+0x178>））；立即数/常量差异 1 处（立即数不同（cmp    $0x2,%edx | cmp    $0x1,%eax））；其余指令差异 31 处（助记符不同（push   %ebx | mov    %eax,-0x1c(%ebp)）；助记符不同（sub    $0x50,%esp | jne    <T> <_ZN17CPacketTranslater12OnGuildDebugEP12PacketHeader+0x50>））","--- ORIG（伪代码化）
+++ OURS（伪代码化）
@@ -1,150 +1,94 @@
 push   %ebp
 mov    %esp,%ebp
-push   %esi
-push   %ebx
-sub    $0x50,%esp
+sub    $0x48,%esp
 mov    0x8(%ebp),%eax
-mov    %eax,-0x18(%ebp)
-movl   $0x0,-0x14(%ebp)",2026-08-11
_ZN17CPacketTranslater14OnAddGuildFundEP12PacketHeader,CPacketTranslater::OnAddGuildFund(PacketHeader*),caliber_issue,"寄存器分配差异 7 处（寄存器分配差异（mov    %eax,0x4(%esp) | mov    %ebx,0x4(%esp)）；寄存器分配差异（mov    %edx,(%esp) | mov    %eax,(%esp)））；等价指令形态差异 13 处（等价指令形态差异（lea vs mov）；等价指令形态差异（lea vs mov））；栈帧/局部布局差异 10 处（栈局部偏移不同（mov    %eax,-0x1c(%ebp) | mov    %eax,-0x18(%ebp)）；栈局部偏移不同（mov    %eax,-0x18(%ebp) | mov    %eax,-0x10(%ebp)））；基本块布局差异 1 处（函数内跳转偏移不同（jmp    <T> <_ZN17CPacketTranslater14OnAddGuildFundEP12PacketHeader+0x321> | jmp    <T> <_ZN17CPacketTranslater14OnAddGuildFundEP12PacketHeader+0x260>））；立即数/常量差异 2 处（立即数不同（sub    $0x70,%esp | sub    $0x50,%esp）；立即数不同（add    $0x8,%eax | add    $0xb,%eax））；其余指令差异 57 处（助记符不同（movl   $0x0,-0x18(%ebp) | jne    <T> <_ZN17CPacketTranslater14OnAddGuildFundEP12PacketHeader+0x52>）；助记符不同（movl   $0x0,-0x14(%ebp) | lea    -0x20(%ebp),%eax））","--- ORIG（伪代码化）
+++ OURS（伪代码化）
@@ -1,209 +1,170 @@
 push   %ebp
 mov    %esp,%ebp
 push   %esi
 push   %ebx
-sub    $0x70,%esp
+sub    $0x50,%esp
 mov    0x8(%ebp),%eax
-mov    %eax,-0x1c(%ebp)
-movl   $0x0,-0x18(%ebp)",2026-08-11
_ZN17CPacketTranslater15OnBuyGuildSkillEP12PacketHeader,CPacketTranslater::OnBuyGuildSkill(PacketHeader*),other,"真实调用目标差异 5 处（调用目标不同（call   <T> <_ZNSaIcED1Ev> | call   <T> <_ZNSaIcED1Ev>）；调用目标不同（call   <T> <_ZNSsD1Ev> | call   <T> <_ZNSsD1Ev>））；异常处理/展开路径差异 2 处（异常处理运行时调用差异（call   <T> <_ZSt9terminatev> | call   <T> <_ZSt9terminatev>）；异常处理运行时调用差异（call   <T> <_ZSt9terminatev> | call   <T> <_ZSt9terminatev>））；寄存器分配差异 23 处（寄存器分配差异（mov    %eax,(%esp) | mov    %eax,(%esp)）；寄存器分配差异（mov    %esi,%ecx | mov    %esi,%ecx））；等价指令形态差异 16 处（字节强转读取形态差（ORIG 直接偏移加载 mov    0xe(%eax),%eax vs OURS add+加载）；等价指令形态差异（mov vs lea））；栈帧/局部布局差异 16 处（栈局部偏移不同（lea    -0x4d(%ebp),%eax | lea    -0x41(%ebp),%eax）；栈局部偏移不同（lea    -0x4d(%ebp),%eax | lea    -0x41(%ebp),%eax））；基本块布局差异 8 处（函数内跳转偏移不同（jmp    <T> <_ZN17CPacketTranslater15OnBuyGuildSkillEP12PacketHeader+0x453> | jmp    <T> <_ZN17CPacketTranslater15OnBuyGuildSkillEP12PacketHeader+0x46e>）；函数内跳转偏移不同（jmp    <T> <_ZN17CPacketTranslater15OnBuyGuildSkillEP12PacketHeader+0x1a1> | jmp    <T> <_ZN17CPacketTranslater15OnBuyGuildSkillEP12PacketHeader+0x1a2>））；其余指令差异 141 处（助记符不同（mov    %eax,-0x24(%ebp) | add    $0xa,%eax）；操作数差异（mov    -0x24(%ebp),%eax | mov    (%eax),%eax））","--- ORIG（伪代码化）
+++ OURS（伪代码化）
@@ -1,401 +1,409 @@
 push   %ebp
 mov    %esp,%ebp
 push   %edi
 push   %esi
 push   %ebx
 sub    $0x6c,%esp
 mov    &_ZN17CPacketTranslater8m_pclAppE,%eax
 test   %eax,%eax
 jne    <T> <_ZN17CPacketTranslater15OnBuyGuildSkillEP12PacketHeader+0xef>",2026-08-11
_ZN17CPacketTranslater15OnCallGuildInfoEP12PacketHeader,CPacketTranslater::OnCallGuildInfo(PacketHeader*),other,"真实调用目标差异 1 处（调用目标不同（call   <T> <_ZN10CMyFileLogclEPKcS1_z> | call   <T> <_ZN10CMyFileLogclEPKcS1_z>））；寄存器分配差异 2 处（寄存器分配差异（mov    %ebx,0xc(%esp) | mov    %eax,0xc(%esp)）；寄存器分配差异（mov    %eax,(%esp) | mov    %eax,(%esp)））；等价指令形态差异 25 处（等价指令形态差异（mov vs lea）；等价指令形态差异（lea vs mov））；栈帧/局部布局差异 11 处（栈局部偏移不同（lea    -0x51(%ebp),%eax | lea    -0x35(%ebp),%eax）；栈局部偏移不同（lea    -0x51(%ebp),%eax | lea    -0x35(%ebp),%eax））；基本块布局差异 3 处（函数内跳转偏移不同（jne    <T> <_ZN17CPacketTranslater15OnCallGuildInfoEP12PacketHeader+0xe2> | jne    <T> <_ZN17CPacketTranslater15OnCallGuildInfoEP12PacketHeader+0xe5>）；函数内跳转偏移不同（jmp    <T> <_ZN17CPacketTranslater15OnCallGuildInfoEP12PacketHeader+0xbf> | jmp    <T> <_ZN17CPacketTranslater15OnCallGuildInfoEP12PacketHeader+0xc2>））；其余指令差异 94 处（助记符不同（jmp    <T> <_ZN17CPacketTranslater15OnCallGuildInfoEP12PacketHeader+0x321> | mov    %eax,(%esp)）；助记符不同（lea    -0x51(%ebp),%eax | call   <T> <_Unwind_Resume>））","--- ORIG（伪代码化）
+++ OURS（伪代码化）
@@ -1,275 +1,282 @@
 push   %ebp
 mov    %esp,%ebp
 push   %edi
 push   %esi
 push   %ebx
 sub    $0xb3c,%esp
 mov    &_ZN17CPacketTranslater8m_pclAppE,%eax
 test   %eax,%eax
-jne    <T> <_ZN17CPacketTranslater15OnCallGuildInfoEP12PacketHeader+0xe2>",2026-08-11
_ZN17CPacketTranslater15OnDBMWGuildJoinEP12PacketHeader,CPacketTranslater::OnDBMWGuildJoin(PacketHeader*),other,"真实调用目标差异 2 处（调用目标不同（call   <T> <_ZN5CUser16SendToGameserverEPci> | call   <T> <_ZN41Packet_Guild_Reply_Guild_Invite_To_CallerC1Ev>）；调用目标不同（call   <T> <_ZN5CUser14GetIdByChannelEv> | call   <T> <_ZN5CUser14GetIdByChannelEv>））；寄存器分配差异 4 处（寄存器分配差异（mov    %eax,(%esp) | mov    %eax,(%esp)）；寄存器分配差异（mov    %eax,(%esp) | mov    %eax,(%esp)））；等价指令形态差异 16 处（等价指令形态差异（mov vs lea）；等价指令形态差异（mov vs lea））；栈帧/局部布局差异 12 处（栈局部偏移不同（lea    -0x51(%ebp),%eax | lea    -0x2d(%ebp),%eax）；栈局部偏移不同（lea    -0x51(%ebp),%eax | lea    -0x2d(%ebp),%eax））；基本块布局差异 2 处（函数内跳转偏移不同（jmp    <T> <_ZN17CPacketTranslater15OnDBMWGuildJoinEP12PacketHeader+0x2a8> | jmp    <T> <_ZN17CPacketTranslater15OnDBMWGuildJoinEP12PacketHeader+0x2cf>）；函数内跳转偏移不同（jmp    <T> <_ZN17CPacketTranslater15OnDBMWGuildJoinEP12PacketHeader+0x37e> | jmp    <T> <_ZN17CPacketTranslater15OnDBMWGuildJoinEP12PacketHeader+0x3a3>））；其余指令差异 95 处（操作数差异（mov    &_ZN17CPacketTranslater8m_pclAppE,%eax | mov    %eax,-0x2c(%ebp)）；助记符不同（add    $0x10,%eax | mov    -0x2c(%ebp),%eax））","--- ORIG（伪代码化）
+++ OURS（伪代码化）
@@ -1,241 +1,257 @@
 push   %ebp
 mov    %esp,%ebp
 push   %edi
 push   %esi
 push   %ebx
 sub    $0xac,%esp
 mov    &_ZN17CPacketTranslater8m_pclAppE,%eax
 test   %eax,%eax
 jne    <T> <_ZN17CPacketTranslater15OnDBMWGuildJoinEP12PacketHeader+0xe2>",2026-08-11
_ZN17CPacketTranslater15OnGMPowerWarEndEP12PacketHeader,CPacketTranslater::OnGMPowerWarEnd(PacketHeader*),other,"真实调用目标差异 1 处（调用目标不同（call   <T> <_ZN10CMyFileLogC1EPKci> | call   *%eax））；寄存器分配差异 2 处（寄存器分配差异（mov    %eax,(%esp) | mov    %edx,(%esp)）；寄存器分配差异（mov    %ebx,0xc(%esp) | mov    %eax,0xc(%esp)））；等价指令形态差异 8 处（等价指令形态差异（lea vs mov）；等价指令形态差异（mov vs lea））；栈帧/局部布局差异 12 处（栈局部偏移不同（lea    -0x44(%ebp),%eax | lea    -0x34(%ebp),%eax）；栈局部偏移不同（lea    -0x44(%ebp),%eax | lea    -0x34(%ebp),%eax））；基本块布局差异 4 处（函数内跳转偏移不同（jmp    <T> <_ZN17CPacketTranslater15OnGMPowerWarEndEP12PacketHeader+0x270> | jmp    <T> <_ZN17CPacketTranslater15OnGMPowerWarEndEP12PacketHeader+0x26e>）；函数内跳转偏移不同（jmp    <T> <_ZN17CPacketTranslater15OnGMPowerWarEndEP12PacketHeader+0x20c> | jmp    <T> <_ZN17CPacketTranslater15OnGMPowerWarEndEP12PacketHeader+0x20d>））；其余指令差异 25 处（助记符不同（xor    $0x1,%eax | cmp    $0x1,%eax）；助记符不同（jne    <T> <_ZN17CPacketTranslater15OnGMPowerWarEndEP12PacketHeader+0x26f> | sete   %al））","--- ORIG（伪代码化）
+++ OURS（伪代码化）
@@ -1,175 +1,173 @@
 push   %ebp
 mov    %esp,%ebp
 push   %edi
 push   %esi
 push   %ebx
 sub    $0x5c,%esp
 mov    &_ZN17CPacketTranslater8m_pclAppE,%eax
 test   %eax,%eax
 jne    <T> <_ZN17CPacketTranslater15OnGMPowerWarEndEP12PacketHeader+0x4d>",2026-08-11
_ZN17CPacketTranslater15OnRenew_GM_ListEP12PacketHeader,CPacketTranslater::OnRenew_GM_List(PacketHeader*),codegen_diff,"等价指令形态差异 1 处（等价指令形态差异（mov vs movzbl））；栈帧/局部布局差异 1 处（栈局部偏移不同（mov    -0x14(%ebp),%eax | mov    -0xc(%ebp),%eax））；基本块布局差异 3 处（函数内跳转偏移不同（je     <T> <_ZN17CPacketTranslater15OnRenew_GM_ListEP12PacketHeader+0x8a> | je     <T> <_ZN17CPacketTranslater15OnRenew_GM_ListEP12PacketHeader+0x8f>）；函数内跳转偏移不同（je     <T> <_ZN17CPacketTranslater15OnRenew_GM_ListEP12PacketHeader+0x8a> | je     <T> <_ZN17CPacketTranslater15OnRenew_GM_ListEP12PacketHeader+0x8f>））；其余指令差异 3 处（助记符不同（mov    -0x14(%ebp),%edx | add    $0x5c,%eax）；助记符不同（movzbl 0x5c(%edx,%eax,1),%eax | add    -0x14(%ebp),%eax））","--- ORIG（伪代码化）
+++ OURS（伪代码化）
@@ -1,44 +1,47 @@
 push   %ebp
 mov    %esp,%ebp
 sub    $0x28,%esp
 mov    0x8(%ebp),%eax
 mov    %eax,-0x14(%ebp)
 mov    &_ZN17CPacketTranslater8m_pclAppE,%eax
 mov    %eax,(%esp)
 call   <T> <_ZN12CApplication13GetGMAccountsEv>
 mov    %eax,-0x10(%ebp)",2026-08-11
_ZN17CPacketTranslater15OnReplyUserInfoEP12PacketHeader,CPacketTranslater::OnReplyUserInfo(PacketHeader*),other,"真实调用目标差异 2 处（调用目标不同（call   <T> <_ZN12CUserManager10CreateUserEjjPciP11CGameServer> | call   <T> <_ZN12CUserManager10CreateUserEjjPciP11CGameServer>）；调用目标不同（call   <T> <_ZN5CUser16SetTcpGameServerEP14CTcpGameServer> | call   <T> <_ZN5CUser6SetSsnEPc>））；寄存器分配差异 12 处（寄存器分配差异（mov    %eax,0x4(%esp) | mov    %edx,0x4(%esp)）；寄存器分配差异（lea    0x14(%eax),%esi | lea    0x14(%eax),%ebx））；等价指令形态差异 36 处（等价指令形态差异（mov vs lea）；等价指令形态差异（movzbl vs mov））；栈帧/局部布局差异 19 处（栈局部偏移不同（mov    %eax,-0x30(%ebp) | mov    %eax,-0x44(%ebp)）；栈局部偏移不同（lea    -0x60(%ebp),%esi | lea    -0x4d(%ebp),%eax））；基本块布局差异 1 处（函数内跳转偏移不同（jne    <T> <_ZN17CPacketTranslater15OnReplyUserInfoEP12PacketHeader+0x12b> | jne    <T> <_ZN17CPacketTranslater15OnReplyUserInfoEP12PacketHeader+0x241>））；立即数/常量差异 1 处（立即数不同（sub    $0x7c,%esp | sub    $0x8c,%esp））；其余指令差异 140 处（助记符不同（movzbl %al,%ebx | add    $0xb,%eax）；助记符不同（lea    -0x68(%ebp),%eax | movzbl (%eax),%eax））","--- ORIG（伪代码化）
+++ OURS（伪代码化）
@@ -1,387 +1,391 @@
 push   %ebp
 mov    %esp,%ebp
 push   %edi
 push   %esi
 push   %ebx
-sub    $0x7c,%esp
+sub    $0x8c,%esp
 mov    0x8(%ebp),%eax
-mov    %eax,-0x30(%ebp)",2026-08-11
_ZN17CPacketTranslater16OnChangeCharNameEP12PacketHeader,CPacketTranslater::OnChangeCharName(PacketHeader*),other,"真实调用目标差异 1 处（调用目标不同（call   <T> <_ZN10CMyFileLogC1EPKci> | call   *%eax））；寄存器分配差异 1 处（寄存器分配差异（mov    %eax,(%esp) | mov    %edx,(%esp)））；等价指令形态差异 21 处（等价指令形态差异（lea vs mov）；等价指令形态差异（mov vs lea））；栈帧/局部布局差异 8 处（栈局部偏移不同（mov    -0x14(%ebp),%eax | mov    -0x1c(%ebp),%eax）；栈局部偏移不同（lea    -0x4c(%ebp),%eax | lea    -0x2c(%ebp),%eax））；基本块布局差异 1 处（函数内跳转偏移不同（jmp    <T> <_ZN17CPacketTranslater16OnChangeCharNameEP12PacketHeader+0x3e5> | jmp    <T> <_ZN17CPacketTranslater16OnChangeCharNameEP12PacketHeader+0x3a9>））；立即数/常量差异 1 处（立即数不同（sub    $0xb0,%esp | sub    $0x90,%esp））；其余指令差异 100 处（助记符不同（jne    <T> <_ZN17CPacketTranslater16OnChangeCharNameEP12PacketHeader+0x4f> | mov    0x8(%ebp),%eax）；助记符不同（lea    -0x54(%ebp),%eax | jne    <T> <_ZN17CPacketTranslater16OnChangeCharNameEP12PacketHeader+0x55>））","--- ORIG（伪代码化）
+++ OURS（伪代码化）
@@ -1,257 +1,237 @@
 push   %ebp
 mov    %esp,%ebp
 push   %esi
 push   %ebx
-sub    $0xb0,%esp
+sub    $0x90,%esp
+mov    0x8(%ebp),%eax
+mov    %eax,-0x1c(%ebp)
 mov    &_ZN17CPacketTranslater8m_pclAppE,%eax",2026-08-11
_ZN17CPacketTranslater16OnLoadGuildCargoEP12PacketHeader,CPacketTranslater::OnLoadGuildCargo(PacketHeader*),codegen_diff,"寄存器分配差异 1 处（寄存器分配差异（mov    -0x14(%ebp),%eax | mov    -0x14(%ebp),%eax））；等价指令形态差异 1 处（等价指令形态差异（push vs sub））；栈帧/局部布局差异 3 处（栈局部偏移不同（lea    -0x34(%ebp),%eax | lea    -0x1c(%ebp),%eax）；栈局部偏移不同（mov    %eax,-0x14(%ebp) | mov    -0x10(%ebp),%edx））；其余指令差异 20 处（助记符不同（sub    $0x40,%esp | mov    %eax,-0x14(%ebp)）；助记符不同（mov    %eax,-0x10(%ebp) | jne    <T> <_ZN17CPacketTranslater16OnLoadGuildCargoEP12PacketHeader+0x51>））","--- ORIG（伪代码化）
+++ OURS（伪代码化）
@@ -1,113 +1,57 @@
 push   %ebp
 mov    %esp,%ebp
-push   %esi
 push   %ebx
-sub    $0x40,%esp
+sub    $0x34,%esp
 mov    0x8(%ebp),%eax
-mov    %eax,-0x10(%ebp)
+mov    %eax,-0x14(%ebp)",2026-08-11
_ZN17CPacketTranslater16OnSetPowerWarCfgEP12PacketHeader,CPacketTranslater::OnSetPowerWarCfg(PacketHeader*),codegen_diff,"寄存器分配差异 1 处（寄存器分配差异（lea    -0x2c(%ebp),%eax | lea    -0x2c(%ebp),%eax））；等价指令形态差异 12 处（等价指令形态差异（push vs sub）；字节强转读取形态差（ORIG 直接偏移加载 mov    0x18(%eax),%ebx vs OURS add+加载））；栈帧/局部布局差异 10 处（栈局部偏移不同（lea    -0x44(%ebp),%eax | lea    -0x1c(%ebp),%eax）；栈局部偏移不同（mov    %eax,-0x20(%ebp) | mov    -0x14(%ebp),%eax））；基本块布局差异 1 处（函数内跳转偏移不同（jmp    <T> <_ZN17CPacketTranslater16OnSetPowerWarCfgEP12PacketHeader+0x1fd> | jmp    <T> <_ZN17CPacketTranslater16OnSetPowerWarCfgEP12PacketHeader+0x1a6>））；其余指令差异 41 处（助记符不同（sub    $0x6c,%esp | mov    %eax,-0x14(%ebp)）；助记符不同（mov    %eax,-0x24(%ebp) | jne    <T> <_ZN17CPacketTranslater16OnSetPowerWarCfgEP12PacketHeader+0x52>））","--- ORIG（伪代码化）
+++ OURS（伪代码化）
@@ -1,140 +1,143 @@
 push   %ebp
 mov    %esp,%ebp
-push   %edi
 push   %esi
 push   %ebx
-sub    $0x6c,%esp
+sub    $0x50,%esp
 mov    0x8(%ebp),%eax
-mov    %eax,-0x24(%ebp)",2026-08-11
_ZN17CPacketTranslater17OnCallGuildInviteEP12PacketHeader,CPacketTranslater::OnCallGuildInvite(PacketHeader*),other,"真实调用目标差异 4 处（调用目标不同（call   <T> <_ZN10CMyFileLogclEPKcS1_z> | call   <T> <_ZN10CMyFileLogclEPKcS1_z>）；调用目标不同（call   <T> <_ZN10CMyFileLogC1EPKci> | call   <T> <_ZN10CMyFileLogC1EPKci>））；寄存器分配差异 8 处（寄存器分配差异（mov    %ebx,0xc(%esp) | mov    %eax,0xc(%esp)）；寄存器分配差异（mov    %eax,0x4(%esp) | mov    %eax,0x4(%esp)））；等价指令形态差异 51 处（等价指令形态差异（mov vs lea）；等价指令形态差异（lea vs mov））；栈帧/局部布局差异 25 处（栈局部偏移不同（lea    -0x91(%ebp),%eax | lea    -0x41(%ebp),%eax）；栈局部偏移不同（lea    -0x91(%ebp),%eax | lea    -0x41(%ebp),%eax））；基本块布局差异 12 处（函数内跳转偏移不同（jne    <T> <_ZN17CPacketTranslater17OnCallGuildInviteEP12PacketHeader+0xfa> | jne    <T> <_ZN17CPacketTranslater17OnCallGuildInviteEP12PacketHeader+0xe2>）；函数内跳转偏移不同（jmp    <T> <_ZN17CPacketTranslater17OnCallGuildInviteEP12PacketHeader+0x9f> | jmp    <T> <_ZN17CPacketTranslater17OnCallGuildInviteEP12PacketHeader+0x90>））；立即数/常量差异 3 处（立即数不同（movl   $0x16,0x8(%esp) | movl   $0x22,(%eax)）；立即数不同（mov    $0x0,%eax | mov    $0x1,%eax））；其余指令差异 212 处（助记符不同（mov    %eax,(%esp) | call   <T> <_ZN40Packet_Guild_Call_Guild_Invite_To_CallerC1Ev>）；助记符不同（call   <T> <_ZN40Packet_Guild_Call_Guild_Invite_To_CallerC1Ev> | add    $0xe,%eax））","--- ORIG（伪代码化）
+++ OURS（伪代码化）
@@ -1,572 +1,582 @@
 push   %ebp
 mov    %esp,%ebp
 push   %edi
 push   %esi
 push   %ebx
 sub    $0x10c,%esp
 mov    &_ZN17CPacketTranslater8m_pclAppE,%eax
 test   %eax,%eax
-jne    <T> <_ZN17CPacketTranslater17OnCallGuildInviteEP12PacketHeader+0xfa>",2026-08-11
_ZN17CPacketTranslater17OnChangeGuildNameEP12PacketHeader,CPacketTranslater::OnChangeGuildName(PacketHeader*),other,"真实调用目标差异 1 处（调用目标不同（call   <T> <_ZN16CServerInterface10GetGroupNoEv> | call   <T> <_ZN5CUser13GetGameServerEv>））；寄存器分配差异 4 处（寄存器分配差异（mov    -0x20(%ebp),%eax | mov    -0x20(%ebp),%eax）；寄存器分配差异（mov    %eax,(%esp) | mov    %eax,(%esp)））；等价指令形态差异 27 处（等价指令形态差异（push vs sub）；等价指令形态差异（mov vs lea））；栈帧/局部布局差异 6 处（栈局部偏移不同（lea    -0x58(%ebp),%eax | lea    -0x28(%ebp),%eax）；栈局部偏移不同（lea    -0x86(%ebp),%eax | lea    -0x7e(%ebp),%eax））；立即数/常量差异 1 处（立即数不同（add    $0x10,%edx | add    $0xe,%eax））；其余指令差异 144 处（助记符不同（sub    $0x19c,%esp | mov    0x8(%ebp),%eax）；助记符不同（jne    <T> <_ZN17CPacketTranslater17OnChangeGuildNameEP12PacketHeader+0x50> | mov    %eax,-0x20(%ebp)））","--- ORIG（伪代码化）
+++ OURS（伪代码化）
@@ -1,284 +1,275 @@
 push   %ebp
 mov    %esp,%ebp
-push   %edi
 push   %esi
 push   %ebx
-sub    $0x19c,%esp
+sub    $0x1a0,%esp
+mov    0x8(%ebp),%eax
+mov    %eax,-0x20(%ebp)",2026-08-11
_ZN17CPacketTranslater17OnCharacterDeleteEP12PacketHeader,CPacketTranslater::OnCharacterDelete(PacketHeader*),caliber_issue,"寄存器分配差异 11 处（寄存器分配差异（mov    %edx,%esi | mov    %eax,%ecx）；寄存器分配差异（mov    %eax,%edi | mov    %edx,%eax））；等价指令形态差异 18 处（等价指令形态差异（lea vs mov）；等价指令形态差异（jne vs jmp））；栈帧/局部布局差异 6 处（栈局部偏移不同（lea    -0x41(%ebp),%eax | lea    -0x25(%ebp),%eax）；栈局部偏移不同（lea    -0x41(%ebp),%eax | lea    -0x25(%ebp),%eax））；基本块布局差异 2 处（函数内跳转偏移不同（jne    <T> <_ZN17CPacketTranslater17OnCharacterDeleteEP12PacketHeader+0xe2> | jne    <T> <_ZN17CPacketTranslater17OnCharacterDeleteEP12PacketHeader+0xf2>）；函数内跳转偏移不同（jmp    <T> <_ZN17CPacketTranslater17OnCharacterDeleteEP12PacketHeader+0x90> | jmp    <T> <_ZN17CPacketTranslater17OnCharacterDeleteEP12PacketHeader+0x95>））；立即数/常量差异 1 处（立即数不同（sub    $0x9c,%esp | sub    $0x7c,%esp））；其余指令差异 53 处（助记符不同（jmp    <T> <_ZN17CPacketTranslater17OnCharacterDeleteEP12PacketHeader+0x8a> | mov    %ecx,%esi）；助记符不同（cmp    $0xffffffff,%edx | lea    -0x2c(%ebp),%eax））","--- ORIG（伪代码化）
+++ OURS（伪代码化）
@@ -1,210 +1,163 @@
 push   %ebp
 mov    %esp,%ebp
 push   %edi
 push   %esi
 push   %ebx
-sub    $0x9c,%esp
+sub    $0x7c,%esp
 mov    &_ZN17CPacketTranslater8m_pclAppE,%eax
 test   %eax,%eax",2026-08-11
_ZN17CPacketTranslater17OnCreateGuildAgitEP12PacketHeader,CPacketTranslater::OnCreateGuildAgit(PacketHeader*),other,"真实调用目标差异 2 处（调用目标不同（call   <T> <_ZN10CMyFileLogC1EPKci> | call   <T> <_ZN10CMyFileLogC1EPKci>）；调用目标不同（call   <T> <_ZN10CMyFileLogclEPKcS1_z> | call   <T> <_ZN10CMyFileLogclEPKcS1_z>））；寄存器分配差异 6 处（寄存器分配差异（mov    -0x24(%ebp),%eax | mov    -0x24(%ebp),%edx）；寄存器分配差异（movl   $""OnCreateGuildAgit"",0x4(%esp) | movl   $""OnCreateGuildAgit"",0x4(%esp)））；等价指令形态差异 10 处（字节强转读取形态差（ORIG 直接偏移加载 mov    0xa(%eax),%eax vs OURS add+加载）；等价指令形态差异（mov vs lea））；栈帧/局部布局差异 6 处（栈局部偏移不同（lea    -0x5c(%ebp),%eax | lea    -0x2c(%ebp),%eax）；栈局部偏移不同（mov    -0x20(%ebp),%eax | mov    -0x24(%ebp),%eax））；基本块布局差异 1 处（函数内跳转偏移不同（jmp    <T> <_ZN17CPacketTranslater17OnCreateGuildAgitEP12PacketHeader+0x31c> | jmp    <T> <_ZN17CPacketTranslater17OnCreateGuildAgitEP12PacketHeader+0x22b>））；立即数/常量差异 2 处（立即数不同（sub    $0x8c,%esp | sub    $0x6c,%esp）；立即数不同（movl   $0x161c,0x8(%esp) | movl   $0x1623,0x8(%esp)））；其余指令差异 70 处（助记符不同（movl   $0x0,-0x24(%ebp) | mov    0x8(%ebp),%eax）；助记符不同（jne    <T> <_ZN17CPacketTranslater17OnCreateGuildAgitEP12PacketHeader+0x57> | mov    %eax,-0x24(%ebp)））","--- ORIG（伪代码化）
+++ OURS（伪代码化）
@@ -1,204 +1,144 @@
 push   %ebp
 mov    %esp,%ebp
 push   %edi
 push   %esi
 push   %ebx
-sub    $0x8c,%esp
-movl   $0x0,-0x24(%ebp)
+sub    $0x6c,%esp
+mov    0x8(%ebp),%eax",2026-08-11
_ZN17CPacketTranslater17OnDBLoadGuildAgitEP12PacketHeader,CPacketTranslater::OnDBLoadGuildAgit(PacketHeader*),other,"真实调用目标差异 1 处（调用目标不同（call   <T> <_ZN13CGuildManager9FindGuildEj> | call   <T> <_ZN13CGuildManager9FindGuildEj>））；寄存器分配差异 2 处（寄存器分配差异（mov    %eax,0x4(%esp) | mov    %edx,0x4(%esp)）；寄存器分配差异（mov    %edx,(%esp) | mov    %eax,(%esp)））；等价指令形态差异 5 处（字节强转读取形态差（ORIG 直接偏移加载 mov    0xa(%eax),%eax vs OURS add+加载）；等价指令形态差异（mov vs lea））；栈帧/局部布局差异 2 处（栈局部偏移不同（lea    -0x34(%ebp),%eax | lea    -0x20(%ebp),%eax）；栈局部偏移不同（mov    -0x10(%ebp),%eax | mov    -0x18(%ebp),%eax））；基本块布局差异 1 处（函数内跳转偏移不同（jmp    <T> <_ZN17CPacketTranslater17OnDBLoadGuildAgitEP12PacketHeader+0x1d0> | jmp    <T> <_ZN17CPacketTranslater17OnDBLoadGuildAgitEP12PacketHeader+0x1bc>））；其余指令差异 33 处（助记符不同（movl   $0x0,-0x14(%ebp) | mov    0x8(%ebp),%eax）；助记符不同（jne    <T> <_ZN17CPacketTranslater17OnDBLoadGuildAgitEP12PacketHeader+0x53> | mov    %eax,-0x18(%ebp)））","--- ORIG（伪代码化）
+++ OURS（伪代码化）
@@ -1,122 +1,117 @@
 push   %ebp
 mov    %esp,%ebp
 push   %esi
 push   %ebx
 sub    $0x40,%esp
-movl   $0x0,-0x14(%ebp)
+mov    0x8(%ebp),%eax
+mov    %eax,-0x18(%ebp)
 mov    &_ZN17CPacketTranslater8m_pclAppE,%eax",2026-08-11
_ZN17CPacketTranslater17OnDeleteGuildAgitEP12PacketHeader,CPacketTranslater::OnDeleteGuildAgit(PacketHeader*),other,"真实调用目标差异 1 处（调用目标不同（call   <T> <_ZN10CMyFileLogclEPKcS1_z> | call   <T> <_ZN10CMyFileLogC1EPKci>））；寄存器分配差异 1 处（寄存器分配差异（mov    %eax,(%esp) | mov    %eax,(%ebx)））；等价指令形态差异 16 处（等价指令形态差异（push vs sub）；等价指令形态差异（mov vs lea））；栈帧/局部布局差异 6 处（栈局部偏移不同（lea    -0x5c(%ebp),%eax | lea    -0x20(%ebp),%eax）；栈局部偏移不同（lea    -0x5c(%ebp),%eax | lea    -0x20(%ebp),%eax））；基本块布局差异 3 处（函数内跳转偏移不同（jne    <T> <_ZN17CPacketTranslater17OnDeleteGuildAgitEP12PacketHeader+0x56> | jne    <T> <_ZN17CPacketTranslater17OnDeleteGuildAgitEP12PacketHeader+0x54>）；函数内跳转偏移不同（jmp    <T> <_ZN17CPacketTranslater17OnDeleteGuildAgitEP12PacketHeader+0x3c9> | jmp    <T> <_ZN17CPacketTranslater17OnDeleteGuildAgitEP12PacketHeader+0x2ea>））；其余指令差异 97 处（助记符不同（sub    $0x90,%esp | mov    0x8(%ebp),%eax）；助记符不同（movl   $0x0,-0x1c(%ebp) | mov    %eax,-0x18(%ebp)））","--- ORIG（伪代码化）
+++ OURS（伪代码化）
@@ -1,242 +1,187 @@
 push   %ebp
 mov    %esp,%ebp
-push   %esi
 push   %ebx
-sub    $0x90,%esp
-movl   $0x0,-0x1c(%ebp)
+sub    $0x84,%esp
+mov    0x8(%ebp),%eax
+mov    %eax,-0x18(%ebp)",2026-08-11
_ZN17CPacketTranslater17OnGMPowerWarStartEP12PacketHeader,CPacketTranslater::OnGMPowerWarStart(PacketHeader*),codegen_diff,"等价指令形态差异 6 处（等价指令形态差异（mov vs lea）；等价指令形态差异（jmp vs jne））；栈帧/局部布局差异 9 处（栈局部偏移不同（lea    -0x44(%ebp),%eax | lea    -0x34(%ebp),%eax）；栈局部偏移不同（lea    -0x44(%ebp),%eax | lea    -0x34(%ebp),%eax））；基本块布局差异 4 处（函数内跳转偏移不同（jmp    <T> <_ZN17CPacketTranslater17OnGMPowerWarStartEP12PacketHeader+0x11d> | jmp    <T> <_ZN17CPacketTranslater17OnGMPowerWarStartEP12PacketHeader+0x128>）；函数内跳转偏移不同（jmp    <T> <_ZN17CPacketTranslater17OnGMPowerWarStartEP12PacketHeader+0x13a> | jmp    <T> <_ZN17CPacketTranslater17OnGMPowerWarStartEP12PacketHeader+0x122>））；其余指令差异 29 处（助记符不同（jne    <T> <_ZN17CPacketTranslater17OnGMPowerWarStartEP12PacketHeader+0x261> | test   %eax,%eax）；助记符不同（mov    -0x20(%ebp),%eax | sete   %al））","--- ORIG（伪代码化）
+++ OURS（伪代码化）
@@ -1,171 +1,170 @@
 push   %ebp
 mov    %esp,%ebp
 push   %edi
 push   %esi
 push   %ebx
 sub    $0x5c,%esp
 mov    &_ZN17CPacketTranslater8m_pclAppE,%eax
 test   %eax,%eax
 jne    <T> <_ZN17CPacketTranslater17OnGMPowerWarStartEP12PacketHeader+0x4d>",2026-08-11
_ZN17CPacketTranslater17OnPacketJoinPowerEP12PacketHeader,CPacketTranslater::OnPacketJoinPower(PacketHeader*),other,"真实调用目标差异 3 处（调用目标不同（call   <T> <_ZN10CMyFileLogclEPKcS1_z> | call   <T> <_ZN13CGuildManager9FindGuildEj>）；调用目标不同（call   <T> <_ZN5CUser13GetGameServerEv> | call   <T> <_ZN10CMyFileLogC1EPKci>））；寄存器分配差异 4 处（寄存器分配差异（mov    %edx,(%esp) | mov    %eax,(%esp)）；寄存器分配差异（mov    %eax,(%esp) | mov    %eax,(%esp)））；等价指令形态差异 33 处（等价指令形态差异（mov vs lea）；等价指令形态差异（mov vs lea））；栈帧/局部布局差异 9 处（栈局部偏移不同（mov    %eax,-0x14(%ebp) | mov    %eax,-0x28(%ebp)）；栈局部偏移不同（lea    -0x63(%ebp),%eax | lea    -0x3f(%ebp),%eax））；基本块布局差异 1 处（函数内跳转偏移不同（jmp    <T> <_ZN17CPacketTranslater17OnPacketJoinPowerEP12PacketHeader+0x3c9> | jmp    <T> <_ZN17CPacketTranslater17OnPacketJoinPowerEP12PacketHeader+0x3e3>））；其余指令差异 124 处（助记符不同（add    $0xffffff80,%esp | sub    $0x90,%esp）；助记符不同（movl   $0x0,-0x59(%ebp) | lea    -0x3f(%ebp),%eax））","--- ORIG（伪代码化）
+++ OURS（伪代码化）
@@ -1,253 +1,258 @@
 push   %ebp
 mov    %esp,%ebp
 push   %esi
 push   %ebx
-add    $0xffffff80,%esp
+sub    $0x90,%esp
 mov    0x8(%ebp),%eax
-mov    %eax,-0x14(%ebp)
-lea    -0x63(%ebp),%eax",2026-08-11
_ZN17CPacketTranslater17OnReplyQueryGuildEP12PacketHeader,CPacketTranslater::OnReplyQueryGuild(PacketHeader*),caliber_issue,"寄存器分配差异 2 处（寄存器分配差异（mov    %eax,0x4(%esp) | mov    %ebx,0x4(%esp)）；寄存器分配差异（mov    %edx,(%esp) | mov    %eax,(%esp)））；等价指令形态差异 15 处（等价指令形态差异（sub vs push）；等价指令形态差异（movzbl vs mov））；栈帧/局部布局差异 8 处（栈局部偏移不同（mov    -0x18(%ebp),%eax | mov    %eax,-0x2c(%ebp)）；栈局部偏移不同（mov    -0x18(%ebp),%eax | mov    -0x2c(%ebp),%eax））；基本块布局差异 1 处（函数内跳转偏移不同（jmp    <T> <_ZN17CPacketTranslater17OnReplyQueryGuildEP12PacketHeader+0x2d6> | jmp    <T> <_ZN17CPacketTranslater17OnReplyQueryGuildEP12PacketHeader+0x23e>））；立即数/常量差异 2 处（立即数不同（add    $0x290,%edx | add    $0xb,%eax）；立即数不同（add    $0x290,%edx | add    $0xf,%eax））；其余指令差异 81 处（助记符不同（mov    %eax,-0x18(%ebp) | sub    $0x5c,%esp）；助记符不同（jne    <T> <_ZN17CPacketTranslater17OnReplyQueryGuildEP12PacketHeader+0x155> | add    $0xa,%eax））","--- ORIG（伪代码化）
+++ OURS（伪代码化）
@@ -1,183 +1,185 @@
 push   %ebp
 mov    %esp,%ebp
+push   %edi
 push   %esi
 push   %ebx
-sub    $0x50,%esp
+sub    $0x5c,%esp
 mov    0x8(%ebp),%eax
-mov    %eax,-0x18(%ebp)",2026-08-11
_ZN17CPacketTranslater18OnApproveJoinGuildEP12PacketHeader,CPacketTranslater::OnApproveJoinGuild(PacketHeader*),codegen_diff,"寄存器分配差异 2 处（寄存器分配差异（mov    &_ZN17CPacketTranslater8m_pclAppE,%edx | mov    &_ZN17CPacketTranslater8m_pclAppE,%eax）；寄存器分配差异（mov    -0x14(%ebp),%eax | mov    -0x14(%ebp),%eax））；等价指令形态差异 8 处（等价指令形态差异（push vs sub）；等价指令形态差异（lea vs mov））；栈帧/局部布局差异 2 处（栈局部偏移不同（lea    -0x2c(%ebp),%eax | lea    -0x37(%ebp),%eax）；栈局部偏移不同（lea    -0x53(%ebp),%edx | lea    -0x40(%ebp),%eax））；基本块布局差异 1 处（函数内跳转偏移不同（je     <T> <_ZN17CPacketTranslater18OnApproveJoinGuildEP12PacketHeader+0xc0> | je     <T> <_ZN17CPacketTranslater18OnApproveJoinGuildEP12PacketHeader+0x166>））；其余指令差异 48 处（助记符不同（sub    $0x60,%esp | mov    %eax,-0x18(%ebp)）；助记符不同（mov    %eax,-0x14(%ebp) | jne    <T> <_ZN17CPacketTranslater18OnApproveJoinGuildEP12PacketHeader+0x51>））","--- ORIG（伪代码化）
+++ OURS（伪代码化）
@@ -1,162 +1,102 @@
 push   %ebp
 mov    %esp,%ebp
-push   %esi
 push   %ebx
-sub    $0x60,%esp
+sub    $0x54,%esp
 mov    0x8(%ebp),%eax
-mov    %eax,-0x14(%ebp)
-movl   $0x0,-0x10(%ebp)",2026-08-11
_ZN17CPacketTranslater18OnCallGuildLevelUpEP12PacketHeader,CPacketTranslater::OnCallGuildLevelUp(PacketHeader*),other,"真实调用目标差异 3 处（调用目标不同（call   <T> <_ZN10CMyFileLogclEPKcS1_z> | call   <T> <_ZN10CMyFileLogclEPKcS1_z>）；调用目标不同（call   <T> <_ZN10CMyFileLogC1EPKci> | call   <T> <_ZN10CMyFileLogC1EPKci>））；寄存器分配差异 5 处（寄存器分配差异（mov    %ebx,0xc(%esp) | mov    %eax,0xc(%esp)）；寄存器分配差异（mov    %eax,(%esp) | mov    %eax,(%esp)））；等价指令形态差异 18 处（字节强转读取形态差（ORIG 直接偏移加载 mov    0x12(%eax),%eax vs OURS add+加载）；等价指令形态差异（jne vs jmp））；栈帧/局部布局差异 21 处（栈局部偏移不同（lea    -0x69(%ebp),%eax | lea    -0x35(%ebp),%eax）；栈局部偏移不同（lea    -0x69(%ebp),%eax | lea    -0x35(%ebp),%eax））；基本块布局差异 2 处（函数内跳转偏移不同（jmp    <T> <_ZN17CPacketTranslater18OnCallGuildLevelUpEP12PacketHeader+0x3c7> | jmp    <T> <_ZN17CPacketTranslater18OnCallGuildLevelUpEP12PacketHeader+0x3d3>）；函数内跳转偏移不同（jmp    <T> <_ZN17CPacketTranslater18OnCallGuildLevelUpEP12PacketHeader+0x4a0> | jmp    <T> <_ZN17CPacketTranslater18OnCallGuildLevelUpEP12PacketHeader+0x44a>））；其余指令差异 80 处（助记符不同（jne    <T> <_ZN17CPacketTranslater18OnCallGuildLevelUpEP12PacketHeader+0x1df> | mov    (%eax),%eax）；助记符不同（lea    -0x61(%ebp),%eax | jne    <T> <_ZN17CPacketTranslater18OnCallGuildLevelUpEP12PacketHeader+0x1e1>））","--- ORIG（伪代码化）
+++ OURS（伪代码化）
@@ -1,330 +1,336 @@
 push   %ebp
 mov    %esp,%ebp
 push   %edi
 push   %esi
 push   %ebx
 sub    $0x8c,%esp
 mov    &_ZN17CPacketTranslater8m_pclAppE,%eax
 test   %eax,%eax
 jne    <T> <_ZN17CPacketTranslater18OnCallGuildLevelUpEP12PacketHeader+0xf2>",2026-08-11
_ZN17CPacketTranslater18OnCallGuildMembersEP12PacketHeader,CPacketTranslater::OnCallGuildMembers(PacketHeader*),other,"真实调用目标差异 2 处（调用目标不同（call   <T> <_ZNSsD1Ev> | call   <T> <_ZNSsD1Ev>）；调用目标不同（call   <T> <_ZNSaIcED1Ev> | call   <T> <_ZNSaIcED1Ev>））；异常处理/展开路径差异 4 处（异常处理运行时调用差异（call   <T> <_ZNSsD1Ev> | call   <T> <_ZSt9terminatev>）；异常处理运行时调用差异（call   <T> <_ZNSsD1Ev> | call   <T> <_ZSt9terminatev>））；寄存器分配差异 19 处（寄存器分配差异（mov    %eax,(%esp) | mov    %eax,(%esp)）；寄存器分配差异（mov    %eax,(%esp) | mov    %eax,(%esp)））；等价指令形态差异 21 处（等价指令形态差异（mov vs lea）；等价指令形态差异（lea vs mov））；栈帧/局部布局差异 16 处（栈局部偏移不同（lea    -0x55(%ebp),%eax | lea    -0x41(%ebp),%eax）；栈局部偏移不同（lea    -0x55(%ebp),%eax | lea    -0x41(%ebp),%eax））；基本块布局差异 5 处（函数内跳转偏移不同（jne    <T> <_ZN17CPacketTranslater18OnCallGuildMembersEP12PacketHeader+0xef> | jne    <T> <_ZN17CPacketTranslater18OnCallGuildMembersEP12PacketHeader+0xf2>）；函数内跳转偏移不同（jmp    <T> <_ZN17CPacketTranslater18OnCallGuildMembersEP12PacketHeader+0xcc> | jmp    <T> <_ZN17CPacketTranslater18OnCallGuildMembersEP12PacketHeader+0xcf>））；立即数/常量差异 1 处（立即数不同（sub    $0x6c,%esp | sub    $0x5c,%esp））；其余指令差异 117 处（助记符不同（jmp    <T> <_ZN17CPacketTranslater18OnCallGuildMembersEP12PacketHeader+0x404> | mov    %ecx,(%esp)）；助记符不同（lea    -0x55(%ebp),%eax | call   <T> <_Unwind_Resume>））","--- ORIG（伪代码化）
+++ OURS（伪代码化）
@@ -1,390 +1,389 @@
 push   %ebp
 mov    %esp,%ebp
 push   %edi
 push   %esi
 push   %ebx
-sub    $0x6c,%esp
+sub    $0x5c,%esp
 mov    &_ZN17CPacketTranslater8m_pclAppE,%eax
 test   %eax,%eax",2026-08-11
_ZN17CPacketTranslater18OnGameServerRegistEP12PacketHeader,CPacketTranslater::OnGameServerRegist(PacketHeader*),other,"真实调用目标差异 1 处（调用目标不同（call   <T> <_ZN12CApplication17Get_ServerHandlerEv> | call   <T> <_ZN14CServerHandler16RegistGameServerEP12stServerInfo>））；等价指令形态差异 20 处（等价指令形态差异（push vs sub）；字节强转读取形态差（ORIG 直接偏移加载 movzbl 0xb(%eax),%edx vs OURS add+加载））；栈帧/局部布局差异 7 处（栈局部偏移不同（mov    -0x20(%ebp),%eax | mov    %al,-0x32(%ebp)）；栈局部偏移不同（mov    -0x20(%ebp),%eax | mov    %al,-0x31(%ebp)））；其余指令差异 61 处（助记符不同（sub    $0x44,%esp | movl   $0x16,0x8(%esp)）；助记符不同（mov    %eax,-0x20(%ebp) | movl   $0x0,0x4(%esp)））","--- ORIG（伪代码化）
+++ OURS（伪代码化）
@@ -1,156 +1,151 @@
 push   %ebp
 mov    %esp,%ebp
-push   %ebx
-sub    $0x44,%esp
+sub    $0x68,%esp
 mov    0x8(%ebp),%eax
-mov    %eax,-0x20(%ebp)
-movl   $0x16,(%esp)
-call   <T> <_Znwj>",2026-08-11
_ZN17CPacketTranslater18OnIncreaseGuildExpEP12PacketHeader,CPacketTranslater::OnIncreaseGuildExp(PacketHeader*),other,"真实调用目标差异 2 处（调用目标不同（call   <T> <_ZN13CGuildManager20GetGuildLevelWithExpEj> | call   <T> <_ZN12CApplication16Get_GuildManagerEv>）；调用目标不同（call   <T> <_ZN6CGuild21AddGuildExpUntilLimitEjj> | call   <T> <_ZNK12CUserManager15FindUser_CharNoEj>））；寄存器分配差异 10 处（寄存器分配差异（mov    %edx,(%esp) | mov    %eax,(%esp)）；寄存器分配差异（mov    %eax,(%esp) | mov    %eax,(%esp)））；等价指令形态差异 26 处（字节强转读取形态差（ORIG 直接偏移加载 mov    0xe(%eax),%eax vs OURS add+加载）；等价指令形态差异（mov vs lea））；栈帧/局部布局差异 22 处（栈局部偏移不同（lea    -0x6d(%ebp),%eax | lea    -0x4d(%ebp),%eax）；栈局部偏移不同（lea    -0x6d(%ebp),%eax | lea    -0x4d(%ebp),%eax））；基本块布局差异 4 处（函数内跳转偏移不同（jmp    <T> <_ZN17CPacketTranslater18OnIncreaseGuildExpEP12PacketHeader+0x46e> | jmp    <T> <_ZN17CPacketTranslater18OnIncreaseGuildExpEP12PacketHeader+0x457>）；函数内跳转偏移不同（jne    <T> <_ZN17CPacketTranslater18OnIncreaseGuildExpEP12PacketHeader+0x31a> | jne    <T> <_ZN17CPacketTranslater18OnIncreaseGuildExpEP12PacketHeader+0x393>））；立即数/常量差异 2 处（立即数不同（sub    $0x9c,%esp | sub    $0x8c,%esp）；立即数不同（cmp    $0x1,%al | cmp    $0x2,%al））；其余指令差异 155 处（助记符不同（je     <T> <_ZN17CPacketTranslater18OnIncreaseGuildExpEP12PacketHeader+0x394> | mov    (%eax),%eax）；助记符不同（mov    -0x3c(%ebp),%eax | jne    <T> <_ZN17CPacketTranslater18OnIncreaseGuildExpEP12PacketHeader+0x1e1>））","--- ORIG（伪代码化）
+++ OURS（伪代码化）
@@ -1,398 +1,396 @@
 push   %ebp
 mov    %esp,%ebp
 push   %edi
 push   %esi
 push   %ebx
-sub    $0x9c,%esp
+sub    $0x8c,%esp
 mov    &_ZN17CPacketTranslater8m_pclAppE,%eax
 test   %eax,%eax",2026-08-11
_ZN17CPacketTranslater18OnInnerPacketLoginEP12PacketHeader,CPacketTranslater::OnInnerPacketLogin(PacketHeader*),caliber_issue,"寄存器分配差异 1 处（寄存器分配差异（mov    %eax,0x4(%esp) | mov    %eax,0x4(%esp)））；等价指令形态差异 4 处（等价指令形态差异（lea vs mov）；等价指令形态差异（mov vs lea））；栈帧/局部布局差异 6 处（栈局部偏移不同（mov    -0x20(%ebp),%eax | mov    -0x1c(%ebp),%eax）；栈局部偏移不同（mov    -0x24(%ebp),%eax | mov    %eax,-0x14(%ebp)））；基本块布局差异 2 处（函数内跳转偏移不同（jmp    <T> <_ZN17CPacketTranslater18OnInnerPacketLoginEP12PacketHeader+0x253> | jmp    <T> <_ZN17CPacketTranslater18OnInnerPacketLoginEP12PacketHeader+0x232>）；函数内跳转偏移不同（jmp    <T> <_ZN17CPacketTranslater18OnInnerPacketLoginEP12PacketHeader+0x1ec> | jmp    <T> <_ZN17CPacketTranslater18OnInnerPacketLoginEP12PacketHeader+0x22d>））；立即数/常量差异 1 处（立即数不同（sub    $0x50,%esp | sub    $0x40,%esp））；其余指令差异 46 处（助记符不同（jne    <T> <_ZN17CPacketTranslater18OnInnerPacketLoginEP12PacketHeader+0x4c> | mov    0x8(%ebp),%eax）；助记符不同（lea    -0x3c(%ebp),%eax | jne    <T> <_ZN17CPacketTranslater18OnInnerPacketLoginEP12PacketHeader+0x52>））","--- ORIG（伪代码化）
+++ OURS（伪代码化）
@@ -1,159 +1,151 @@
 push   %ebp
 mov    %esp,%ebp
 push   %esi
 push   %ebx
-sub    $0x50,%esp
+sub    $0x40,%esp
+mov    0x8(%ebp),%eax
+mov    %eax,-0x20(%ebp)
 mov    &_ZN17CPacketTranslater8m_pclAppE,%eax",2026-08-11
_ZN17CPacketTranslater18OnNoticeGuildEnterEP12PacketHeader,CPacketTranslater::OnNoticeGuildEnter(PacketHeader*),caliber_issue,"寄存器分配差异 6 处（寄存器分配差异（mov    %eax,0x1c(%esp) | mov    %ebx,0x1c(%esp)）；寄存器分配差异（mov    %ebx,0x10(%esp) | mov    %edx,0x10(%esp)））；等价指令形态差异 10 处（等价指令形态差异（add vs lea）；等价指令形态差异（mov vs lea））；栈帧/局部布局差异 18 处（栈局部偏移不同（lea    -0x3d(%ebp),%eax | lea    -0x29(%ebp),%eax）；栈局部偏移不同（lea    -0x3d(%ebp),%eax | lea    -0x29(%ebp),%eax））；基本块布局差异 1 处（函数内跳转偏移不同（jmp    <T> <_ZN17CPacketTranslater18OnNoticeGuildEnterEP12PacketHeader+0x1d2> | jmp    <T> <_ZN17CPacketTranslater18OnNoticeGuildEnterEP12PacketHeader+0x1d4>））；立即数/常量差异 2 处（立即数不同（sub    $0x6c,%esp | sub    $0x5c,%esp）；立即数不同（add    $0x2d,%eax | add    $0xe,%eax））；其余指令差异 35 处（操作数差异（mov    %eax,-0x50(%ebp) | mov    (%eax),%eax）；操作数差异（mov    0x12(%eax),%edi | mov    -0x28(%ebp),%eax））","--- ORIG（伪代码化）
+++ OURS（伪代码化）
@@ -1,203 +1,205 @@
 push   %ebp
 mov    %esp,%ebp
 push   %edi
 push   %esi
 push   %ebx
-sub    $0x6c,%esp
+sub    $0x5c,%esp
 mov    &_ZN17CPacketTranslater8m_pclAppE,%eax
 test   %eax,%eax",2026-08-11
_ZN17CPacketTranslater18OnRefreshGuildInfoEP12PacketHeader,CPacketTranslater::OnRefreshGuildInfo(PacketHeader*),codegen_diff,"等价指令形态差异 10 处（等价指令形态差异（push vs sub）；等价指令形态差异（jne vs jmp））；其余指令差异 24 处（助记符不同（sub    $0x50,%esp | mov    %eax,-0x14(%ebp)）；助记符不同（mov    %eax,-0x18(%ebp) | jne    <T> <_ZN17CPacketTranslater18OnRefreshGuildInfoEP12PacketHeader+0x51>））","--- ORIG（伪代码化）
+++ OURS（伪代码化）
@@ -1,135 +1,75 @@
 push   %ebp
 mov    %esp,%ebp
-push   %esi
 push   %ebx
-sub    $0x50,%esp
+sub    $0x44,%esp
 mov    0x8(%ebp),%eax
-mov    %eax,-0x18(%ebp)
-movl   $0x0,-0x14(%ebp)",2026-08-11
_ZN17CPacketTranslater18OnReplyGuildInviteEP12PacketHeader,CPacketTranslater::OnReplyGuildInvite(PacketHeader*),other,"真实调用目标差异 8 处（调用目标不同（call   <T> <_ZN5CUser16SendToGameserverEPci> | call   <T> <_ZN5CUser14GetIdByChannelEv>）；调用目标不同（call   <T> <_ZN10CMyFileLogclEPKcS1_z> | call   <T> <_ZN27Packet_DBMW_Save_Guild_JoinC1Ev>））；寄存器分配差异 11 处（寄存器分配差异（mov    %edx,(%esp) | mov    %eax,(%esp)）；寄存器分配差异（mov    %eax,(%esp) | mov    %eax,(%esp)））；等价指令形态差异 50 处（等价指令形态差异（mov vs lea）；等价指令形态差异（mov vs lea））；栈帧/局部布局差异 29 处（栈局部偏移不同（lea    -0x61(%ebp),%eax | lea    -0x45(%ebp),%eax）；栈局部偏移不同（lea    -0x61(%ebp),%eax | lea    -0x45(%ebp),%eax））；基本块布局差异 2 处（函数内跳转偏移不同（jmp    <T> <_ZN17CPacketTranslater18OnReplyGuildInviteEP12PacketHeader+0x636> | jmp    <T> <_ZN17CPacketTranslater18OnReplyGuildInviteEP12PacketHeader+0x731>）；函数内跳转偏移不同（jne    <T> <_ZN17CPacketTranslater18OnReplyGuildInviteEP12PacketHeader+0x1ee> | jne    <T> <_ZN17CPacketTranslater18OnReplyGuildInviteEP12PacketHeader+0x1f3>））；立即数/常量差异 1 处（立即数不同（sub    $0xdc,%esp | sub    $0xec,%esp））；其余指令差异 174 处（助记符不同（mov    %eax,-0x2c(%ebp) | add    $0xa,%eax）；操作数差异（mov    &_ZN17CPacketTranslater8m_pclAppE,%eax | mov    (%eax),%eax））","--- ORIG（伪代码化）
+++ OURS（伪代码化）
@@ -1,442 +1,520 @@
 push   %ebp
 mov    %esp,%ebp
 push   %edi
 push   %esi
 push   %ebx
-sub    $0xdc,%esp
+sub    $0xec,%esp
 mov    &_ZN17CPacketTranslater8m_pclAppE,%eax
 test   %eax,%eax",2026-08-11
_ZN17CPacketTranslater18OnRequestBlackListEP12PacketHeader,CPacketTranslater::OnRequestBlackList(PacketHeader*),codegen_diff,"等价指令形态差异 9 处（等价指令形态差异（mov vs lea）；等价指令形态差异（mov vs lea））；栈帧/局部布局差异 9 处（栈局部偏移不同（mov    %eax,-0x10(%ebp) | mov    %eax,-0x14(%ebp)）；栈局部偏移不同（lea    -0x34(%ebp),%eax | lea    -0x20(%ebp),%eax））；基本块布局差异 2 处（函数内跳转偏移不同（jmp    <T> <_ZN17CPacketTranslater18OnRequestBlackListEP12PacketHeader+0x1fd> | jmp    <T> <_ZN17CPacketTranslater18OnRequestBlackListEP12PacketHeader+0x203>）；函数内跳转偏移不同（jmp    <T> <_ZN17CPacketTranslater18OnRequestBlackListEP12PacketHeader+0x1f8> | jmp    <T> <_ZN17CPacketTranslater18OnRequestBlackListEP12PacketHeader+0x203>））；其余指令差异 31 处（助记符不同（mov    -0x10(%ebp),%eax | add    $0xe,%eax）；操作数差异（mov    0xa(%eax),%eax | mov    (%eax),%eax））","--- ORIG（伪代码化）
+++ OURS（伪代码化）
@@ -1,129 +1,132 @@
 push   %ebp
 mov    %esp,%ebp
 push   %esi
 push   %ebx
 sub    $0x1e0,%esp
 mov    0x8(%ebp),%eax
-mov    %eax,-0x10(%ebp)
+mov    %eax,-0x14(%ebp)
 mov    &_ZN17CPacketTranslater8m_pclAppE,%eax",2026-08-11
_ZN17CPacketTranslater18OnUpgradeGuildAgitEP12PacketHeader,CPacketTranslater::OnUpgradeGuildAgit(PacketHeader*),caliber_issue,"寄存器分配差异 1 处（寄存器分配差异（test   %al,%al | test   %al,%al））；等价指令形态差异 6 处（字节强转读取形态差（ORIG 直接偏移加载 mov    0xa(%eax),%eax vs OURS add+加载）；等价指令形态差异（mov vs lea））；栈帧/局部布局差异 3 处（栈局部偏移不同（lea    -0x5c(%ebp),%eax | lea    -0x2c(%ebp),%eax）；栈局部偏移不同（mov    -0x20(%ebp),%eax | mov    -0x24(%ebp),%eax））；基本块布局差异 1 处（函数内跳转偏移不同（je     <T> <_ZN17CPacketTranslater18OnUpgradeGuildAgitEP12PacketHeader+0x19b> | je     <T> <_ZN17CPacketTranslater18OnUpgradeGuildAgitEP12PacketHeader+0x154>））；立即数/常量差异 1 处（立即数不同（sub    $0x8c,%esp | sub    $0x6c,%esp））；其余指令差异 85 处（助记符不同（movl   $0x0,-0x24(%ebp) | mov    0x8(%ebp),%eax）；助记符不同（jne    <T> <_ZN17CPacketTranslater18OnUpgradeGuildAgitEP12PacketHeader+0x57> | mov    %eax,-0x24(%ebp)））","--- ORIG（伪代码化）
+++ OURS（伪代码化）
@@ -1,205 +1,143 @@
 push   %ebp
 mov    %esp,%ebp
 push   %edi
 push   %esi
 push   %ebx
-sub    $0x8c,%esp
-movl   $0x0,-0x24(%ebp)
+sub    $0x6c,%esp
+mov    0x8(%ebp),%eax",2026-08-11
_ZN17CPacketTranslater19OnDBCreateGuildAgitEP12PacketHeader,CPacketTranslater::OnDBCreateGuildAgit(PacketHeader*),caliber_issue,"等价指令形态差异 15 处（等价指令形态差异（push vs sub）；等价指令形态差异（lea vs mov））；栈帧/局部布局差异 5 处（栈局部偏移不同（mov    -0x20(%ebp),%eax | mov    -0x14(%ebp),%eax）；栈局部偏移不同（mov    -0x20(%ebp),%eax | mov    %eax,-0x10(%ebp)））；立即数/常量差异 1 处（立即数不同（add    $0x290,%edx | add    $0xe,%eax））；其余指令差异 42 处（助记符不同（push   %esi | mov    0x8(%ebp),%eax）；助记符不同（sub    $0x194c,%esp | mov    %eax,-0x14(%ebp)））","--- ORIG（伪代码化）
+++ OURS（伪代码化）
@@ -1,183 +1,126 @@
 push   %ebp
 mov    %esp,%ebp
-push   %edi
-push   %esi
 push   %ebx
-sub    $0x194c,%esp
-movl   $0x0,-0x28(%ebp)
-movl   $0x0,-0x24(%ebp)
+sub    $0x1924,%esp",2026-08-11
_ZN17CPacketTranslater19OnDBDeleteGuildAgitEP12PacketHeader,CPacketTranslater::OnDBDeleteGuildAgit(PacketHeader*),codegen_diff,"等价指令形态差异 7 处（等价指令形态差异（push vs sub）；等价指令形态差异（jne vs jmp））；栈帧/局部布局差异 7 处（栈局部偏移不同（mov    %eax,-0x20(%ebp) | mov    -0x14(%ebp),%eax）；栈局部偏移不同（mov    -0x20(%ebp),%eax | mov    -0x10(%ebp),%edx））；其余指令差异 39 处（助记符不同（push   %esi | mov    0x8(%ebp),%eax）；助记符不同（push   %ebx | mov    %eax,-0x14(%ebp)））","--- ORIG（伪代码化）
+++ OURS（伪代码化）
@@ -1,154 +1,92 @@
 push   %ebp
 mov    %esp,%ebp
-push   %edi
-push   %esi
-push   %ebx
-sub    $0x6c,%esp
-movl   $0x0,-0x28(%ebp)
-movl   $0x0,-0x24(%ebp)
+sub    $0x58,%esp",2026-08-11
_ZN17CPacketTranslater19OnDeleteToBlackListEP12PacketHeader,CPacketTranslater::OnDeleteToBlackList(PacketHeader*),caliber_issue,"寄存器分配差异 1 处（寄存器分配差异（mov    %edx,(%esp) | mov    %eax,(%esp)））；等价指令形态差异 10 处（等价指令形态差异（mov vs lea）；等价指令形态差异（mov vs lea））；栈帧/局部布局差异 10 处（栈局部偏移不同（mov    %eax,-0x10(%ebp) | mov    %eax,-0x18(%ebp)）；栈局部偏移不同（lea    -0x40(%ebp),%eax | lea    -0x28(%ebp),%eax））；基本块布局差异 5 处（函数内跳转偏移不同（jmp    <T> <_ZN17CPacketTranslater19OnDeleteToBlackListEP12PacketHeader+0x290> | jmp    <T> <_ZN17CPacketTranslater19OnDeleteToBlackListEP12PacketHeader+0x293>）；函数内跳转偏移不同（jmp    <T> <_ZN17CPacketTranslater19OnDeleteToBlackListEP12PacketHeader+0xf0> | jmp    <T> <_ZN17CPacketTranslater19OnDeleteToBlackListEP12PacketHeader+0x10d>））；立即数/常量差异 1 处（立即数不同（add    $0x10,%edx | add    $0xa,%eax））；其余指令差异 41 处（助记符不同（mov    -0x10(%ebp),%eax | add    $0xa,%eax）；操作数差异（mov    -0x10(%ebp),%eax | mov    %eax,(%edx)））","--- ORIG（伪代码化）
+++ OURS（伪代码化）
@@ -1,180 +1,179 @@
 push   %ebp
 mov    %esp,%ebp
 push   %esi
 push   %ebx
 add    $0xffffff80,%esp
 mov    0x8(%ebp),%eax
-mov    %eax,-0x10(%ebp)
+mov    %eax,-0x18(%ebp)
 mov    &_ZN17CPacketTranslater8m_pclAppE,%eax",2026-08-11
_ZN17CPacketTranslater19OnGuildCargoHistoryEP12PacketHeader,CPacketTranslater::OnGuildCargoHistory(PacketHeader*),other,"真实调用目标差异 2 处（调用目标不同（call   <T> <_ZN35Packet_Guild_Cargo_History_ResponseC1Ev> | call   <T> <_ZN6CGuild13GetGuildCargoEv>）；调用目标不同（call   <T> <_ZN5CUser14GetIdByChannelEv> | call   <T> <_ZN11CGuildCargo10GetHistoryEP15STGuildCargoLog>））；寄存器分配差异 3 处（寄存器分配差异（mov    %edx,(%esp) | mov    %eax,(%esp)）；寄存器分配差异（mov    %eax,(%esp) | mov    %eax,(%esp)））；等价指令形态差异 14 处（等价指令形态差异（push vs sub）；等价指令形态差异（mov vs lea））；栈帧/局部布局差异 9 处（栈局部偏移不同（mov    %eax,-0x2c(%ebp) | mov    %eax,-0x1c(%ebp)）；栈局部偏移不同（mov    %eax,-0x28(%ebp) | mov    %eax,-0x18(%ebp)））；基本块布局差异 3 处（函数内跳转偏移不同（jne    <T> <_ZN17CPacketTranslater19OnGuildCargoHistoryEP12PacketHeader+0xba> | jne    <T> <_ZN17CPacketTranslater19OnGuildCargoHistoryEP12PacketHeader+0xbf>）；函数内跳转偏移不同（jmp    <T> <_ZN17CPacketTranslater19OnGuildCargoHistoryEP12PacketHeader+0x337> | jmp    <T> <_ZN17CPacketTranslater19OnGuildCargoHistoryEP12PacketHeader+0x26f>））；其余指令差异 67 处（助记符不同（push   %esi | mov    %eax,-0x20(%ebp)）；助记符不同（sub    $0x9fc,%esp | jne    <T> <_ZN17CPacketTranslater19OnGuildCargoHistoryEP12PacketHeader+0x54>））","--- ORIG（伪代码化）
+++ OURS（伪代码化）
@@ -1,204 +1,153 @@
 push   %ebp
 mov    %esp,%ebp
-push   %edi
-push   %esi
 push   %ebx
-sub    $0x9fc,%esp
+sub    $0x9e4,%esp
 mov    0x8(%ebp),%eax
-mov    %eax,-0x30(%ebp)",2026-08-11
_ZN17CPacketTranslater19OnGuildCargoPopItemEP12PacketHeader,CPacketTranslater::OnGuildCargoPopItem(PacketHeader*),other,"真实调用目标差异 3 处（调用目标不同（call   <T> <_ZN10CMyFileLogclEPKcS1_z> | call   <T> <_ZN10CMyFileLogclEPKcS1_z>）；调用目标不同（call   <T> <_ZN10CMyFileLogclEPKcS1_z> | call   <T> <_ZN10CMyFileLogclEPKcS1_z>））；寄存器分配差异 7 处（寄存器分配差异（mov    %eax,(%esp) | mov    %eax,(%esp)）；寄存器分配差异（mov    %eax,0x4(%esp) | mov    %edx,0x4(%esp)））；等价指令形态差异 48 处（等价指令形态差异（push vs sub）；等价指令形态差异（lea vs mov））；栈帧/局部布局差异 39 处（栈局部偏移不同（mov    -0x34(%ebp),%eax | mov    %eax,-0x40(%ebp)）；栈局部偏移不同（mov    %eax,-0xbd(%ebp) | mov    %eax,-0x38(%ebp)））；基本块布局差异 3 处（函数内跳转偏移不同（jne    <T> <_ZN17CPacketTranslater19OnGuildCargoPopItemEP12PacketHeader+0x13e> | jne    <T> <_ZN17CPacketTranslater19OnGuildCargoPopItemEP12PacketHeader+0x113>）；函数内跳转偏移不同（jmp    <T> <_ZN17CPacketTranslater19OnGuildCargoPopItemEP12PacketHeader+0x78d> | jmp    <T> <_ZN17CPacketTranslater19OnGuildCargoPopItemEP12PacketHeader+0x676>））；其余指令差异 191 处（助记符不同（sub    $0x15c,%esp | mov    0x8(%ebp),%eax）；助记符不同（mov    0x8(%ebp),%eax | add    $0xa,%eax））","--- ORIG（伪代码化）
+++ OURS（伪代码化）
@@ -1,453 +1,405 @@
 push   %ebp
 mov    %esp,%ebp
-push   %edi
 push   %esi
 push   %ebx
-sub    $0x15c,%esp
-mov    0x8(%ebp),%eax
+sub    $0x140,%esp
+mov    0x8(%ebp),%eax",2026-08-11
_ZN17CPacketTranslater19OnGuildCargoUpgradeEP12PacketHeader,CPacketTranslater::OnGuildCargoUpgrade(PacketHeader*),other,"真实调用目标差异 5 处（调用目标不同（call   <T> <_ZN10CMyFileLogclEPKcS1_z> | call   <T> <_ZN12CApplication16Get_GuildManagerEv>）；调用目标不同（call   <T> <_ZN10CMyFileLogC1EPKci> | call   <T> <_ZN10CMyFileLogclEPKcS1_z>））；寄存器分配差异 5 处（寄存器分配差异（mov    %eax,(%esp) | mov    %eax,(%esp)）；寄存器分配差异（mov    %eax,(%esp) | mov    %eax,(%esp)））；等价指令形态差异 23 处（等价指令形态差异（push vs sub）；等价指令形态差异（mov vs lea））；栈帧/局部布局差异 14 处（栈局部偏移不同（mov    %eax,-0x2c(%ebp) | mov    -0x34(%ebp),%eax）；栈局部偏移不同（mov    -0x34(%ebp),%eax | mov    %eax,-0x24(%ebp)））；基本块布局差异 1 处（函数内跳转偏移不同（jmp    <T> <_ZN17CPacketTranslater19OnGuildCargoUpgradeEP12PacketHeader+0x57d> | jmp    <T> <_ZN17CPacketTranslater19OnGuildCargoUpgradeEP12PacketHeader+0x49f>））；其余指令差异 225 处（助记符不同（sub    $0xdc,%esp | mov    %eax,-0x34(%ebp)）；助记符不同（test   %eax,%eax | mov    &_ZN17CPacketTranslater8m_pclAppE,%eax））","--- ORIG（伪代码化）
+++ OURS（伪代码化）
@@ -1,349 +1,325 @@
 push   %ebp
 mov    %esp,%ebp
-push   %edi
 push   %esi
 push   %ebx
-sub    $0xdc,%esp
+sub    $0xc0,%esp
 mov    0x8(%ebp),%eax
+mov    %eax,-0x34(%ebp)",2026-08-11
_ZN17CPacketTranslater19OnInnerPacketLogoutEP12PacketHeader,CPacketTranslater::OnInnerPacketLogout(PacketHeader*),codegen_diff,"等价指令形态差异 6 处（等价指令形态差异（lea vs mov）；等价指令形态差异（mov vs lea））；栈帧/局部布局差异 4 处（栈局部偏移不同（mov    -0x18(%ebp),%eax | mov    -0x1c(%ebp),%eax）；栈局部偏移不同（mov    -0x18(%ebp),%eax | mov    -0x20(%ebp),%eax））；基本块布局差异 2 处（函数内跳转偏移不同（jmp    <T> <_ZN17CPacketTranslater19OnInnerPacketLogoutEP12PacketHeader+0x1fb> | jmp    <T> <_ZN17CPacketTranslater19OnInnerPacketLogoutEP12PacketHeader+0x1fa>）；函数内跳转偏移不同（jmp    <T> <_ZN17CPacketTranslater19OnInnerPacketLogoutEP12PacketHeader+0x1fb> | jmp    <T> <_ZN17CPacketTranslater19OnInnerPacketLogoutEP12PacketHeader+0x199>））；其余指令差异 28 处（助记符不同（jne    <T> <_ZN17CPacketTranslater19OnInnerPacketLogoutEP12PacketHeader+0x4c> | mov    0x8(%ebp),%eax）；助记符不同（lea    -0x30(%ebp),%eax | jne    <T> <_ZN17CPacketTranslater19OnInnerPacketLogoutEP12PacketHeader+0x52>））","--- ORIG（伪代码化）
+++ OURS（伪代码化）
@@ -1,137 +1,138 @@
 push   %ebp
 mov    %esp,%ebp
 push   %esi
 push   %ebx
 sub    $0x40,%esp
+mov    0x8(%ebp),%eax
+mov    %eax,-0x20(%ebp)
 mov    &_ZN17CPacketTranslater8m_pclAppE,%eax
 test   %eax,%eax",2026-08-11
_ZN17CPacketTranslater19OnNoticeGuildCreateEP12PacketHeader,CPacketTranslater::OnNoticeGuildCreate(PacketHeader*),other,"真实调用目标差异 3 处（调用目标不同（call   <T> <_ZNSsD1Ev> | call   <T> <_ZNSsD1Ev>）；调用目标不同（call   <T> <_ZNSsD1Ev> | call   <T> <_ZNSsD1Ev>））；异常处理/展开路径差异 2 处（异常处理运行时调用差异（call   <T> <_ZSt9terminatev> | call   <T> <_ZSt9terminatev>）；异常处理运行时调用差异（call   <T> <_ZSt9terminatev> | call   <T> <_ZSt9terminatev>））；寄存器分配差异 22 处（寄存器分配差异（mov    %eax,(%esp) | mov    %eax,(%esp)）；寄存器分配差异（mov    %eax,%ecx | mov    %eax,%ecx））；等价指令形态差异 12 处（等价指令形态差异（mov vs lea）；等价指令形态差异（mov vs lea））；栈帧/局部布局差异 22 处（栈局部偏移不同（lea    -0x41(%ebp),%eax | lea    -0x35(%ebp),%eax）；栈局部偏移不同（lea    -0x41(%ebp),%eax | lea    -0x35(%ebp),%eax））；基本块布局差异 9 处（函数内跳转偏移不同（jne    <T> <_ZN17CPacketTranslater19OnNoticeGuildCreateEP12PacketHeader+0xef> | jne    <T> <_ZN17CPacketTranslater19OnNoticeGuildCreateEP12PacketHeader+0xf2>）；函数内跳转偏移不同（jmp    <T> <_ZN17CPacketTranslater19OnNoticeGuildCreateEP12PacketHeader+0x95> | jmp    <T> <_ZN17CPacketTranslater19OnNoticeGuildCreateEP12PacketHeader+0x98>））；立即数/常量差异 1 处（立即数不同（sub    $0x7c,%esp | sub    $0x8c,%esp））；其余指令差异 67 处（助记符不同（sete   %al | jne    <T> <_ZN17CPacketTranslater19OnNoticeGuildCreateEP12PacketHeader+0x1eb>）；助记符不同（test   %al,%al | lea    -0x2d(%ebp),%eax））","--- ORIG（伪代码化）
+++ OURS（伪代码化）
@@ -1,282 +1,285 @@
 push   %ebp
 mov    %esp,%ebp
 push   %edi
 push   %esi
 push   %ebx
-sub    $0x7c,%esp
+sub    $0x8c,%esp
 mov    &_ZN17CPacketTranslater8m_pclAppE,%eax
 test   %eax,%eax",2026-08-11
_ZN17CPacketTranslater19OnNoticeGuildSecedeEP12PacketHeader,CPacketTranslater::OnNoticeGuildSecede(PacketHeader*),other,"真实调用目标差异 1 处（调用目标不同（call   *%edx | call   <T> <_ZN12CApplication16Get_GuildManagerEv>））；寄存器分配差异 3 处（寄存器分配差异（mov    -0x28(%ebp),%eax | mov    -0x28(%ebp),%eax）；寄存器分配差异（mov    (%eax),%edx | mov    (%eax),%ebx））；等价指令形态差异 24 处（等价指令形态差异（mov vs lea）；等价指令形态差异（mov vs lea））；栈帧/局部布局差异 11 处（栈局部偏移不同（lea    -0x39(%ebp),%eax | lea    -0x29(%ebp),%eax）；栈局部偏移不同（lea    -0x39(%ebp),%eax | lea    -0x29(%ebp),%eax））；基本块布局差异 2 处（函数内跳转偏移不同（jne    <T> <_ZN17CPacketTranslater19OnNoticeGuildSecedeEP12PacketHeader+0xe2> | jne    <T> <_ZN17CPacketTranslater19OnNoticeGuildSecedeEP12PacketHeader+0xe5>）；函数内跳转偏移不同（jmp    <T> <_ZN17CPacketTranslater19OnNoticeGuildSecedeEP12PacketHeader+0xbf> | jmp    <T> <_ZN17CPacketTranslater19OnNoticeGuildSecedeEP12PacketHeader+0xc2>））；立即数/常量差异 1 处（立即数不同（add    $0x8,%eax | add    $0xa,%eax））；其余指令差异 44 处（助记符不同（jmp    <T> <_ZN17CPacketTranslater19OnNoticeGuildSecedeEP12PacketHeader+0x2b9> | mov    %eax,(%esp)）；助记符不同（lea    -0x39(%ebp),%eax | call   <T> <_Unwind_Resume>））","--- ORIG（伪代码化）
+++ OURS（伪代码化）
@@ -1,246 +1,263 @@
 push   %ebp
 mov    %esp,%ebp
 push   %edi
 push   %esi
 push   %ebx
 sub    $0x108c,%esp
 mov    &_ZN17CPacketTranslater8m_pclAppE,%eax
 test   %eax,%eax
-jne    <T> <_ZN17CPacketTranslater19OnNoticeGuildSecedeEP12PacketHeader+0xe2>",2026-08-11
_ZN17CPacketTranslater19OnNoticeGuildWarEndEP12PacketHeader,CPacketTranslater::OnNoticeGuildWarEnd(PacketHeader*),other,"真实调用目标差异 1 处（调用目标不同（call   <T> <_ZN9CGuildWar16SetGuildWarEventEbh> | call   <T> <_ZNSsD1Ev>））；异常处理/展开路径差异 5 处（异常处理运行时调用差异（call   <T> <__cxa_free_exception> | call   <T> <_ZN9CGuildWar17IsGuildWarEventOnEv>）；异常处理运行时调用差异（call   <T> <_ZSt9terminatev> | call   <T> <_ZN9CGuildWar16SetGuildWarEventEbh>））；寄存器分配差异 19 处（寄存器分配差异（mov    %eax,%ebx | mov    %eax,%ecx）；寄存器分配差异（mov    %ebx,%eax | mov    %edx,%eax））；等价指令形态差异 37 处（等价指令形态差异（lea vs mov）；等价指令形态差异（lea vs mov））；栈帧/局部布局差异 3 处（栈局部偏移不同（lea    -0x49(%ebp),%eax | lea    -0x38(%ebp),%esi）；栈局部偏移不同（lea    -0xcd(%ebp),%eax | lea    -0xcf(%ebp),%eax））；基本块布局差异 1 处（函数内跳转偏移不同（jmp    <T> <_ZN17CPacketTranslater19OnNoticeGuildWarEndEP12PacketHeader+0x2e7> | jmp    <T> <_ZN17CPacketTranslater19OnNoticeGuildWarEndEP12PacketHeader+0x3d3>））；其余指令差异 151 处（助记符不同（lea    -0x49(%ebp),%eax | movl   $""CPacketTranslater::OnNoticeGuildWarEnd : 0 == m_pclApp"",0x4(%esp)）；助记符不同（mov    %eax,(%esp) | jmp    <T> <_ZN17CPacketTranslater19OnNoticeGuildWarEndEP12PacketHeader+0x98>））","--- ORIG（伪代码化）
+++ OURS（伪代码化）
@@ -1,344 +1,349 @@
 push   %ebp
 mov    %esp,%ebp
 push   %edi
 push   %esi
 push   %ebx
 sub    $0xdc,%esp
 mov    &_ZN17CPacketTranslater8m_pclAppE,%eax
 test   %eax,%eax
 jne    <T> <_ZN17CPacketTranslater19OnNoticeGuildWarEndEP12PacketHeader+0xf2>",2026-08-11
_ZN17CPacketTranslater19OnPacketSecedePowerEP12PacketHeader,CPacketTranslater::OnPacketSecedePower(PacketHeader*),other,"真实调用目标差异 4 处（调用目标不同（call   <T> <_ZN6CGuild16IsSubGuildMasterEj> | call   <T> <_ZN5CUser13GetGameServerEv>）；调用目标不同（call   <T> <_ZN10CMyFileLogclEPKcS1_z> | call   <T> <_ZN5CUser16SendToGameserverEPci>））；寄存器分配差异 9 处（寄存器分配差异（mov    -0x14(%ebp),%eax | mov    -0x14(%ebp),%eax）；寄存器分配差异（mov    -0x1c(%ebp),%eax | mov    -0x1c(%ebp),%eax））；等价指令形态差异 25 处（等价指令形态差异（lea vs mov）；等价指令形态差异（mov vs lea））；栈帧/局部布局差异 6 处（栈局部偏移不同（lea    -0x73(%ebp),%eax | lea    -0x3b(%ebp),%eax）；栈局部偏移不同（mov    %eax,-0x61(%ebp) | mov    -0x24(%ebp),%eax））；立即数/常量差异 1 处（立即数不同（sub    $0x90,%esp | sub    $0xa0,%esp））；其余指令差异 172 处（助记符不同（jne    <T> <_ZN17CPacketTranslater19OnPacketSecedePowerEP12PacketHeader+0x4f> | mov    0x8(%ebp),%eax）；助记符不同（lea    -0x5c(%ebp),%eax | jne    <T> <_ZN17CPacketTranslater19OnPacketSecedePowerEP12PacketHeader+0x55>））","--- ORIG（伪代码化）
+++ OURS（伪代码化）
@@ -1,309 +1,302 @@
 push   %ebp
 mov    %esp,%ebp
 push   %esi
 push   %ebx
-sub    $0x90,%esp
+sub    $0xa0,%esp
+mov    0x8(%ebp),%eax
+mov    %eax,-0x24(%ebp)
 mov    &_ZN17CPacketTranslater8m_pclAppE,%eax",2026-08-11
_ZN17CPacketTranslater19OnPowerWarStartInfoEP12PacketHeader,CPacketTranslater::OnPowerWarStartInfo(PacketHeader*),caliber_issue,"等价指令形态差异 9 处（等价指令形态差异（mov vs lea）；等价指令形态差异（mov vs lea））；栈帧/局部布局差异 5 处（栈局部偏移不同（mov    %eax,-0x14(%ebp) | mov    %eax,-0x18(%ebp)）；栈局部偏移不同（lea    -0x34(%ebp),%eax | lea    -0x20(%ebp),%eax））；基本块布局差异 1 处（函数内跳转偏移不同（jmp    <T> <_ZN17CPacketTranslater19OnPowerWarStartInfoEP12PacketHeader+0x1e6> | jmp    <T> <_ZN17CPacketTranslater19OnPowerWarStartInfoEP12PacketHeader+0x1f8>））；立即数/常量差异 1 处（立即数不同（sub    $0x60,%esp | sub    $0x70,%esp））；其余指令差异 29 处（助记符不同（je     <T> <_ZN17CPacketTranslater19OnPowerWarStartInfoEP12PacketHeader+0xac> | test   %eax,%eax）；助记符不同（lea    -0x46(%ebp),%eax | setne  %al））","--- ORIG（伪代码化）
+++ OURS（伪代码化）
@@ -1,128 +1,135 @@
 push   %ebp
 mov    %esp,%ebp
 push   %esi
 push   %ebx
-sub    $0x60,%esp
+sub    $0x70,%esp
 mov    0x8(%ebp),%eax
-mov    %eax,-0x14(%ebp)
+mov    %eax,-0x18(%ebp)",2026-08-11
_ZN17CPacketTranslater19SendPacketGuildMailEhjjPKcS1_j,"CPacketTranslater::SendPacketGuildMail(unsigned char, unsigned int, unsigned int, char const*, char const*, unsigned int)",template_macro,源码未定位：第 3 节未能在候选源文件/对象中定位该函数定义（模板头文件、宏生成函数或 typedef 参数形态），无法从源码侧修复；共 63 组指令差异。,"--- ORIG（伪代码化）
+++ OURS（伪代码化）
@@ -1,68 +1,61 @@
 push   %ebp
 mov    %esp,%ebp
-sub    $0x168,%esp
+sub    $0x158,%esp
 mov    0x8(%ebp),%eax
-mov    %al,-0x14c(%ebp)
-lea    -0x139(%ebp),%eax
+mov    %al,-0x13c(%ebp)
+lea    -0x135(%ebp),%eax",2026-08-11
_ZN17CPacketTranslater20OnDBReplyGuildCreateEP12PacketHeader,CPacketTranslater::OnDBReplyGuildCreate(PacketHeader*),other,"真实调用目标差异 1 处（调用目标不同（call   *%edx | call   <T> <_ZN12CApplication17Get_ServerHandlerEv>））；寄存器分配差异 3 处（寄存器分配差异（mov    %edx,(%esp) | mov    %eax,(%esp)）；寄存器分配差异（mov    %edx,0x4(%esp) | mov    %eax,0x4(%esp)））；等价指令形态差异 30 处（字节强转读取形态差（ORIG 直接偏移加载 mov    0xa(%eax),%eax vs OURS add+加载）；等价指令形态差异（mov vs lea））；栈帧/局部布局差异 14 处（栈局部偏移不同（mov    %eax,-0x20(%ebp) | mov    %eax,-0x40(%ebp)）；栈局部偏移不同（lea    -0x54(%ebp),%eax | lea    -0x50(%ebp),%eax））；基本块布局差异 1 处（函数内跳转偏移不同（jmp    <T> <_ZN17CPacketTranslater20OnDBReplyGuildCreateEP12PacketHeader+0x442> | jmp    <T> <_ZN17CPacketTranslater20OnDBReplyGuildCreateEP12PacketHeader+0x483>））；立即数/常量差异 1 处（立即数不同（sub    $0xbc,%esp | sub    $0xcc,%esp））；其余指令差异 86 处（操作数差异（mov    &_ZN17CPacketTranslater8m_pclAppE,%edx | mov    (%eax),%eax）；助记符不同（add    $0x10,%edx | mov    %eax,-0x3c(%ebp)））","--- ORIG（伪代码化）
+++ OURS（伪代码化）
@@ -1,289 +1,309 @@
 push   %ebp
 mov    %esp,%ebp
 push   %edi
 push   %esi
 push   %ebx
-sub    $0xbc,%esp
+sub    $0xcc,%esp
 mov    0x8(%ebp),%eax
-mov    %eax,-0x20(%ebp)",2026-08-11
_ZN17CPacketTranslater20OnDBReplyGuildSecedeEP12PacketHeader,CPacketTranslater::OnDBReplyGuildSecede(PacketHeader*),other,"真实调用目标差异 4 处（调用目标不同（call   <T> <_ZN5CUser13GetUniqCharNoEv> | call   <T> <_ZN12CApplication17Get_ServerHandlerEv>）；调用目标不同（call   <T> <_ZN5CUser17SendTcpGameserverEP12PacketHeader> | call   <T> <_ZN21Packet_DBMW_Query_MsgC1Ev>））；寄存器分配差异 12 处（寄存器分配差异（mov    %ebx,0xc(%esp) | mov    %eax,0xc(%esp)）；寄存器分配差异（lea    -0x50(%ebp),%eax | lea    -0x50(%ebp),%eax））；等价指令形态差异 45 处（等价指令形态差异（mov vs lea）；等价指令形态差异（lea vs mov））；栈帧/局部布局差异 31 处（栈局部偏移不同（lea    -0x59(%ebp),%eax | lea    -0x41(%ebp),%eax）；栈局部偏移不同（lea    -0x59(%ebp),%eax | lea    -0x41(%ebp),%eax））；基本块布局差异 5 处（函数内跳转偏移不同（jmp    <T> <_ZN17CPacketTranslater20OnDBReplyGuildSecedeEP12PacketHeader+0x5e8> | jmp    <T> <_ZN17CPacketTranslater20OnDBReplyGuildSecedeEP12PacketHeader+0x5fc>）；函数内跳转偏移不同（jmp    <T> <_ZN17CPacketTranslater20OnDBReplyGuildSecedeEP12PacketHeader+0x6be> | jmp    <T> <_ZN17CPacketTranslater20OnDBReplyGuildSecedeEP12PacketHeader+0x6dc>））；立即数/常量差异 4 处（立即数不同（sub    $0x114c,%esp | sub    $0x216c,%esp）；立即数不同（add    $0x25,%eax | add    $0xe,%eax））；其余指令差异 156 处（助记符不同（mov    %eax,(%esp) | call   <T> <_ZN31Packet_Guild_Reply_Guild_SecedeC1Ev>）；助记符不同（call   <T> <_ZN31Packet_Guild_Reply_Guild_SecedeC1Ev> | mov    0x8(%ebp),%eax））","--- ORIG（伪代码化）
+++ OURS（伪代码化）
@@ -1,434 +1,444 @@
 push   %ebp
 mov    %esp,%ebp
 push   %edi
 push   %esi
 push   %ebx
-sub    $0x114c,%esp
+sub    $0x216c,%esp
 mov    &_ZN17CPacketTranslater8m_pclAppE,%eax
 test   %eax,%eax",2026-08-11
_ZN17CPacketTranslater20OnDBUpgradeGuildAgitEP12PacketHeader,CPacketTranslater::OnDBUpgradeGuildAgit(PacketHeader*),caliber_issue,"等价指令形态差异 6 处（等价指令形态差异（push vs sub）；等价指令形态差异（lea vs mov））；栈帧/局部布局差异 2 处（栈局部偏移不同（mov    -0x20(%ebp),%eax | mov    -0x14(%ebp),%eax）；栈局部偏移不同（mov    -0x20(%ebp),%eax | mov    %eax,-0x10(%ebp)））；立即数/常量差异 1 处（立即数不同（add    $0x290,%edx | add    $0x12,%eax））；其余指令差异 47 处（助记符不同（push   %esi | mov    0x8(%ebp),%eax）；助记符不同（push   %ebx | mov    %eax,-0x14(%ebp)））","--- ORIG（伪代码化）
+++ OURS（伪代码化）
@@ -1,145 +1,83 @@
 push   %ebp
 mov    %esp,%ebp
-push   %edi
-push   %esi
-push   %ebx
-sub    $0x6c,%esp
-movl   $0x0,-0x24(%ebp)
+sub    $0x58,%esp
+mov    0x8(%ebp),%eax",2026-08-11
_ZN17CPacketTranslater20OnGuildCargoMoveItemEP12PacketHeader,CPacketTranslater::OnGuildCargoMoveItem(PacketHeader*),other,"真实调用目标差异 3 处（调用目标不同（call   <T> <_ZN5CUser17SendTcpGameserverEP12PacketHeader> | call   <T> <_ZN10CMyFileLogC1EPKci>）；调用目标不同（call   <T> <_ZN10CMyFileLogclEPKcS1_z> | call   <T> <_ZN10CMyFileLogclEPKcS1_z>））；寄存器分配差异 5 处（寄存器分配差异（mov    %eax,(%esp) | mov    %eax,(%esp)）；寄存器分配差异（mov    %esi,0x10(%esp) | mov    %edx,0x10(%esp)））；等价指令形态差异 56 处（等价指令形态差异（push vs sub）；等价指令形态差异（mov vs lea））；栈帧/局部布局差异 17 处（栈局部偏移不同（mov    %eax,-0x91(%ebp) | mov    %eax,-0x2c(%ebp)）；栈局部偏移不同（mov    -0x34(%ebp),%eax | mov    -0x30(%ebp),%eax））；立即数/常量差异 1 处（立即数不同（add    $0x13c,%esp | add    $0x12,%eax））；其余指令差异 173 处（助记符不同（sub    $0x13c,%esp | mov    %eax,-0x30(%ebp)）；助记符不同（mov    -0x34(%ebp),%eax | add    $0xe,%eax））","--- ORIG（伪代码化）
+++ OURS（伪代码化）
@@ -1,361 +1,391 @@
 push   %ebp
 mov    %esp,%ebp
-push   %edi
 push   %esi
 push   %ebx
-sub    $0x13c,%esp
+sub    $0x120,%esp
 mov    0x8(%ebp),%eax
-mov    %eax,-0x34(%ebp)",2026-08-11
_ZN17CPacketTranslater20OnGuildCargoPushItemEP12PacketHeader,CPacketTranslater::OnGuildCargoPushItem(PacketHeader*),other,"真实调用目标差异 4 处（调用目标不同（call   <T> <_ZN13CGuildManager9FindGuildEj> | call   <T> <_ZN10CMyFileLogC1EPKci>）；调用目标不同（call   <T> <_ZN5CUser17SendTcpGameserverEP12PacketHeader> | call   <T> <_ZN5CUser17SendTcpGameserverEP12PacketHeader>））；寄存器分配差异 7 处（寄存器分配差异（mov    0x8(%ebp),%eax | mov    0x8(%ebp),%eax）；寄存器分配差异（mov    %eax,(%esp) | mov    %eax,(%ebx)））；等价指令形态差异 45 处（等价指令形态差异（lea vs mov）；等价指令形态差异（mov vs movzbl））；栈帧/局部布局差异 23 处（栈局部偏移不同（mov    -0x34(%ebp),%eax | mov    %eax,-0x50(%ebp)）；栈局部偏移不同（mov    %edx,-0xc0(%ebp) | mov    %eax,-0x54(%ebp)））；基本块布局差异 1 处（函数内跳转偏移不同（jmp    <T> <_ZN17CPacketTranslater20OnGuildCargoPushItemEP12PacketHeader+0x7aa> | jmp    <T> <_ZN17CPacketTranslater20OnGuildCargoPushItemEP12PacketHeader+0x691>））；立即数/常量差异 2 处（立即数不同（sub    $0x12c,%esp | sub    $0x11c,%esp）；立即数不同（movb   $0xb5,-0xc5(%ebp) | movb   $0xc3,(%eax)））；其余指令差异 240 处（助记符不同（mov    %eax,-0x34(%ebp) | add    $0xa,%eax）；操作数差异（mov    0xe(%eax),%eax | mov    0x8(%ebp),%eax））","--- ORIG（伪代码化）
+++ OURS（伪代码化）
@@ -1,470 +1,416 @@
 push   %ebp
 mov    %esp,%ebp
 push   %edi
 push   %esi
 push   %ebx
-sub    $0x12c,%esp
-mov    0x8(%ebp),%eax
-mov    %eax,-0x34(%ebp)
-lea    -0xd7(%ebp),%eax",2026-08-11
_ZN17CPacketTranslater20OnNoticeGuildChatMsgEP12PacketHeader,CPacketTranslater::OnNoticeGuildChatMsg(PacketHeader*),other,"真实调用目标差异 3 处（调用目标不同（call   <T> <_ZNSaIcED1Ev> | call   <T> <_ZNSaIcED1Ev>）；调用目标不同（call   <T> <_ZNK12CUserManager15FindUser_CharNoEj> | call   <T> <_ZNSaIcEC1Ev>））；异常处理/展开路径差异 1 处（异常处理运行时调用差异（call   <T> <_ZNSsC1EPKcRKSaIcE> | call   <T> <_ZSt9terminatev>））；寄存器分配差异 8 处（寄存器分配差异（mov    %eax,(%esp) | mov    %eax,(%esp)）；寄存器分配差异（mov    %esi,%ecx | mov    %esi,%ecx））；等价指令形态差异 13 处（等价指令形态差异（mov vs movzbl）；等价指令形态差异（mov vs lea））；栈帧/局部布局差异 12 处（栈局部偏移不同（lea    -0x41(%ebp),%eax | lea    -0x31(%ebp),%eax）；栈局部偏移不同（lea    -0x41(%ebp),%eax | lea    -0x31(%ebp),%eax））；基本块布局差异 2 处（函数内跳转偏移不同（jmp    <T> <_ZN17CPacketTranslater20OnNoticeGuildChatMsgEP12PacketHeader+0x291> | jmp    <T> <_ZN17CPacketTranslater20OnNoticeGuildChatMsgEP12PacketHeader+0x29c>）；函数内跳转偏移不同（jmp    <T> <_ZN17CPacketTranslater20OnNoticeGuildChatMsgEP12PacketHeader+0x39c> | jmp    <T> <_ZN17CPacketTranslater20OnNoticeGuildChatMsgEP12PacketHeader+0x3aa>））；其余指令差异 105 处（操作数差异（mov    0xe(%eax),%eax | mov    -0x28(%ebp),%eax）；助记符不同（test   %eax,%eax | add    $0xe,%eax））","--- ORIG（伪代码化）
+++ OURS（伪代码化）
@@ -1,277 +1,280 @@
 push   %ebp
 mov    %esp,%ebp
 push   %edi
 push   %esi
 push   %ebx
 sub    $0x5c,%esp
 mov    &_ZN17CPacketTranslater8m_pclAppE,%eax
 test   %eax,%eax
 jne    <T> <_ZN17CPacketTranslater20OnNoticeGuildChatMsgEP12PacketHeader+0xef>",2026-08-11
_ZN17CPacketTranslater20OnNoticeGuildDismissEP12PacketHeader,CPacketTranslater::OnNoticeGuildDismiss(PacketHeader*),codegen_diff,"寄存器分配差异 2 处（寄存器分配差异（mov    %eax,(%esp) | mov    %eax,(%ebx)）；寄存器分配差异（mov    %edx,(%esp) | mov    %eax,(%esp)））；等价指令形态差异 9 处（等价指令形态差异（mov vs lea）；等价指令形态差异（lea vs add））；栈帧/局部布局差异 13 处（栈局部偏移不同（lea    -0x3d(%ebp),%eax | lea    -0x25(%ebp),%eax）；栈局部偏移不同（lea    -0x3d(%ebp),%eax | lea    -0x25(%ebp),%eax））；基本块布局差异 2 处（函数内跳转偏移不同（jmp    <T> <_ZN17CPacketTranslater20OnNoticeGuildDismissEP12PacketHeader+0x218> | jmp    <T> <_ZN17CPacketTranslater20OnNoticeGuildDismissEP12PacketHeader+0x214>）；函数内跳转偏移不同（jmp    <T> <_ZN17CPacketTranslater20OnNoticeGuildDismissEP12PacketHeader+0x31b> | jmp    <T> <_ZN17CPacketTranslater20OnNoticeGuildDismissEP12PacketHeader+0x31a>））；其余指令差异 40 处（操作数差异（mov    0xa(%eax),%ebx | mov    -0x24(%ebp),%eax）；操作数差异（mov    %ebx,0xc(%esp) | mov    (%eax),%eax））","--- ORIG（伪代码化）
+++ OURS（伪代码化）
@@ -1,213 +1,216 @@
 push   %ebp
 mov    %esp,%ebp
 push   %edi
 push   %esi
 push   %ebx
 sub    $0x6c,%esp
 mov    &_ZN17CPacketTranslater8m_pclAppE,%eax
 test   %eax,%eax
 jne    <T> <_ZN17CPacketTranslater20OnNoticeGuildDismissEP12PacketHeader+0xdf>",2026-08-11
_ZN17CPacketTranslater20OnNotifyNewGroupMailEP12PacketHeader,CPacketTranslater::OnNotifyNewGroupMail(PacketHeader*),codegen_diff,"等价指令形态差异 9 处（等价指令形态差异（mov vs lea）；等价指令形态差异（mov vs lea））；栈帧/局部布局差异 1 处（栈局部偏移不同（mov    %eax,-0x34(%ebp) | mov    -0x10(%ebp),%eax））；其余指令差异 29 处（助记符不同（mov    &_ZN17CPacketTranslater8m_pclAppE,%eax | jmp    <T> <_ZN17CPacketTranslater20OnNotifyNewGroupMailEP12PacketHeader+0xa0>）；助记符不同（add    $0x10,%eax | mov    -0x10(%ebp),%eax））","--- ORIG（伪代码化）
+++ OURS（伪代码化）
@@ -1,108 +1,115 @@
 push   %ebp
 mov    %esp,%ebp
 push   %esi
 push   %ebx
 sub    $0x50,%esp
 mov    0x8(%ebp),%eax
-mov    %eax,-0x1c(%ebp)
-mov    &_ZN17CPacketTranslater8m_pclAppE,%eax
-add    $0x10,%eax",2026-08-11
_ZN17CPacketTranslater20OnRequestGuildCreateEP12PacketHeader,CPacketTranslater::OnRequestGuildCreate(PacketHeader*),other,"真实调用目标差异 1 处（调用目标不同（call   <T> <_ZN10CMyFileLogclEPKcS1_z> | call   <T> <_ZN10CMyFileLogclEPKcS1_z>））；寄存器分配差异 2 处（寄存器分配差异（mov    %eax,(%esp) | mov    %eax,(%esp)）；寄存器分配差异（mov    %edx,(%esp) | mov    %eax,(%esp)））；等价指令形态差异 24 处（字节强转读取形态差（ORIG 直接偏移加载 mov    0xa(%eax),%eax vs OURS add+加载）；等价指令形态差异（mov vs lea））；栈帧/局部布局差异 11 处（栈局部偏移不同（mov    %eax,-0x10(%ebp) | mov    %eax,-0x18(%ebp)）；栈局部偏移不同（lea    -0x34(%ebp),%eax | lea    -0x20(%ebp),%eax））；基本块布局差异 1 处（函数内跳转偏移不同（jmp    <T> <_ZN17CPacketTranslater20OnRequestGuildCreateEP12PacketHeader+0x382> | jmp    <T> <_ZN17CPacketTranslater20OnRequestGuildCreateEP12PacketHeader+0x3b5>））；其余指令差异 55 处（操作数差异（mov    &_ZN17CPacketTranslater8m_pclAppE,%edx | mov    (%eax),%eax）；助记符不同（add    $0x10,%edx | mov    %eax,-0x14(%ebp)））","--- ORIG（伪代码化）
+++ OURS（伪代码化）
@@ -1,226 +1,244 @@
 push   %ebp
 mov    %esp,%ebp
 push   %esi
 push   %ebx
 sub    $0xd0,%esp
 mov    0x8(%ebp),%eax
-mov    %eax,-0x10(%ebp)
+mov    %eax,-0x18(%ebp)
 mov    &_ZN17CPacketTranslater8m_pclAppE,%eax",2026-08-11
_ZN17CPacketTranslater20OnRequestGuildSecedeEP12PacketHeader,CPacketTranslater::OnRequestGuildSecede(PacketHeader*),other,"真实调用目标差异 3 处（调用目标不同（call   <T> <_ZN10CMyFileLogclEPKcS1_z> | call   <T> <_ZN10CMyFileLogclEPKcS1_z>）；调用目标不同（call   <T> <_ZN5CUser11GetCharNameEv> | call   <T> <_ZN14CServerHandler8SendToDBEP12PacketHeader>））；寄存器分配差异 6 处（寄存器分配差异（mov    &_ZN17CPacketTranslater8m_pclAppE,%edx | mov    &_ZN17CPacketTranslater8m_pclAppE,%eax）；寄存器分配差异（mov    %eax,(%esp) | mov    %eax,(%edx)））；等价指令形态差异 30 处（等价指令形态差异（mov vs lea）；等价指令形态差异（lea vs mov））；栈帧/局部布局差异 16 处（栈局部偏移不同（lea    -0x65(%ebp),%eax | lea    -0x3d(%ebp),%eax）；栈局部偏移不同（lea    -0x65(%ebp),%eax | lea    -0x3d(%ebp),%eax））；基本块布局差异 8 处（函数内跳转偏移不同（jmp    <T> <_ZN17CPacketTranslater20OnRequestGuildSecedeEP12PacketHeader+0x544> | jmp    <T> <_ZN17CPacketTranslater20OnRequestGuildSecedeEP12PacketHeader+0x550>）；函数内跳转偏移不同（jmp    <T> <_ZN17CPacketTranslater20OnRequestGuildSecedeEP12PacketHeader+0x1b2> | jmp    <T> <_ZN17CPacketTranslater20OnRequestGuildSecedeEP12PacketHeader+0x19f>））；立即数/常量差异 1 处（立即数不同（sub    $0x10c,%esp | sub    $0x11c,%esp））；其余指令差异 123 处（助记符不同（mov    %eax,(%esp) | call   <T> <_ZN31Packet_Guild_Reply_Guild_SecedeC1Ev>）；助记符不同（call   <T> <_ZN31Packet_Guild_Reply_Guild_SecedeC1Ev> | add    $0xa,%eax））","--- ORIG（伪代码化）
+++ OURS（伪代码化）
@@ -1,417 +1,424 @@
 push   %ebp
 mov    %esp,%ebp
 push   %edi
 push   %esi
 push   %ebx
-sub    $0x10c,%esp
+sub    $0x11c,%esp
 mov    &_ZN17CPacketTranslater8m_pclAppE,%eax
 test   %eax,%eax",2026-08-11
_ZN17CPacketTranslater20OnWebGuildBoardWriteEP12PacketHeader,CPacketTranslater::OnWebGuildBoardWrite(PacketHeader*),codegen_diff,"等价指令形态差异 15 处（等价指令形态差异（push vs sub）；等价指令形态差异（lea vs add））；栈帧/局部布局差异 3 处（栈局部偏移不同（mov    -0x20(%ebp),%eax | mov    %eax,-0x18(%ebp)）；栈局部偏移不同（mov    -0x20(%ebp),%eax | mov    %eax,-0x14(%ebp)））；其余指令差异 33 处（助记符不同（push   %esi | mov    %eax,-0x1c(%ebp)）；助记符不同（push   %ebx | mov    -0x1c(%ebp),%eax））","--- ORIG（伪代码化）
+++ OURS（伪代码化）
@@ -1,145 +1,92 @@
 push   %ebp
 mov    %esp,%ebp
-push   %edi
-push   %esi
-push   %ebx
-sub    $0x7c,%esp
+sub    $0x78,%esp
 mov    0x8(%ebp),%eax
-mov    %eax,-0x20(%ebp)",2026-08-11
_ZN17CPacketTranslater21OnCallGuildAllMembersEP12PacketHeader,CPacketTranslater::OnCallGuildAllMembers(PacketHeader*),other,"真实调用目标差异 1 处（调用目标不同（call   <T> <_ZNSaIcED1Ev> | call   <T> <_ZNSaIcED1Ev>））；寄存器分配差异 31 处（寄存器分配差异（mov    %eax,(%esp) | mov    %eax,(%esp)）；寄存器分配差异（mov    %esi,%ecx | mov    %esi,%ecx））；等价指令形态差异 16 处（字节强转读取形态差（ORIG 直接偏移加载 mov    0xe(%eax),%eax vs OURS add+加载）；等价指令形态差异（mov vs lea））；栈帧/局部布局差异 20 处（栈局部偏移不同（lea    -0x55(%ebp),%eax | lea    -0x41(%ebp),%eax）；栈局部偏移不同（lea    -0x55(%ebp),%eax | lea    -0x41(%ebp),%eax））；基本块布局差异 1 处（函数内跳转偏移不同（jmp    <T> <_ZN17CPacketTranslater21OnCallGuildAllMembersEP12PacketHeader+0x415> | jmp    <T> <_ZN17CPacketTranslater21OnCallGuildAllMembersEP12PacketHeader+0x411>））；立即数/常量差异 1 处（立即数不同（sub    $0x6c,%esp | sub    $0x5c,%esp））；其余指令差异 110 处（助记符不同（jne    <T> <_ZN17CPacketTranslater21OnCallGuildAllMembersEP12PacketHeader+0x1dc> | mov    (%eax),%eax）；助记符不同（lea    -0x4d(%ebp),%eax | jne    <T> <_ZN17CPacketTranslater21OnCallGuildAllMembersEP12PacketHeader+0x1de>））","--- ORIG（伪代码化）
+++ OURS（伪代码化）
@@ -1,394 +1,392 @@
 push   %ebp
 mov    %esp,%ebp
 push   %edi
 push   %esi
 push   %ebx
-sub    $0x6c,%esp
+sub    $0x5c,%esp
 mov    &_ZN17CPacketTranslater8m_pclAppE,%eax
 test   %eax,%eax",2026-08-11
_ZN17CPacketTranslater21OnChangePowerWarPointEP12PacketHeader,CPacketTranslater::OnChangePowerWarPoint(PacketHeader*),other,"真实调用目标差异 1 处（调用目标不同（call   <T> <_ZN10CMyFileLogclEPKcS1_z> | call   <T> <_ZN10CMyFileLogclEPKcS1_z>））；寄存器分配差异 7 处（寄存器分配差异（mov    %eax,(%esp) | mov    %eax,(%esp)）；寄存器分配差异（mov    -0x34(%ebp),%eax | mov    -0x34(%ebp),%eax））；等价指令形态差异 47 处（等价指令形态差异（movzbl vs mov）；等价指令形态差异（mov vs movzbl））；栈帧/局部布局差异 7 处（栈局部偏移不同（lea    -0x64(%ebp),%eax | lea    -0x3c(%ebp),%eax）；栈局部偏移不同（lea    -0x64(%ebp),%eax | lea    -0x3c(%ebp),%eax））；基本块布局差异 2 处（函数内跳转偏移不同（jmp    <T> <_ZN17CPacketTranslater21OnChangePowerWarPointEP12PacketHeader+0x4af> | jmp    <T> <_ZN17CPacketTranslater21OnChangePowerWarPointEP12PacketHeader+0x4a8>）；函数内跳转偏移不同（jmp    <T> <_ZN17CPacketTranslater21OnChangePowerWarPointEP12PacketHeader+0x44b> | jmp    <T> <_ZN17CPacketTranslater21OnChangePowerWarPointEP12PacketHeader+0x4a8>））；立即数/常量差异 1 处（立即数不同（sub    $0xbc,%esp | sub    $0x9c,%esp））；其余指令差异 99 处（助记符不同（xor    $0x1,%eax | cmp    $0x1,%eax）；助记符不同（jne    <T> <_ZN17CPacketTranslater21OnChangePowerWarPointEP12PacketHeader+0x4ae> | sete   %al））","--- ORIG（伪代码化）
+++ OURS（伪代码化）
@@ -1,318 +1,331 @@
 push   %ebp
 mov    %esp,%ebp
 push   %edi
 push   %esi
 push   %ebx
-sub    $0xbc,%esp
+sub    $0x9c,%esp
 mov    0x8(%ebp),%eax
 mov    %eax,-0x34(%ebp)",2026-08-11
_ZN17CPacketTranslater21OnGuildAttendanceInfoEP12PacketHeader,CPacketTranslater::OnGuildAttendanceInfo(PacketHeader*),codegen_diff,"等价指令形态差异 17 处（等价指令形态差异（jne vs jmp）；等价指令形态差异（lea vs mov））；栈帧/局部布局差异 7 处（栈局部偏移不同（mov    %eax,-0x1c(%ebp) | mov    %eax,-0x20(%ebp)）；栈局部偏移不同（mov    -0x1c(%ebp),%eax | mov    %eax,-0x1c(%ebp)））；其余指令差异 51 处（助记符不同（movl   $0x0,-0x18(%ebp) | jne    <T> <_ZN17CPacketTranslater21OnGuildAttendanceInfoEP12PacketHeader+0x52>）；助记符不同（movl   $0x0,-0x14(%ebp) | lea    -0x28(%ebp),%eax））","--- ORIG（伪代码化）
+++ OURS（伪代码化）
@@ -1,161 +1,168 @@
 push   %ebp
 mov    %esp,%ebp
 push   %esi
 push   %ebx
 add    $0xffffff80,%esp
 mov    0x8(%ebp),%eax
-mov    %eax,-0x1c(%ebp)
-movl   $0x0,-0x18(%ebp)
-movl   $0x0,-0x14(%ebp)",2026-08-11
_ZN17CPacketTranslater21OnPowerWarProcessInfoEP12PacketHeader,CPacketTranslater::OnPowerWarProcessInfo(PacketHeader*),caliber_issue,"等价指令形态差异 1 处（等价指令形态差异（mov vs lea））；栈帧/局部布局差异 4 处（栈局部偏移不同（lea    -0x34(%ebp),%eax | lea    -0x18(%ebp),%eax）；栈局部偏移不同（lea    -0x34(%ebp),%eax | lea    -0x18(%ebp),%eax））；基本块布局差异 3 处（函数内跳转偏移不同（jne    <T> <_ZN17CPacketTranslater21OnPowerWarProcessInfoEP12PacketHeader+0x5a> | jne    <T> <_ZN17CPacketTranslater21OnPowerWarProcessInfoEP12PacketHeader+0x52>）；函数内跳转偏移不同（jmp    <T> <_ZN17CPacketTranslater21OnPowerWarProcessInfoEP12PacketHeader+0x160> | jmp    <T> <_ZN17CPacketTranslater21OnPowerWarProcessInfoEP12PacketHeader+0x14c>））；立即数/常量差异 1 处（立即数不同（sub    $0x40,%esp | sub    $0x30,%esp））；其余指令差异 21 处（助记符不同（movl   $0x0,-0x1c(%ebp) | mov    0x8(%ebp),%eax）；助记符不同（movl   $0x0,-0x18(%ebp) | mov    %eax,-0x10(%ebp)））","--- ORIG（伪代码化）
+++ OURS（伪代码化）
@@ -1,94 +1,90 @@
 push   %ebp
 mov    %esp,%ebp
 push   %esi
 push   %ebx
-sub    $0x40,%esp
-movl   $0x0,-0x1c(%ebp)
-movl   $0x0,-0x18(%ebp)
+sub    $0x30,%esp
+mov    0x8(%ebp),%eax",2026-08-11
_ZN17CPacketTranslater21OnRegisterToBlackListEP12PacketHeader,CPacketTranslater::OnRegisterToBlackList(PacketHeader*),other,"真实调用目标差异 5 处（调用目标不同（call   <T> <_ZN10CMyFileLogclEPKcS1_z> | call   <T> <_ZN10CMyFileLogclEPKcS1_z>）；调用目标不同（call   <T> <_ZNSaIcEC1Ev> | call   <T> <_ZN5CUser16GetBlackListSizeEv>））；寄存器分配差异 10 处（寄存器分配差异（mov    %eax,(%esp) | mov    %eax,(%esp)）；寄存器分配差异（jmp    <T> <_ZN17CPacketTranslater21OnRegisterToBlackListEP12PacketHeader+0x2e0> | jmp    <T> <_ZN17CPacketTranslater21OnRegisterToBlackListEP12PacketHeader+0x2e0>））；等价指令形态差异 13 处（等价指令形态差异（mov vs lea）；等价指令形态差异（mov vs lea））；栈帧/局部布局差异 8 处（栈局部偏移不同（mov    %eax,-0x10(%ebp) | mov    %eax,-0x1c(%ebp)）；栈局部偏移不同（lea    -0x40(%ebp),%eax | lea    -0x2c(%ebp),%eax））；基本块布局差异 2 处（函数内跳转偏移不同（jmp    <T> <_ZN17CPacketTranslater21OnRegisterToBlackListEP12PacketHeader+0x197> | jmp    <T> <_ZN17CPacketTranslater21OnRegisterToBlackListEP12PacketHeader+0x1b8>）；函数内跳转偏移不同（jmp    <T> <_ZN17CPacketTranslater21OnRegisterToBlackListEP12PacketHeader+0x201> | jmp    <T> <_ZN17CPacketTranslater21OnRegisterToBlackListEP12PacketHeader+0x1a3>））；其余指令差异 93 处（助记符不同（mov    -0x10(%ebp),%eax | add    $0xa,%eax）；操作数差异（mov    0xa(%eax),%eax | mov    %eax,(%edx)））","--- ORIG（伪代码化）
+++ OURS（伪代码化）
@@ -1,206 +1,202 @@
 push   %ebp
 mov    %esp,%ebp
 push   %esi
 push   %ebx
 add    $0xffffff80,%esp
 mov    0x8(%ebp),%eax
-mov    %eax,-0x10(%ebp)
+mov    %eax,-0x1c(%ebp)
 mov    &_ZN17CPacketTranslater8m_pclAppE,%eax",2026-08-11
_ZN17CPacketTranslater21OnRequestGuildWarInfoEP12PacketHeader,CPacketTranslater::OnRequestGuildWarInfo(PacketHeader*),caliber_issue,"寄存器分配差异 10 处（寄存器分配差异（mov    %edx,%esi | mov    %eax,%ecx）；寄存器分配差异（mov    %eax,%edi | mov    %edx,%eax））；等价指令形态差异 10 处（等价指令形态差异（lea vs mov）；等价指令形态差异（jne vs jmp））；栈帧/局部布局差异 5 处（栈局部偏移不同（lea    -0x41(%ebp),%eax | lea    -0x25(%ebp),%eax）；栈局部偏移不同（lea    -0x41(%ebp),%eax | lea    -0x25(%ebp),%eax））；基本块布局差异 2 处（函数内跳转偏移不同（jne    <T> <_ZN17CPacketTranslater21OnRequestGuildWarInfoEP12PacketHeader+0xdf> | jne    <T> <_ZN17CPacketTranslater21OnRequestGuildWarInfoEP12PacketHeader+0xf2>）；函数内跳转偏移不同（jmp    <T> <_ZN17CPacketTranslater21OnRequestGuildWarInfoEP12PacketHeader+0x8d> | jmp    <T> <_ZN17CPacketTranslater21OnRequestGuildWarInfoEP12PacketHeader+0x95>））；立即数/常量差异 1 处（立即数不同（sub    $0x4c,%esp | sub    $0x3c,%esp））；其余指令差异 34 处（助记符不同（jmp    <T> <_ZN17CPacketTranslater21OnRequestGuildWarInfoEP12PacketHeader+0x87> | mov    %ecx,%esi）；助记符不同（cmp    $0xffffffff,%edx | lea    -0x2c(%ebp),%eax））","--- ORIG（伪代码化）
+++ OURS（伪代码化）
@@ -1,174 +1,129 @@
 push   %ebp
 mov    %esp,%ebp
 push   %edi
 push   %esi
 push   %ebx
-sub    $0x4c,%esp
+sub    $0x3c,%esp
 mov    &_ZN17CPacketTranslater8m_pclAppE,%eax
 test   %eax,%eax",2026-08-11
_ZN17CPacketTranslater21OnSetGuildMemberGradeEP12PacketHeader,CPacketTranslater::OnSetGuildMemberGrade(PacketHeader*),other,"真实调用目标差异 3 处（调用目标不同（call   <T> <_ZN6CGuild22SendGuildInfoToMembersEb> | call   <T> <_ZN5CUser17GetGuildMemDBInfoEv>）；调用目标不同（call   <T> <_ZN5CUser17GetGuildMemDBInfoEv> | call   <T> <_ZN5CUser13GetUniqCharNoEv>））；寄存器分配差异 8 处（寄存器分配差异（test   %al,%al | test   %al,%al）；寄存器分配差异（mov    -0x24(%ebp),%eax | mov    -0x24(%ebp),%eax））；等价指令形态差异 55 处（等价指令形态差异（lea vs mov）；等价指令形态差异（mov vs lea））；栈帧/局部布局差异 20 处（栈局部偏移不同（lea    -0x4d(%ebp),%eax | lea    -0x49(%ebp),%eax）；栈局部偏移不同（lea    -0x4d(%ebp),%eax | lea    -0x49(%ebp),%eax））；基本块布局差异 2 处（函数内跳转偏移不同（jmp    <T> <_ZN17CPacketTranslater21OnSetGuildMemberGradeEP12PacketHeader+0x6e2> | jmp    <T> <_ZN17CPacketTranslater21OnSetGuildMemberGradeEP12PacketHeader+0x6e4>）；函数内跳转偏移不同（je     <T> <_ZN17CPacketTranslater21OnSetGuildMemberGradeEP12PacketHeader+0x2db> | je     <T> <_ZN17CPacketTranslater21OnSetGuildMemberGradeEP12PacketHeader+0x2d8>））；立即数/常量差异 2 处（立即数不同（sub    $0xec,%esp | sub    $0x10c,%esp）；立即数不同（add    $0x290,%edx | add    $0xe,%eax））；其余指令差异 243 处（助记符不同（mov    %eax,(%esp) | add    $0xa,%eax）；助记符不同（call   <T> <_ZN41Packet_Monitor_Set_Sub_Guild_Master_ReplyC1Ev> | mov    (%eax),%ebx））","--- ORIG（伪代码化）
+++ OURS（伪代码化）
@@ -1,520 +1,538 @@
 push   %ebp
 mov    %esp,%ebp
 push   %edi
 push   %esi
 push   %ebx
-sub    $0xec,%esp
+sub    $0x10c,%esp
 mov    &_ZN17CPacketTranslater8m_pclAppE,%eax
 test   %eax,%eax",2026-08-11
_ZN17CPacketTranslater21OnWebGuildBoardDeleteEP12PacketHeader,CPacketTranslater::OnWebGuildBoardDelete(PacketHeader*),codegen_diff,"等价指令形态差异 16 处（等价指令形态差异（push vs sub）；字节强转读取形态差（ORIG 直接偏移加载 mov    0xa(%eax),%ebx vs OURS add+加载））；栈帧/局部布局差异 4 处（栈局部偏移不同（mov    -0x20(%ebp),%eax | mov    %eax,-0x10(%ebp)）；栈局部偏移不同（mov    -0x24(%ebp),%eax | mov    -0x10(%ebp),%eax））；其余指令差异 42 处（助记符不同（sub    $0x6c,%esp | add    $0xa,%eax）；操作数差异（mov    0x12(%eax),%edi | mov    (%eax),%eax））","--- ORIG（伪代码化）
+++ OURS（伪代码化）
@@ -1,146 +1,147 @@
 push   %ebp
 mov    %esp,%ebp
-push   %edi
 push   %esi
 push   %ebx
-sub    $0x6c,%esp
+sub    $0x60,%esp
 mov    0x8(%ebp),%eax
 mov    %eax,-0x20(%ebp)",2026-08-11
_ZN17CPacketTranslater22OnNotifyMessageToGuildEP12PacketHeader,CPacketTranslater::OnNotifyMessageToGuild(PacketHeader*),codegen_diff,"寄存器分配差异 1 处（寄存器分配差异（mov    &_ZN17CPacketTranslater8m_pclAppE,%edx | mov    &_ZN17CPacketTranslater8m_pclAppE,%eax））；等价指令形态差异 4 处（等价指令形态差异（push vs sub）；字节强转读取形态差（ORIG 直接偏移加载 movzbl 0xe(%eax),%eax vs OURS add+加载））；栈帧/局部布局差异 2 处（栈局部偏移不同（lea    -0x2c(%ebp),%eax | lea    -0x18(%ebp),%eax）；栈局部偏移不同（lea    -0xa0(%ebp),%eax | lea    -0x8c(%ebp),%eax））；基本块布局差异 1 处（函数内跳转偏移不同（je     <T> <_ZN17CPacketTranslater22OnNotifyMessageToGuildEP12PacketHeader+0xf7> | je     <T> <_ZN17CPacketTranslater22OnNotifyMessageToGuildEP12PacketHeader+0x102>））；其余指令差异 25 处（助记符不同（sub    $0xb0,%esp | jne    <T> <_ZN17CPacketTranslater22OnNotifyMessageToGuildEP12PacketHeader+0x54>）；助记符不同（jne    <T> <_ZN17CPacketTranslater22OnNotifyMessageToGuildEP12PacketHeader+0x55> | lea    -0x18(%ebp),%eax））","--- ORIG（伪代码化）
+++ OURS（伪代码化）
@@ -1,134 +1,79 @@
 push   %ebp
 mov    %esp,%ebp
-push   %esi
 push   %ebx
-sub    $0xb0,%esp
+sub    $0xa4,%esp
 mov    0x8(%ebp),%eax
 mov    %eax,-0x10(%ebp)
 mov    &_ZN17CPacketTranslater8m_pclAppE,%eax",2026-08-11
_ZN17CPacketTranslater22OnWriteGuildMemberMemoEP12PacketHeader,CPacketTranslater::OnWriteGuildMemberMemo(PacketHeader*),caliber_issue,"寄存器分配差异 1 处（寄存器分配差异（mov    %eax,0x4(%esp) | mov    %ebx,0x4(%esp)））；等价指令形态差异 11 处（等价指令形态差异（push vs sub）；等价指令形态差异（mov vs lea））；栈帧/局部布局差异 10 处（栈局部偏移不同（lea    -0x48(%ebp),%eax | lea    -0x24(%ebp),%eax）；栈局部偏移不同（mov    -0x14(%ebp),%eax | mov    %eax,-0x18(%ebp)））；立即数/常量差异 1 处（立即数不同（add    $0x10,%eax | add    $0xa,%eax））；其余指令差异 38 处（助记符不同（add    $0xffffff80,%esp | mov    %eax,-0x1c(%ebp)）；助记符不同（mov    %eax,-0x18(%ebp) | jne    <T> <_ZN17CPacketTranslater22OnWriteGuildMemberMemoEP12PacketHeader+0x51>））","--- ORIG（伪代码化）
+++ OURS（伪代码化）
@@ -1,184 +1,124 @@
 push   %ebp
 mov    %esp,%ebp
-push   %esi
 push   %ebx
-add    $0xffffff80,%esp
+sub    $0x74,%esp
 mov    0x8(%ebp),%eax
-mov    %eax,-0x18(%ebp)
+mov    %eax,-0x1c(%ebp)",2026-08-11
_ZN17CPacketTranslater22RequestBlackListToDBMWEj,CPacketTranslater::RequestBlackListToDBMW(unsigned int),other,"真实调用目标差异 1 处（调用目标不同（call   <T> <_ZN10CMyFileLogC1EPKci> | call   <T> <_ZN10CMyFileLogC1EPKci>））；寄存器分配差异 3 处（寄存器分配差异（movl   $0xfe7,0x8(%esp) | movl   $0xfe7,0x8(%esp)）；寄存器分配差异（movl   $""RequestBlackListToDBMW"",0x4(%esp) | movl   $""RequestBlackListToDBMW"",0x4(%esp)））；等价指令形态差异 4 处（等价指令形态差异（mov vs lea）；等价指令形态差异（mov vs lea））；栈帧/局部布局差异 4 处（栈局部偏移不同（lea    -0x2b(%ebp),%eax | lea    -0x1b(%ebp),%eax）；栈局部偏移不同（lea    -0x2b(%ebp),%edx | lea    -0x1b(%ebp),%eax））；基本块布局差异 1 处（函数内跳转偏移不同（jmp    <T> <_ZN17CPacketTranslater22RequestBlackListToDBMWEj+0x10a> | jmp    <T> <_ZN17CPacketTranslater22RequestBlackListToDBMWEj+0xbb>））；其余指令差异 11 处（助记符不同（movb   $0xcb,-0x1d(%ebp) | lea    0xa(%eax),%edx）；操作数差异（mov    0x68(%eax),%eax | mov    %eax,(%edx)））","--- ORIG（伪代码化）
+++ OURS（伪代码化）
@@ -1,78 +1,82 @@
 push   %ebp
 mov    %esp,%ebp
 push   %esi
 push   %ebx
 sub    $0x40,%esp
-lea    -0x2b(%ebp),%eax
+lea    -0x1b(%ebp),%eax
 mov    %eax,(%esp)
 call   <T> <_ZN29Packet_DBMW_Request_BlackListC1Ev>",2026-08-11
_ZN17CPacketTranslater23OnDBMWDeleteToBlackListEP12PacketHeader,CPacketTranslater::OnDBMWDeleteToBlackList(PacketHeader*),codegen_diff,"寄存器分配差异 4 处（寄存器分配差异（mov    -0x10(%ebp),%eax | mov    -0x10(%ebp),%eax）；寄存器分配差异（mov    %eax,0x4(%esp) | mov    %eax,0x4(%esp)））；等价指令形态差异 10 处（字节强转读取形态差（ORIG 直接偏移加载 mov    0xa(%eax),%eax vs OURS add+加载）；等价指令形态差异（mov vs lea））；栈帧/局部布局差异 6 处（栈局部偏移不同（mov    %eax,-0x10(%ebp) | mov    %eax,-0x14(%ebp)）；栈局部偏移不同（lea    -0x34(%ebp),%eax | lea    -0x1c(%ebp),%eax））；基本块布局差异 2 处（函数内跳转偏移不同（jmp    <T> <_ZN17CPacketTranslater23OnDBMWDeleteToBlackListEP12PacketHeader+0x262> | jmp    <T> <_ZN17CPacketTranslater23OnDBMWDeleteToBlackListEP12PacketHeader+0x27a>）；函数内跳转偏移不同（jmp    <T> <_ZN17CPacketTranslater23OnDBMWDeleteToBlackListEP12PacketHeader+0x262> | jmp    <T> <_ZN17CPacketTranslater23OnDBMWDeleteToBlackListEP12PacketHeader+0x27a>））；其余指令差异 48 处（操作数差异（mov    &_ZN17CPacketTranslater8m_pclAppE,%edx | mov    (%eax),%ebx）；助记符不同（add    $0x10,%edx | mov    &_ZN17CPacketTranslater8m_pclAppE,%eax））","--- ORIG（伪代码化）
+++ OURS（伪代码化）
@@ -1,164 +1,171 @@
 push   %ebp
 mov    %esp,%ebp
 push   %esi
 push   %ebx
 sub    $0x70,%esp
 mov    0x8(%ebp),%eax
-mov    %eax,-0x10(%ebp)
+mov    %eax,-0x14(%ebp)
 mov    &_ZN17CPacketTranslater8m_pclAppE,%eax",2026-08-11
_ZN17CPacketTranslater23OnLoadGuildCargoHistoryEP12PacketHeader,CPacketTranslater::OnLoadGuildCargoHistory(PacketHeader*),codegen_diff,"寄存器分配差异 2 处（寄存器分配差异（mov    %edx,(%esp) | mov    %eax,(%esp)）；寄存器分配差异（mov    (%eax),%edx | mov    (%eax),%ebx））；等价指令形态差异 2 处（字节强转读取形态差（ORIG 直接偏移加载 mov    0xa(%eax),%eax vs OURS add+加载）；等价指令形态差异（mov vs lea））；栈帧/局部布局差异 4 处（栈局部偏移不同（mov    %eax,-0x10(%ebp) | mov    %eax,-0x18(%ebp)）；栈局部偏移不同（lea    -0x34(%ebp),%eax | lea    -0x20(%ebp),%eax））；基本块布局差异 1 处（函数内跳转偏移不同（jmp    <T> <_ZN17CPacketTranslater23OnLoadGuildCargoHistoryEP12PacketHeader+0x1bb> | jmp    <T> <_ZN17CPacketTranslater23OnLoadGuildCargoHistoryEP12PacketHeader+0x1bf>））；其余指令差异 32 处（操作数差异（mov    &_ZN17CPacketTranslater8m_pclAppE,%edx | mov    (%eax),%eax）；助记符不同（add    $0x290,%edx | mov    %eax,-0x14(%ebp)））","--- ORIG（伪代码化）
+++ OURS（伪代码化）
@@ -1,116 +1,118 @@
 push   %ebp
 mov    %esp,%ebp
 push   %esi
 push   %ebx
 sub    $0x40,%esp
 mov    0x8(%ebp),%eax
-mov    %eax,-0x10(%ebp)
+mov    %eax,-0x18(%ebp)
 mov    &_ZN17CPacketTranslater8m_pclAppE,%eax",2026-08-11
_ZN17CPacketTranslater23OnNoticeGuildMailArriveEP12PacketHeader,CPacketTranslater::OnNoticeGuildMailArrive(PacketHeader*),codegen_diff,"等价指令形态差异 3 处（等价指令形态差异（movzbl vs mov）；等价指令形态差异（mov vs movzbl））；栈帧/局部布局差异 10 处（栈局部偏移不同（lea    -0x39(%ebp),%eax | lea    -0x2d(%ebp),%eax）；栈局部偏移不同（lea    -0x39(%ebp),%eax | lea    -0x2d(%ebp),%eax））；基本块布局差异 1 处（函数内跳转偏移不同（jmp    <T> <_ZN17CPacketTranslater23OnNoticeGuildMailArriveEP12PacketHeader+0x141> | jmp    <T> <_ZN17CPacketTranslater23OnNoticeGuildMailArriveEP12PacketHeader+0x148>））；其余指令差异 22 处（助记符不同（jmp    <T> <_ZN17CPacketTranslater23OnNoticeGuildMailArriveEP12PacketHeader+0x128> | mov    %eax,-0x2c(%ebp)）；助记符不同（mov    -0x28(%ebp),%eax | add    $0xa,%eax））","--- ORIG（伪代码化）
+++ OURS（伪代码化）
@@ -1,155 +1,170 @@
 push   %ebp
 mov    %esp,%ebp
 push   %edi
 push   %esi
 push   %ebx
 sub    $0x4c,%esp
 mov    &_ZN17CPacketTranslater8m_pclAppE,%eax
 test   %eax,%eax
 jne    <T> <_ZN17CPacketTranslater23OnNoticeGuildMailArriveEP12PacketHeader+0xdf>",2026-08-11
_ZN17CPacketTranslater23OnNoticeGuildMarkChangeEP12PacketHeader,CPacketTranslater::OnNoticeGuildMarkChange(PacketHeader*),caliber_issue,"寄存器分配差异 1 处（寄存器分配差异（lea    -0x3c(%ebp),%eax | lea    -0x3c(%ebp),%eax））；等价指令形态差异 3 处（等价指令形态差异（lea vs mov）；字节强转读取形态差（ORIG 直接偏移加载 mov    0xa(%eax),%eax vs OURS add+加载））；栈帧/局部布局差异 10 处（栈局部偏移不同（lea    -0x45(%ebp),%eax | lea    -0x25(%ebp),%eax）；栈局部偏移不同（lea    -0x45(%ebp),%eax | lea    -0x25(%ebp),%eax））；基本块布局差异 3 处（函数内跳转偏移不同（jne    <T> <_ZN17CPacketTranslater23OnNoticeGuildMarkChangeEP12PacketHeader+0xdf> | jne    <T> <_ZN17CPacketTranslater23OnNoticeGuildMarkChangeEP12PacketHeader+0xdc>）；函数内跳转偏移不同（jmp    <T> <_ZN17CPacketTranslater23OnNoticeGuildMarkChangeEP12PacketHeader+0xbc> | jmp    <T> <_ZN17CPacketTranslater23OnNoticeGuildMarkChangeEP12PacketHeader+0xb9>））；立即数/常量差异 1 处（立即数不同（sub    $0x5c,%esp | sub    $0x4c,%esp））；其余指令差异 30 处（操作数差异（mov    0xa(%eax),%ebx | mov    %eax,-0x24(%ebp)）；助记符不同（movl   $0x328,0x8(%esp) | mov    -0x24(%ebp),%eax））","--- ORIG（伪代码化）
+++ OURS（伪代码化）
@@ -1,187 +1,161 @@
 push   %ebp
 mov    %esp,%ebp
 push   %edi
 push   %esi
 push   %ebx
-sub    $0x5c,%esp
+sub    $0x4c,%esp
 mov    &_ZN17CPacketTranslater8m_pclAppE,%eax
 test   %eax,%eax",2026-08-11
_ZN17CPacketTranslater23OnReplyTodayGuildMemberEP12PacketHeader,CPacketTranslater::OnReplyTodayGuildMember(PacketHeader*),codegen_diff,"寄存器分配差异 1 处（寄存器分配差异（mov    %ebx,0x4(%esp) | mov    %edx,0x4(%esp)））；等价指令形态差异 5 处（等价指令形态差异（lea vs mov）；等价指令形态差异（mov vs lea））；栈帧/局部布局差异 5 处（栈局部偏移不同（mov    %eax,-0x14(%ebp) | mov    %eax,-0x18(%ebp)）；栈局部偏移不同（lea    -0x34(%ebp),%eax | lea    -0x20(%ebp),%eax））；基本块布局差异 3 处（函数内跳转偏移不同（jmp    <T> <_ZN17CPacketTranslater23OnReplyTodayGuildMemberEP12PacketHeader+0x1e4> | jmp    <T> <_ZN17CPacketTranslater23OnReplyTodayGuildMemberEP12PacketHeader+0x1dc>）；函数内跳转偏移不同（jne    <T> <_ZN17CPacketTranslater23OnReplyTodayGuildMemberEP12PacketHeader+0x18a> | jne    <T> <_ZN17CPacketTranslater23OnReplyTodayGuildMemberEP12PacketHeader+0x182>））；其余指令差异 29 处（助记符不同（movl   $0x0,-0x10(%ebp) | jne    <T> <_ZN17CPacketTranslater23OnReplyTodayGuildMemberEP12PacketHeader+0x52>）；助记符不同（jne    <T> <_ZN17CPacketTranslater23OnReplyTodayGuildMemberEP12PacketHeader+0x59> | lea    -0x20(%ebp),%eax））","--- ORIG（伪代码化）
+++ OURS（伪代码化）
@@ -1,126 +1,125 @@
 push   %ebp
 mov    %esp,%ebp
 push   %esi
 push   %ebx
 sub    $0x40,%esp
 mov    0x8(%ebp),%eax
-mov    %eax,-0x14(%ebp)
-movl   $0x0,-0x10(%ebp)
+mov    %eax,-0x18(%ebp)",2026-08-11
_ZN17CPacketTranslater24OnChangeGuildNameFromWebEP12PacketHeader,CPacketTranslater::OnChangeGuildNameFromWeb(PacketHeader*),codegen_diff,"等价指令形态差异 6 处（等价指令形态差异（push vs sub）；等价指令形态差异（mov vs lea））；栈帧/局部布局差异 4 处（栈局部偏移不同（lea    -0x3c(%ebp),%eax | lea    -0x20(%ebp),%eax）；栈局部偏移不同（lea    -0x3c(%ebp),%eax | lea    -0x20(%ebp),%eax））；基本块布局差异 5 处（函数内跳转偏移不同（jne    <T> <_ZN17CPacketTranslater24OnChangeGuildNameFromWebEP12PacketHeader+0x4c> | jne    <T> <_ZN17CPacketTranslater24OnChangeGuildNameFromWebEP12PacketHeader+0x50>）；函数内跳转偏移不同（jmp    <T> <_ZN17CPacketTranslater24OnChangeGuildNameFromWebEP12PacketHeader+0x270> | jmp    <T> <_ZN17CPacketTranslater24OnChangeGuildNameFromWebEP12PacketHeader+0x17e>））；其余指令差异 35 处（助记符不同（push   %ebx | mov    0x8(%ebp),%eax）；助记符不同（sub    $0x60,%esp | mov    %eax,-0x18(%ebp)））","--- ORIG（伪代码化）
+++ OURS（伪代码化）
@@ -1,163 +1,97 @@
 push   %ebp
 mov    %esp,%ebp
-push   %esi
-push   %ebx
-sub    $0x60,%esp
+sub    $0x58,%esp
+mov    0x8(%ebp),%eax
+mov    %eax,-0x18(%ebp)
 mov    &_ZN17CPacketTranslater8m_pclAppE,%eax",2026-08-11
_ZN17CPacketTranslater24OnDBReplyGuildAllMembersEP12PacketHeader,CPacketTranslater::OnDBReplyGuildAllMembers(PacketHeader*),other,"真实调用目标差异 1 处（调用目标不同（call   <T> <_ZNSaIcED1Ev> | call   <T> <_ZNSaIcED1Ev>））；异常处理/展开路径差异 2 处（异常处理运行时调用差异（call   <T> <_ZN13CDNFExceptionC1ERKSs> | call   <T> <_ZSt9terminatev>）；异常处理运行时调用差异（call   <T> <__cxa_free_exception> | call   <T> <_ZNSaIcED1Ev>））；寄存器分配差异 16 处（寄存器分配差异（mov    %eax,(%esp) | mov    %eax,(%esp)）；寄存器分配差异（mov    %esi,%ecx | mov    %esi,%ecx））；等价指令形态差异 22 处（字节强转读取形态差（ORIG 直接偏移加载 mov    0xa(%eax),%eax vs OURS add+加载）；等价指令形态差异（lea vs mov））；栈帧/局部布局差异 16 处（栈局部偏移不同（lea    -0x51(%ebp),%eax | lea    -0x3d(%ebp),%eax）；栈局部偏移不同（lea    -0x51(%ebp),%eax | lea    -0x3d(%ebp),%eax））；基本块布局差异 5 处（函数内跳转偏移不同（jmp    <T> <_ZN17CPacketTranslater24OnDBReplyGuildAllMembersEP12PacketHeader+0x3ce> | jmp    <T> <_ZN17CPacketTranslater24OnDBReplyGuildAllMembersEP12PacketHeader+0x3d7>）；函数内跳转偏移不同（jmp    <T> <_ZN17CPacketTranslater24OnDBReplyGuildAllMembersEP12PacketHeader+0x4de> | jmp    <T> <_ZN17CPacketTranslater24OnDBReplyGuildAllMembersEP12PacketHeader+0x285>））；立即数/常量差异 2 处（立即数不同（sub    $0x6c,%esp | sub    $0x7c,%esp）；立即数不同（add    $0x6c,%esp | add    $0x7c,%esp））；其余指令差异 121 处（助记符不同（test   %eax,%eax | mov    (%eax),%eax）；助记符不同（jne    <T> <_ZN17CPacketTranslater24OnDBReplyGuildAllMembersEP12PacketHeader+0x1dc> | mov    %eax,-0x28(%ebp)））","--- ORIG（伪代码化）
+++ OURS（伪代码化）
@@ -1,363 +1,363 @@
 push   %ebp
 mov    %esp,%ebp
 push   %edi
 push   %esi
 push   %ebx
-sub    $0x6c,%esp
+sub    $0x7c,%esp
 mov    &_ZN17CPacketTranslater8m_pclAppE,%eax
 test   %eax,%eax",2026-08-11
_ZN17CPacketTranslater24OnMonitorSendGuildLetterEP12PacketHeader,CPacketTranslater::OnMonitorSendGuildLetter(PacketHeader*),other,"真实调用目标差异 2 处（调用目标不同（call   <T> <_ZN10CMyFileLogC1EPKci> | call   <T> <_ZN10CMyFileLogC1EPKci>）；调用目标不同（call   <T> <_ZN10CMyFileLogclEPKcS1_z> | call   <T> <_ZN10CMyFileLogclEPKcS1_z>））；寄存器分配差异 7 处（寄存器分配差异（mov    %eax,(%esp) | mov    %eax,(%esp)）；寄存器分配差异（mov    -0x2c(%ebp),%eax | mov    -0x2c(%ebp),%edx））；等价指令形态差异 34 处（等价指令形态差异（lea vs mov）；等价指令形态差异（lea vs mov））；栈帧/局部布局差异 19 处（栈局部偏移不同（lea    -0x6d(%ebp),%eax | lea    -0x41(%ebp),%eax）；栈局部偏移不同（lea    -0x6d(%ebp),%eax | lea    -0x41(%ebp),%eax））；基本块布局差异 3 处（函数内跳转偏移不同（jmp    <T> <_ZN17CPacketTranslater24OnMonitorSendGuildLetterEP12PacketHeader+0x4ee> | jmp    <T> <_ZN17CPacketTranslater24OnMonitorSendGuildLetterEP12PacketHeader+0x4db>）；函数内跳转偏移不同（jmp    <T> <_ZN17CPacketTranslater24OnMonitorSendGuildLetterEP12PacketHeader+0x21e> | jmp    <T> <_ZN17CPacketTranslater24OnMonitorSendGuildLetterEP12PacketHeader+0x1f6>））；立即数/常量差异 1 处（立即数不同（sub    $0x9c,%esp | sub    $0xac,%esp））；匿名数据指针差异 1 处（匿名数据指针差异（movl   $&data#d597804b(.rodata),0xc(%esp) | movl   $0xac2,0x8(%esp)））；其余指令差异 118 处（助记符不同（mov    -0x24(%ebp),%eax | add    $0xa,%eax）；操作数差异（mov    0xe(%eax),%esi | mov    -0x38(%ebp),%eax））","--- ORIG（伪代码化）
+++ OURS（伪代码化）
@@ -1,402 +1,396 @@
 push   %ebp
 mov    %esp,%ebp
 push   %edi
 push   %esi
 push   %ebx
-sub    $0x9c,%esp
+sub    $0xac,%esp
 mov    &_ZN17CPacketTranslater8m_pclAppE,%eax
 test   %eax,%eax",2026-08-11
_ZN17CPacketTranslater25OnDBMWResisterToBlackListEP12PacketHeader,CPacketTranslater::OnDBMWResisterToBlackList(PacketHeader*),codegen_diff,"寄存器分配差异 2 处（寄存器分配差异（mov    -0x10(%ebp),%eax | mov    -0x10(%ebp),%eax）；寄存器分配差异（mov    -0x14(%ebp),%eax | mov    -0x14(%ebp),%eax））；等价指令形态差异 13 处（字节强转读取形态差（ORIG 直接偏移加载 mov    0xa(%eax),%eax vs OURS add+加载）；等价指令形态差异（mov vs lea））；栈帧/局部布局差异 7 处（栈局部偏移不同（mov    %eax,-0x10(%ebp) | mov    %eax,-0x14(%ebp)）；栈局部偏移不同（lea    -0x34(%ebp),%eax | lea    -0x1c(%ebp),%eax））；基本块布局差异 2 处（函数内跳转偏移不同（jmp    <T> <_ZN17CPacketTranslater25OnDBMWResisterToBlackListEP12PacketHeader+0x2be> | jmp    <T> <_ZN17CPacketTranslater25OnDBMWResisterToBlackListEP12PacketHeader+0x2e1>）；函数内跳转偏移不同（jmp    <T> <_ZN17CPacketTranslater25OnDBMWResisterToBlackListEP12PacketHeader+0x2be> | jmp    <T> <_ZN17CPacketTranslater25OnDBMWResisterToBlackListEP12PacketHeader+0x2e1>））；其余指令差异 73 处（操作数差异（mov    &_ZN17CPacketTranslater8m_pclAppE,%edx | mov    (%eax),%ebx）；助记符不同（add    $0x10,%edx | mov    &_ZN17CPacketTranslater8m_pclAppE,%eax））","--- ORIG（伪代码化）
+++ OURS（伪代码化）
@@ -1,190 +1,199 @@
 push   %ebp
 mov    %esp,%ebp
 push   %esi
 push   %ebx
 sub    $0x70,%esp
 mov    0x8(%ebp),%eax
-mov    %eax,-0x10(%ebp)
+mov    %eax,-0x14(%ebp)
 mov    &_ZN17CPacketTranslater8m_pclAppE,%eax",2026-08-11
_ZN17CPacketTranslater25OnDBReplyQueryGuildMemberEP12PacketHeader,CPacketTranslater::OnDBReplyQueryGuildMember(PacketHeader*),other,"真实调用目标差异 1 处（调用目标不同（call   <T> <_ZNK12CUserManager15FindUser_CharNoEj> | call   <T> <_ZNSaIcEC1Ev>））；异常处理/展开路径差异 2 处（异常处理运行时调用差异（call   <T> <_ZNSaIcED1Ev> | call   <T> <__cxa_throw>）；异常处理运行时调用差异（call   <T> <__cxa_end_catch> | call   <T> <_ZSt9terminatev>））；寄存器分配差异 11 处（寄存器分配差异（mov    %eax,(%esp) | mov    %eax,(%esp)）；寄存器分配差异（mov    %eax,%edi | mov    %esi,%ecx））；等价指令形态差异 22 处（等价指令形态差异（movzbl vs mov）；等价指令形态差异（mov vs lea））；栈帧/局部布局差异 1 处（栈局部偏移不同（lea    -0x40(%ebp),%eax | lea    -0x25(%ebp),%eax））；基本块布局差异 1 处（函数内跳转偏移不同（jmp    <T> <_ZN17CPacketTranslater25OnDBReplyQueryGuildMemberEP12PacketHeader+0x29c> | jmp    <T> <_ZN17CPacketTranslater25OnDBReplyQueryGuildMemberEP12PacketHeader+0x95>））；立即数/常量差异 1 处（立即数不同（sub    $0x4c,%esp | sub    $0x5c,%esp））；其余指令差异 85 处（助记符不同（jne    <T> <_ZN17CPacketTranslater25OnDBReplyQueryGuildMemberEP12PacketHeader+0x14b> | test   %eax,%eax）；助记符不同（add    $0x10,%eax | jne    <T> <_ZN17CPacketTranslater25OnDBReplyQueryGuildMemberEP12PacketHeader+0xef>））","--- ORIG（伪代码化）
+++ OURS（伪代码化）
@@ -1,188 +1,271 @@
 push   %ebp
 mov    %esp,%ebp
 push   %edi
 push   %esi
 push   %ebx
-sub    $0x4c,%esp
+sub    $0x5c,%esp
+mov    &_ZN17CPacketTranslater8m_pclAppE,%eax
+test   %eax,%eax",2026-08-11
_ZN17CPacketTranslater25OnGuildCargoCheckPushItemEP12PacketHeader,CPacketTranslater::OnGuildCargoCheckPushItem(PacketHeader*),other,"真实调用目标差异 4 处（调用目标不同（call   <T> <_ZN10CMyFileLogclEPKcS1_z> | call   <T> <_ZN12CApplication16Get_GuildManagerEv>）；调用目标不同（call   <T> <_ZN10CMyFileLogclEPKcS1_z> | call   <T> <_ZN10CMyFileLogC1EPKci>））；寄存器分配差异 7 处（寄存器分配差异（mov    %eax,(%esp) | mov    %eax,(%esp)）；寄存器分配差异（mov    %eax,(%esp) | mov    %eax,(%ebx)））；等价指令形态差异 54 处（等价指令形态差异（push vs sub）；等价指令形态差异（lea vs mov））；栈帧/局部布局差异 15 处（栈局部偏移不同（lea    -0x7c(%ebp),%eax | lea    -0x34(%ebp),%eax）；栈局部偏移不同（mov    %eax,-0x95(%ebp) | mov    %eax,-0x28(%ebp)））；其余指令差异 137 处（助记符不同（sub    $0xcc,%esp | mov    %eax,-0x2c(%ebp)）；助记符不同（mov    %eax,-0x34(%ebp) | jne    <T> <_ZN17CPacketTranslater25OnGuildCargoCheckPushItemEP12PacketHeader+0x55>））","--- ORIG（伪代码化）
+++ OURS（伪代码化）
@@ -1,317 +1,349 @@
 push   %ebp
 mov    %esp,%ebp
-push   %edi
 push   %esi
 push   %ebx
-sub    $0xcc,%esp
+sub    $0xc0,%esp
 mov    0x8(%ebp),%eax
-mov    %eax,-0x34(%ebp)",2026-08-11
_ZN17CPacketTranslater25OnMonitorManagerConnectOKEP12PacketHeader,CPacketTranslater::OnMonitorManagerConnectOK(PacketHeader*),caliber_issue,"异常处理/展开路径差异 1 处（异常处理运行时调用差异（call   <T> <__cxa_begin_catch> | call   <T> <_Unwind_Resume>））；寄存器分配差异 10 处（寄存器分配差异（mov    %edx,%esi | mov    %eax,%ecx）；寄存器分配差异（mov    %eax,%edi | mov    %edx,%eax））；等价指令形态差异 12 处（等价指令形态差异（lea vs mov）；等价指令形态差异（jne vs jmp））；栈帧/局部布局差异 4 处（栈局部偏移不同（lea    -0x35(%ebp),%eax | lea    -0x19(%ebp),%eax）；栈局部偏移不同（lea    -0x35(%ebp),%eax | lea    -0x19(%ebp),%eax））；基本块布局差异 2 处（函数内跳转偏移不同（jne    <T> <_ZN17CPacketTranslater25OnMonitorManagerConnectOKEP12PacketHeader+0xdf> | jne    <T> <_ZN17CPacketTranslater25OnMonitorManagerConnectOKEP12PacketHeader+0xf2>）；函数内跳转偏移不同（jmp    <T> <_ZN17CPacketTranslater25OnMonitorManagerConnectOKEP12PacketHeader+0x8d> | jmp    <T> <_ZN17CPacketTranslater25OnMonitorManagerConnectOKEP12PacketHeader+0x95>））；立即数/常量差异 1 处（立即数不同（sub    $0x4c,%esp | sub    $0x2c,%esp））；其余指令差异 15 处（助记符不同（jmp    <T> <_ZN17CPacketTranslater25OnMonitorManagerConnectOKEP12PacketHeader+0x87> | mov    %ecx,%esi）；助记符不同（cmp    $0xffffffff,%edx | lea    -0x20(%ebp),%eax））","--- ORIG（伪代码化）
+++ OURS（伪代码化）
@@ -1,146 +1,100 @@
 push   %ebp
 mov    %esp,%ebp
 push   %edi
 push   %esi
 push   %ebx
-sub    $0x4c,%esp
+sub    $0x2c,%esp
 mov    &_ZN17CPacketTranslater8m_pclAppE,%eax
 test   %eax,%eax",2026-08-11
_ZN17CPacketTranslater25OnUpdateChangableCharInfoEP12PacketHeader,CPacketTranslater::OnUpdateChangableCharInfo(PacketHeader*),other,"真实调用目标差异 1 处（调用目标不同（call   <T> <_ZNK12CUserManager8FindUserEj> | call   <T> <_ZN12CApplication15Get_UserManagerEv>））；寄存器分配差异 2 处（寄存器分配差异（mov    %edx,(%esp) | mov    %eax,(%esp)）；寄存器分配差异（mov    (%eax),%edx | mov    (%eax),%eax））；等价指令形态差异 2 处（字节强转读取形态差（ORIG 直接偏移加载 movzbl 0x11(%eax),%eax vs OURS add+加载）；等价指令形态差异（mov vs movzbl））；栈帧/局部布局差异 11 处（栈局部偏移不同（lea    -0x35(%ebp),%eax | lea    -0x25(%ebp),%eax）；栈局部偏移不同（lea    -0x35(%ebp),%eax | lea    -0x25(%ebp),%eax））；基本块布局差异 3 处（函数内跳转偏移不同（jmp    <T> <_ZN17CPacketTranslater25OnUpdateChangableCharInfoEP12PacketHeader+0x13c> | jmp    <T> <_ZN17CPacketTranslater25OnUpdateChangableCharInfoEP12PacketHeader+0x141>）；函数内跳转偏移不同（je     <T> <_ZN17CPacketTranslater25OnUpdateChangableCharInfoEP12PacketHeader+0x244> | je     <T> <_ZN17CPacketTranslater25OnUpdateChangableCharInfoEP12PacketHeader+0x247>））；其余指令差异 27 处（操作数差异（mov    0xa(%eax),%eax | mov    -0x24(%ebp),%eax）；助记符不同（mov    &_ZN17CPacketTranslater8m_pclAppE,%edx | add    $0xa,%eax））","--- ORIG（伪代码化）
+++ OURS（伪代码化）
@@ -1,166 +1,167 @@
 push   %ebp
 mov    %esp,%ebp
 push   %edi
 push   %esi
 push   %ebx
 sub    $0x4c,%esp
 mov    &_ZN17CPacketTranslater8m_pclAppE,%eax
 test   %eax,%eax
 jne    <T> <_ZN17CPacketTranslater25OnUpdateChangableCharInfoEP12PacketHeader+0xdf>",2026-08-11
_ZN17CPacketTranslater26OnDBMWReplySendGuildLetterEP12PacketHeader,CPacketTranslater::OnDBMWReplySendGuildLetter(PacketHeader*),other,"真实调用目标差异 1 处（调用目标不同（call   <T> <_ZNSaIcED1Ev> | call   <T> <_ZNSaIcED1Ev>））；寄存器分配差异 10 处（寄存器分配差异（mov    %eax,(%esp) | mov    %eax,(%esp)）；寄存器分配差异（mov    %esi,%ecx | mov    %esi,%ecx））；等价指令形态差异 19 处（字节强转读取形态差（ORIG 直接偏移加载 mov    0xe(%eax),%eax vs OURS add+加载）；等价指令形态差异（mov vs lea））；栈帧/局部布局差异 15 处（栈局部偏移不同（lea    -0x49(%ebp),%eax | lea    -0x31(%ebp),%eax）；栈局部偏移不同（lea    -0x49(%ebp),%eax | lea    -0x31(%ebp),%eax））；基本块布局差异 1 处（函数内跳转偏移不同（jmp    <T> <_ZN17CPacketTranslater26OnDBMWReplySendGuildLetterEP12PacketHeader+0x29e> | jmp    <T> <_ZN17CPacketTranslater26OnDBMWReplySendGuildLetterEP12PacketHeader+0x2ad>））；其余指令差异 64 处（助记符不同（jne    <T> <_ZN17CPacketTranslater26OnDBMWReplySendGuildLetterEP12PacketHeader+0x1e7> | mov    (%eax),%eax）；助记符不同（lea    -0x41(%ebp),%eax | jne    <T> <_ZN17CPacketTranslater26OnDBMWReplySendGuildLetterEP12PacketHeader+0x1e9>））","--- ORIG（伪代码化）
+++ OURS（伪代码化）
@@ -1,262 +1,267 @@
 push   %ebp
 mov    %esp,%ebp
 push   %edi
 push   %esi
 push   %ebx
 sub    $0x6c,%esp
 mov    &_ZN17CPacketTranslater8m_pclAppE,%eax
 test   %eax,%eax
 jne    <T> <_ZN17CPacketTranslater26OnDBMWReplySendGuildLetterEP12PacketHeader+0xef>",2026-08-11
_ZN17CPacketTranslater26OnDBReplyUnconnGuildMemberEP12PacketHeader,CPacketTranslater::OnDBReplyUnconnGuildMember(PacketHeader*),codegen_diff,"寄存器分配差异 7 处（寄存器分配差异（mov    %eax,%ebx | mov    %eax,%ecx）；寄存器分配差异（mov    %ecx,%esi | mov    %edx,%eax））；等价指令形态差异 9 处（字节强转读取形态差（ORIG 直接偏移加载 mov    0xa(%eax),%eax vs OURS add+加载）；等价指令形态差异（lea vs mov））；栈帧/局部布局差异 24 处（栈局部偏移不同（lea    -0x45(%ebp),%eax | lea    -0x39(%ebp),%eax）；栈局部偏移不同（lea    -0x45(%ebp),%eax | lea    -0x39(%ebp),%eax））；基本块布局差异 3 处（函数内跳转偏移不同（jmp    <T> <_ZN17CPacketTranslater26OnDBReplyUnconnGuildMemberEP12PacketHeader+0x40c> | jmp    <T> <_ZN17CPacketTranslater26OnDBReplyUnconnGuildMemberEP12PacketHeader+0x40a>）；函数内跳转偏移不同（jne    <T> <_ZN17CPacketTranslater26OnDBReplyUnconnGuildMemberEP12PacketHeader+0x3a2> | jne    <T> <_ZN17CPacketTranslater26OnDBReplyUnconnGuildMemberEP12PacketHeader+0x3a0>））；其余指令差异 43 处（助记符不同（test   %eax,%eax | mov    (%eax),%eax）；助记符不同（jne    <T> <_ZN17CPacketTranslater26OnDBReplyUnconnGuildMemberEP12PacketHeader+0x1dc> | mov    %eax,-0x24(%ebp)））","--- ORIG（伪代码化）
+++ OURS（伪代码化）
@@ -1,311 +1,310 @@
 push   %ebp
 mov    %esp,%ebp
 push   %edi
 push   %esi
 push   %ebx
 sub    $0x5c,%esp
 mov    &_ZN17CPacketTranslater8m_pclAppE,%eax
 test   %eax,%eax
 jne    <T> <_ZN17CPacketTranslater26OnDBReplyUnconnGuildMemberEP12PacketHeader+0xef>",2026-08-11
_ZN17CPacketTranslater26OnLoadFromDBOnGuildBootingEP12PacketHeader,CPacketTranslater::OnLoadFromDBOnGuildBooting(PacketHeader*),codegen_diff,"等价指令形态差异 3 处（字节强转读取形态差（ORIG 直接偏移加载 mov    0xe(%eax),%ecx vs OURS add+加载）；字节强转读取形态差（ORIG 直接偏移加载 movzbl 0x12(%eax),%eax vs OURS add+加载））；栈帧/局部布局差异 2 处（栈局部偏移不同（lea    -0x2c(%ebp),%eax | lea    -0x1c(%ebp),%eax）；栈局部偏移不同（lea    -0x2c(%ebp),%eax | lea    -0x1c(%ebp),%eax））；基本块布局差异 1 处（函数内跳转偏移不同（jmp    <T> <_ZN17CPacketTranslater26OnLoadFromDBOnGuildBootingEP12PacketHeader+0x175> | jmp    <T> <_ZN17CPacketTranslater26OnLoadFromDBOnGuildBootingEP12PacketHeader+0x179>））；其余指令差异 16 处（操作数差异（mov    0xa(%eax),%edx | mov    (%eax),%ecx）；助记符不同（jmp    <T> <_ZN17CPacketTranslater26OnLoadFromDBOnGuildBootingEP12PacketHeader+0x175> | mov    (%eax),%edx））","--- ORIG（伪代码化）
+++ OURS（伪代码化）
@@ -1,102 +1,104 @@
 push   %ebp
 mov    %esp,%ebp
 push   %esi
 push   %ebx
 sub    $0x40,%esp
 mov    0x8(%ebp),%eax
 mov    %eax,-0x14(%ebp)
 mov    &_ZN17CPacketTranslater8m_pclAppE,%eax
 test   %eax,%eax",2026-08-11
_ZN17CPacketTranslater27OnDBLoadReplyGuildBoardOpenEP12PacketHeader,CPacketTranslater::OnDBLoadReplyGuildBoardOpen(PacketHeader*),codegen_diff,"寄存器分配差异 1 处（寄存器分配差异（mov    %eax,0x4(%esp) | mov    %edx,0x4(%esp)））；等价指令形态差异 9 处（等价指令形态差异（push vs sub）；等价指令形态差异（mov vs lea））；栈帧/局部布局差异 9 处（栈局部偏移不同（mov    -0x20(%ebp),%eax | mov    %eax,-0x18(%ebp)）；栈局部偏移不同（lea    -0x4c(%ebp),%eax | lea    -0x30(%ebp),%eax））；其余指令差异 47 处（助记符不同（push   %esi | mov    %eax,-0x20(%ebp)）；助记符不同（push   %ebx | jne    <T> <_ZN17CPacketTranslater27OnDBLoadReplyGuildBoardOpenEP12PacketHeader+0x50>））","--- ORIG（伪代码化）
+++ OURS（伪代码化）
@@ -1,181 +1,114 @@
 push   %ebp
 mov    %esp,%ebp
-push   %edi
-push   %esi
-push   %ebx
-sub    $0x7c,%esp
+sub    $0x58,%esp
 mov    0x8(%ebp),%eax
-mov    %eax,-0x24(%ebp)",2026-08-11
_ZN17CPacketTranslater27OnNoticeGuildWarPointChangeEP12PacketHeader,CPacketTranslater::OnNoticeGuildWarPointChange(PacketHeader*),codegen_diff,"等价指令形态差异 2 处（字节强转读取形态差（ORIG 直接偏移加载 mov    0xa(%eax),%eax vs OURS add+加载）；等价指令形态差异（lea vs mov））；栈帧/局部布局差异 8 处（栈局部偏移不同（lea    -0x35(%ebp),%eax | lea    -0x25(%ebp),%eax）；栈局部偏移不同（lea    -0x35(%ebp),%eax | lea    -0x25(%ebp),%eax））；基本块布局差异 1 处（函数内跳转偏移不同（jmp    <T> <_ZN17CPacketTranslater27OnNoticeGuildWarPointChangeEP12PacketHeader+0x158> | jmp    <T> <_ZN17CPacketTranslater27OnNoticeGuildWarPointChangeEP12PacketHeader+0x161>））；其余指令差异 23 处（助记符不同（add    $0x290,%eax | mov    %eax,(%esp)）；助记符不同（xor    $0x1,%eax | call   <T> <_ZN12CApplication16Get_GuildManagerEv>））","--- ORIG（伪代码化）
+++ OURS（伪代码化）
@@ -1,165 +1,176 @@
 push   %ebp
 mov    %esp,%ebp
 push   %edi
 push   %esi
 push   %ebx
 sub    $0x4c,%esp
 mov    &_ZN17CPacketTranslater8m_pclAppE,%eax
 test   %eax,%eax
 jne    <T> <_ZN17CPacketTranslater27OnNoticeGuildWarPointChangeEP12PacketHeader+0xdf>",2026-08-11
_ZN17CPacketTranslater28OnDBLoadReplyGuildBoardWriteEP12PacketHeader,CPacketTranslater::OnDBLoadReplyGuildBoardWrite(PacketHeader*),codegen_diff,"寄存器分配差异 3 处（寄存器分配差异（mov    %edx,(%esp) | mov    %eax,(%esp)）；寄存器分配差异（mov    %edi,0x14(%esp) | mov    %eax,0x14(%esp)））；等价指令形态差异 12 处（等价指令形态差异（push vs sub）；等价指令形态差异（mov vs lea））；栈帧/局部布局差异 13 处（栈局部偏移不同（mov    %eax,-0x20(%ebp) | mov    %eax,-0x1c(%ebp)）；栈局部偏移不同（mov    %eax,-0x2c(%ebp) | mov    %eax,-0x18(%ebp)））；基本块布局差异 3 处（函数内跳转偏移不同（jne    <T> <_ZN17CPacketTranslater28OnDBLoadReplyGuildBoardWriteEP12PacketHeader+0xba> | jne    <T> <_ZN17CPacketTranslater28OnDBLoadReplyGuildBoardWriteEP12PacketHeader+0xbf>）；函数内跳转偏移不同（jmp    <T> <_ZN17CPacketTranslater28OnDBLoadReplyGuildBoardWriteEP12PacketHeader+0x32d> | jmp    <T> <_ZN17CPacketTranslater28OnDBLoadReplyGuildBoardWriteEP12PacketHeader+0x25f>））；其余指令差异 56 处（助记符不同（push   %esi | mov    %eax,-0x20(%ebp)）；助记符不同（sub    $0x6fc,%esp | jne    <T> <_ZN17CPacketTranslater28OnDBLoadReplyGuildBoardWriteEP12PacketHeader+0x54>））","--- ORIG（伪代码化）
+++ OURS（伪代码化）
@@ -1,202 +1,151 @@
 push   %ebp
 mov    %esp,%ebp
-push   %edi
-push   %esi
 push   %ebx
-sub    $0x6fc,%esp
+sub    $0x6f4,%esp
 mov    0x8(%ebp),%eax
-mov    %eax,-0x24(%ebp)",2026-08-11
_ZN17CPacketTranslater28OnDBReplyGuildMasterDelegateEP12PacketHeader,CPacketTranslater::OnDBReplyGuildMasterDelegate(PacketHeader*),other,"真实调用目标差异 2 处（调用目标不同（call   <T> <_ZN6CGuild33ChangeUnconnectedGuildMemberGradeEji> | call   <T> <_ZN6CGuild34NoticeGuildMasterDelegateToMembersEPc>）；调用目标不同（call   *%edx | call   <T> <_ZN10CMyFileLogC1EPKci>））；寄存器分配差异 4 处（寄存器分配差异（mov    %eax,0x4(%esp) | mov    %eax,0x4(%esp)）；寄存器分配差异（mov    %eax,(%esp) | mov    %eax,(%esp)））；等价指令形态差异 35 处（等价指令形态差异（mov vs lea）；等价指令形态差异（lea vs mov））；栈帧/局部布局差异 16 处（栈局部偏移不同（lea    -0x71(%ebp),%eax | lea    -0x41(%ebp),%eax）；栈局部偏移不同（lea    -0x71(%ebp),%eax | lea    -0x41(%ebp),%eax））；基本块布局差异 2 处（函数内跳转偏移不同（jne    <T> <_ZN17CPacketTranslater28OnDBReplyGuildMasterDelegateEP12PacketHeader+0x1b2> | jne    <T> <_ZN17CPacketTranslater28OnDBReplyGuildMasterDelegateEP12PacketHeader+0x20c>）；函数内跳转偏移不同（je     <T> <_ZN17CPacketTranslater28OnDBReplyGuildMasterDelegateEP12PacketHeader+0x46a> | je     <T> <_ZN17CPacketTranslater28OnDBReplyGuildMasterDelegateEP12PacketHeader+0x487>））；立即数/常量差异 1 处（立即数不同（sub    $0xbc,%esp | sub    $0xcc,%esp））；其余指令差异 173 处（助记符不同（mov    %eax,(%esp) | call   <T> <_ZN40Packet_Guild_Reply_Guild_Master_DelegateC1Ev>）；助记符不同（call   <T> <_ZN40Packet_Guild_Reply_Guild_Master_DelegateC1Ev> | add    $0xa,%eax））","--- ORIG（伪代码化）
+++ OURS（伪代码化）
@@ -1,427 +1,423 @@
 push   %ebp
 mov    %esp,%ebp
 push   %edi
 push   %esi
 push   %ebx
-sub    $0xbc,%esp
+sub    $0xcc,%esp
 mov    &_ZN17CPacketTranslater8m_pclAppE,%eax
 test   %eax,%eax",2026-08-11
_ZN17CPacketTranslater28OnDBResponseApproveJoinGuildEP12PacketHeader,CPacketTranslater::OnDBResponseApproveJoinGuild(PacketHeader*),caliber_issue,"寄存器分配差异 4 处（寄存器分配差异（mov    %eax,0x4(%esp) | mov    %edx,0x4(%esp)）；寄存器分配差异（mov    %edx,(%esp) | mov    %eax,(%esp)））；等价指令形态差异 18 处（等价指令形态差异（push vs sub）；等价指令形态差异（lea vs add））；栈帧/局部布局差异 7 处（栈局部偏移不同（mov    %eax,-0x10(%ebp) | mov    %eax,-0x1c(%ebp)）；栈局部偏移不同（cmpl   $0x0,-0x10(%ebp) | cmpl   $0x0,-0x1c(%ebp)））；基本块布局差异 1 处（函数内跳转偏移不同（jmp    <T> <_ZN17CPacketTranslater28OnDBResponseApproveJoinGuildEP12PacketHeader+0x2cb> | jmp    <T> <_ZN17CPacketTranslater28OnDBResponseApproveJoinGuildEP12PacketHeader+0x1fa>））；立即数/常量差异 1 处（立即数不同（add    $0x8,%eax | add    $0x64,%esp））；其余指令差异 54 处（助记符不同（sub    $0x70,%esp | mov    %eax,-0x24(%ebp)）；助记符不同（mov    %eax,-0x1c(%ebp) | jne    <T> <_ZN17CPacketTranslater28OnDBResponseApproveJoinGuildEP12PacketHeader+0x51>））","--- ORIG（伪代码化）
+++ OURS（伪代码化）
@@ -1,186 +1,137 @@
 push   %ebp
 mov    %esp,%ebp
-push   %esi
 push   %ebx
-sub    $0x70,%esp
+sub    $0x64,%esp
 mov    0x8(%ebp),%eax
-mov    %eax,-0x1c(%ebp)
-movl   $0x0,-0x18(%ebp)",2026-08-11
_ZN17CPacketTranslater28OnGuildMasterDelegateFromWebEP12PacketHeader,CPacketTranslater::OnGuildMasterDelegateFromWeb(PacketHeader*),other,"真实调用目标差异 1 处（调用目标不同（call   <T> <_ZN10CMyFileLogclEPKcS1_z> | call   <T> <_ZN10CMyFileLogC1EPKci>））；寄存器分配差异 2 处（寄存器分配差异（mov    %eax,(%esp) | mov    %eax,(%esp)）；寄存器分配差异（mov    %eax,(%esp) | mov    %eax,(%esp)））；等价指令形态差异 29 处（等价指令形态差异（lea vs mov）；等价指令形态差异（lea vs mov））；栈帧/局部布局差异 15 处（栈局部偏移不同（lea    -0x79(%ebp),%eax | lea    -0x3d(%ebp),%eax）；栈局部偏移不同（lea    -0x79(%ebp),%eax | lea    -0x3d(%ebp),%eax））；基本块布局差异 2 处（函数内跳转偏移不同（jmp    <T> <_ZN17CPacketTranslater28OnGuildMasterDelegateFromWebEP12PacketHeader+0x559> | jmp    <T> <_ZN17CPacketTranslater28OnGuildMasterDelegateFromWebEP12PacketHeader+0x542>）；函数内跳转偏移不同（jne    <T> <_ZN17CPacketTranslater28OnGuildMasterDelegateFromWebEP12PacketHeader+0x1a4> | jne    <T> <_ZN17CPacketTranslater28OnGuildMasterDelegateFromWebEP12PacketHeader+0x1f6>））；立即数/常量差异 1 处（立即数不同（movl   $0xcf6,0x8(%esp) | movl   $0x4,0x4(%esp)））；其余指令差异 177 处（助记符不同（mov    %eax,-0x24(%ebp) | add    $0xa,%eax）；操作数差异（mov    -0x24(%ebp),%eax | mov    (%eax),%eax））","--- ORIG（伪代码化）
+++ OURS（伪代码化）
@@ -1,428 +1,415 @@
 push   %ebp
 mov    %esp,%ebp
 push   %edi
 push   %esi
 push   %ebx
 sub    $0xac,%esp
 mov    &_ZN17CPacketTranslater8m_pclAppE,%eax
 test   %eax,%eax
 jne    <T> <_ZN17CPacketTranslater28OnGuildMasterDelegateFromWebEP12PacketHeader+0xf2>",2026-08-11
_ZN17CPacketTranslater28OnGuildRequestGuildBoardOpenEP12PacketHeader,CPacketTranslater::OnGuildRequestGuildBoardOpen(PacketHeader*),codegen_diff,"寄存器分配差异 2 处（寄存器分配差异（mov    %eax,0x4(%esp) | mov    %ebx,0x4(%esp)）；寄存器分配差异（mov    %eax,(%esp) | mov    %eax,(%edx)））；等价指令形态差异 17 处（等价指令形态差异（push vs sub）；等价指令形态差异（movzbl vs mov））；栈帧/局部布局差异 12 处（栈局部偏移不同（lea    -0x44(%ebp),%eax | lea    -0x28(%ebp),%eax）；栈局部偏移不同（lea    -0x3c(%ebp),%eax | lea    -0x30(%ebp),%eax））；其余指令差异 102 处（助记符不同（add    $0xffffff80,%esp | mov    %eax,-0x20(%ebp)）；助记符不同（mov    %eax,-0x14(%ebp) | jne    <T> <_ZN17CPacketTranslater28OnGuildRequestGuildBoardOpenEP12PacketHeader+0x54>））","--- ORIG（伪代码化）
+++ OURS（伪代码化）
@@ -1,276 +1,220 @@
 push   %ebp
 mov    %esp,%ebp
-push   %esi
 push   %ebx
-add    $0xffffff80,%esp
+sub    $0x84,%esp
 mov    0x8(%ebp),%eax
-mov    %eax,-0x14(%ebp)
+mov    %eax,-0x20(%ebp)",2026-08-11
_ZN17CPacketTranslater28OnRequestGuildMasterDelegateEP12PacketHeader,CPacketTranslater::OnRequestGuildMasterDelegate(PacketHeader*),other,"真实调用目标差异 7 处（调用目标不同（call   <T> <_ZNSaIcED1Ev> | call   <T> <_ZNSaIcED1Ev>）；调用目标不同（call   <T> <_ZN40Packet_Guild_Reply_Guild_Master_DelegateC1Ev> | call   <T> <_ZN40Packet_Guild_Reply_Guild_Master_DelegateC1Ev>））；寄存器分配差异 10 处（寄存器分配差异（mov    %eax,(%esp) | mov    %eax,(%esp)）；寄存器分配差异（mov    %esi,%eax | mov    %esi,%eax））；等价指令形态差异 48 处（等价指令形态差异（lea vs mov）；等价指令形态差异（lea vs add））；栈帧/局部布局差异 18 处（栈局部偏移不同（lea    -0x79(%ebp),%eax | lea    -0x41(%ebp),%eax）；栈局部偏移不同（lea    -0x79(%ebp),%eax | lea    -0x41(%ebp),%eax））；基本块布局差异 1 处（函数内跳转偏移不同（jmp    <T> <_ZN17CPacketTranslater28OnRequestGuildMasterDelegateEP12PacketHeader+0x5d4> | jmp    <T> <_ZN17CPacketTranslater28OnRequestGuildMasterDelegateEP12PacketHeader+0x5d7>））；立即数/常量差异 2 处（立即数不同（sub    $0xdc,%esp | sub    $0xec,%esp）；立即数不同（add    $0x290,%edx | add    $0x12,%eax））；其余指令差异 226 处（助记符不同（mov    -0x28(%ebp),%eax | add    $0xa,%eax）；操作数差异（mov    0xa(%eax),%eax | mov    (%eax),%eax））","--- ORIG（伪代码化）
+++ OURS（伪代码化）
@@ -1,441 +1,449 @@
 push   %ebp
 mov    %esp,%ebp
 push   %edi
 push   %esi
 push   %ebx
-sub    $0xdc,%esp
+sub    $0xec,%esp
 mov    &_ZN17CPacketTranslater8m_pclAppE,%eax
 test   %eax,%eax",2026-08-11
_ZN17CPacketTranslater28OnSetGuildMemberGradeFromWebEP12PacketHeader,CPacketTranslater::OnSetGuildMemberGradeFromWeb(PacketHeader*),other,"真实调用目标差异 3 处（调用目标不同（call   <T> <_ZN10CMyFileLogC1EPKci> | call   <T> <_ZN10CMyFileLogclEPKcS1_z>）；调用目标不同（call   <T> <_ZN10CMyFileLogclEPKcS1_z> | call   <T> <_ZN10CMyFileLogC1EPKci>））；寄存器分配差异 3 处（寄存器分配差异（mov    %eax,(%esp) | mov    %eax,(%esp)）；寄存器分配差异（mov    %eax,(%esp) | mov    %eax,(%esp)））；等价指令形态差异 35 处（等价指令形态差异（lea vs mov）；等价指令形态差异（mov vs lea））；栈帧/局部布局差异 17 处（栈局部偏移不同（lea    -0x89(%ebp),%eax | lea    -0x35(%ebp),%eax）；栈局部偏移不同（lea    -0x89(%ebp),%eax | lea    -0x35(%ebp),%eax））；基本块布局差异 11 处（函数内跳转偏移不同（jne    <T> <_ZN17CPacketTranslater28OnSetGuildMemberGradeFromWebEP12PacketHeader+0xfa> | jne    <T> <_ZN17CPacketTranslater28OnSetGuildMemberGradeFromWebEP12PacketHeader+0xe2>）；函数内跳转偏移不同（jmp    <T> <_ZN17CPacketTranslater28OnSetGuildMemberGradeFromWebEP12PacketHeader+0x9f> | jmp    <T> <_ZN17CPacketTranslater28OnSetGuildMemberGradeFromWebEP12PacketHeader+0x90>））；立即数/常量差异 1 处（立即数不同（sub    $0xac,%esp | sub    $0xbc,%esp））；其余指令差异 155 处（助记符不同（mov    %eax,-0x20(%ebp) | add    $0xe,%eax）；操作数差异（mov    -0x20(%ebp),%eax | mov    (%eax),%eax））","--- ORIG（伪代码化）
+++ OURS（伪代码化）
@@ -1,451 +1,434 @@
 push   %ebp
 mov    %esp,%ebp
 push   %edi
 push   %esi
 push   %ebx
-sub    $0xac,%esp
+sub    $0xbc,%esp
 mov    &_ZN17CPacketTranslater8m_pclAppE,%eax
 test   %eax,%eax",2026-08-11
_ZN17CPacketTranslater29OnDBLoadReplyGuildBoardDeleteEP12PacketHeader,CPacketTranslater::OnDBLoadReplyGuildBoardDelete(PacketHeader*),codegen_diff,"寄存器分配差异 1 处（寄存器分配差异（mov    %edx,(%esp) | mov    %eax,(%esp)））；等价指令形态差异 12 处（等价指令形态差异（push vs sub）；等价指令形态差异（mov vs lea））；栈帧/局部布局差异 10 处（栈局部偏移不同（mov    %eax,-0x20(%ebp) | mov    %eax,-0x18(%ebp)）；栈局部偏移不同（mov    %eax,-0x2c(%ebp) | mov    %eax,-0x14(%ebp)））；基本块布局差异 2 处（函数内跳转偏移不同（jne    <T> <_ZN17CPacketTranslater29OnDBLoadReplyGuildBoardDeleteEP12PacketHeader+0xb7> | jne    <T> <_ZN17CPacketTranslater29OnDBLoadReplyGuildBoardDeleteEP12PacketHeader+0xbc>）；函数内跳转偏移不同（jmp    <T> <_ZN17CPacketTranslater29OnDBLoadReplyGuildBoardDeleteEP12PacketHeader+0x2b2> | jmp    <T> <_ZN17CPacketTranslater29OnDBLoadReplyGuildBoardDeleteEP12PacketHeader+0x1ef>））；其余指令差异 44 处（助记符不同（push   %esi | mov    %eax,-0x1c(%ebp)）；助记符不同（sub    $0x7c,%esp | jne    <T> <_ZN17CPacketTranslater29OnDBLoadReplyGuildBoardDeleteEP12PacketHeader+0x51>））","--- ORIG（伪代码化）
+++ OURS（伪代码化）
@@ -1,178 +1,129 @@
 push   %ebp
 mov    %esp,%ebp
-push   %edi
-push   %esi
 push   %ebx
-sub    $0x7c,%esp
+sub    $0x64,%esp
 mov    0x8(%ebp),%eax
-mov    %eax,-0x24(%ebp)",2026-08-11
_ZN17CPacketTranslater29OnGuildApplyOriginalPowerSideEP12PacketHeader,CPacketTranslater::OnGuildApplyOriginalPowerSide(PacketHeader*),codegen_diff,"寄存器分配差异 1 处（寄存器分配差异（mov    %edx,(%esp) | mov    %eax,(%esp)））；等价指令形态差异 22 处（等价指令形态差异（push vs sub）；等价指令形态差异（mov vs lea））；栈帧/局部布局差异 11 处（栈局部偏移不同（mov    %eax,-0x24(%ebp) | mov    %eax,-0x20(%ebp)）；栈局部偏移不同（mov    %eax,-0x30(%ebp) | mov    %eax,-0x1c(%ebp)））；基本块布局差异 5 处（函数内跳转偏移不同（jne    <T> <_ZN17CPacketTranslater29OnGuildApplyOriginalPowerSideEP12PacketHeader+0xba> | jne    <T> <_ZN17CPacketTranslater29OnGuildApplyOriginalPowerSideEP12PacketHeader+0xbf>）；函数内跳转偏移不同（jmp    <T> <_ZN17CPacketTranslater29OnGuildApplyOriginalPowerSideEP12PacketHeader+0x369> | jmp    <T> <_ZN17CPacketTranslater29OnGuildApplyOriginalPowerSideEP12PacketHeader+0x299>））；其余指令差异 59 处（助记符不同（push   %esi | mov    %eax,-0x24(%ebp)）；助记符不同（sub    $0x8c,%esp | jne    <T> <_ZN17CPacketTranslater29OnGuildApplyOriginalPowerSideEP12PacketHeader+0x54>））","--- ORIG（伪代码化）
+++ OURS（伪代码化）
@@ -1,227 +1,172 @@
 push   %ebp
 mov    %esp,%ebp
-push   %edi
-push   %esi
 push   %ebx
-sub    $0x8c,%esp
+sub    $0x84,%esp
 mov    0x8(%ebp),%eax
-mov    %eax,-0x28(%ebp)",2026-08-11
_ZN17CPacketTranslater29OnGuildRequestGuildBoardWriteEP12PacketHeader,CPacketTranslater::OnGuildRequestGuildBoardWrite(PacketHeader*),caliber_issue,"寄存器分配差异 2 处（寄存器分配差异（mov    %eax,0x4(%esp) | mov    %ebx,0x4(%esp)）；寄存器分配差异（mov    &_ZN17CPacketTranslater8m_pclAppE,%edx | mov    &_ZN17CPacketTranslater8m_pclAppE,%eax））；等价指令形态差异 16 处（等价指令形态差异（push vs sub）；等价指令形态差异（mov vs lea））；栈帧/局部布局差异 5 处（栈局部偏移不同（lea    -0x44(%ebp),%eax | lea    -0x1c(%ebp),%eax）；栈局部偏移不同（mov    -0x10(%ebp),%eax | mov    %eax,-0x10(%ebp)））；立即数/常量差异 2 处（立即数不同（add    $0x10,%eax | add    $0xa,%eax）；立即数不同（add    $0x8,%eax | add    $0x17,%eax））；其余指令差异 42 处（助记符不同（sub    $0x110,%esp | jne    <T> <_ZN17CPacketTranslater29OnGuildRequestGuildBoardWriteEP12PacketHeader+0x54>）；助记符不同（jne    <T> <_ZN17CPacketTranslater29OnGuildRequestGuildBoardWriteEP12PacketHeader+0x55> | lea    -0x1c(%ebp),%eax））","--- ORIG（伪代码化）
+++ OURS（伪代码化）
@@ -1,170 +1,127 @@
 push   %ebp
 mov    %esp,%ebp
-push   %esi
 push   %ebx
-sub    $0x110,%esp
+sub    $0xf4,%esp
 mov    0x8(%ebp),%eax
 mov    %eax,-0x14(%ebp)
 mov    &_ZN17CPacketTranslater8m_pclAppE,%eax",2026-08-11
_ZN17CPacketTranslater29OnNoticeGuildChatMsgHyperLinkEP12PacketHeader,CPacketTranslater::OnNoticeGuildChatMsgHyperLink(PacketHeader*),other,"真实调用目标差异 1 处（调用目标不同（call   <T> <_ZNSaIcED1Ev> | call   <T> <_ZNSaIcED1Ev>））；寄存器分配差异 6 处（寄存器分配差异（mov    %eax,(%esp) | mov    %eax,(%esp)）；寄存器分配差异（mov    %esi,%ecx | mov    %esi,%ecx））；等价指令形态差异 29 处（字节强转读取形态差（ORIG 直接偏移加载 mov    0xe(%eax),%eax vs OURS add+加载）；等价指令形态差异（mov vs movzbl））；栈帧/局部布局差异 12 处（栈局部偏移不同（lea    -0x41(%ebp),%eax | lea    -0x35(%ebp),%eax）；栈局部偏移不同（lea    -0x41(%ebp),%eax | lea    -0x35(%ebp),%eax））；基本块布局差异 2 处（函数内跳转偏移不同（jmp    <T> <_ZN17CPacketTranslater29OnNoticeGuildChatMsgHyperLinkEP12PacketHeader+0x2b6> | jmp    <T> <_ZN17CPacketTranslater29OnNoticeGuildChatMsgHyperLinkEP12PacketHeader+0x2c5>）；函数内跳转偏移不同（jmp    <T> <_ZN17CPacketTranslater29OnNoticeGuildChatMsgHyperLinkEP12PacketHeader+0x27a> | jmp    <T> <_ZN17CPacketTranslater29OnNoticeGuildChatMsgHyperLinkEP12PacketHeader+0x264>））；立即数/常量差异 1 处（立即数不同（sub    $0x5c,%esp | sub    $0x6c,%esp））；其余指令差异 67 处（助记符不同（je     <T> <_ZN17CPacketTranslater29OnNoticeGuildChatMsgHyperLinkEP12PacketHeader+0x1dc> | mov    (%eax),%eax）；助记符不同（mov    -0x20(%ebp),%eax | je     <T> <_ZN17CPacketTranslater29OnNoticeGuildChatMsgHyperLinkEP12PacketHeader+0x1eb>））","--- ORIG（伪代码化）
+++ OURS（伪代码化）
@@ -1,284 +1,291 @@
 push   %ebp
 mov    %esp,%ebp
 push   %edi
 push   %esi
 push   %ebx
-sub    $0x5c,%esp
+sub    $0x6c,%esp
 mov    &_ZN17CPacketTranslater8m_pclAppE,%eax
 test   %eax,%eax",2026-08-11
_ZN17CPacketTranslater30OnDBMWResponseBlackListOnLoginEP12PacketHeader,CPacketTranslater::OnDBMWResponseBlackListOnLogin(PacketHeader*),codegen_diff,"寄存器分配差异 1 处（寄存器分配差异（mov    -0x10(%ebp),%edx | mov    -0x10(%ebp),%edx））；等价指令形态差异 8 处（字节强转读取形态差（ORIG 直接偏移加载 mov    0xa(%eax),%eax vs OURS add+加载）；等价指令形态差异（lea vs mov））；栈帧/局部布局差异 7 处（栈局部偏移不同（mov    %eax,-0x14(%ebp) | mov    %eax,-0x18(%ebp)）；栈局部偏移不同（lea    -0x38(%ebp),%eax | lea    -0x20(%ebp),%eax））；基本块布局差异 4 处（函数内跳转偏移不同（jmp    <T> <_ZN17CPacketTranslater30OnDBMWResponseBlackListOnLoginEP12PacketHeader+0x25b> | jmp    <T> <_ZN17CPacketTranslater30OnDBMWResponseBlackListOnLoginEP12PacketHeader+0x259>）；函数内跳转偏移不同（jmp    <T> <_ZN17CPacketTranslater30OnDBMWResponseBlackListOnLoginEP12PacketHeader+0x25b> | jmp    <T> <_ZN17CPacketTranslater30OnDBMWResponseBlackListOnLoginEP12PacketHeader+0x259>））；其余指令差异 54 处（操作数差异（mov    &_ZN17CPacketTranslater8m_pclAppE,%edx | mov    (%eax),%ebx）；助记符不同（add    $0x10,%edx | mov    &_ZN17CPacketTranslater8m_pclAppE,%eax））","--- ORIG（伪代码化）
+++ OURS（伪代码化）
@@ -1,168 +1,169 @@
 push   %ebp
 mov    %esp,%ebp
 push   %esi
 push   %ebx
 sub    $0x40,%esp
 mov    0x8(%ebp),%eax
-mov    %eax,-0x14(%ebp)
+mov    %eax,-0x18(%ebp)
 mov    &_ZN17CPacketTranslater8m_pclAppE,%eax",2026-08-11
_ZN17CPacketTranslater30OnGuildRequestGuildBoardDeleteEP12PacketHeader,CPacketTranslater::OnGuildRequestGuildBoardDelete(PacketHeader*),caliber_issue,"寄存器分配差异 2 处（寄存器分配差异（mov    %eax,0x4(%esp) | mov    %ebx,0x4(%esp)）；寄存器分配差异（mov    &_ZN17CPacketTranslater8m_pclAppE,%edx | mov    &_ZN17CPacketTranslater8m_pclAppE,%eax））；等价指令形态差异 7 处（等价指令形态差异（push vs sub）；等价指令形态差异（mov vs lea））；栈帧/局部布局差异 4 处（栈局部偏移不同（lea    -0x44(%ebp),%eax | lea    -0x34(%ebp),%eax）；栈局部偏移不同（mov    -0x10(%ebp),%eax | mov    %eax,-0x10(%ebp)））；立即数/常量差异 2 处（立即数不同（add    $0x10,%eax | add    $0xa,%eax）；立即数不同（add    $0x8,%eax | add    $0x54,%esp））；其余指令差异 30 处（助记符不同（sub    $0x70,%esp | jne    <T> <_ZN17CPacketTranslater30OnGuildRequestGuildBoardDeleteEP12PacketHeader+0x51>）；助记符不同（jne    <T> <_ZN17CPacketTranslater30OnGuildRequestGuildBoardDeleteEP12PacketHeader+0x52> | lea    -0x34(%ebp),%eax））","--- ORIG（伪代码化）
+++ OURS（伪代码化）
@@ -1,147 +1,98 @@
 push   %ebp
 mov    %esp,%ebp
-push   %esi
 push   %ebx
-sub    $0x70,%esp
+sub    $0x54,%esp
 mov    0x8(%ebp),%eax
 mov    %eax,-0x14(%ebp)
 mov    &_ZN17CPacketTranslater8m_pclAppE,%eax",2026-08-11
_ZN17CPacketTranslater31OnDBLoadReplyWebGuildBoardWriteEP12PacketHeader,CPacketTranslater::OnDBLoadReplyWebGuildBoardWrite(PacketHeader*),codegen_diff,"等价指令形态差异 3 处（等价指令形态差异（push vs sub）；等价指令形态差异（mov vs lea））；栈帧/局部布局差异 6 处（栈局部偏移不同（lea    -0x44(%ebp),%eax | lea    -0x1c(%ebp),%eax）；栈局部偏移不同（mov    %eax,-0x24(%ebp) | mov    -0x10(%ebp),%edx））；其余指令差异 30 处（助记符不同（sub    $0x5c,%esp | mov    %eax,-0x14(%ebp)）；助记符不同（mov    %eax,-0x20(%ebp) | jne    <T> <_ZN17CPacketTranslater31OnDBLoadReplyWebGuildBoardWriteEP12PacketHeader+0x52>））","--- ORIG（伪代码化）
+++ OURS（伪代码化）
@@ -1,134 +1,79 @@
 push   %ebp
 mov    %esp,%ebp
-push   %edi
 push   %esi
 push   %ebx
-sub    $0x5c,%esp
+sub    $0x40,%esp
 mov    0x8(%ebp),%eax
-mov    %eax,-0x20(%ebp)",2026-08-11
_ZN17CPacketTranslater31OnInCreaseDecreasePowerWarPointEP12PacketHeader,CPacketTranslater::OnInCreaseDecreasePowerWarPoint(PacketHeader*),codegen_diff,"等价指令形态差异 4 处（等价指令形态差异（push vs sub）；等价指令形态差异（jne vs jmp））；栈帧/局部布局差异 3 处（栈局部偏移不同（lea    -0x3c(%ebp),%eax | lea    -0x24(%ebp),%eax）；栈局部偏移不同（lea    -0x3c(%ebp),%eax | lea    -0x24(%ebp),%eax））；基本块布局差异 4 处（函数内跳转偏移不同（jne    <T> <_ZN17CPacketTranslater31OnInCreaseDecreasePowerWarPointEP12PacketHeader+0x4c> | jne    <T> <_ZN17CPacketTranslater31OnInCreaseDecreasePowerWarPointEP12PacketHeader+0x50>）；函数内跳转偏移不同（jmp    <T> <_ZN17CPacketTranslater31OnInCreaseDecreasePowerWarPointEP12PacketHeader+0x254> | jmp    <T> <_ZN17CPacketTranslater31OnInCreaseDecreasePowerWarPointEP12PacketHeader+0x16b>））；其余指令差异 46 处（助记符不同（push   %ebx | mov    0x8(%ebp),%eax）；助记符不同（sub    $0x60,%esp | mov    %eax,-0x1c(%ebp)））","--- ORIG（伪代码化）
+++ OURS（伪代码化）
@@ -1,158 +1,93 @@
 push   %ebp
 mov    %esp,%ebp
-push   %esi
-push   %ebx
-sub    $0x60,%esp
+sub    $0x58,%esp
+mov    0x8(%ebp),%eax
+mov    %eax,-0x1c(%ebp)
 mov    &_ZN17CPacketTranslater8m_pclAppE,%eax",2026-08-11
_ZN17CPacketTranslater35OnCheckGuildMemberConnectionFromWebEP12PacketHeader,CPacketTranslater::OnCheckGuildMemberConnectionFromWeb(PacketHeader*),other,"真实调用目标差异 4 处（调用目标不同（call   <T> <_ZNSaIcED1Ev> | call   <T> <_ZNSaIcED1Ev>）；调用目标不同（call   <T> <_ZNSsD1Ev> | call   <T> <_ZNSsD1Ev>））；异常处理/展开路径差异 3 处（异常处理运行时调用差异（call   <T> <_ZSt9terminatev> | call   <T> <_ZSt9terminatev>）；异常处理运行时调用差异（call   <T> <_ZSt9terminatev> | call   <T> <_ZSt9terminatev>））；寄存器分配差异 23 处（寄存器分配差异（mov    %eax,(%esp) | mov    %eax,(%esp)）；寄存器分配差异（mov    %esi,%ecx | mov    %esi,%ecx））；等价指令形态差异 18 处（等价指令形态差异（mov vs lea）；等价指令形态差异（mov vs lea））；栈帧/局部布局差异 20 处（栈局部偏移不同（lea    -0x4d(%ebp),%eax | lea    -0x41(%ebp),%eax）；栈局部偏移不同（lea    -0x4d(%ebp),%eax | lea    -0x41(%ebp),%eax））；基本块布局差异 9 处（函数内跳转偏移不同（jmp    <T> <_ZN17CPacketTranslater35OnCheckGuildMemberConnectionFromWebEP12PacketHeader+0x52e> | jmp    <T> <_ZN17CPacketTranslater35OnCheckGuildMemberConnectionFromWebEP12PacketHeader+0x3da>）；函数内跳转偏移不同（jne    <T> <_ZN17CPacketTranslater35OnCheckGuildMemberConnectionFromWebEP12PacketHeader+0x1df> | jne    <T> <_ZN17CPacketTranslater35OnCheckGuildMemberConnectionFromWebEP12PacketHeader+0x1e0>））；立即数/常量差异 1 处（立即数不同（sub    $0x66c,%esp | sub    $0x65c,%esp））；其余指令差异 80 处（助记符不同（mov    %eax,-0x20(%ebp) | add    $0xa,%eax）；操作数差异（mov    -0x20(%ebp),%eax | mov    (%eax),%eax））","--- ORIG（伪代码化）
+++ OURS（伪代码化）
@@ -1,451 +1,357 @@
 push   %ebp
 mov    %esp,%ebp
 push   %edi
 push   %esi
 push   %ebx
-sub    $0x66c,%esp
+sub    $0x65c,%esp
 mov    &_ZN17CPacketTranslater8m_pclAppE,%eax
 test   %eax,%eax",2026-08-11
_ZN17CPacketTranslater39OnDBMWChangeUnconnectedGuildMemberGradeEP12PacketHeader,CPacketTranslater::OnDBMWChangeUnconnectedGuildMemberGrade(PacketHeader*),codegen_diff,"寄存器分配差异 1 处（寄存器分配差异（mov    &_ZN17CPacketTranslater8m_pclAppE,%edx | mov    &_ZN17CPacketTranslater8m_pclAppE,%eax））；等价指令形态差异 36 处（等价指令形态差异（push vs sub）；等价指令形态差异（mov vs lea））；栈帧/局部布局差异 12 处（栈局部偏移不同（movl   $0x2,-0x88(%ebp) | movl   $0x2,-0x10(%ebp)）；栈局部偏移不同（mov    -0x20(%ebp),%eax | mov    -0x1c(%ebp),%eax））；基本块布局差异 3 处（函数内跳转偏移不同（jne    <T> <_ZN17CPacketTranslater39OnDBMWChangeUnconnectedGuildMemberGradeEP12PacketHeader+0xf9> | jne    <T> <_ZN17CPacketTranslater39OnDBMWChangeUnconnectedGuildMemberGradeEP12PacketHeader+0xf1>）；函数内跳转偏移不同（jmp    <T> <_ZN17CPacketTranslater39OnDBMWChangeUnconnectedGuildMemberGradeEP12PacketHeader+0x25f> | jmp    <T> <_ZN17CPacketTranslater39OnDBMWChangeUnconnectedGuildMemberGradeEP12PacketHeader+0x25e>））；其余指令差异 117 处（助记符不同（push   %esi | mov    %eax,-0x1c(%ebp)）；助记符不同（sub    $0xcc,%esp | jne    <T> <_ZN17CPacketTranslater39OnDBMWChangeUnconnectedGuildMemberGradeEP12PacketHeader+0x54>））","--- ORIG（伪代码化）
+++ OURS（伪代码化）
@@ -1,282 +1,239 @@
 push   %ebp
 mov    %esp,%ebp
-push   %edi
-push   %esi
 push   %ebx
-sub    $0xcc,%esp
+sub    $0xa4,%esp
 mov    0x8(%ebp),%eax
-mov    %eax,-0x20(%ebp)",2026-08-11
_ZN17CPacketTranslater7OnLoginEP12PacketHeader,CPacketTranslater::OnLogin(PacketHeader*),other,"真实调用目标差异 4 处（调用目标不同（call   <T> <_ZN10CMyFileLogclEPKcS1_z> | call   <T> <_ZN10CMyFileLogclEPKcS1_z>）；调用目标不同（call   <T> <_ZN12CUserManager10CreateUserEjjPciP11CGameServer> | call   <T> <_ZN5CUser6SetSexEh>））；寄存器分配差异 6 处（寄存器分配差异（mov    %ebx,0xc(%esp) | mov    %eax,0xc(%esp)）；寄存器分配差异（mov    %eax,(%esp) | mov    %eax,(%esp)））；等价指令形态差异 18 处（等价指令形态差异（movzbl vs mov）；等价指令形态差异（movzbl vs mov））；栈帧/局部布局差异 10 处（栈局部偏移不同（mov    -0x38(%ebp),%eax | mov    %eax,-0x2c(%ebp)）；栈局部偏移不同（lea    -0x60(%ebp),%eax | lea    -0x3c(%ebp),%eax））；基本块布局差异 1 处（函数内跳转偏移不同（jmp    <T> <_ZN17CPacketTranslater7OnLoginEP12PacketHeader+0x3a7> | jmp    <T> <_ZN17CPacketTranslater7OnLoginEP12PacketHeader+0x3ad>））；其余指令差异 132 处（助记符不同（push   %edi | add    $0xffffff80,%esp）；助记符不同（sub    $0x8c,%esp | mov    %eax,-0x34(%ebp)））","--- ORIG（伪代码化）
+++ OURS（伪代码化）
@@ -1,244 +1,245 @@
 push   %ebp
 mov    %esp,%ebp
-push   %edi
 push   %esi
 push   %ebx
-sub    $0x8c,%esp
+add    $0xffffff80,%esp
 mov    0x8(%ebp),%eax
-mov    %eax,-0x38(%ebp)",2026-08-11
_ZN17CPacketTranslater8OnLogoutEP12PacketHeader,CPacketTranslater::OnLogout(PacketHeader*),other,"真实调用目标差异 4 处（调用目标不同（call   <T> <_ZNSaIcEC1Ev> | call   <T> <_ZN12CUserManager17DeleteUser_CharNoEj>）；调用目标不同（call   <T> <_ZN5CUser11GetCharNameEv> | call   <T> <_ZNSaIcEC1Ev>））；寄存器分配差异 6 处（寄存器分配差异（mov    %eax,0x20(%esp) | mov    %edx,0x20(%esp)）；寄存器分配差异（mov    &_ZN17CPacketTranslater8m_pclAppE,%edx | mov    &_ZN17CPacketTranslater8m_pclAppE,%eax））；等价指令形态差异 26 处（字节强转读取形态差（ORIG 直接偏移加载 movzbl 0x17(%eax),%eax vs OURS add+加载）；等价指令形态差异（movzbl vs mov））；栈帧/局部布局差异 9 处（栈局部偏移不同（mov    %eax,-0x28(%ebp) | mov    %eax,-0x34(%ebp)）；栈局部偏移不同（mov    -0x28(%ebp),%eax | mov    %eax,-0x30(%ebp)））；基本块布局差异 3 处（函数内跳转偏移不同（je     <T> <_ZN17CPacketTranslater8OnLogoutEP12PacketHeader+0x40b> | je     <T> <_ZN17CPacketTranslater8OnLogoutEP12PacketHeader+0x449>）；函数内跳转偏移不同（jmp    <T> <_ZN17CPacketTranslater8OnLogoutEP12PacketHeader+0x403> | jmp    <T> <_ZN17CPacketTranslater8OnLogoutEP12PacketHeader+0x449>））；立即数/常量差异 1 处（立即数不同（sub    $0x8c,%esp | sub    $0x9c,%esp））；其余指令差异 117 处（助记符不同（add    $0x10,%eax | mov    %eax,(%esp)）；助记符不同（mov    %eax,-0x24(%ebp) | call   <T> <_ZN12CApplication15Get_UserManagerEv>））","--- ORIG（伪代码化）
+++ OURS（伪代码化）
@@ -1,282 +1,301 @@
 push   %ebp
 mov    %esp,%ebp
 push   %edi
 push   %esi
 push   %ebx
-sub    $0x8c,%esp
+sub    $0x9c,%esp
 mov    0x8(%ebp),%eax
-mov    %eax,-0x28(%ebp)",2026-08-11
_ZN17CPacketTranslater9GuildJoinEP6CGuildP15STGuildJoinInfoj,"CPacketTranslater::GuildJoin(CGuild*, STGuildJoinInfo*, unsigned int)",other,"真实调用目标差异 1 处（调用目标不同（call   <T> <_ZN6CGuild12GetGuildNameEv> | call   <T> <memset>））；寄存器分配差异 1 处（寄存器分配差异（mov    %eax,(%esp) | mov    %eax,(%esp)））；等价指令形态差异 13 处（等价指令形态差异（push vs sub）；等价指令形态差异（je vs jmp））；栈帧/局部布局差异 1 处（栈局部偏移不同（lea    -0x97(%ebp),%eax | lea    -0x92(%ebp),%eax））；其余指令差异 26 处（助记符不同（sub    $0xb0,%esp | je     <T> <_ZN17CPacketTranslater9GuildJoinEP6CGuildP15STGuildJoinInfoj+0x1f5>）；助记符不同（je     <T> <_ZN17CPacketTranslater9GuildJoinEP6CGuildP15STGuildJoinInfoj+0x1fa> | jne    <T> <_ZN17CPacketTranslater9GuildJoinEP6CGuildP15STGuildJoinInfoj+0x42>））","--- ORIG（伪代码化）
+++ OURS（伪代码化）
@@ -1,132 +1,127 @@
 push   %ebp
 mov    %esp,%ebp
-push   %esi
 push   %ebx
-sub    $0xb0,%esp
+sub    $0xb4,%esp
 cmpl   $0x0,0x8(%ebp)
-je     <T> <_ZN17CPacketTranslater9GuildJoinEP6CGuildP15STGuildJoinInfoj+0x1fa>
+je     <T> <_ZN17CPacketTranslater9GuildJoinEP6CGuildP15STGuildJoinInfoj+0x1f5>",2026-08-11
_ZN17CPacketTranslater9GuildJoinEP6CGuildP5CUserj,"CPacketTranslater::GuildJoin(CGuild*, CUser*, unsigned int)",codegen_diff,"等价指令形态差异 8 处（等价指令形态差异（push vs sub）；等价指令形态差异（lea vs mov））；栈帧/局部布局差异 2 处（栈局部偏移不同（lea    -0x10(%ebp),%eax | lea    -0x59(%ebp),%eax）；栈局部偏移不同（lea    -0x5e(%ebp),%eax | lea    -0x59(%ebp),%eax））；基本块布局差异 3 处（函数内跳转偏移不同（je     <T> <_ZN17CPacketTranslater9GuildJoinEP6CGuildP5CUserj+0x22a> | je     <T> <_ZN17CPacketTranslater9GuildJoinEP6CGuildP5CUserj+0x249>）；函数内跳转偏移不同（je     <T> <_ZN17CPacketTranslater9GuildJoinEP6CGuildP5CUserj+0xc9> | je     <T> <_ZN17CPacketTranslater9GuildJoinEP6CGuildP5CUserj+0xcc>））；其余指令差异 33 处（助记符不同（add    $0xffffff80,%esp | je     <T> <_ZN17CPacketTranslater9GuildJoinEP6CGuildP5CUserj+0x249>）；助记符不同（je     <T> <_ZN17CPacketTranslater9GuildJoinEP6CGuildP5CUserj+0x22d> | cmp    $0x1,%eax））","--- ORIG（伪代码化）
+++ OURS（伪代码化）
@@ -1,150 +1,151 @@
 push   %ebp
 mov    %esp,%ebp
-push   %esi
 push   %ebx
-add    $0xffffff80,%esp
+sub    $0x84,%esp
 cmpl   $0x0,0x8(%ebp)
-je     <T> <_ZN17CPacketTranslater9GuildJoinEP6CGuildP5CUserj+0x22a>
+je     <T> <_ZN17CPacketTranslater9GuildJoinEP6CGuildP5CUserj+0x249>",2026-08-11
_ZN17CSignalTranslator11init_signalEv,CSignalTranslator::init_signal(),codegen_diff,"异常处理/展开路径差异 1 处（异常处理运行时调用差异（call   <T> <_ZNSsD1Ev> | call   <T> <_ZSt9terminatev>））；寄存器分配差异 30 处（寄存器分配差异（mov    %edx,%eax | mov    %eax,%ecx）；寄存器分配差异（mov    %ebx,%eax | mov    %esi,%ecx））；等价指令形态差异 24 处（等价指令形态差异（jmp vs je）；等价指令形态差异（jmp vs je））；基本块布局差异 12 处（函数内跳转偏移不同（jmp    <T> <_ZN17CSignalTranslator11init_signalEv+0xba> | jmp    <T> <_ZN17CSignalTranslator11init_signalEv+0xc2>）；函数内跳转偏移不同（jmp    <T> <_ZN17CSignalTranslator11init_signalEv+0x100> | jmp    <T> <_ZN17CSignalTranslator11init_signalEv+0xe4>））；其余指令差异 195 处（助记符不同（xor    $0x1,%eax | test   %eax,%eax）；助记符不同（test   %al,%al | sete   %al））","--- ORIG（伪代码化）
+++ OURS（伪代码化）
@@ -1,1062 +1,1076 @@
 push   %ebp
 mov    %esp,%ebp
 push   %edi
 push   %esi
 push   %ebx
 sub    $0x8c,%esp
 movl   $&_Z14signal_handleri,0x8(%esp)
 movl   $0xf,0x4(%esp)
 mov    0x8(%ebp),%eax",2026-08-11
_ZN17CSignalTranslator12init_handlerEP12CApplication,CSignalTranslator::init_handler(CApplication*),codegen_diff,"等价指令形态差异 1 处（等价指令形态差异（sub vs push））；其余指令差异 7 处（助记符不同（movl   $0x0,-0xc(%ebp) | push   %esi）；助记符不同（jmp    <T> <_ZN17CSignalTranslator12init_handlerEP12CApplication+0x5a> | sub    $0x2c,%esp））","--- ORIG（伪代码化）
+++ OURS（伪代码化）
@@ -1,136 +1,186 @@
 push   %ebp
 mov    %esp,%ebp
+push   %edi
+push   %esi
 push   %ebx
-sub    $0x24,%esp
+sub    $0x2c,%esp
 movl   $0x8,(%esp)
 call   <T> <_Znwj>",2026-08-11
_ZN17CSignalTranslator13regist_signalEiPFviE,"CSignalTranslator::regist_signal(int, void (*)(int))",codegen_diff,"等价指令形态差异 2 处（等价指令形态差异（mov vs lea）；等价指令形态差异（lea vs mov））；栈帧/局部布局差异 3 处（栈局部偏移不同（mov    %eax,-0x94(%ebp) | mov    %eax,-0x98(%ebp)）；栈局部偏移不同（lea    -0x94(%ebp),%eax | lea    -0x98(%ebp),%eax））；其余指令差异 10 处（助记符不同（movl   $0x0,-0x10(%ebp) | jne    <T> <_ZN17CSignalTranslator13regist_signalEiPFviE+0x30>）；助记符不同（jne    <T> <_ZN17CSignalTranslator13regist_signalEiPFviE+0x3d> | mov    $0x20000000,%eax））","--- ORIG（伪代码化）
+++ OURS（伪代码化）
@@ -1,38 +1,34 @@
 push   %ebp
 mov    %esp,%ebp
 sub    $0x138,%esp
 mov    0x10(%ebp),%eax
-mov    %eax,-0x94(%ebp)
-lea    -0x94(%ebp),%eax
+mov    %eax,-0x98(%ebp)
+lea    -0x98(%ebp),%eax
 add    $0x4,%eax",2026-08-11
_ZN17CSignalTranslator4initEP12CApplication,CSignalTranslator::init(CApplication*),other,"其余指令差异 10 处（助记符不同（jmp    <T> <_ZN17CSignalTranslator4initEP12CApplication+0xa1> | add    $0x20,%esp）；助记符不同（jne    <T> <_ZN17CSignalTranslator4initEP12CApplication+0x73> | pop    %ebx））","--- ORIG（伪代码化）
+++ OURS（伪代码化）
@@ -1,54 +1,53 @@
 push   %ebp
 mov    %esp,%ebp
 push   %esi
 push   %ebx
 sub    $0x20,%esp
 mov    0x8(%ebp),%eax
 mov    %eax,(%esp)
 call   <T> <_ZN17CSignalTranslator11init_signalEv>
 mov    0xc(%ebp),%eax",2026-08-11
_ZN17CSignalTranslator5clearEv,CSignalTranslator::clear(),codegen_diff,"寄存器分配差异 25 处（寄存器分配差异（mov    (%eax),%edx | mov    (%eax),%eax）；寄存器分配差异（mov    0x8(%ebp),%eax | mov    0x8(%ebp),%edx））","--- ORIG（伪代码化）
+++ OURS（伪代码化）
@@ -1,100 +1,100 @@
 push   %ebp
 mov    %esp,%ebp
 sub    $0x18,%esp
 mov    0x8(%ebp),%eax
 mov    0x10(%eax),%eax
 test   %eax,%eax
 je     <T> <_ZN17CSignalTranslator5clearEv+0x3c>
 mov    0x8(%ebp),%eax
 mov    0x10(%eax),%eax",2026-08-11
_ZN17CSourceVersionMgrC1Ev,CSourceVersionMgr::CSourceVersionMgr(),other,"其余指令差异 1 处（助记符不同（movl   $0x19daa,0x8(%esp) | jmp    <T> <_ZN17CSourceVersionMgrC1Ev+0x66>））","--- ORIG（伪代码化）
+++ OURS（伪代码化）
@@ -1,38 +1,33 @@
 push   %ebp
 mov    %esp,%ebp
 push   %esi
 push   %ebx
 sub    $0x10,%esp
 mov    0x8(%ebp),%eax
 mov    %eax,(%esp)
 call   <T> <_ZNSt6vectorIN17CSourceVersionMgr13SourceVersionESaIS1_EEC1Ev>
 movl   $0x19daa,0x8(%esp)",2026-08-11
_ZN17CSourceVersionMgrC2Ev,CSourceVersionMgr::CSourceVersionMgr(),other,"其余指令差异 1 处（助记符不同（movl   $0x19daa,0x8(%esp) | jmp    <T> <_ZN17CSourceVersionMgrC1Ev+0x66>））","--- ORIG（伪代码化）
+++ OURS（伪代码化）
@@ -1,38 +1,33 @@
 push   %ebp
 mov    %esp,%ebp
 push   %esi
 push   %ebx
 sub    $0x10,%esp
 mov    0x8(%ebp),%eax
 mov    %eax,(%esp)
 call   <T> <_ZNSt6vectorIN17CSourceVersionMgr13SourceVersionESaIS1_EEC1Ev>
 movl   $0x19daa,0x8(%esp)",2026-08-11
_ZN17CTcpNetworkThread8dispatchEPv,CTcpNetworkThread::dispatch(void*),caliber_issue,"寄存器分配差异 1 处（寄存器分配差异（mov    -0x28(%ebp),%eax | mov    -0x28(%ebp),%eax））；等价指令形态差异 7 处（等价指令形态差异（je vs jmp）；等价指令形态差异（jmp vs je））；栈帧/局部布局差异 15 处（栈局部偏移不同（movl   $0x0,-0x28(%ebp) | movl   $0x0,-0x34(%ebp)）；栈局部偏移不同（movl   $0x0,-0x24(%ebp) | movl   $0x0,-0x30(%ebp)））；基本块布局差异 8 处（函数内跳转偏移不同（jmp    <T> <_ZN17CTcpNetworkThread8dispatchEPv+0x1d8> | jmp    <T> <_ZN17CTcpNetworkThread8dispatchEPv+0x1f8>）；函数内跳转偏移不同（je     <T> <_ZN17CTcpNetworkThread8dispatchEPv+0x1d4> | je     <T> <_ZN17CTcpNetworkThread8dispatchEPv+0x1f4>））；立即数/常量差异 1 处（立即数不同（sub    $0x4c,%esp | sub    $0x5c,%esp））；其余指令差异 80 处（助记符不同（call   <T> <_ZN11CTcpHandler11GetEventPtrEi> | mov    -0x2c(%ebp),%eax）；操作数差异（mov    %eax,-0x28(%ebp) | mov    %eax,0x4(%esp)））","--- ORIG（伪代码化）
+++ OURS（伪代码化）
@@ -1,327 +1,338 @@
 push   %ebp
 mov    %esp,%ebp
 push   %edi
 push   %esi
 push   %ebx
-sub    $0x4c,%esp
-movl   $0x0,-0x28(%ebp)
-movl   $0x0,-0x24(%ebp)
+sub    $0x5c,%esp",2026-08-11
_ZN17CTcpNetworkThreadD1Ev,CTcpNetworkThread::~CTcpNetworkThread(),other,"其余指令差异 2 处（助记符不同（mov    0x8(%ebp),%eax | movl   $0x0,0xc(%eax)）；助记符不同（movl   $0x0,0xc(%eax) | mov    0x8(%ebp),%eax））","--- ORIG（伪代码化）
+++ OURS（伪代码化）
@@ -1,30 +1,30 @@
 push   %ebp
 mov    %esp,%ebp
 sub    $0x18,%esp
 mov    0x8(%ebp),%eax
 movl   $&_ZTV17CTcpNetworkThread+0x8,(%eax)
 mov    0x8(%ebp),%eax
+movl   $0x0,0xc(%eax)
+mov    0x8(%ebp),%eax
 movl   $0x0,0x10(%eax)",2026-08-11
_ZN17CTcpNetworkThreadD2Ev,CTcpNetworkThread::~CTcpNetworkThread(),other,"其余指令差异 2 处（助记符不同（mov    0x8(%ebp),%eax | movl   $0x0,0xc(%eax)）；助记符不同（movl   $0x0,0xc(%eax) | mov    0x8(%ebp),%eax））","--- ORIG（伪代码化）
+++ OURS（伪代码化）
@@ -1,30 +1,30 @@
 push   %ebp
 mov    %esp,%ebp
 sub    $0x18,%esp
 mov    0x8(%ebp),%eax
 movl   $&_ZTV17CTcpNetworkThread+0x8,(%eax)
 mov    0x8(%ebp),%eax
+movl   $0x0,0xc(%eax)
+mov    0x8(%ebp),%eax
 movl   $0x0,0x10(%eax)",2026-08-11
_ZN17CUdpNetworkThread6attachEP12CApplication,CUdpNetworkThread::attach(CApplication*),codegen_diff,"寄存器分配差异 1 处（寄存器分配差异（mov    0x8(%ebp),%edx | mov    0x8(%ebp),%eax））；基本块布局差异 1 处（函数内跳转偏移不同（je     <T> <_ZN17CUdpNetworkThread6attachEP12CApplication+0x50> | je     <T> <_ZN17CUdpNetworkThread6attachEP12CApplication+0x48>））；其余指令差异 2 处（操作数差异（mov    %eax,0xc(%edx) | mov    0xc(%ebp),%edx）；操作数差异（mov    0xc(%ebp),%eax | mov    %edx,0xc(%eax)））","--- ORIG（伪代码化）
+++ OURS（伪代码化）
@@ -1,27 +1,25 @@
 push   %ebp
 mov    %esp,%ebp
 sub    $0x18,%esp
 cmpl   $0x0,0xc(%ebp)
-je     <T> <_ZN17CUdpNetworkThread6attachEP12CApplication+0x50>
+je     <T> <_ZN17CUdpNetworkThread6attachEP12CApplication+0x48>
+mov    0x8(%ebp),%eax
+mov    0xc(%ebp),%edx
+mov    %edx,0xc(%eax)",2026-08-11
_ZN17CUdpNetworkThread8dispatchEPv,CUdpNetworkThread::dispatch(void*),other,"真实调用目标差异 4 处（调用目标不同（call   <T> <_ZN6CGuardI6CMutexED1Ev> | call   <T> <_ZN6CGuardI6CMutexEC1EPS0_>）；调用目标不同（call   <T> <_ZN10CMyFileLogclEPKcS1_z> | call   <T> <_ZN10CMyFileLogclEPKcS1_z>））；寄存器分配差异 23 处（寄存器分配差异（mov    %eax,%ecx | mov    %eax,%ebx）；寄存器分配差异（mov    %eax,(%esp) | mov    %eax,(%esp)））；等价指令形态差异 41 处（等价指令形态差异（mov vs lea）；等价指令形态差异（mov vs lea））；栈帧/局部布局差异 7 处（栈局部偏移不同（lea    -0x68(%ebp),%eax | lea    -0x3c(%ebp),%eax）；栈局部偏移不同（mov    -0x20(%ebp),%eax | mov    -0x28(%ebp),%eax））；基本块布局差异 2 处（函数内跳转偏移不同（je     <T> <_ZN17CUdpNetworkThread8dispatchEPv+0x2e> | je     <T> <_ZN17CUdpNetworkThread8dispatchEPv+0x477>）；函数内跳转偏移不同（jmp    <T> <_ZN17CUdpNetworkThread8dispatchEPv+0x4b3> | jmp    <T> <_ZN17CUdpNetworkThread8dispatchEPv+0x463>））；立即数/常量差异 1 处（立即数不同（sub    $0x9c,%esp | sub    $0x8c,%esp））；其余指令差异 246 处（助记符不同（je     <T> <_ZN17CUdpNetworkThread8dispatchEPv+0x2e> | mov    0x8(%ebp),%eax）；操作数差异（mov    0x8(%ebp),%eax | mov    0x10(%eax),%eax））","--- ORIG（伪代码化）
+++ OURS（伪代码化）
@@ -1,524 +1,369 @@
 push   %ebp
 mov    %esp,%ebp
 push   %edi
 push   %esi
 push   %ebx
-sub    $0x9c,%esp
+sub    $0x8c,%esp
+mov    0x8(%ebp),%eax
+mov    0x10(%eax),%eax",2026-08-11
_ZN17STGuildAgitDBInfoC1Ev,STGuildAgitDBInfo::STGuildAgitDBInfo(),other,"其余指令差异 2 处（助记符不同（movb   $0x0,(%eax) | sub    $0x18,%esp）；助记符不同（pop    %ebp | movl   $0x1,0x8(%esp)））","--- ORIG（伪代码化）
+++ OURS（伪代码化）
@@ -1,6 +1,10 @@
 push   %ebp
 mov    %esp,%ebp
+sub    $0x18,%esp
 mov    0x8(%ebp),%eax
-movb   $0x0,(%eax)
-pop    %ebp
+movl   $0x1,0x8(%esp)
+movl   $0x0,0x4(%esp)
+mov    %eax,(%esp)",2026-08-11
_ZN17STGuildAgitDBInfoC2Ev,STGuildAgitDBInfo::STGuildAgitDBInfo(),other,"其余指令差异 2 处（助记符不同（movb   $0x0,(%eax) | sub    $0x18,%esp）；助记符不同（pop    %ebp | movl   $0x1,0x8(%esp)））","--- ORIG（伪代码化）
+++ OURS（伪代码化）
@@ -1,6 +1,10 @@
 push   %ebp
 mov    %esp,%ebp
+sub    $0x18,%esp
 mov    0x8(%ebp),%eax
-movb   $0x0,(%eax)
-pop    %ebp
+movl   $0x1,0x8(%esp)
+movl   $0x0,0x4(%esp)
+mov    %eax,(%esp)",2026-08-11
_ZN17STGuildDBInfoOnlyC1Ev,STGuildDBInfoOnly::STGuildDBInfoOnly(),codegen_diff,"寄存器分配差异 1 处（寄存器分配差异（mov    0x8(%ebp),%eax | mov    0x8(%ebp),%ecx））；等价指令形态差异 3 处（等价指令形态差异（push vs sub）；等价指令形态差异（mov vs lea））；其余指令差异 26 处（助记符不同（push   %ebx | movl   $0xbd,0x8(%esp)）；助记符不同（sub    $0x10,%esp | movl   $0x0,-0xc(%ebp)））","--- ORIG（伪代码化）
+++ OURS（伪代码化）
@@ -1,88 +1,39 @@
 push   %ebp
 mov    %esp,%ebp
-push   %esi
-push   %ebx
-sub    $0x10,%esp
+sub    $0x28,%esp
 mov    0x8(%ebp),%eax
-movl   $0x0,0x17(%eax)
-mov    0x8(%ebp),%eax",2026-08-11
_ZN17STGuildDBInfoOnlyC2Ev,STGuildDBInfoOnly::STGuildDBInfoOnly(),codegen_diff,"寄存器分配差异 1 处（寄存器分配差异（mov    0x8(%ebp),%eax | mov    0x8(%ebp),%ecx））；等价指令形态差异 3 处（等价指令形态差异（push vs sub）；等价指令形态差异（mov vs lea））；其余指令差异 26 处（助记符不同（push   %ebx | movl   $0xbd,0x8(%esp)）；助记符不同（sub    $0x10,%esp | movl   $0x0,-0xc(%ebp)））","--- ORIG（伪代码化）
+++ OURS（伪代码化）
@@ -1,88 +1,39 @@
 push   %ebp
 mov    %esp,%ebp
-push   %esi
-push   %ebx
-sub    $0x10,%esp
+sub    $0x28,%esp
 mov    0x8(%ebp),%eax
-movl   $0x0,0x17(%eax)
-mov    0x8(%ebp),%eax",2026-08-11
_ZN17ST_Guild_Mem_InfoC1Ev,ST_Guild_Mem_Info::ST_Guild_Mem_Info(),other,"其余指令差异 11 处（助记符不同（movw   $0xffff,0x2(%eax) | add    $0x2,%eax）；助记符不同（mov    0x8(%ebp),%eax | movw   $0xffff,(%eax)））","--- ORIG（伪代码化）
+++ OURS（伪代码化）
@@ -1,33 +1,35 @@
 push   %ebp
 mov    %esp,%ebp
 sub    $0x18,%esp
 mov    0x8(%ebp),%eax
 movb   $0xff,(%eax)
 mov    0x8(%ebp),%eax
 movb   $0xff,0x1(%eax)
 mov    0x8(%ebp),%eax
-movw   $0xffff,0x2(%eax)",2026-08-11
_ZN17ST_Guild_Mem_InfoC2Ev,ST_Guild_Mem_Info::ST_Guild_Mem_Info(),other,"其余指令差异 11 处（助记符不同（movw   $0xffff,0x2(%eax) | add    $0x2,%eax）；助记符不同（mov    0x8(%ebp),%eax | movw   $0xffff,(%eax)））","--- ORIG（伪代码化）
+++ OURS（伪代码化）
@@ -1,33 +1,35 @@
 push   %ebp
 mov    %esp,%ebp
 sub    $0x18,%esp
 mov    0x8(%ebp),%eax
 movb   $0xff,(%eax)
 mov    0x8(%ebp),%eax
 movb   $0xff,0x1(%eax)
 mov    0x8(%ebp),%eax
-movw   $0xffff,0x2(%eax)",2026-08-11
_ZN18CFrameCountHandler11SaveProcessEi,CFrameCountHandler::SaveProcess(int),codegen_diff,"等价指令形态差异 2 处（等价指令形态差异（push vs sub）；等价指令形态差异（lea vs mov））；其余指令差异 14 处（助记符不同（push   %ebx | mov    0x28(%eax),%eax）；助记符不同（sub    $0x30,%esp | add    $0x1,%eax））","--- ORIG（伪代码化）
+++ OURS（伪代码化）
@@ -1,41 +1,35 @@
 push   %ebp
 mov    %esp,%ebp
-push   %esi
-push   %ebx
-sub    $0x30,%esp
+sub    $0x38,%esp
 mov    0x8(%ebp),%eax
-movzbl 0x28(%eax),%eax
-lea    0x1(%eax),%edx",2026-08-11
_ZN18CFrameCountHandler11SaveProcessEv,CFrameCountHandler::SaveProcess(),codegen_diff,"等价指令形态差异 2 处（等价指令形态差异（push vs sub）；等价指令形态差异（lea vs mov））；其余指令差异 14 处（助记符不同（push   %ebx | mov    0x28(%eax),%eax）；助记符不同（sub    $0x30,%esp | add    $0x1,%eax））","--- ORIG（伪代码化）
+++ OURS（伪代码化）
@@ -1,39 +1,33 @@
 push   %ebp
 mov    %esp,%ebp
-push   %esi
-push   %ebx
-sub    $0x30,%esp
+sub    $0x38,%esp
 mov    0x8(%ebp),%eax
-movzbl 0x28(%eax),%eax
-lea    0x1(%eax),%edx",2026-08-11
_ZN18CFrameCountHandler17GetFrameCountInfoEv,CFrameCountHandler::GetFrameCountInfo(),caliber_issue,"寄存器分配差异 10 处（寄存器分配差异（mov    %edx,%eax | mov    %esi,%ecx）；寄存器分配差异（mov    %edx,%eax | mov    %eax,%ecx））；等价指令形态差异 29 处（等价指令形态差异（mov vs lea）；等价指令形态差异（lea vs mov））；栈帧/局部布局差异 2 处（栈局部偏移不同（lea    -0x35(%ebp),%eax | lea    -0x2c(%ebp),%eax）；栈局部偏移不同（lea    -0x2d(%ebp),%eax | lea    -0x24(%ebp),%eax））；基本块布局差异 1 处（函数内跳转偏移不同（jmp    <T> <_ZN18CFrameCountHandler17GetFrameCountInfoEv+0xf0> | jmp    <T> <_ZN18CFrameCountHandler17GetFrameCountInfoEv+0xcf>））；立即数/常量差异 1 处（立即数不同（sub    $0x6c,%esp | sub    $0x5c,%esp））；其余指令差异 102 处（助记符不同（movl   $0x0,-0x2c(%ebp) | mov    0x8(%ebp),%eax）；助记符不同（movl   $0x0,-0x28(%ebp) | add    $0x24,%eax））","--- ORIG（伪代码化）
+++ OURS（伪代码化）
@@ -1,277 +1,285 @@
 push   %ebp
 mov    %esp,%ebp
 push   %edi
 push   %esi
 push   %ebx
-sub    $0x6c,%esp
-movl   $0x0,-0x2c(%ebp)
-movl   $0x0,-0x28(%ebp)
-movl   $0x0,-0x24(%ebp)",2026-08-11
_ZN18CFrameCountHandler18InitFrameCountInfoEP12CApplicationjt,"CFrameCountHandler::InitFrameCountInfo(CApplication*, unsigned int, unsigned short)",caliber_issue,"寄存器分配差异 1 处（寄存器分配差异（mov    0x8(%ebp),%eax | mov    0x8(%ebp),%eax））；立即数/常量差异 1 处（立即数不同（sub    $0x3c,%esp | sub    $0x4c,%esp））；其余指令差异 30 处（助记符不同（cmpl   $0x0,0x10(%ebp) | cmpw   $0x0,-0x2c(%ebp)）；助记符不同（je     <T> <_ZN18CFrameCountHandler18InitFrameCountInfoEP12CApplicationjt+0x60> | jne    <T> <_ZN18CFrameCountHandler18InitFrameCountInfoEP12CApplicationjt+0xf7>））","--- ORIG（伪代码化）
+++ OURS（伪代码化）
@@ -1,100 +1,103 @@
 push   %ebp
 mov    %esp,%ebp
 push   %edi
 push   %esi
 push   %ebx
-sub    $0x3c,%esp
+sub    $0x4c,%esp
 mov    0x14(%ebp),%eax
 mov    %ax,-0x2c(%ebp)",2026-08-11
_ZN18CFrameCountHandlerC1Ev,CFrameCountHandler::CFrameCountHandler(),other,"其余指令差异 1 处（助记符不同（movb   $0x0,0x28(%eax) | movl   $0x0,(%eax)））","--- ORIG（伪代码化）
+++ OURS（伪代码化）
@@ -1,8 +1,28 @@
 push   %ebp
 mov    %esp,%ebp
 mov    0x8(%ebp),%eax
-movb   $0x0,0x28(%eax)
+movl   $0x0,(%eax)
+mov    0x8(%ebp),%eax
+movl   $0x0,0x4(%eax)
+mov    0x8(%ebp),%eax
+movl   $0x0,0x8(%eax)",2026-08-11
_ZN18CFrameCountHandlerC2Ev,CFrameCountHandler::CFrameCountHandler(),other,"其余指令差异 1 处（助记符不同（movb   $0x0,0x28(%eax) | movl   $0x0,(%eax)））","--- ORIG（伪代码化）
+++ OURS（伪代码化）
@@ -1,8 +1,28 @@
 push   %ebp
 mov    %esp,%ebp
 mov    0x8(%ebp),%eax
-movb   $0x0,0x28(%eax)
+movl   $0x0,(%eax)
+mov    0x8(%ebp),%eax
+movl   $0x0,0x4(%eax)
+mov    0x8(%ebp),%eax
+movl   $0x0,0x8(%eax)",2026-08-11
_ZN18CMemoryCashManager13IsRightObjectEP5CUser,CMemoryCashManager::IsRightObject(CUser*),codegen_diff,共 5 组指令差异,"--- ORIG（伪代码化）
+++ OURS（伪代码化）
@@ -1,17 +1,12 @@
 push   %ebp
 mov    %esp,%ebp
 sub    $0x18,%esp
 mov    0xc(%ebp),%eax
 mov    %eax,(%esp)
 call   <T> <_ZN5CUser18GetBlackListDBFlagEv>
 movzwl %ax,%eax
 and    $0x4,%eax
 test   %eax,%eax",2026-08-11
_ZN18CMemoryCashManager13SetUserObjectEP5CUser,CMemoryCashManager::SetUserObject(CUser*),caliber_issue,"栈帧/局部布局差异 7 处（栈局部偏移不同（mov    %eax,-0x14(%ebp) | mov    %eax,-0x18(%ebp)）；栈局部偏移不同（lea    -0x18(%ebp),%eax | lea    -0x1c(%ebp),%eax））；基本块布局差异 1 处（函数内跳转偏移不同（je     <T> <_ZN18CMemoryCashManager13SetUserObjectEP5CUser+0x8d> | je     <T> <_ZN18CMemoryCashManager13SetUserObjectEP5CUser+0x86>））；立即数/常量差异 1 处（立即数不同（sub    $0x28,%esp | sub    $0x38,%esp））；其余指令差异 3 处（操作数差异（mov    $0x1,%eax | mov    0x8(%ebp),%edx）；助记符不同（jmp    <T> <_ZN18CMemoryCashManager13SetUserObjectEP5CUser+0x92> | lea    -0x10(%ebp),%eax））","--- ORIG（伪代码化）
+++ OURS（伪代码化）
@@ -1,45 +1,53 @@
 push   %ebp
 mov    %esp,%ebp
-sub    $0x28,%esp
+sub    $0x38,%esp
 mov    0xc(%ebp),%eax
 mov    %eax,(%esp)
 call   <T> <_ZN5CUser7GetDBIDEv>
-mov    %eax,-0x14(%ebp)
+mov    %eax,-0x18(%ebp)",2026-08-11
_ZN18CMemoryCashManager18ProcessLifeTimeOutEv,CMemoryCashManager::ProcessLifeTimeOut(),codegen_diff,"等价指令形态差异 2 处（等价指令形态差异（lea vs mov）；等价指令形态差异（lea vs mov））；栈帧/局部布局差异 4 处（栈局部偏移不同（lea    -0x18(%ebp),%eax | lea    -0x14(%ebp),%eax）；栈局部偏移不同（lea    -0x18(%ebp),%eax | lea    -0x14(%ebp),%eax））；基本块布局差异 3 处（函数内跳转偏移不同（je     <T> <_ZN18CMemoryCashManager18ProcessLifeTimeOutEv+0xdb> | je     <T> <_ZN18CMemoryCashManager18ProcessLifeTimeOutEv+0xcd>）；函数内跳转偏移不同（jmp    <T> <_ZN18CMemoryCashManager18ProcessLifeTimeOutEv+0xaa> | jmp    <T> <_ZN18CMemoryCashManager18ProcessLifeTimeOutEv+0x9e>））；其余指令差异 7 处（助记符不同（movl   $0x0,0x8(%esp) | mov    %eax,-0x18(%ebp)）；助记符不同（mov    %edx,0x4(%esp) | call   <T> <_ZNSt17_Rb_tree_iteratorISt4pairIKjP11CCashObjectEEppEv>））","--- ORIG（伪代码化）
+++ OURS（伪代码化）
@@ -1,69 +1,65 @@
 push   %ebp
 mov    %esp,%ebp
 push   %ebx
 sub    $0x24,%esp
 mov    0x8(%ebp),%eax
 mov    0x18(%eax),%eax
 test   %eax,%eax
-je     <T> <_ZN18CMemoryCashManager18ProcessLifeTimeOutEv+0xdb>
+je     <T> <_ZN18CMemoryCashManager18ProcessLifeTimeOutEv+0xcd>",2026-08-11
_ZN18CMemoryCashManager24QueryCashMemoryBlackListEP5CUser,CMemoryCashManager::QueryCashMemoryBlackList(CUser*),caliber_issue,"栈帧/局部布局差异 7 处（栈局部偏移不同（mov    %eax,-0x14(%ebp) | mov    %eax,-0x18(%ebp)）；栈局部偏移不同（lea    -0x18(%ebp),%eax | lea    -0x1c(%ebp),%eax））；基本块布局差异 1 处（函数内跳转偏移不同（je     <T> <_ZN18CMemoryCashManager24QueryCashMemoryBlackListEP5CUser+0xa0> | je     <T> <_ZN18CMemoryCashManager24QueryCashMemoryBlackListEP5CUser+0x99>））；立即数/常量差异 1 处（立即数不同（sub    $0x28,%esp | sub    $0x38,%esp））；其余指令差异 3 处（操作数差异（mov    $0x1,%eax | mov    0x8(%ebp),%edx）；助记符不同（jmp    <T> <_ZN18CMemoryCashManager24QueryCashMemoryBlackListEP5CUser+0xa5> | lea    -0x10(%ebp),%eax））","--- ORIG（伪代码化）
+++ OURS（伪代码化）
@@ -1,49 +1,58 @@
 push   %ebp
 mov    %esp,%ebp
-sub    $0x28,%esp
+sub    $0x38,%esp
 mov    0xc(%ebp),%eax
 mov    %eax,(%esp)
 call   <T> <_ZN5CUser7GetDBIDEv>
-mov    %eax,-0x14(%ebp)
+mov    %eax,-0x18(%ebp)",2026-08-11
_ZN18CMemoryCashManager34InsertCashMemorySetCharacterObjectEP5CUser,CMemoryCashManager::InsertCashMemorySetCharacterObject(CUser*),caliber_issue,"等价指令形态差异 5 处（等价指令形态差异（jmp vs je）；等价指令形态差异（lea vs mov））；基本块布局差异 2 处（函数内跳转偏移不同（je     <T> <_ZN18CMemoryCashManager34InsertCashMemorySetCharacterObjectEP5CUser+0xee> | je     <T> <_ZN18CMemoryCashManager34InsertCashMemorySetCharacterObjectEP5CUser+0xe4>）；函数内跳转偏移不同（jmp    <T> <_ZN18CMemoryCashManager34InsertCashMemorySetCharacterObjectEP5CUser+0x101> | jmp    <T> <_ZN18CMemoryCashManager34InsertCashMemorySetCharacterObjectEP5CUser+0x100>））；立即数/常量差异 1 处（立即数不同（mov    $0x0,%eax | mov    $0x1,%eax））；其余指令差异 7 处（助记符不同（je     <T> <_ZN18CMemoryCashManager34InsertCashMemorySetCharacterObjectEP5CUser+0xfc> | xor    $0x1,%eax）；操作数差异（mov    %eax,-0x38(%ebp) | mov    $0x0,%eax））","--- ORIG（伪代码化）
+++ OURS（伪代码化）
@@ -1,85 +1,85 @@
 push   %ebp
 mov    %esp,%ebp
 push   %edi
 push   %esi
 push   %ebx
 sub    $0x3c,%esp
 mov    0xc(%ebp),%eax
 mov    %eax,0x4(%esp)
 mov    0x8(%ebp),%eax",2026-08-11
_ZN18CMemoryCashManagerD1Ev,CMemoryCashManager::~CMemoryCashManager(),codegen_diff,等价指令形态差异 1 处（等价指令形态差异（sub vs push））；其余指令差异 1 处（助记符不同（leave | push   %ebx））,"--- ORIG（伪代码化）
+++ OURS（伪代码化）
@@ -1,8 +1,60 @@
 push   %ebp
 mov    %esp,%ebp
-sub    $0x18,%esp
+push   %esi
+push   %ebx
+sub    $0x20,%esp
+mov    0x8(%ebp),%edx
+lea    -0x10(%ebp),%eax
+mov    %edx,0x4(%esp)",2026-08-11
_ZN18CMemoryCashManagerD2Ev,CMemoryCashManager::~CMemoryCashManager(),codegen_diff,等价指令形态差异 1 处（等价指令形态差异（sub vs push））；其余指令差异 1 处（助记符不同（leave | push   %ebx））,"--- ORIG（伪代码化）
+++ OURS（伪代码化）
@@ -1,8 +1,60 @@
 push   %ebp
 mov    %esp,%ebp
-sub    $0x18,%esp
+push   %esi
+push   %ebx
+sub    $0x20,%esp
+mov    0x8(%ebp),%edx
+lea    -0x10(%ebp),%eax
+mov    %edx,0x4(%esp)",2026-08-11
_ZN18CPowerWarGuildInfo10InitializeEv,CPowerWarGuildInfo::Initialize(),caliber_issue,"立即数/常量差异 2 处（立即数不同（add    $0x1c,%eax | add    $0x4,%eax）；立即数不同（add    $0x28,%eax | add    $0x18,%eax））","--- ORIG（伪代码化）
+++ OURS（伪代码化）
@@ -1,17 +1,19 @@
 push   %ebp
 mov    %esp,%ebp
 sub    $0x18,%esp
 mov    0x8(%ebp),%eax
 add    $0x4,%eax
 mov    %eax,(%esp)
 call   <T> <_ZNSt3mapIjP19STPowerWarGuildInfoSt4lessIjESaISt4pairIKjS1_EEE5clearEv>
 mov    0x8(%ebp),%eax
-add    $0x1c,%eax",2026-08-11
_ZN18CPowerWarGuildInfo14PrintDebugInfoEv,CPowerWarGuildInfo::PrintDebugInfo(),codegen_diff,"STL 模板实例化差异（GCC 4.1 ORIG vs GCC 4.4 重建的 libstdc++：const_iterator 转换、operator->/operator*、operator!=/operator== 等） 1 处（STL 调用差异（call   <T> <_ZNSt6vectorIP19STPowerWarGuildInfoSaIS1_EE3endEv> | call   <T> <_ZN10CMyFileLogclEPKcS1_z>））；寄存器分配差异 2 处（寄存器分配差异（mov    %eax,(%esp) | mov    %eax,(%esp)）；寄存器分配差异（lea    -0x34(%ebp),%eax | lea    -0x34(%ebp),%eax））；等价指令形态差异 10 处（等价指令形态差异（push vs sub）；等价指令形态差异（lea vs add））；栈帧/局部布局差异 5 处（栈局部偏移不同（lea    -0x44(%ebp),%eax | lea    -0x28(%ebp),%eax）；栈局部偏移不同（lea    -0x44(%ebp),%eax | lea    -0x28(%ebp),%eax））；其余指令差异 43 处（助记符不同（push   %esi | lea    -0x20(%ebp),%eax）；助记符不同（sub    $0x6c,%esp | lea    -0x20(%ebp),%eax））","--- ORIG（伪代码化）
+++ OURS（伪代码化）
@@ -1,101 +1,98 @@
 push   %ebp
 mov    %esp,%ebp
-push   %edi
-push   %esi
 push   %ebx
-sub    $0x6c,%esp
+sub    $0x64,%esp
 movl   $0x187,0x8(%esp)
 movl   $""PrintDebugInfo"",0x4(%esp)",2026-08-11
_ZN18CPowerWarGuildInfo15GetGuildRankingEj,CPowerWarGuildInfo::GetGuildRanking(unsigned int),codegen_diff,"等价指令形态差异 2 处（等价指令形态差异（lea vs add）；等价指令形态差异（jne vs jmp））；栈帧/局部布局差异 1 处（栈局部偏移不同（mov    -0xc(%ebp),%eax | mov    -0x10(%ebp),%edx））；其余指令差异 9 处（助记符不同（movl   $0x1,-0x10(%ebp) | add    $0x18,%eax）；助记符不同（jmp    <T> <_ZN18CPowerWarGuildInfo15GetGuildRankingEj+0x55> | mov    %eax,-0x10(%ebp)））","--- ORIG（伪代码化）
+++ OURS（伪代码化）
@@ -1,44 +1,46 @@
 push   %ebp
 mov    %esp,%ebp
 sub    $0x28,%esp
 mov    0x8(%ebp),%eax
-lea    0x1c(%eax),%edx
+add    $0x4,%eax
+add    $0x18,%eax
+mov    %eax,-0x10(%ebp)
+movl   $0x1,-0xc(%ebp)",2026-08-11
_ZN18CPowerWarGuildInfo17FindPowerwarGuildEj,CPowerWarGuildInfo::FindPowerwarGuild(unsigned int),codegen_diff,"寄存器分配差异 1 处（寄存器分配差异（lea    -0x10(%ebp),%eax | lea    -0x10(%ebp),%eax））；等价指令形态差异 5 处（等价指令形态差异（lea vs add）；等价指令形态差异（lea vs mov））；栈帧/局部布局差异 1 处（栈局部偏移不同（lea    -0xc(%ebp),%eax | lea    -0x10(%ebp),%eax））；其余指令差异 6 处（操作数差异（mov    0x8(%ebp),%eax | mov    -0xc(%ebp),%edx）；助记符不同（call   <T> <_ZNKSt17_Rb_tree_iteratorISt4pairIKjP19STPowerWarGuildInfoEEneERKS5_> | lea    -0x14(%ebp),%eax））","--- ORIG（伪代码化）
+++ OURS（伪代码化）
@@ -1,34 +1,35 @@
 push   %ebp
 mov    %esp,%ebp
 sub    $0x28,%esp
 mov    0x8(%ebp),%eax
-lea    0x4(%eax),%ecx
-lea    -0x10(%ebp),%eax
+add    $0x4,%eax
+mov    %eax,-0xc(%ebp)
+lea    -0x14(%ebp),%eax",2026-08-11
_ZN18CPowerWarGuildInfo19CalcAllGuildRankingEv,CPowerWarGuildInfo::CalcAllGuildRanking(),codegen_diff,"寄存器分配差异 1 处（寄存器分配差异（mov    -0xc(%ebp),%eax | mov    -0xc(%ebp),%edx））；等价指令形态差异 4 处（等价指令形态差异（lea vs add）；等价指令形态差异（lea vs add））；其余指令差异 2 处（操作数差异（mov    0x8(%ebp),%eax | mov    %eax,-0xc(%ebp)）；操作数差异（lea    0x1c(%eax),%edx | lea    -0x14(%ebp),%eax））","--- ORIG（伪代码化）
+++ OURS（伪代码化）
@@ -1,25 +1,27 @@
 push   %ebp
 mov    %esp,%ebp
 sub    $0x28,%esp
 mov    0x8(%ebp),%eax
-lea    0x1c(%eax),%edx
-lea    -0x10(%ebp),%eax
+add    $0x4,%eax
+add    $0x18,%eax
+mov    %eax,-0xc(%ebp)",2026-08-11
_ZN18CPowerWarGuildInfo19CreatePowerwarGuildEv,CPowerWarGuildInfo::CreatePowerwarGuild(),codegen_diff,共 1 组指令差异,"--- ORIG（伪代码化）
+++ OURS（伪代码化）
@@ -1,22 +1,21 @@
 push   %ebp
 mov    %esp,%ebp
 push   %ebx
 sub    $0x24,%esp
-movl   $0x0,-0xc(%ebp)
 movl   $0x14,(%esp)
 call   <T> <_ZN19STPowerWarGuildInfonwEj>
 mov    %eax,%ebx
 mov    %ebx,%eax",2026-08-11
_ZN18CPowerWarGuildInfo19InsertPowerwarGuildEjP19STPowerWarGuildInfo,"CPowerWarGuildInfo::InsertPowerwarGuild(unsigned int, STPowerWarGuildInfo*)",codegen_diff,"等价指令形态差异 6 处（等价指令形态差异（lea vs mov）；等价指令形态差异（lea vs add））；栈帧/局部布局差异 2 处（栈局部偏移不同（lea    -0x20(%ebp),%eax | lea    -0x1c(%ebp),%eax）；栈局部偏移不同（lea    -0x18(%ebp),%edx | lea    -0x24(%ebp),%eax））；其余指令差异 1 处（操作数差异（lea    0x4(%eax),%ecx | lea    -0x14(%ebp),%eax））","--- ORIG（伪代码化）
+++ OURS（伪代码化）
@@ -1,33 +1,37 @@
 push   %ebp
 mov    %esp,%ebp
 sub    $0x38,%esp
-lea    -0x10(%ebp),%eax
+mov    0x8(%ebp),%eax
+add    $0x4,%eax
+mov    %eax,-0xc(%ebp)
+lea    -0x14(%ebp),%eax
 lea    0x10(%ebp),%edx",2026-08-11
_ZN18CPowerWarGuildInfo20GetSpecificGuildInfoEj,CPowerWarGuildInfo::GetSpecificGuildInfo(unsigned int),codegen_diff,"寄存器分配差异 1 处（寄存器分配差异（lea    -0x10(%ebp),%eax | lea    -0x10(%ebp),%eax））；等价指令形态差异 5 处（等价指令形态差异（lea vs add）；等价指令形态差异（lea vs mov））；栈帧/局部布局差异 1 处（栈局部偏移不同（lea    -0xc(%ebp),%eax | lea    -0x10(%ebp),%eax））；其余指令差异 6 处（操作数差异（mov    0x8(%ebp),%eax | mov    -0xc(%ebp),%edx）；助记符不同（call   <T> <_ZNKSt17_Rb_tree_iteratorISt4pairIKjP19STPowerWarGuildInfoEEneERKS5_> | lea    -0x14(%ebp),%eax））","--- ORIG（伪代码化）
+++ OURS（伪代码化）
@@ -1,34 +1,35 @@
 push   %ebp
 mov    %esp,%ebp
 sub    $0x28,%esp
 mov    0x8(%ebp),%eax
-lea    0x4(%eax),%ecx
-lea    -0x10(%ebp),%eax
+add    $0x4,%eax
+mov    %eax,-0xc(%ebp)
+lea    -0x14(%ebp),%eax",2026-08-11
_ZN18CPowerWarGuildInfo22GetAllGuildRankingInfoERiP11STGuildRank,"CPowerWarGuildInfo::GetAllGuildRankingInfo(int&, STGuildRank*)",caliber_issue,"等价指令形态差异 8 处（等价指令形态差异（lea vs add）；等价指令形态差异（lea vs add））；栈帧/局部布局差异 2 处（栈局部偏移不同（movl   $0x0,-0x10(%ebp) | movl   $0x0,-0x14(%ebp)）；栈局部偏移不同（lea    -0x18(%ebp),%eax | lea    -0x1c(%ebp),%eax））；立即数/常量差异 1 处（立即数不同（sub    $0x28,%esp | sub    $0x38,%esp））；其余指令差异 17 处（助记符不同（jmp    <T> <_ZN18CPowerWarGuildInfo22GetAllGuildRankingInfoERiP11STGuildRank+0x6e> | mov    %eax,-0x10(%ebp)）；助记符不同（je     <T> <_ZN18CPowerWarGuildInfo22GetAllGuildRankingInfoERiP11STGuildRank+0x63> | mov    -0x10(%ebp),%edx））","--- ORIG（伪代码化）
+++ OURS（伪代码化）
@@ -1,61 +1,67 @@
 push   %ebp
 mov    %esp,%ebp
-sub    $0x28,%esp
-movl   $0x0,-0x10(%ebp)
+sub    $0x38,%esp
+movl   $0x0,-0x14(%ebp)
 mov    0x8(%ebp),%eax
-lea    0x1c(%eax),%edx
-lea    -0x18(%ebp),%eax",2026-08-11
_ZN18CPowerWarGuildInfo23UpdateGuildPowerwarInfoEjt,"CPowerWarGuildInfo::UpdateGuildPowerwarInfo(unsigned int, unsigned short)",codegen_diff,"寄存器分配差异 1 处（寄存器分配差异（mov    -0xc(%ebp),%eax | mov    -0xc(%ebp),%eax））；等价指令形态差异 1 处（等价指令形态差异（mov vs lea））；其余指令差异 8 处（助记符不同（je     <T> <_ZN18CPowerWarGuildInfo23UpdateGuildPowerwarInfoEjt+0x3c> | jne    <T> <_ZN18CPowerWarGuildInfo23UpdateGuildPowerwarInfoEjt+0x65>）；助记符不同（mov    0x4(%eax),%edx | movzwl -0x1c(%ebp),%eax））","--- ORIG（伪代码化）
+++ OURS（伪代码化）
@@ -1,39 +1,42 @@
 push   %ebp
 mov    %esp,%ebp
 sub    $0x38,%esp
 mov    0x10(%ebp),%eax
 mov    %ax,-0x1c(%ebp)
 mov    0xc(%ebp),%eax
 mov    %eax,0x4(%esp)
 mov    0x8(%ebp),%eax
 mov    %eax,(%esp)",2026-08-11
_ZN18CPowerWarGuildInfo24RewardGuildPowerWarPointER13CGuildManagerbiiii,"CPowerWarGuildInfo::RewardGuildPowerWarPoint(CGuildManager&, bool, int, int, int, int)",template_macro,源码未定位：第 3 节未能在候选源文件/对象中定位该函数定义（模板头文件、宏生成函数或 typedef 参数形态），无法从源码侧修复；共 237 组指令差异。,"--- ORIG（伪代码化）
+++ OURS（伪代码化）
@@ -1,169 +1,174 @@
 push   %ebp
 mov    %esp,%ebp
-push   %esi
-push   %ebx
-sub    $0x70,%esp
+sub    $0x88,%esp
 mov    0x10(%ebp),%eax
-mov    %al,-0x4c(%ebp)
+mov    %al,-0x5c(%ebp)",2026-08-11
_ZN18CPowerWarGuildInfo25CreateDBSavePowerWarPointEv,CPowerWarGuildInfo::CreateDBSavePowerWarPoint(),codegen_diff,"等价指令形态差异 2 处（等价指令形态差异（je vs jmp）；等价指令形态差异（jmp vs je））；其余指令差异 1 处（助记符不同（movl   $0x0,-0xc(%ebp) | je     <T> <_ZN18CPowerWarGuildInfo25CreateDBSavePowerWarPointEv+0x31>））","--- ORIG（伪代码化）
+++ OURS（伪代码化）
@@ -1,31 +1,30 @@
 push   %ebp
 mov    %esp,%ebp
 push   %ebx
 sub    $0x24,%esp
-movl   $0x0,-0xc(%ebp)
 movl   $&_ZSt7nothrow,0x4(%esp)
 movl   $0x8,(%esp)
 call   <T> <_ZnwjRKSt9nothrow_t>
 mov    %eax,%ebx",2026-08-11
_ZN18CPowerWarGuildInfo25MakePacketDBPowerWarPointEP37Packet_DB_Save_Power_War_Point_Reward,CPowerWarGuildInfo::MakePacketDBPowerWarPoint(Packet_DB_Save_Power_War_Point_Reward*),caliber_issue,"寄存器分配差异 2 处（寄存器分配差异（mov    -0xc(%ebp),%eax | mov    -0xc(%ebp),%eax）；寄存器分配差异（mov    (%eax),%ebx | mov    (%eax),%eax））；等价指令形态差异 14 处（等价指令形态差异（push vs sub）；等价指令形态差异（mov vs lea））；栈帧/局部布局差异 6 处（栈局部偏移不同（mov    -0x1c(%ebp),%eax | mov    %eax,-0x18(%ebp)）；栈局部偏移不同（mov    %eax,-0x18(%ebp) | mov    -0x20(%ebp),%edx））；基本块布局差异 1 处（函数内跳转偏移不同（je     <T> <_ZN18CPowerWarGuildInfo25MakePacketDBPowerWarPointEP37Packet_DB_Save_Power_War_Point_Reward+0x170> | je     <T> <_ZN18CPowerWarGuildInfo25MakePacketDBPowerWarPointEP37Packet_DB_Save_Power_War_Point_Reward+0x17d>））；立即数/常量差异 1 处（立即数不同（shl    $0x3,%eax | shl    $0x2,%eax））；其余指令差异 37 处（助记符不同（push   %ebx | add    $0x4,%eax）；助记符不同（sub    $0x60,%esp | add    $0x24,%eax））","--- ORIG（伪代码化）
+++ OURS（伪代码化）
@@ -1,110 +1,110 @@
 push   %ebp
 mov    %esp,%ebp
-push   %esi
-push   %ebx
-sub    $0x60,%esp
+sub    $0x68,%esp
 mov    0x8(%ebp),%eax
-add    $0x28,%eax
+add    $0x4,%eax",2026-08-11
_ZN18CPowerWarGuildInfo27GetPowerWarPointDBSaveCountEv,CPowerWarGuildInfo::GetPowerWarPointDBSaveCount(),caliber_issue,"立即数/常量差异 1 处（立即数不同（add    $0x28,%eax | add    $0x4,%eax））","--- ORIG（伪代码化）
+++ OURS（伪代码化）
@@ -1,9 +1,10 @@
 push   %ebp
 mov    %esp,%ebp
 sub    $0x18,%esp
 mov    0x8(%ebp),%eax
-add    $0x28,%eax
+add    $0x4,%eax
+add    $0x24,%eax
 mov    %eax,(%esp)
 call   <T> <_ZNKSt6vectorIP21STDBSavePowerWarPointSaIS1_EE4sizeEv>",2026-08-11
_ZN18CPowerWarGuildInfo5CleanEv,CPowerWarGuildInfo::Clean(),codegen_diff,"寄存器分配差异 1 处（寄存器分配差异（lea    -0x10(%ebp),%eax | lea    -0x10(%ebp),%eax））；等价指令形态差异 5 处（等价指令形态差异（lea vs add）；等价指令形态差异（lea vs mov））；栈帧/局部布局差异 1 处（栈局部偏移不同（lea    -0xc(%ebp),%eax | lea    -0x10(%ebp),%eax））；其余指令差异 6 处（助记符不同（jmp    <T> <_ZN18CPowerWarGuildInfo5CleanEv+0x40> | lea    -0x14(%ebp),%eax）；助记符不同（lea    -0x10(%ebp),%eax | jmp    <T> <_ZN18CPowerWarGuildInfo5CleanEv+0x46>））","--- ORIG（伪代码化）
+++ OURS（伪代码化）
@@ -1,44 +1,44 @@
 push   %ebp
 mov    %esp,%ebp
 sub    $0x28,%esp
 mov    0x8(%ebp),%eax
-lea    0x1c(%eax),%edx
-lea    -0x10(%ebp),%eax
+add    $0x1c,%eax
+mov    %eax,-0xc(%ebp)
+lea    -0x14(%ebp),%eax",2026-08-11
_ZN18CPowerWarGuildInfoC1Ev,CPowerWarGuildInfo::CPowerWarGuildInfo(),codegen_diff,"寄存器分配差异 2 处（寄存器分配差异（mov    %eax,%esi | mov    %eax,%ebx）；寄存器分配差异（mov    %ebx,%edx | mov    %edx,%edi））；等价指令形态差异 3 处（等价指令形态差异（sub vs push）；等价指令形态差异（add vs lea））；其余指令差异 18 处（助记符不同（add    $0x4,%eax | sub    $0x2c,%esp）；助记符不同（add    $0x28,%eax | mov    %esi,0x4(%esp)））","--- ORIG（伪代码化）
+++ OURS（伪代码化）
@@ -1,44 +1,80 @@
 push   %ebp
 mov    %esp,%ebp
+push   %edi
 push   %esi
 push   %ebx
-sub    $0x10,%esp
+sub    $0x2c,%esp
 mov    0x8(%ebp),%eax
 movl   $&_ZTV18CPowerWarGuildInfo+0x8,(%eax)",2026-08-11
_ZN18CPowerWarGuildInfoC2Ev,CPowerWarGuildInfo::CPowerWarGuildInfo(),codegen_diff,"寄存器分配差异 2 处（寄存器分配差异（mov    %eax,%esi | mov    %eax,%ebx）；寄存器分配差异（mov    %ebx,%edx | mov    %edx,%edi））；等价指令形态差异 3 处（等价指令形态差异（sub vs push）；等价指令形态差异（add vs lea））；其余指令差异 18 处（助记符不同（add    $0x4,%eax | sub    $0x2c,%esp）；助记符不同（add    $0x28,%eax | mov    %esi,0x4(%esp)））","--- ORIG（伪代码化）
+++ OURS（伪代码化）
@@ -1,44 +1,80 @@
 push   %ebp
 mov    %esp,%ebp
+push   %edi
 push   %esi
 push   %ebx
-sub    $0x10,%esp
+sub    $0x2c,%esp
 mov    0x8(%ebp),%eax
 movl   $&_ZTV18CPowerWarGuildInfo+0x8,(%eax)",2026-08-11
_ZN18CPowerWarGuildInfoD1Ev,CPowerWarGuildInfo::~CPowerWarGuildInfo(),caliber_issue,"等价指令形态差异 1 处（等价指令形态差异（push vs sub））；立即数/常量差异 1 处（立即数不同（add    $0x28,%eax | add    $0x4,%eax））；其余指令差异 5 处（助记符不同（push   %ebx | add    $0x4,%eax）；助记符不同（sub    $0x10,%esp | add    $0x24,%eax））","--- ORIG（伪代码化）
+++ OURS（伪代码化）
@@ -1,51 +1,27 @@
 push   %ebp
 mov    %esp,%ebp
-push   %esi
-push   %ebx
-sub    $0x10,%esp
+sub    $0x18,%esp
 mov    0x8(%ebp),%eax
 movl   $&_ZTV18CPowerWarGuildInfo+0x8,(%eax)
 mov    0x8(%ebp),%eax",2026-08-11
_ZN18CPowerWarGuildInfoD2Ev,CPowerWarGuildInfo::~CPowerWarGuildInfo(),caliber_issue,"等价指令形态差异 1 处（等价指令形态差异（push vs sub））；立即数/常量差异 1 处（立即数不同（add    $0x28,%eax | add    $0x4,%eax））；其余指令差异 5 处（助记符不同（push   %ebx | add    $0x4,%eax）；助记符不同（sub    $0x10,%esp | add    $0x24,%eax））","--- ORIG（伪代码化）
+++ OURS（伪代码化）
@@ -1,51 +1,27 @@
 push   %ebp
 mov    %esp,%ebp
-push   %esi
-push   %ebx
-sub    $0x10,%esp
+sub    $0x18,%esp
 mov    0x8(%ebp),%eax
 movl   $&_ZTV18CPowerWarGuildInfo+0x8,(%eax)
 mov    0x8(%ebp),%eax",2026-08-11
_ZN18STGuildBoardDBInfoC1Ev,STGuildBoardDBInfo::STGuildBoardDBInfo(),codegen_diff,"等价指令形态差异 1 处（等价指令形态差异（sub vs push））；其余指令差异 5 处（助记符不同（add    $0x84,%eax | push   %esi）；助记符不同（movl   $0x0,0x78(%eax) | push   %ebx））","--- ORIG（伪代码化）
+++ OURS（伪代码化）
@@ -1,20 +1,48 @@
 push   %ebp
 mov    %esp,%ebp
-sub    $0x18,%esp
+push   %edi
+push   %esi
+push   %ebx
+sub    $0x2c,%esp
 mov    0x8(%ebp),%eax
-add    $0x84,%eax",2026-08-11
_ZN18STGuildBoardDBInfoC2Ev,STGuildBoardDBInfo::STGuildBoardDBInfo(),codegen_diff,"等价指令形态差异 1 处（等价指令形态差异（sub vs push））；其余指令差异 5 处（助记符不同（add    $0x84,%eax | push   %esi）；助记符不同（movl   $0x0,0x78(%eax) | push   %ebx））","--- ORIG（伪代码化）
+++ OURS（伪代码化）
@@ -1,20 +1,48 @@
 push   %ebp
 mov    %esp,%ebp
-sub    $0x18,%esp
+push   %edi
+push   %esi
+push   %ebx
+sub    $0x2c,%esp
 mov    0x8(%ebp),%eax
-add    $0x84,%eax",2026-08-11
_ZN18STGuildCargoDBInfoC1Ev,STGuildCargoDBInfo::STGuildCargoDBInfo(),codegen_diff,"等价指令形态差异 1 处（等价指令形态差异（sub vs push））；基本块布局差异 1 处（函数内跳转偏移不同（jmp    <T> <_ZN18STGuildCargoDBInfoC1Ev+0x22> | jmp    <T> <_ZN18STGuildCargoDBInfoC1Ev+0x64>））；其余指令差异 13 处（助记符不同（mov    %eax,%ebx | sub    $0x3c,%esp）；助记符不同（mov    $0x77,%esi | movl   $0x0,-0x1c(%ebp)））","--- ORIG（伪代码化）
+++ OURS（伪代码化）
@@ -1,24 +1,46 @@
 push   %ebp
 mov    %esp,%ebp
+push   %edi
 push   %esi
 push   %ebx
-sub    $0x10,%esp
+sub    $0x3c,%esp
+movl   $0x0,-0x1c(%ebp)
+jmp    <T> <_ZN18STGuildCargoDBInfoC1Ev+0x64>",2026-08-11
_ZN18STGuildCargoDBInfoC2Ev,STGuildCargoDBInfo::STGuildCargoDBInfo(),codegen_diff,"等价指令形态差异 1 处（等价指令形态差异（sub vs push））；基本块布局差异 1 处（函数内跳转偏移不同（jmp    <T> <_ZN18STGuildCargoDBInfoC1Ev+0x22> | jmp    <T> <_ZN18STGuildCargoDBInfoC1Ev+0x64>））；其余指令差异 13 处（助记符不同（mov    %eax,%ebx | sub    $0x3c,%esp）；助记符不同（mov    $0x77,%esi | movl   $0x0,-0x1c(%ebp)））","--- ORIG（伪代码化）
+++ OURS（伪代码化）
@@ -1,24 +1,46 @@
 push   %ebp
 mov    %esp,%ebp
+push   %edi
 push   %esi
 push   %ebx
-sub    $0x10,%esp
+sub    $0x3c,%esp
+movl   $0x0,-0x1c(%ebp)
+jmp    <T> <_ZN18STGuildCargoDBInfoC1Ev+0x64>",2026-08-11
_ZN18STGuildMemberProxyC1Ev,STGuildMemberProxy::STGuildMemberProxy(),other,"其余指令差异 2 处（助记符不同（movw   $0xffff,0x24(%eax) | add    $0x24,%eax）；助记符不同（movl   $0x0,0x28(%eax) | movw   $0xffff,(%eax)））","--- ORIG（伪代码化）
+++ OURS（伪代码化）
@@ -1,31 +1,33 @@
 push   %ebp
 mov    %esp,%ebp
 sub    $0x18,%esp
 mov    0x8(%ebp),%eax
 movl   $0x0,(%eax)
 mov    0x8(%ebp),%eax
 movb   $0xff,0x22(%eax)
 mov    0x8(%ebp),%eax
 movb   $0xff,0x23(%eax)",2026-08-11
_ZN18STGuildMemberProxyC2Ev,STGuildMemberProxy::STGuildMemberProxy(),other,"其余指令差异 2 处（助记符不同（movw   $0xffff,0x24(%eax) | add    $0x24,%eax）；助记符不同（movl   $0x0,0x28(%eax) | movw   $0xffff,(%eax)））","--- ORIG（伪代码化）
+++ OURS（伪代码化）
@@ -1,31 +1,33 @@
 push   %ebp
 mov    %esp,%ebp
 sub    $0x18,%esp
 mov    0x8(%ebp),%eax
 movl   $0x0,(%eax)
 mov    0x8(%ebp),%eax
 movb   $0xff,0x22(%eax)
 mov    0x8(%ebp),%eax
 movb   $0xff,0x23(%eax)",2026-08-11
_ZN19CPowerWarCharacInfo10InitializeEv,CPowerWarCharacInfo::Initialize(),caliber_issue,"立即数/常量差异 2 处（立即数不同（add    $0x1c,%eax | add    $0x4,%eax）；立即数不同（add    $0x28,%eax | add    $0x18,%eax））","--- ORIG（伪代码化）
+++ OURS（伪代码化）
@@ -1,17 +1,19 @@
 push   %ebp
 mov    %esp,%ebp
 sub    $0x18,%esp
 mov    0x8(%ebp),%eax
 add    $0x4,%eax
 mov    %eax,(%esp)
 call   <T> <_ZNSt3mapIjP20STPowerWarCharacInfoSt4lessIjESaISt4pairIKjS1_EEE5clearEv>
 mov    0x8(%ebp),%eax
-add    $0x1c,%eax",2026-08-11
_ZN19CPowerWarCharacInfo13IsExistCharacEj,CPowerWarCharacInfo::IsExistCharac(unsigned int),codegen_diff,"寄存器分配差异 1 处（寄存器分配差异（lea    -0x10(%ebp),%eax | lea    -0x10(%ebp),%eax））；等价指令形态差异 5 处（等价指令形态差异（lea vs add）；等价指令形态差异（lea vs mov））；栈帧/局部布局差异 1 处（栈局部偏移不同（lea    -0xc(%ebp),%eax | lea    -0x10(%ebp),%eax））；其余指令差异 3 处（操作数差异（mov    0x8(%ebp),%eax | mov    -0xc(%ebp),%edx）；助记符不同（test   %al,%al | lea    -0x14(%ebp),%eax））","--- ORIG（伪代码化）
+++ OURS（伪代码化）
@@ -1,31 +1,28 @@
 push   %ebp
 mov    %esp,%ebp
 sub    $0x28,%esp
 mov    0x8(%ebp),%eax
-lea    0x4(%eax),%ecx
-lea    -0x10(%ebp),%eax
+add    $0x4,%eax
+mov    %eax,-0xc(%ebp)
+lea    -0x14(%ebp),%eax",2026-08-11
_ZN19CPowerWarCharacInfo14GetUserRankingEj,CPowerWarCharacInfo::GetUserRanking(unsigned int),codegen_diff,"等价指令形态差异 2 处（等价指令形态差异（lea vs add）；等价指令形态差异（jne vs jmp））；栈帧/局部布局差异 1 处（栈局部偏移不同（mov    -0xc(%ebp),%eax | mov    -0x10(%ebp),%edx））；其余指令差异 9 处（助记符不同（movl   $0x1,-0x10(%ebp) | add    $0x18,%eax）；助记符不同（jmp    <T> <_ZN19CPowerWarCharacInfo14GetUserRankingEj+0x55> | mov    %eax,-0x10(%ebp)））","--- ORIG（伪代码化）
+++ OURS（伪代码化）
@@ -1,44 +1,46 @@
 push   %ebp
 mov    %esp,%ebp
 sub    $0x28,%esp
 mov    0x8(%ebp),%eax
-lea    0x1c(%eax),%edx
+add    $0x4,%eax
+add    $0x18,%eax
+mov    %eax,-0x10(%ebp)
+movl   $0x1,-0xc(%ebp)",2026-08-11
_ZN19CPowerWarCharacInfo14PrintDebugInfoEv,CPowerWarCharacInfo::PrintDebugInfo(),codegen_diff,"寄存器分配差异 1 处（寄存器分配差异（mov    -0xc(%ebp),%eax | mov    -0xc(%ebp),%eax））；等价指令形态差异 9 处（等价指令形态差异（push vs sub）；等价指令形态差异（lea vs add））；栈帧/局部布局差异 7 处（栈局部偏移不同（lea    -0x34(%ebp),%eax | lea    -0x28(%ebp),%eax）；栈局部偏移不同（lea    -0x34(%ebp),%eax | lea    -0x28(%ebp),%eax））；其余指令差异 16 处（助记符不同（push   %ebx | lea    -0x20(%ebp),%eax）；助记符不同（sub    $0x50,%esp | lea    -0x20(%ebp),%eax））","--- ORIG（伪代码化）
+++ OURS（伪代码化）
@@ -1,91 +1,88 @@
 push   %ebp
 mov    %esp,%ebp
-push   %esi
-push   %ebx
-sub    $0x50,%esp
+sub    $0x68,%esp
 movl   $0xee,0x8(%esp)
 movl   $""PrintDebugInfo"",0x4(%esp)
-lea    -0x34(%ebp),%eax",2026-08-11
_ZN19CPowerWarCharacInfo18CalcAllUserRankingEv,CPowerWarCharacInfo::CalcAllUserRanking(),codegen_diff,"寄存器分配差异 1 处（寄存器分配差异（mov    -0xc(%ebp),%eax | mov    -0xc(%ebp),%edx））；等价指令形态差异 4 处（等价指令形态差异（lea vs add）；等价指令形态差异（lea vs add））；其余指令差异 2 处（操作数差异（mov    0x8(%ebp),%eax | mov    %eax,-0xc(%ebp)）；操作数差异（lea    0x1c(%eax),%edx | lea    -0x14(%ebp),%eax））","--- ORIG（伪代码化）
+++ OURS（伪代码化）
@@ -1,25 +1,27 @@
 push   %ebp
 mov    %esp,%ebp
 sub    $0x28,%esp
 mov    0x8(%ebp),%eax
-lea    0x1c(%eax),%edx
-lea    -0x10(%ebp),%eax
+add    $0x4,%eax
+add    $0x18,%eax
+mov    %eax,-0xc(%ebp)",2026-08-11
_ZN19CPowerWarCharacInfo18FindPowerwarCharacEj,CPowerWarCharacInfo::FindPowerwarCharac(unsigned int),codegen_diff,"寄存器分配差异 1 处（寄存器分配差异（lea    -0x10(%ebp),%eax | lea    -0x10(%ebp),%eax））；等价指令形态差异 5 处（等价指令形态差异（lea vs add）；等价指令形态差异（lea vs mov））；栈帧/局部布局差异 1 处（栈局部偏移不同（lea    -0xc(%ebp),%eax | lea    -0x10(%ebp),%eax））；其余指令差异 6 处（操作数差异（mov    0x8(%ebp),%eax | mov    -0xc(%ebp),%edx）；助记符不同（call   <T> <_ZNKSt17_Rb_tree_iteratorISt4pairIKjP20STPowerWarCharacInfoEEneERKS5_> | lea    -0x14(%ebp),%eax））","--- ORIG（伪代码化）
+++ OURS（伪代码化）
@@ -1,34 +1,35 @@
 push   %ebp
 mov    %esp,%ebp
 sub    $0x28,%esp
 mov    0x8(%ebp),%eax
-lea    0x4(%eax),%ecx
-lea    -0x10(%ebp),%eax
+add    $0x4,%eax
+mov    %eax,-0xc(%ebp)
+lea    -0x14(%ebp),%eax",2026-08-11
_ZN19CPowerWarCharacInfo19GetCharacInfoVectorEv,CPowerWarCharacInfo::GetCharacInfoVector(),caliber_issue,"立即数/常量差异 1 处（立即数不同（add    $0x1c,%eax | add    $0x4,%eax））","--- ORIG（伪代码化）
+++ OURS（伪代码化）
@@ -1,6 +1,7 @@
 push   %ebp
 mov    %esp,%ebp
 mov    0x8(%ebp),%eax
-add    $0x1c,%eax
+add    $0x4,%eax
+add    $0x18,%eax
 pop    %ebp
 ret",2026-08-11
_ZN19CPowerWarCharacInfo20CreatePowerwarCharacEv,CPowerWarCharacInfo::CreatePowerwarCharac(),caliber_issue,"立即数/常量差异 1 处（立即数不同（movl   $0x0,-0xc(%ebp) | movl   $0x10,(%esp)））","--- ORIG（伪代码化）
+++ OURS（伪代码化）
@@ -1,22 +1,21 @@
 push   %ebp
 mov    %esp,%ebp
 push   %ebx
 sub    $0x24,%esp
-movl   $0x0,-0xc(%ebp)
-movl   $0xc,(%esp)
+movl   $0x10,(%esp)
 call   <T> <_ZN20STPowerWarCharacInfonwEj>
 mov    %eax,%ebx",2026-08-11
_ZN19CPowerWarCharacInfo20GetUserPowerWarPointEj,CPowerWarCharacInfo::GetUserPowerWarPoint(unsigned int),codegen_diff,"寄存器分配差异 1 处（寄存器分配差异（lea    -0x10(%ebp),%eax | lea    -0x10(%ebp),%eax））；等价指令形态差异 6 处（等价指令形态差异（lea vs add）；等价指令形态差异（lea vs mov））；栈帧/局部布局差异 1 处（栈局部偏移不同（lea    -0xc(%ebp),%eax | lea    -0x10(%ebp),%eax））；基本块布局差异 1 处（函数内跳转偏移不同（jmp    <T> <_ZN19CPowerWarCharacInfo20GetUserPowerWarPointEj+0x6b> | jmp    <T> <_ZN19CPowerWarCharacInfo20GetUserPowerWarPointEj+0x70>））；其余指令差异 5 处（操作数差异（mov    0x8(%ebp),%eax | mov    -0xc(%ebp),%edx）；助记符不同（call   <T> <_ZNKSt17_Rb_tree_iteratorISt4pairIKjP20STPowerWarCharacInfoEEneERKS5_> | lea    -0x14(%ebp),%eax））","--- ORIG（伪代码化）
+++ OURS（伪代码化）
@@ -1,35 +1,37 @@
 push   %ebp
 mov    %esp,%ebp
 sub    $0x28,%esp
 mov    0x8(%ebp),%eax
-lea    0x4(%eax),%ecx
-lea    -0x10(%ebp),%eax
+add    $0x4,%eax
+mov    %eax,-0xc(%ebp)
+lea    -0x14(%ebp),%eax",2026-08-11
_ZN19CPowerWarCharacInfo20InsertPowerwarCharacEjP20STPowerWarCharacInfo,"CPowerWarCharacInfo::InsertPowerwarCharac(unsigned int, STPowerWarCharacInfo*)",codegen_diff,"等价指令形态差异 6 处（等价指令形态差异（lea vs mov）；等价指令形态差异（lea vs add））；栈帧/局部布局差异 2 处（栈局部偏移不同（lea    -0x20(%ebp),%eax | lea    -0x1c(%ebp),%eax）；栈局部偏移不同（lea    -0x18(%ebp),%edx | lea    -0x24(%ebp),%eax））；其余指令差异 1 处（操作数差异（lea    0x4(%eax),%ecx | lea    -0x14(%ebp),%eax））","--- ORIG（伪代码化）
+++ OURS（伪代码化）
@@ -1,33 +1,37 @@
 push   %ebp
 mov    %esp,%ebp
 sub    $0x38,%esp
-lea    -0x10(%ebp),%eax
+mov    0x8(%ebp),%eax
+add    $0x4,%eax
+mov    %eax,-0xc(%ebp)
+lea    -0x14(%ebp),%eax
 lea    0x10(%ebp),%edx",2026-08-11
_ZN19CPowerWarCharacInfo21GetAllUserRankingInfoERjP10STUserRank,"CPowerWarCharacInfo::GetAllUserRankingInfo(unsigned int&, STUserRank*)",codegen_diff,"等价指令形态差异 10 处（等价指令形态差异（push vs sub）；等价指令形态差异（lea vs mov））；栈帧/局部布局差异 4 处（栈局部偏移不同（lea    -0x20(%ebp),%eax | lea    -0x24(%ebp),%eax）；栈局部偏移不同（mov    -0x10(%ebp),%eax | mov    -0x14(%ebp),%eax））；其余指令差异 30 处（助记符不同（push   %ebx | movl   $0x0,-0x1c(%ebp)）；助记符不同（sub    $0x40,%esp | add    $0x4,%eax））","--- ORIG（伪代码化）
+++ OURS（伪代码化）
@@ -1,85 +1,87 @@
 push   %ebp
 mov    %esp,%ebp
-push   %esi
-push   %ebx
-sub    $0x40,%esp
-movl   $0x0,-0x10(%ebp)
+sub    $0x58,%esp
+movl   $0x0,-0x1c(%ebp)
 mov    0x8(%ebp),%eax",2026-08-11
_ZN19CPowerWarCharacInfo24UpdatePowerwarCharacInfoEjt,"CPowerWarCharacInfo::UpdatePowerwarCharacInfo(unsigned int, unsigned short)",codegen_diff,"寄存器分配差异 1 处（寄存器分配差异（mov    -0xc(%ebp),%eax | mov    -0xc(%ebp),%eax））；等价指令形态差异 1 处（等价指令形态差异（mov vs lea））；其余指令差异 8 处（助记符不同（je     <T> <_ZN19CPowerWarCharacInfo24UpdatePowerwarCharacInfoEjt+0x3c> | jne    <T> <_ZN19CPowerWarCharacInfo24UpdatePowerwarCharacInfoEjt+0x65>）；助记符不同（mov    0x4(%eax),%edx | movzwl -0x1c(%ebp),%eax））","--- ORIG（伪代码化）
+++ OURS（伪代码化）
@@ -1,39 +1,42 @@
 push   %ebp
 mov    %esp,%ebp
 sub    $0x38,%esp
 mov    0x10(%ebp),%eax
 mov    %ax,-0x1c(%ebp)
 mov    0xc(%ebp),%eax
 mov    %eax,0x4(%esp)
 mov    0x8(%ebp),%eax
 mov    %eax,(%esp)",2026-08-11
_ZN19CPowerWarCharacInfo5CleanEv,CPowerWarCharacInfo::Clean(),codegen_diff,"寄存器分配差异 1 处（寄存器分配差异（lea    -0x10(%ebp),%eax | lea    -0x10(%ebp),%eax））；等价指令形态差异 5 处（等价指令形态差异（lea vs add）；等价指令形态差异（lea vs mov））；栈帧/局部布局差异 1 处（栈局部偏移不同（lea    -0xc(%ebp),%eax | lea    -0x10(%ebp),%eax））；其余指令差异 6 处（助记符不同（jmp    <T> <_ZN19CPowerWarCharacInfo5CleanEv+0x40> | lea    -0x14(%ebp),%eax）；助记符不同（lea    -0x10(%ebp),%eax | jmp    <T> <_ZN19CPowerWarCharacInfo5CleanEv+0x46>））","--- ORIG（伪代码化）
+++ OURS（伪代码化）
@@ -1,44 +1,44 @@
 push   %ebp
 mov    %esp,%ebp
 sub    $0x28,%esp
 mov    0x8(%ebp),%eax
-lea    0x1c(%eax),%edx
-lea    -0x10(%ebp),%eax
+add    $0x1c,%eax
+mov    %eax,-0xc(%ebp)
+lea    -0x14(%ebp),%eax",2026-08-11
_ZN19CPowerWarCharacInfo8GetBonusER36Packet_DB_Save_Power_War_Bonus_Point,CPowerWarCharacInfo::GetBonus(Packet_DB_Save_Power_War_Bonus_Point&),codegen_diff,"寄存器分配差异 1 处（寄存器分配差异（movl   $0x0,-0xc(%ebp) | movl   $0x0,-0xc(%ebp)））；等价指令形态差异 13 处（等价指令形态差异（lea vs add）；等价指令形态差异（lea vs mov））；栈帧/局部布局差异 1 处（栈局部偏移不同（mov    -0xc(%ebp),%ebx | mov    -0x10(%ebp),%edx））；其余指令差异 16 处（助记符不同（jmp    <T> <_ZN19CPowerWarCharacInfo8GetBonusER36Packet_DB_Save_Power_War_Bonus_Point+0x80> | lea    -0x18(%ebp),%eax）；助记符不同（lea    -0x14(%ebp),%eax | jmp    <T> <_ZN19CPowerWarCharacInfo8GetBonusER36Packet_DB_Save_Power_War_Bonus_Point+0x93>））","--- ORIG（伪代码化）
+++ OURS（伪代码化）
@@ -1,67 +1,75 @@
 push   %ebp
 mov    %esp,%ebp
 push   %ebx
 sub    $0x34,%esp
 mov    0x8(%ebp),%eax
-lea    0x28(%eax),%edx
-lea    -0x14(%ebp),%eax
+add    $0x28,%eax
+mov    %eax,-0x10(%ebp)",2026-08-11
_ZN19CPowerWarCharacInfo9CalcBonusEv,CPowerWarCharacInfo::CalcBonus(),codegen_diff,"寄存器分配差异 1 处（寄存器分配差异（mov    %edx,(%esp) | mov    %eax,(%ebx)））；等价指令形态差异 10 处（等价指令形态差异（sub vs push）；等价指令形态差异（lea vs add））；栈帧/局部布局差异 3 处（栈局部偏移不同（mov    %eax,-0x18(%ebp) | mov    %eax,-0xc(%ebp)）；栈局部偏移不同（lea    -0x10(%ebp),%eax | lea    -0x18(%ebp),%eax））；其余指令差异 8 处（助记符不同（lea    0x1c(%eax),%edx | sub    $0x34,%esp）；助记符不同（jmp    <T> <_ZN19CPowerWarCharacInfo9CalcBonusEv+0x7f> | mov    %eax,-0x10(%ebp)））","--- ORIG（伪代码化）
+++ OURS（伪代码化）
@@ -1,55 +1,64 @@
 push   %ebp
 mov    %esp,%ebp
-sub    $0x28,%esp
+push   %ebx
+sub    $0x34,%esp
 mov    0x8(%ebp),%eax
-lea    0x1c(%eax),%edx
-lea    -0x10(%ebp),%eax
+add    $0x1c,%eax",2026-08-11
_ZN19CPowerWarCharacInfoC1Ev,CPowerWarCharacInfo::CPowerWarCharacInfo(),codegen_diff,"寄存器分配差异 1 处（寄存器分配差异（mov    %eax,%esi | mov    %edi,%edx））；等价指令形态差异 3 处（等价指令形态差异（sub vs push）；等价指令形态差异（add vs lea））；其余指令差异 22 处（助记符不同（add    $0x4,%eax | sub    $0x2c,%esp）；操作数差异（mov    0x8(%ebp),%eax | mov    %esi,0x4(%esp)））","--- ORIG（伪代码化）
+++ OURS（伪代码化）
@@ -1,44 +1,58 @@
 push   %ebp
 mov    %esp,%ebp
+push   %edi
 push   %esi
 push   %ebx
-sub    $0x10,%esp
+sub    $0x2c,%esp
 mov    0x8(%ebp),%eax
 movl   $&_ZTV19CPowerWarCharacInfo+0x8,(%eax)",2026-08-11
_ZN19CPowerWarCharacInfoC2Ev,CPowerWarCharacInfo::CPowerWarCharacInfo(),codegen_diff,"寄存器分配差异 1 处（寄存器分配差异（mov    %eax,%esi | mov    %edi,%edx））；等价指令形态差异 3 处（等价指令形态差异（sub vs push）；等价指令形态差异（add vs lea））；其余指令差异 22 处（助记符不同（add    $0x4,%eax | sub    $0x2c,%esp）；操作数差异（mov    0x8(%ebp),%eax | mov    %esi,0x4(%esp)））","--- ORIG（伪代码化）
+++ OURS（伪代码化）
@@ -1,44 +1,58 @@
 push   %ebp
 mov    %esp,%ebp
+push   %edi
 push   %esi
 push   %ebx
-sub    $0x10,%esp
+sub    $0x2c,%esp
 mov    0x8(%ebp),%eax
 movl   $&_ZTV19CPowerWarCharacInfo+0x8,(%eax)",2026-08-11
_ZN19CPowerWarCharacInfoD1Ev,CPowerWarCharacInfo::~CPowerWarCharacInfo(),codegen_diff,"等价指令形态差异 1 处（等价指令形态差异（push vs sub））；其余指令差异 4 处（助记符不同（push   %ebx | add    $0x4,%eax）；助记符不同（sub    $0x10,%esp | add    $0x18,%eax））","--- ORIG（伪代码化）
+++ OURS（伪代码化）
@@ -1,51 +1,22 @@
 push   %ebp
 mov    %esp,%ebp
-push   %esi
-push   %ebx
-sub    $0x10,%esp
+sub    $0x18,%esp
 mov    0x8(%ebp),%eax
 movl   $&_ZTV19CPowerWarCharacInfo+0x8,(%eax)
 mov    0x8(%ebp),%eax",2026-08-11
_ZN19CPowerWarCharacInfoD2Ev,CPowerWarCharacInfo::~CPowerWarCharacInfo(),codegen_diff,"等价指令形态差异 1 处（等价指令形态差异（push vs sub））；其余指令差异 4 处（助记符不同（push   %ebx | add    $0x4,%eax）；助记符不同（sub    $0x10,%esp | add    $0x18,%eax））","--- ORIG（伪代码化）
+++ OURS（伪代码化）
@@ -1,51 +1,22 @@
 push   %ebp
 mov    %esp,%ebp
-push   %esi
-push   %ebx
-sub    $0x10,%esp
+sub    $0x18,%esp
 mov    0x8(%ebp),%eax
 movl   $&_ZTV19CPowerWarCharacInfo+0x8,(%eax)
 mov    0x8(%ebp),%eax",2026-08-11
_ZN19STPowerWarGuildInfo7CompareEPKS_S1_,"STPowerWarGuildInfo::Compare(STPowerWarGuildInfo const*, STPowerWarGuildInfo const*)",other,"其余指令差异 6 处（操作数差异（mov    0x4(%eax),%edx | mov    0xc(%ebp),%eax）；助记符不同（mov    0xc(%ebp),%eax | add    $0x4,%eax））","--- ORIG（伪代码化）
+++ OURS（伪代码化）
@@ -1,13 +1,12 @@
 push   %ebp
 mov    %esp,%ebp
+mov    0xc(%ebp),%eax
+add    $0x4,%eax
+mov    (%eax),%edx
 mov    0x8(%ebp),%eax
-mov    0x4(%eax),%edx
-mov    0xc(%ebp),%eax
-mov    0x4(%eax),%eax",2026-08-11
_ZN19STPowerWarGuildInfoC1Ev,STPowerWarGuildInfo::STPowerWarGuildInfo(),codegen_diff,"寄存器分配差异 1 处（寄存器分配差异（movl   $0x0,0x4(%eax) | movl   $0x0,0x4(%esp)））；其余指令差异 5 处（助记符不同（movl   $0x0,(%eax) | sub    $0x18,%esp）；助记符不同（mov    0x8(%ebp),%eax | movl   $0x14,0x8(%esp)））","--- ORIG（伪代码化）
+++ OURS（伪代码化）
@@ -1,12 +1,10 @@
 push   %ebp
 mov    %esp,%ebp
+sub    $0x18,%esp
 mov    0x8(%ebp),%eax
-movl   $0x0,(%eax)
-mov    0x8(%ebp),%eax
-movl   $0x0,0x4(%eax)
-mov    0x8(%ebp),%eax
-movl   $0x0,0x8(%eax)",2026-08-11
_ZN19STPowerWarGuildInfoC2Ev,STPowerWarGuildInfo::STPowerWarGuildInfo(),codegen_diff,"寄存器分配差异 1 处（寄存器分配差异（movl   $0x0,0x4(%eax) | movl   $0x0,0x4(%esp)））；其余指令差异 5 处（助记符不同（movl   $0x0,(%eax) | sub    $0x18,%esp）；助记符不同（mov    0x8(%ebp),%eax | movl   $0x14,0x8(%esp)））","--- ORIG（伪代码化）
+++ OURS（伪代码化）
@@ -1,12 +1,10 @@
 push   %ebp
 mov    %esp,%ebp
+sub    $0x18,%esp
 mov    0x8(%ebp),%eax
-movl   $0x0,(%eax)
-mov    0x8(%ebp),%eax
-movl   $0x0,0x4(%eax)
-mov    0x8(%ebp),%eax
-movl   $0x0,0x8(%eax)",2026-08-11
_ZN19UpgradeSeparateInfo5resetEv,UpgradeSeparateInfo::reset(),codegen_diff,"寄存器分配差异 1 处（寄存器分配差异（movzbl (%eax),%edx | movzbl (%edx),%edx））；等价指令形态差异 2 处（等价指令形态差异（movzbl vs mov）；等价指令形态差异（movzbl vs mov））","--- ORIG（伪代码化）
+++ OURS（伪代码化）
@@ -1,16 +1,19 @@
 push   %ebp
 mov    %esp,%ebp
 mov    0x8(%ebp),%eax
-movzbl (%eax),%edx
+mov    0x8(%ebp),%edx
+movzbl (%edx),%edx
 and    $0xffffffe0,%edx
 mov    %dl,(%eax)
 mov    0x8(%ebp),%eax",2026-08-11
_ZN20STPowerWarCharacInfo7CompareEPKS_S1_,"STPowerWarCharacInfo::Compare(STPowerWarCharacInfo const*, STPowerWarCharacInfo const*)",other,"其余指令差异 6 处（操作数差异（mov    0x4(%eax),%edx | mov    0xc(%ebp),%eax）；助记符不同（mov    0xc(%ebp),%eax | add    $0x4,%eax））","--- ORIG（伪代码化）
+++ OURS（伪代码化）
@@ -1,13 +1,12 @@
 push   %ebp
 mov    %esp,%ebp
+mov    0xc(%ebp),%eax
+add    $0x4,%eax
+mov    (%eax),%edx
 mov    0x8(%ebp),%eax
-mov    0x4(%eax),%edx
-mov    0xc(%ebp),%eax
-mov    0x4(%eax),%eax",2026-08-11
_ZN20STPowerWarCharacInfoC1Ev,STPowerWarCharacInfo::STPowerWarCharacInfo(),codegen_diff,"寄存器分配差异 1 处（寄存器分配差异（movl   $0x0,0x4(%eax) | movl   $0x0,0x4(%esp)））；其余指令差异 3 处（助记符不同（movl   $0x0,(%eax) | sub    $0x18,%esp）；助记符不同（mov    0x8(%ebp),%eax | movl   $0x10,0x8(%esp)））","--- ORIG（伪代码化）
+++ OURS（伪代码化）
@@ -1,8 +1,10 @@
 push   %ebp
 mov    %esp,%ebp
+sub    $0x18,%esp
 mov    0x8(%ebp),%eax
-movl   $0x0,(%eax)
-mov    0x8(%ebp),%eax
-movl   $0x0,0x4(%eax)
-pop    %ebp
+movl   $0x10,0x8(%esp)",2026-08-11
_ZN20STPowerWarCharacInfoC2Ev,STPowerWarCharacInfo::STPowerWarCharacInfo(),codegen_diff,"寄存器分配差异 1 处（寄存器分配差异（movl   $0x0,0x4(%eax) | movl   $0x0,0x4(%esp)））；其余指令差异 3 处（助记符不同（movl   $0x0,(%eax) | sub    $0x18,%esp）；助记符不同（mov    0x8(%ebp),%eax | movl   $0x10,0x8(%esp)））","--- ORIG（伪代码化）
+++ OURS（伪代码化）
@@ -1,8 +1,10 @@
 push   %ebp
 mov    %esp,%ebp
+sub    $0x18,%esp
 mov    0x8(%ebp),%eax
-movl   $0x0,(%eax)
-mov    0x8(%ebp),%eax
-movl   $0x0,0x4(%eax)
-pop    %ebp
+movl   $0x10,0x8(%esp)",2026-08-11
_ZN21Packet_DBMW_Query_MsgC1Ev,Packet_DBMW_Query_Msg::Packet_DBMW_Query_Msg(),caliber_issue,"寄存器分配差异 1 处（寄存器分配差异（mov    0x8(%ebp),%edx | mov    0x8(%ebp),%eax））；立即数/常量差异 1 处（立即数不同（movl   $0x0,0xe(%eax) | movl   $0x0,(%eax)））；其余指令差异 5 处（助记符不同（movl   $0x0,0xa(%eax) | add    $0xa,%eax）；助记符不同（movl   $0x0,-0xc(%ebp) | add    $0xe,%eax））","--- ORIG（伪代码化）
+++ OURS（伪代码化）
@@ -1,25 +1,28 @@
 push   %ebp
 mov    %esp,%ebp
 sub    $0x28,%esp
 mov    0x8(%ebp),%eax
 movl   $0x1013,0x8(%esp)
 movl   $0x177d,0x4(%esp)
 mov    %eax,(%esp)
 call   <T> <_ZN12PacketHeaderC1Ett>
 mov    0x8(%ebp),%eax",2026-08-11
_ZN21Packet_DBMW_Query_MsgC2Ev,Packet_DBMW_Query_Msg::Packet_DBMW_Query_Msg(),caliber_issue,"寄存器分配差异 1 处（寄存器分配差异（mov    0x8(%ebp),%edx | mov    0x8(%ebp),%eax））；立即数/常量差异 1 处（立即数不同（movl   $0x0,0xe(%eax) | movl   $0x0,(%eax)））；其余指令差异 5 处（助记符不同（movl   $0x0,0xa(%eax) | add    $0xa,%eax）；助记符不同（movl   $0x0,-0xc(%ebp) | add    $0xe,%eax））","--- ORIG（伪代码化）
+++ OURS（伪代码化）
@@ -1,25 +1,28 @@
 push   %ebp
 mov    %esp,%ebp
 sub    $0x28,%esp
 mov    0x8(%ebp),%eax
 movl   $0x1013,0x8(%esp)
 movl   $0x177d,0x4(%esp)
 mov    %eax,(%esp)
 call   <T> <_ZN12PacketHeaderC1Ett>
 mov    0x8(%ebp),%eax",2026-08-11
_ZN21STDBSavePowerWarPointC1Ev,STDBSavePowerWarPoint::STDBSavePowerWarPoint(),codegen_diff,"寄存器分配差异 1 处（寄存器分配差异（movl   $0x0,0x4(%eax) | movl   $0x0,0x4(%esp)））；其余指令差异 3 处（助记符不同（movl   $0x0,(%eax) | sub    $0x18,%esp）；助记符不同（mov    0x8(%ebp),%eax | movl   $0x8,0x8(%esp)））","--- ORIG（伪代码化）
+++ OURS（伪代码化）
@@ -1,8 +1,10 @@
 push   %ebp
 mov    %esp,%ebp
+sub    $0x18,%esp
 mov    0x8(%ebp),%eax
-movl   $0x0,(%eax)
-mov    0x8(%ebp),%eax
-movl   $0x0,0x4(%eax)
-pop    %ebp
+movl   $0x8,0x8(%esp)",2026-08-11
_ZN21STDBSavePowerWarPointC2Ev,STDBSavePowerWarPoint::STDBSavePowerWarPoint(),codegen_diff,"寄存器分配差异 1 处（寄存器分配差异（movl   $0x0,0x4(%eax) | movl   $0x0,0x4(%esp)））；其余指令差异 3 处（助记符不同（movl   $0x0,(%eax) | sub    $0x18,%esp）；助记符不同（mov    0x8(%ebp),%eax | movl   $0x8,0x8(%esp)））","--- ORIG（伪代码化）
+++ OURS（伪代码化）
@@ -1,8 +1,10 @@
 push   %ebp
 mov    %esp,%ebp
+sub    $0x18,%esp
 mov    0x8(%ebp),%eax
-movl   $0x0,(%eax)
-mov    0x8(%ebp),%eax
-movl   $0x0,0x4(%eax)
-pop    %ebp
+movl   $0x8,0x8(%esp)",2026-08-11
_ZN25Packet_Monitor_SAVE_GuildC1Ev,Packet_Monitor_SAVE_Guild::Packet_Monitor_SAVE_Guild(),other,"其余指令差异 2 处（助记符不同（movb   $0xff,0xa(%eax) | add    $0x10,%eax）；助记符不同（movl   $0x0,0xb(%eax) | movb   $0xff,(%eax)））","--- ORIG（伪代码化）
+++ OURS（伪代码化）
@@ -1,18 +1,26 @@
 push   %ebp
 mov    %esp,%ebp
 sub    $0x18,%esp
 mov    0x8(%ebp),%eax
 movl   $0xd0,0x8(%esp)
 movl   $0x409,0x4(%esp)
 mov    %eax,(%esp)
 call   <T> <_ZN12PacketHeaderC1Ett>
 mov    0x8(%ebp),%eax",2026-08-11
_ZN25Packet_Monitor_SAVE_GuildC2Ev,Packet_Monitor_SAVE_Guild::Packet_Monitor_SAVE_Guild(),other,"其余指令差异 2 处（助记符不同（movb   $0xff,0xa(%eax) | add    $0x10,%eax）；助记符不同（movl   $0x0,0xb(%eax) | movb   $0xff,(%eax)））","--- ORIG（伪代码化）
+++ OURS（伪代码化）
@@ -1,18 +1,26 @@
 push   %ebp
 mov    %esp,%ebp
 sub    $0x18,%esp
 mov    0x8(%ebp),%eax
 movl   $0xd0,0x8(%esp)
 movl   $0x409,0x4(%esp)
 mov    %eax,(%esp)
 call   <T> <_ZN12PacketHeaderC1Ett>
 mov    0x8(%ebp),%eax",2026-08-11
_ZN25Packet_Notice_Guild_CargoC1Ev,Packet_Notice_Guild_Cargo::Packet_Notice_Guild_Cargo(),codegen_diff,"等价指令形态差异 1 处（等价指令形态差异（sub vs push））；其余指令差异 4 处（助记符不同（movl   $0xffffffff,0xa(%eax) | push   %esi）；助记符不同（movl   $0x0,0xe(%eax) | push   %ebx））","--- ORIG（伪代码化）
+++ OURS（伪代码化）
@@ -1,24 +1,51 @@
 push   %ebp
 mov    %esp,%ebp
-sub    $0x18,%esp
+push   %edi
+push   %esi
+push   %ebx
+sub    $0x2c,%esp
 mov    0x8(%ebp),%eax
 movl   $0x18ee,0x8(%esp)",2026-08-11
_ZN25Packet_Notice_Guild_CargoC2Ev,Packet_Notice_Guild_Cargo::Packet_Notice_Guild_Cargo(),codegen_diff,"等价指令形态差异 1 处（等价指令形态差异（sub vs push））；其余指令差异 4 处（助记符不同（movl   $0xffffffff,0xa(%eax) | push   %esi）；助记符不同（movl   $0x0,0xe(%eax) | push   %ebx））","--- ORIG（伪代码化）
+++ OURS（伪代码化）
@@ -1,24 +1,51 @@
 push   %ebp
 mov    %esp,%ebp
-sub    $0x18,%esp
+push   %edi
+push   %esi
+push   %ebx
+sub    $0x2c,%esp
 mov    0x8(%ebp),%eax
 movl   $0x18ee,0x8(%esp)",2026-08-11
_ZN27Packet_Guild_Cargo_ResponseC1Ev,Packet_Guild_Cargo_Response::Packet_Guild_Cargo_Response(),codegen_diff,"等价指令形态差异 1 处（等价指令形态差异（sub vs push））；其余指令差异 5 处（助记符不同（movl   $0xffffffff,0xa(%eax) | push   %esi）；助记符不同（movl   $0x0,0xe(%eax) | push   %ebx））","--- ORIG（伪代码化）
+++ OURS（伪代码化）
@@ -1,26 +1,54 @@
 push   %ebp
 mov    %esp,%ebp
-sub    $0x18,%esp
+push   %edi
+push   %esi
+push   %ebx
+sub    $0x2c,%esp
 mov    0x8(%ebp),%eax
 movl   $0x18ef,0x8(%esp)",2026-08-11
_ZN27Packet_Guild_Cargo_ResponseC2Ev,Packet_Guild_Cargo_Response::Packet_Guild_Cargo_Response(),codegen_diff,"等价指令形态差异 1 处（等价指令形态差异（sub vs push））；其余指令差异 5 处（助记符不同（movl   $0xffffffff,0xa(%eax) | push   %esi）；助记符不同（movl   $0x0,0xe(%eax) | push   %ebx））","--- ORIG（伪代码化）
+++ OURS（伪代码化）
@@ -1,26 +1,54 @@
 push   %ebp
 mov    %esp,%ebp
-sub    $0x18,%esp
+push   %edi
+push   %esi
+push   %ebx
+sub    $0x2c,%esp
 mov    0x8(%ebp),%eax
 movl   $0x18ef,0x8(%esp)",2026-08-11
_ZN28Packet_Notice_Power_War_RankC1Ev,Packet_Notice_Power_War_Rank::Packet_Notice_Power_War_Rank(),caliber_issue,"立即数/常量差异 1 处（立即数不同（add    $0xa,%eax | add    $0x10,%eax））","--- ORIG（伪代码化）
+++ OURS（伪代码化）
@@ -1,16 +1,16 @@
 push   %ebp
 mov    %esp,%ebp
 sub    $0x18,%esp
 mov    0x8(%ebp),%eax
 movl   $0x16,0x8(%esp)
 movl   $0x6d8,0x4(%esp)
 mov    %eax,(%esp)
 call   <T> <_ZN12PacketHeaderC1Ett>
 mov    0x8(%ebp),%eax",2026-08-11
_ZN28Packet_Notice_Power_War_RankC2Ev,Packet_Notice_Power_War_Rank::Packet_Notice_Power_War_Rank(),caliber_issue,"立即数/常量差异 1 处（立即数不同（add    $0xa,%eax | add    $0x10,%eax））","--- ORIG（伪代码化）
+++ OURS（伪代码化）
@@ -1,16 +1,16 @@
 push   %ebp
 mov    %esp,%ebp
 sub    $0x18,%esp
 mov    0x8(%ebp),%eax
 movl   $0x16,0x8(%esp)
 movl   $0x6d8,0x4(%esp)
 mov    %eax,(%esp)
 call   <T> <_ZN12PacketHeaderC1Ett>
 mov    0x8(%ebp),%eax",2026-08-11
_ZN30Packet_Channel_Guild_Agit_InfoC1Ev,Packet_Channel_Guild_Agit_Info::Packet_Channel_Guild_Agit_Info(),caliber_issue,"立即数/常量差异 1 处（立即数不同（movl   $0x0,0xe(%eax) | movl   $0x0,(%eax)））；其余指令差异 2 处（助记符不同（movl   $0x0,0xa(%eax) | add    $0x10,%eax）；助记符不同（movl   $0x0,0x12(%eax) | add    $0xe,%eax））","--- ORIG（伪代码化）
+++ OURS（伪代码化）
@@ -1,26 +1,35 @@
 push   %ebp
 mov    %esp,%ebp
 sub    $0x18,%esp
 mov    0x8(%ebp),%eax
 movl   $0x17,0x8(%esp)
 movl   $0x6e2,0x4(%esp)
 mov    %eax,(%esp)
 call   <T> <_ZN12PacketHeaderC1Ett>
 mov    0x8(%ebp),%eax",2026-08-11
_ZN30Packet_Channel_Guild_Agit_InfoC2Ev,Packet_Channel_Guild_Agit_Info::Packet_Channel_Guild_Agit_Info(),caliber_issue,"立即数/常量差异 1 处（立即数不同（movl   $0x0,0xe(%eax) | movl   $0x0,(%eax)））；其余指令差异 2 处（助记符不同（movl   $0x0,0xa(%eax) | add    $0x10,%eax）；助记符不同（movl   $0x0,0x12(%eax) | add    $0xe,%eax））","--- ORIG（伪代码化）
+++ OURS（伪代码化）
@@ -1,26 +1,35 @@
 push   %ebp
 mov    %esp,%ebp
 sub    $0x18,%esp
 mov    0x8(%ebp),%eax
 movl   $0x17,0x8(%esp)
 movl   $0x6e2,0x4(%esp)
 mov    %eax,(%esp)
 call   <T> <_ZN12PacketHeaderC1Ett>
 mov    0x8(%ebp),%eax",2026-08-11
_ZN30Packet_Guild_Reply_Guild_BoardC1Ev,Packet_Guild_Reply_Guild_Board::Packet_Guild_Reply_Guild_Board(),codegen_diff,"等价指令形态差异 1 处（等价指令形态差异（sub vs push））；基本块布局差异 1 处（函数内跳转偏移不同（jmp    <T> <_ZN30Packet_Guild_Reply_Guild_BoardC1Ev+0x43> | jmp    <T> <_ZN30Packet_Guild_Reply_Guild_BoardC1Ev+0x85>））；其余指令差异 15 处（助记符不同（add    $0x18,%eax | sub    $0x3c,%esp）；助记符不同（mov    $0x9,%esi | movl   $0x0,-0x1c(%ebp)））","--- ORIG（伪代码化）
+++ OURS（伪代码化）
@@ -1,46 +1,73 @@
 push   %ebp
 mov    %esp,%ebp
+push   %edi
 push   %esi
 push   %ebx
-sub    $0x10,%esp
+sub    $0x3c,%esp
 mov    0x8(%ebp),%eax
 movl   $0x68a,0x8(%esp)",2026-08-11
_ZN30Packet_Guild_Reply_Guild_BoardC2Ev,Packet_Guild_Reply_Guild_Board::Packet_Guild_Reply_Guild_Board(),codegen_diff,"等价指令形态差异 1 处（等价指令形态差异（sub vs push））；基本块布局差异 1 处（函数内跳转偏移不同（jmp    <T> <_ZN30Packet_Guild_Reply_Guild_BoardC1Ev+0x43> | jmp    <T> <_ZN30Packet_Guild_Reply_Guild_BoardC1Ev+0x85>））；其余指令差异 15 处（助记符不同（add    $0x18,%eax | sub    $0x3c,%esp）；助记符不同（mov    $0x9,%esi | movl   $0x0,-0x1c(%ebp)））","--- ORIG（伪代码化）
+++ OURS（伪代码化）
@@ -1,46 +1,73 @@
 push   %ebp
 mov    %esp,%ebp
+push   %edi
 push   %esi
 push   %ebx
-sub    $0x10,%esp
+sub    $0x3c,%esp
 mov    0x8(%ebp),%eax
 movl   $0x68a,0x8(%esp)",2026-08-11
_ZN31Packet_Request_Result_BlackListC1Ev,Packet_Request_Result_BlackList::Packet_Request_Result_BlackList(),codegen_diff,"等价指令形态差异 2 处（等价指令形态差异（sub vs push）；等价指令形态差异（add vs lea））；基本块布局差异 1 处（函数内跳转偏移不同（jmp    <T> <_ZN31Packet_Request_Result_BlackListC1Ev+0x40> | jmp    <T> <_ZN31Packet_Request_Result_BlackListC1Ev+0x89>））；其余指令差异 8 处（助记符不同（mov    0x8(%ebp),%eax | sub    $0x3c,%esp）；助记符不同（mov    $0x9,%esi | movl   $0x0,-0x1c(%ebp)））","--- ORIG（伪代码化）
+++ OURS（伪代码化）
@@ -1,28 +1,52 @@
 push   %ebp
 mov    %esp,%ebp
+push   %edi
 push   %esi
 push   %ebx
-sub    $0x10,%esp
+sub    $0x3c,%esp
 mov    0x8(%ebp),%eax
 movl   $0x19f,0x8(%esp)",2026-08-11
_ZN31Packet_Request_Result_BlackListC2Ev,Packet_Request_Result_BlackList::Packet_Request_Result_BlackList(),codegen_diff,"等价指令形态差异 2 处（等价指令形态差异（sub vs push）；等价指令形态差异（add vs lea））；基本块布局差异 1 处（函数内跳转偏移不同（jmp    <T> <_ZN31Packet_Request_Result_BlackListC1Ev+0x40> | jmp    <T> <_ZN31Packet_Request_Result_BlackListC1Ev+0x89>））；其余指令差异 8 处（助记符不同（mov    0x8(%ebp),%eax | sub    $0x3c,%esp）；助记符不同（mov    $0x9,%esi | movl   $0x0,-0x1c(%ebp)））","--- ORIG（伪代码化）
+++ OURS（伪代码化）
@@ -1,28 +1,52 @@
 push   %ebp
 mov    %esp,%ebp
+push   %edi
 push   %esi
 push   %ebx
-sub    $0x10,%esp
+sub    $0x3c,%esp
 mov    0x8(%ebp),%eax
 movl   $0x19f,0x8(%esp)",2026-08-11
_ZN31ST_PowerWarEventStartTimeConfigC1Ev,ST_PowerWarEventStartTimeConfig::ST_PowerWarEventStartTimeConfig(),codegen_diff,"STL 模板实例化差异（GCC 4.1 ORIG vs GCC 4.4 重建的 libstdc++：const_iterator 转换、operator->/operator*、operator!=/operator== 等） 1 处（STL 调用差异（call   <T> <_ZNSt6vectorI22STPowerWarScheduleTimeSaIS0_EEC1Ev> | call   <T> <_ZNSt6vectorI22STPowerWarScheduleTimeSaIS0_EEC1Ev>））；寄存器分配差异 3 处（寄存器分配差异（mov    0x8(%ebp),%eax | mov    0x8(%ebp),%eax）；寄存器分配差异（add    $0x8,%eax | add    $0x8,%eax））","--- ORIG（伪代码化）
+++ OURS（伪代码化）
@@ -1,15 +1,15 @@
 push   %ebp
 mov    %esp,%ebp
 sub    $0x18,%esp
+mov    0x8(%ebp),%eax
+add    $0x8,%eax
+mov    %eax,(%esp)
+call   <T> <_ZNSt6vectorI22STPowerWarScheduleTimeSaIS0_EEC1Ev>
 mov    0x8(%ebp),%eax
 movb   $0xff,(%eax)",2026-08-11
_ZN31ST_PowerWarEventStartTimeConfigC2Ev,ST_PowerWarEventStartTimeConfig::ST_PowerWarEventStartTimeConfig(),codegen_diff,"STL 模板实例化差异（GCC 4.1 ORIG vs GCC 4.4 重建的 libstdc++：const_iterator 转换、operator->/operator*、operator!=/operator== 等） 1 处（STL 调用差异（call   <T> <_ZNSt6vectorI22STPowerWarScheduleTimeSaIS0_EEC1Ev> | call   <T> <_ZNSt6vectorI22STPowerWarScheduleTimeSaIS0_EEC1Ev>））；寄存器分配差异 3 处（寄存器分配差异（mov    0x8(%ebp),%eax | mov    0x8(%ebp),%eax）；寄存器分配差异（add    $0x8,%eax | add    $0x8,%eax））","--- ORIG（伪代码化）
+++ OURS（伪代码化）
@@ -1,15 +1,15 @@
 push   %ebp
 mov    %esp,%ebp
 sub    $0x18,%esp
+mov    0x8(%ebp),%eax
+add    $0x8,%eax
+mov    %eax,(%esp)
+call   <T> <_ZNSt6vectorI22STPowerWarScheduleTimeSaIS0_EEC1Ev>
 mov    0x8(%ebp),%eax
 movb   $0xff,(%eax)",2026-08-11
_ZN32Packet_Monitor_Notice_Guild_InfoC1Ev,Packet_Monitor_Notice_Guild_Info::Packet_Monitor_Notice_Guild_Info(),other,"其余指令差异 1 处（助记符不同（movl   $0x0,0x12(%eax) | add    $0x12,%eax））","--- ORIG（伪代码化）
+++ OURS（伪代码化）
@@ -1,22 +1,29 @@
 push   %ebp
 mov    %esp,%ebp
 sub    $0x18,%esp
 mov    0x8(%ebp),%eax
 movl   $0x139,0x8(%esp)
 movl   $0x40a,0x4(%esp)
 mov    %eax,(%esp)
 call   <T> <_ZN12PacketHeaderC1Ett>
 mov    0x8(%ebp),%eax",2026-08-11
_ZN32Packet_Monitor_Notice_Guild_InfoC2Ev,Packet_Monitor_Notice_Guild_Info::Packet_Monitor_Notice_Guild_Info(),other,"其余指令差异 1 处（助记符不同（movl   $0x0,0x12(%eax) | add    $0x12,%eax））","--- ORIG（伪代码化）
+++ OURS（伪代码化）
@@ -1,22 +1,29 @@
 push   %ebp
 mov    %esp,%ebp
 sub    $0x18,%esp
 mov    0x8(%ebp),%eax
 movl   $0x139,0x8(%esp)
 movl   $0x40a,0x4(%esp)
 mov    %eax,(%esp)
 call   <T> <_ZN12PacketHeaderC1Ett>
 mov    0x8(%ebp),%eax",2026-08-11
_ZN32Packet_Monitor_SAVE_Guild_MemberC1Ev,Packet_Monitor_SAVE_Guild_Member::Packet_Monitor_SAVE_Guild_Member(),other,"其余指令差异 2 处（助记符不同（movb   $0xff,0xa(%eax) | add    $0x10,%eax）；助记符不同（movl   $0x0,0xb(%eax) | movb   $0xff,(%eax)））","--- ORIG（伪代码化）
+++ OURS（伪代码化）
@@ -1,18 +1,26 @@
 push   %ebp
 mov    %esp,%ebp
 sub    $0x18,%esp
 mov    0x8(%ebp),%eax
 movl   $0x2e,0x8(%esp)
 movl   $0x40f,0x4(%esp)
 mov    %eax,(%esp)
 call   <T> <_ZN12PacketHeaderC1Ett>
 mov    0x8(%ebp),%eax",2026-08-11
_ZN32Packet_Monitor_SAVE_Guild_MemberC2Ev,Packet_Monitor_SAVE_Guild_Member::Packet_Monitor_SAVE_Guild_Member(),other,"其余指令差异 2 处（助记符不同（movb   $0xff,0xa(%eax) | add    $0x10,%eax）；助记符不同（movl   $0x0,0xb(%eax) | movb   $0xff,(%eax)））","--- ORIG（伪代码化）
+++ OURS（伪代码化）
@@ -1,18 +1,26 @@
 push   %ebp
 mov    %esp,%ebp
 sub    $0x18,%esp
 mov    0x8(%ebp),%eax
 movl   $0x2e,0x8(%esp)
 movl   $0x40f,0x4(%esp)
 mov    %eax,(%esp)
 call   <T> <_ZN12PacketHeaderC1Ett>
 mov    0x8(%ebp),%eax",2026-08-11
_ZN33Packet_Monitor_Notice_Guild_EnterC1Ev,Packet_Monitor_Notice_Guild_Enter::Packet_Monitor_Notice_Guild_Enter(),codegen_diff,"等价指令形态差异 1 处（等价指令形态差异（sub vs push））；其余指令差异 2 处（助记符不同（add    $0xa,%eax | push   %esi）；助记符不同（leave | push   %ebx））","--- ORIG（伪代码化）
+++ OURS（伪代码化）
@@ -1,14 +1,39 @@
 push   %ebp
 mov    %esp,%ebp
-sub    $0x18,%esp
+push   %edi
+push   %esi
+push   %ebx
+sub    $0x2c,%esp
 mov    0x8(%ebp),%eax
 movl   $0x50,0x8(%esp)",2026-08-11
_ZN33Packet_Monitor_Notice_Guild_EnterC2Ev,Packet_Monitor_Notice_Guild_Enter::Packet_Monitor_Notice_Guild_Enter(),codegen_diff,"等价指令形态差异 1 处（等价指令形态差异（sub vs push））；其余指令差异 2 处（助记符不同（add    $0xa,%eax | push   %esi）；助记符不同（leave | push   %ebx））","--- ORIG（伪代码化）
+++ OURS（伪代码化）
@@ -1,14 +1,39 @@
 push   %ebp
 mov    %esp,%ebp
-sub    $0x18,%esp
+push   %edi
+push   %esi
+push   %ebx
+sub    $0x2c,%esp
 mov    0x8(%ebp),%eax
 movl   $0x50,0x8(%esp)",2026-08-11
_ZN34Packet_DB_Save_Power_War_User_RankC1Ev,Packet_DB_Save_Power_War_User_Rank::Packet_DB_Save_Power_War_User_Rank(),caliber_issue,"等价指令形态差异 1 处（等价指令形态差异（push vs sub））；立即数/常量差异 1 处（立即数不同（movb   $0x0,0xb(%eax) | movb   $0x0,(%eax)））；其余指令差异 20 处（助记符不同（push   %ebx | add    $0x10,%eax）；助记符不同（sub    $0x10,%esp | movb   $0x0,(%eax)））","--- ORIG（伪代码化）
+++ OURS（伪代码化）
@@ -1,44 +1,51 @@
 push   %ebp
 mov    %esp,%ebp
-push   %esi
-push   %ebx
-sub    $0x10,%esp
+sub    $0x28,%esp
 mov    0x8(%ebp),%eax
 movl   $0x7e5,0x8(%esp)
 movl   $0x6d7,0x4(%esp)",2026-08-11
_ZN34Packet_DB_Save_Power_War_User_RankC2Ev,Packet_DB_Save_Power_War_User_Rank::Packet_DB_Save_Power_War_User_Rank(),caliber_issue,"等价指令形态差异 1 处（等价指令形态差异（push vs sub））；立即数/常量差异 1 处（立即数不同（movb   $0x0,0xb(%eax) | movb   $0x0,(%eax)））；其余指令差异 20 处（助记符不同（push   %ebx | add    $0x10,%eax）；助记符不同（sub    $0x10,%esp | movb   $0x0,(%eax)））","--- ORIG（伪代码化）
+++ OURS（伪代码化）
@@ -1,44 +1,51 @@
 push   %ebp
 mov    %esp,%ebp
-push   %esi
-push   %ebx
-sub    $0x10,%esp
+sub    $0x28,%esp
 mov    0x8(%ebp),%eax
 movl   $0x7e5,0x8(%esp)
 movl   $0x6d7,0x4(%esp)",2026-08-11
_ZN34Packet_Guild_Attendance_Info_ReplyC1Ev,Packet_Guild_Attendance_Info_Reply::Packet_Guild_Attendance_Info_Reply(),caliber_issue,"等价指令形态差异 1 处（等价指令形态差异（sub vs push））；立即数/常量差异 1 处（立即数不同（add    $0x13,%eax | add    $0x10,%eax））；其余指令差异 4 处（助记符不同（movl   $0x0,0xa(%eax) | push   %esi）；助记符不同（movl   $0x0,0xe(%eax) | push   %ebx））","--- ORIG（伪代码化）
+++ OURS（伪代码化）
@@ -1,20 +1,48 @@
 push   %ebp
 mov    %esp,%ebp
-sub    $0x18,%esp
+push   %edi
+push   %esi
+push   %ebx
+sub    $0x2c,%esp
 mov    0x8(%ebp),%eax
 movl   $0x2f,0x8(%esp)",2026-08-11
_ZN34Packet_Guild_Attendance_Info_ReplyC2Ev,Packet_Guild_Attendance_Info_Reply::Packet_Guild_Attendance_Info_Reply(),caliber_issue,"等价指令形态差异 1 处（等价指令形态差异（sub vs push））；立即数/常量差异 1 处（立即数不同（add    $0x13,%eax | add    $0x10,%eax））；其余指令差异 4 处（助记符不同（movl   $0x0,0xa(%eax) | push   %esi）；助记符不同（movl   $0x0,0xe(%eax) | push   %ebx））","--- ORIG（伪代码化）
+++ OURS（伪代码化）
@@ -1,20 +1,48 @@
 push   %ebp
 mov    %esp,%ebp
-sub    $0x18,%esp
+push   %edi
+push   %esi
+push   %ebx
+sub    $0x2c,%esp
 mov    0x8(%ebp),%eax
 movl   $0x2f,0x8(%esp)",2026-08-11
_ZN35Packet_Channel_Guild_Cargo_Pop_ItemC1Ev,Packet_Channel_Guild_Cargo_Pop_Item::Packet_Channel_Guild_Cargo_Pop_Item(),caliber_issue,"等价指令形态差异 1 处（等价指令形态差异（sub vs push））；立即数/常量差异 1 处（立即数不同（add    $0x16,%eax | add    $0x10,%eax））；其余指令差异 6 处（助记符不同（movl   $0xffffffff,0xa(%eax) | push   %esi）；助记符不同（movl   $0x0,0xe(%eax) | push   %ebx））","--- ORIG（伪代码化）
+++ OURS（伪代码化）
@@ -1,30 +1,60 @@
 push   %ebp
 mov    %esp,%ebp
-sub    $0x18,%esp
+push   %edi
+push   %esi
+push   %ebx
+sub    $0x2c,%esp
 mov    0x8(%ebp),%eax
 movl   $0x50,0x8(%esp)",2026-08-11
_ZN35Packet_Channel_Guild_Cargo_Pop_ItemC2Ev,Packet_Channel_Guild_Cargo_Pop_Item::Packet_Channel_Guild_Cargo_Pop_Item(),caliber_issue,"等价指令形态差异 1 处（等价指令形态差异（sub vs push））；立即数/常量差异 1 处（立即数不同（add    $0x16,%eax | add    $0x10,%eax））；其余指令差异 6 处（助记符不同（movl   $0xffffffff,0xa(%eax) | push   %esi）；助记符不同（movl   $0x0,0xe(%eax) | push   %ebx））","--- ORIG（伪代码化）
+++ OURS（伪代码化）
@@ -1,30 +1,60 @@
 push   %ebp
 mov    %esp,%ebp
-sub    $0x18,%esp
+push   %edi
+push   %esi
+push   %ebx
+sub    $0x2c,%esp
 mov    0x8(%ebp),%eax
 movl   $0x50,0x8(%esp)",2026-08-11
_ZN35Packet_DB_Save_Power_War_Guild_RankC1Ev,Packet_DB_Save_Power_War_Guild_Rank::Packet_DB_Save_Power_War_Guild_Rank(),caliber_issue,"等价指令形态差异 1 处（等价指令形态差异（push vs sub））；立即数/常量差异 1 处（立即数不同（movb   $0x0,0xb(%eax) | movb   $0x0,(%eax)））；其余指令差异 18 处（助记符不同（push   %ebx | add    $0x10,%eax）；助记符不同（sub    $0x10,%esp | movb   $0x0,(%eax)））","--- ORIG（伪代码化）
+++ OURS（伪代码化）
@@ -1,40 +1,45 @@
 push   %ebp
 mov    %esp,%ebp
-push   %esi
-push   %ebx
-sub    $0x10,%esp
+sub    $0x28,%esp
 mov    0x8(%ebp),%eax
 movl   $0x330,0x8(%esp)
 movl   $0x6d6,0x4(%esp)",2026-08-11
_ZN35Packet_DB_Save_Power_War_Guild_RankC2Ev,Packet_DB_Save_Power_War_Guild_Rank::Packet_DB_Save_Power_War_Guild_Rank(),caliber_issue,"等价指令形态差异 1 处（等价指令形态差异（push vs sub））；立即数/常量差异 1 处（立即数不同（movb   $0x0,0xb(%eax) | movb   $0x0,(%eax)））；其余指令差异 18 处（助记符不同（push   %ebx | add    $0x10,%eax）；助记符不同（sub    $0x10,%esp | movb   $0x0,(%eax)））","--- ORIG（伪代码化）
+++ OURS（伪代码化）
@@ -1,40 +1,45 @@
 push   %ebp
 mov    %esp,%ebp
-push   %esi
-push   %ebx
-sub    $0x10,%esp
+sub    $0x28,%esp
 mov    0x8(%ebp),%eax
 movl   $0x330,0x8(%esp)
 movl   $0x6d6,0x4(%esp)",2026-08-11
_ZN35Packet_Guild_Cargo_History_ResponseC1Ev,Packet_Guild_Cargo_History_Response::Packet_Guild_Cargo_History_Response(),codegen_diff,"等价指令形态差异 1 处（等价指令形态差异（sub vs push））；其余指令差异 12 处（助记符不同（movl   $0xffffffff,0xa(%eax) | sub    $0x3c,%esp）；助记符不同（movl   $0x0,0xe(%eax) | add    $0x10,%eax））","--- ORIG（伪代码化）
+++ OURS（伪代码化）
@@ -1,38 +1,64 @@
 push   %ebp
 mov    %esp,%ebp
+push   %edi
 push   %esi
 push   %ebx
-sub    $0x10,%esp
+sub    $0x3c,%esp
 mov    0x8(%ebp),%eax
 movl   $0x972,0x8(%esp)",2026-08-11
_ZN35Packet_Guild_Cargo_History_ResponseC2Ev,Packet_Guild_Cargo_History_Response::Packet_Guild_Cargo_History_Response(),codegen_diff,"等价指令形态差异 1 处（等价指令形态差异（sub vs push））；其余指令差异 12 处（助记符不同（movl   $0xffffffff,0xa(%eax) | sub    $0x3c,%esp）；助记符不同（movl   $0x0,0xe(%eax) | add    $0x10,%eax））","--- ORIG（伪代码化）
+++ OURS（伪代码化）
@@ -1,38 +1,64 @@
 push   %ebp
 mov    %esp,%ebp
+push   %edi
 push   %esi
 push   %ebx
-sub    $0x10,%esp
+sub    $0x3c,%esp
 mov    0x8(%ebp),%eax
 movl   $0x972,0x8(%esp)",2026-08-11
_ZN36Packet_Channel_Guild_Cargo_Push_ItemC1Ev,Packet_Channel_Guild_Cargo_Push_Item::Packet_Channel_Guild_Cargo_Push_Item(),codegen_diff,"等价指令形态差异 1 处（等价指令形态差异（sub vs push））；其余指令差异 8 处（助记符不同（movl   $0xffffffff,0xa(%eax) | push   %esi）；助记符不同（movl   $0x0,0xe(%eax) | push   %ebx））","--- ORIG（伪代码化）
+++ OURS（伪代码化）
@@ -1,32 +1,63 @@
 push   %ebp
 mov    %esp,%ebp
-sub    $0x18,%esp
+push   %edi
+push   %esi
+push   %ebx
+sub    $0x2c,%esp
 mov    0x8(%ebp),%eax
 movl   $0x4f,0x8(%esp)",2026-08-11
_ZN36Packet_Channel_Guild_Cargo_Push_ItemC2Ev,Packet_Channel_Guild_Cargo_Push_Item::Packet_Channel_Guild_Cargo_Push_Item(),codegen_diff,"等价指令形态差异 1 处（等价指令形态差异（sub vs push））；其余指令差异 8 处（助记符不同（movl   $0xffffffff,0xa(%eax) | push   %esi）；助记符不同（movl   $0x0,0xe(%eax) | push   %ebx））","--- ORIG（伪代码化）
+++ OURS（伪代码化）
@@ -1,32 +1,63 @@
 push   %ebp
 mov    %esp,%ebp
-sub    $0x18,%esp
+push   %edi
+push   %esi
+push   %ebx
+sub    $0x2c,%esp
 mov    0x8(%ebp),%eax
 movl   $0x4f,0x8(%esp)",2026-08-11
_ZN36Packet_DB_Insert_Guild_Cargo_HistoryC1Ev,Packet_DB_Insert_Guild_Cargo_History::Packet_DB_Insert_Guild_Cargo_History(),codegen_diff,"等价指令形态差异 1 处（等价指令形态差异（sub vs push））；其余指令差异 8 处（助记符不同（movb   $0x0,0xa(%eax) | push   %esi）；助记符不同（movl   $0x0,0xb(%eax) | push   %ebx））","--- ORIG（伪代码化）
+++ OURS（伪代码化）
@@ -1,38 +1,69 @@
 push   %ebp
 mov    %esp,%ebp
-sub    $0x18,%esp
+push   %edi
+push   %esi
+push   %ebx
+sub    $0x2c,%esp
 mov    0x8(%ebp),%eax
 movl   $0x66,0x8(%esp)",2026-08-11
_ZN36Packet_DB_Insert_Guild_Cargo_HistoryC2Ev,Packet_DB_Insert_Guild_Cargo_History::Packet_DB_Insert_Guild_Cargo_History(),codegen_diff,"等价指令形态差异 1 处（等价指令形态差异（sub vs push））；其余指令差异 8 处（助记符不同（movb   $0x0,0xa(%eax) | push   %esi）；助记符不同（movl   $0x0,0xb(%eax) | push   %ebx））","--- ORIG（伪代码化）
+++ OURS（伪代码化）
@@ -1,38 +1,69 @@
 push   %ebp
 mov    %esp,%ebp
-sub    $0x18,%esp
+push   %edi
+push   %esi
+push   %ebx
+sub    $0x2c,%esp
 mov    0x8(%ebp),%eax
 movl   $0x66,0x8(%esp)",2026-08-11
_ZN36Packet_DB_Save_Power_War_Bonus_PointC1Ev,Packet_DB_Save_Power_War_Bonus_Point::Packet_DB_Save_Power_War_Bonus_Point(),caliber_issue,"等价指令形态差异 1 处（等价指令形态差异（push vs sub））；立即数/常量差异 1 处（立即数不同（movl   $0x0,0xa(%eax) | movl   $0x0,-0xc(%ebp)））；其余指令差异 16 处（助记符不同（push   %ebx | add    $0x10,%eax）；助记符不同（sub    $0x10,%esp | movl   $0x0,(%eax)））","--- ORIG（伪代码化）
+++ OURS（伪代码化）
@@ -1,36 +1,39 @@
 push   %ebp
 mov    %esp,%ebp
-push   %esi
-push   %ebx
-sub    $0x10,%esp
+sub    $0x28,%esp
 mov    0x8(%ebp),%eax
 movl   $0x7de,0x8(%esp)
 movl   $0x6f4,0x4(%esp)",2026-08-11
_ZN36Packet_DB_Save_Power_War_Bonus_PointC2Ev,Packet_DB_Save_Power_War_Bonus_Point::Packet_DB_Save_Power_War_Bonus_Point(),caliber_issue,"等价指令形态差异 1 处（等价指令形态差异（push vs sub））；立即数/常量差异 1 处（立即数不同（movl   $0x0,0xa(%eax) | movl   $0x0,-0xc(%ebp)））；其余指令差异 16 处（助记符不同（push   %ebx | add    $0x10,%eax）；助记符不同（sub    $0x10,%esp | movl   $0x0,(%eax)））","--- ORIG（伪代码化）
+++ OURS（伪代码化）
@@ -1,36 +1,39 @@
 push   %ebp
 mov    %esp,%ebp
-push   %esi
-push   %ebx
-sub    $0x10,%esp
+sub    $0x28,%esp
 mov    0x8(%ebp),%eax
 movl   $0x7de,0x8(%esp)
 movl   $0x6f4,0x4(%esp)",2026-08-11
_ZN36Packet_Monitor_Call_Guild_Info_ReplyC1Ev,Packet_Monitor_Call_Guild_Info_Reply::Packet_Monitor_Call_Guild_Info_Reply(),caliber_issue,"等价指令形态差异 2 处（等价指令形态差异（sub vs push）；等价指令形态差异（add vs lea））；立即数/常量差异 1 处（立即数不同（add    $0x13,%eax | add    $0xe,%eax））；其余指令差异 11 处（助记符不同（movl   $0x0,0xa(%eax) | sub    $0x3c,%esp）；助记符不同（movl   $0x0,0xe(%eax) | add    $0x10,%eax））","--- ORIG（伪代码化）
+++ OURS（伪代码化）
@@ -1,34 +1,58 @@
 push   %ebp
 mov    %esp,%ebp
+push   %edi
 push   %esi
 push   %ebx
-sub    $0x10,%esp
+sub    $0x3c,%esp
 mov    0x8(%ebp),%eax
 movl   $0xad6,0x8(%esp)",2026-08-11
_ZN36Packet_Monitor_Call_Guild_Info_ReplyC2Ev,Packet_Monitor_Call_Guild_Info_Reply::Packet_Monitor_Call_Guild_Info_Reply(),caliber_issue,"等价指令形态差异 2 处（等价指令形态差异（sub vs push）；等价指令形态差异（add vs lea））；立即数/常量差异 1 处（立即数不同（add    $0x13,%eax | add    $0xe,%eax））；其余指令差异 11 处（助记符不同（movl   $0x0,0xa(%eax) | sub    $0x3c,%esp）；助记符不同（movl   $0x0,0xe(%eax) | add    $0x10,%eax））","--- ORIG（伪代码化）
+++ OURS（伪代码化）
@@ -1,34 +1,58 @@
 push   %ebp
 mov    %esp,%ebp
+push   %edi
 push   %esi
 push   %ebx
-sub    $0x10,%esp
+sub    $0x3c,%esp
 mov    0x8(%ebp),%eax
 movl   $0xad6,0x8(%esp)",2026-08-11
_ZN37Packet_DB_Save_Power_War_Point_RewardC1Ev,Packet_DB_Save_Power_War_Point_Reward::Packet_DB_Save_Power_War_Point_Reward(),caliber_issue,"等价指令形态差异 1 处（等价指令形态差异（push vs sub））；立即数/常量差异 1 处（立即数不同（movl   $0x0,0xb(%eax) | movl   $0x0,(%eax)））；其余指令差异 17 处（助记符不同（push   %ebx | add    $0x10,%eax）；助记符不同（sub    $0x10,%esp | movb   $0x0,(%eax)））","--- ORIG（伪代码化）
+++ OURS（伪代码化）
@@ -1,38 +1,42 @@
 push   %ebp
 mov    %esp,%ebp
-push   %esi
-push   %ebx
-sub    $0x10,%esp
+sub    $0x28,%esp
 mov    0x8(%ebp),%eax
 movl   $0x7df,0x8(%esp)
 movl   $0x6d9,0x4(%esp)",2026-08-11
_ZN37Packet_DB_Save_Power_War_Point_RewardC2Ev,Packet_DB_Save_Power_War_Point_Reward::Packet_DB_Save_Power_War_Point_Reward(),caliber_issue,"等价指令形态差异 1 处（等价指令形态差异（push vs sub））；立即数/常量差异 1 处（立即数不同（movl   $0x0,0xb(%eax) | movl   $0x0,(%eax)））；其余指令差异 17 处（助记符不同（push   %ebx | add    $0x10,%eax）；助记符不同（sub    $0x10,%esp | movb   $0x0,(%eax)））","--- ORIG（伪代码化）
+++ OURS（伪代码化）
@@ -1,38 +1,42 @@
 push   %ebp
 mov    %esp,%ebp
-push   %esi
-push   %ebx
-sub    $0x10,%esp
+sub    $0x28,%esp
 mov    0x8(%ebp),%eax
 movl   $0x7df,0x8(%esp)
 movl   $0x6d9,0x4(%esp)",2026-08-11
_ZN39Packet_Monitor_Notice_Guild_Member_InfoC1Ev,Packet_Monitor_Notice_Guild_Member_Info::Packet_Monitor_Notice_Guild_Member_Info(),codegen_diff,共 6 组指令差异,"--- ORIG（伪代码化）
+++ OURS（伪代码化）
@@ -1,20 +1,26 @@
 push   %ebp
 mov    %esp,%ebp
 sub    $0x18,%esp
 mov    0x8(%ebp),%eax
 movl   $0x2c,0x8(%esp)
 movl   $0x431,0x4(%esp)
 mov    %eax,(%esp)
 call   <T> <_ZN12PacketHeaderC1Ett>
 mov    0x8(%ebp),%eax",2026-08-11
_ZN39Packet_Monitor_Notice_Guild_Member_InfoC2Ev,Packet_Monitor_Notice_Guild_Member_Info::Packet_Monitor_Notice_Guild_Member_Info(),codegen_diff,共 6 组指令差异,"--- ORIG（伪代码化）
+++ OURS（伪代码化）
@@ -1,20 +1,26 @@
 push   %ebp
 mov    %esp,%ebp
 sub    $0x18,%esp
 mov    0x8(%ebp),%eax
 movl   $0x2c,0x8(%esp)
 movl   $0x431,0x4(%esp)
 mov    %eax,(%esp)
 call   <T> <_ZN12PacketHeaderC1Ett>
 mov    0x8(%ebp),%eax",2026-08-11
_ZN40Packet_DB_Load_Request_Guild_Board_WriteC1Ev,Packet_DB_Load_Request_Guild_Board_Write::Packet_DB_Load_Request_Guild_Board_Write(),codegen_diff,"等价指令形态差异 1 处（等价指令形态差异（sub vs push））；其余指令差异 6 处（助记符不同（add    $0x17,%eax | push   %esi）；助记符不同（movb   $0x0,0xa(%eax) | push   %ebx））","--- ORIG（伪代码化）
+++ OURS（伪代码化）
@@ -1,22 +1,51 @@
 push   %ebp
 mov    %esp,%ebp
-sub    $0x18,%esp
+push   %edi
+push   %esi
+push   %ebx
+sub    $0x2c,%esp
 mov    0x8(%ebp),%eax
 movl   $0xbc,0x8(%esp)",2026-08-11
_ZN40Packet_DB_Load_Request_Guild_Board_WriteC2Ev,Packet_DB_Load_Request_Guild_Board_Write::Packet_DB_Load_Request_Guild_Board_Write(),codegen_diff,"等价指令形态差异 1 处（等价指令形态差异（sub vs push））；其余指令差异 6 处（助记符不同（add    $0x17,%eax | push   %esi）；助记符不同（movb   $0x0,0xa(%eax) | push   %ebx））","--- ORIG（伪代码化）
+++ OURS（伪代码化）
@@ -1,22 +1,51 @@
 push   %ebp
 mov    %esp,%ebp
-sub    $0x18,%esp
+push   %edi
+push   %esi
+push   %ebx
+sub    $0x2c,%esp
 mov    0x8(%ebp),%eax
 movl   $0xbc,0x8(%esp)",2026-08-11
_ZN40Packet_Monitor_Notice_Guild_Enter_ToUserC1Ev,Packet_Monitor_Notice_Guild_Enter_ToUser::Packet_Monitor_Notice_Guild_Enter_ToUser(),caliber_issue,"立即数/常量差异 1 处（立即数不同（movl   $0x0,0xe(%eax) | movl   $0xffffffff,(%eax)））；其余指令差异 1 处（助记符不同（movl   $0xffffffff,0xa(%eax) | add    $0x10,%eax））","--- ORIG（伪代码化）
+++ OURS（伪代码化）
@@ -1,18 +1,26 @@
 push   %ebp
 mov    %esp,%ebp
 sub    $0x18,%esp
 mov    0x8(%ebp),%eax
 movl   $0x5a,0x8(%esp)
 movl   $0x3fd,0x4(%esp)
 mov    %eax,(%esp)
 call   <T> <_ZN12PacketHeaderC1Ett>
 mov    0x8(%ebp),%eax",2026-08-11
_ZN40Packet_Monitor_Notice_Guild_Enter_ToUserC2Ev,Packet_Monitor_Notice_Guild_Enter_ToUser::Packet_Monitor_Notice_Guild_Enter_ToUser(),caliber_issue,"立即数/常量差异 1 处（立即数不同（movl   $0x0,0xe(%eax) | movl   $0xffffffff,(%eax)））；其余指令差异 1 处（助记符不同（movl   $0xffffffff,0xa(%eax) | add    $0x10,%eax））","--- ORIG（伪代码化）
+++ OURS（伪代码化）
@@ -1,18 +1,26 @@
 push   %ebp
 mov    %esp,%ebp
 sub    $0x18,%esp
 mov    0x8(%ebp),%eax
 movl   $0x5a,0x8(%esp)
 movl   $0x3fd,0x4(%esp)
 mov    %eax,(%esp)
 call   <T> <_ZN12PacketHeaderC1Ett>
 mov    0x8(%ebp),%eax",2026-08-11
_ZN41Packet_Monitor_Notice_Guild_Create_ToUserC1Ev,Packet_Monitor_Notice_Guild_Create_ToUser::Packet_Monitor_Notice_Guild_Create_ToUser(),codegen_diff,"等价指令形态差异 1 处（等价指令形态差异（sub vs push））；其余指令差异 3 处（助记符不同（add    $0xa,%eax | push   %esi）；助记符不同（movl   $0xffffffff,0x29(%eax) | push   %ebx））","--- ORIG（伪代码化）
+++ OURS（伪代码化）
@@ -1,16 +1,42 @@
 push   %ebp
 mov    %esp,%ebp
-sub    $0x18,%esp
+push   %edi
+push   %esi
+push   %ebx
+sub    $0x2c,%esp
 mov    0x8(%ebp),%eax
 movl   $0x2d,0x8(%esp)",2026-08-11
_ZN41Packet_Monitor_Notice_Guild_Create_ToUserC2Ev,Packet_Monitor_Notice_Guild_Create_ToUser::Packet_Monitor_Notice_Guild_Create_ToUser(),codegen_diff,"等价指令形态差异 1 处（等价指令形态差异（sub vs push））；其余指令差异 3 处（助记符不同（add    $0xa,%eax | push   %esi）；助记符不同（movl   $0xffffffff,0x29(%eax) | push   %ebx））","--- ORIG（伪代码化）
+++ OURS（伪代码化）
@@ -1,16 +1,42 @@
 push   %ebp
 mov    %esp,%ebp
-sub    $0x18,%esp
+push   %edi
+push   %esi
+push   %ebx
+sub    $0x2c,%esp
 mov    0x8(%ebp),%eax
 movl   $0x2d,0x8(%esp)",2026-08-11
_ZN41Packet_Monitor_Notice_Guild_Secede_ToUserC1Ev,Packet_Monitor_Notice_Guild_Secede_ToUser::Packet_Monitor_Notice_Guild_Secede_ToUser(),caliber_issue,"立即数/常量差异 1 处（立即数不同（movl   $0x0,0xe(%eax) | movl   $0xffffffff,(%eax)））；其余指令差异 1 处（助记符不同（movl   $0xffffffff,0xa(%eax) | add    $0x10,%eax））","--- ORIG（伪代码化）
+++ OURS（伪代码化）
@@ -1,18 +1,26 @@
 push   %ebp
 mov    %esp,%ebp
 sub    $0x18,%esp
 mov    0x8(%ebp),%eax
 movl   $0x55,0x8(%esp)
 movl   $0x3fe,0x4(%esp)
 mov    %eax,(%esp)
 call   <T> <_ZN12PacketHeaderC1Ett>
 mov    0x8(%ebp),%eax",2026-08-11
_ZN41Packet_Monitor_Notice_Guild_Secede_ToUserC2Ev,Packet_Monitor_Notice_Guild_Secede_ToUser::Packet_Monitor_Notice_Guild_Secede_ToUser(),caliber_issue,"立即数/常量差异 1 处（立即数不同（movl   $0x0,0xe(%eax) | movl   $0xffffffff,(%eax)））；其余指令差异 1 处（助记符不同（movl   $0xffffffff,0xa(%eax) | add    $0x10,%eax））","--- ORIG（伪代码化）
+++ OURS（伪代码化）
@@ -1,18 +1,26 @@
 push   %ebp
 mov    %esp,%ebp
 sub    $0x18,%esp
 mov    0x8(%ebp),%eax
 movl   $0x55,0x8(%esp)
 movl   $0x3fe,0x4(%esp)
 mov    %eax,(%esp)
 call   <T> <_ZN12PacketHeaderC1Ett>
 mov    0x8(%ebp),%eax",2026-08-11
_ZN43Packet_Monitor_Call_Guild_Members_ToChannelC1Ev,Packet_Monitor_Call_Guild_Members_ToChannel::Packet_Monitor_Call_Guild_Members_ToChannel(),caliber_issue,"等价指令形态差异 2 处（等价指令形态差异（push vs sub）；等价指令形态差异（add vs lea））；立即数/常量差异 1 处（立即数不同（movl   $0x0,0xe(%eax) | movl   $0x0,(%eax)））；其余指令差异 19 处（助记符不同（push   %ebx | add    $0xa,%eax）；助记符不同（sub    $0x10,%esp | movl   $0xffffffff,(%eax)））","--- ORIG（伪代码化）
+++ OURS（伪代码化）
@@ -1,44 +1,53 @@
 push   %ebp
 mov    %esp,%ebp
-push   %esi
-push   %ebx
-sub    $0x10,%esp
+sub    $0x28,%esp
 mov    0x8(%ebp),%eax
 movl   $0x17d4,0x8(%esp)
 movl   $0x401,0x4(%esp)",2026-08-11
_ZN43Packet_Monitor_Call_Guild_Members_ToChannelC2Ev,Packet_Monitor_Call_Guild_Members_ToChannel::Packet_Monitor_Call_Guild_Members_ToChannel(),caliber_issue,"等价指令形态差异 2 处（等价指令形态差异（push vs sub）；等价指令形态差异（add vs lea））；立即数/常量差异 1 处（立即数不同（movl   $0x0,0xe(%eax) | movl   $0x0,(%eax)））；其余指令差异 19 处（助记符不同（push   %ebx | add    $0xa,%eax）；助记符不同（sub    $0x10,%esp | movl   $0xffffffff,(%eax)））","--- ORIG（伪代码化）
+++ OURS（伪代码化）
@@ -1,44 +1,53 @@
 push   %ebp
 mov    %esp,%ebp
-push   %esi
-push   %ebx
-sub    $0x10,%esp
+sub    $0x28,%esp
 mov    0x8(%ebp),%eax
 movl   $0x17d4,0x8(%esp)
 movl   $0x401,0x4(%esp)",2026-08-11
_ZN47Packet_Monitor_Call_Guild_All_Members_ToChannelC1Ev,Packet_Monitor_Call_Guild_All_Members_ToChannel::Packet_Monitor_Call_Guild_All_Members_ToChannel(),caliber_issue,"等价指令形态差异 2 处（等价指令形态差异（push vs sub）；等价指令形态差异（mov vs lea））；立即数/常量差异 3 处（立即数不同（movl   $0x0,0xe(%eax) | movl   $0x0,(%eax)）；立即数不同（movl   $0x0,0x2d(%eax) | movl   $0x0,(%eax)））；其余指令差异 23 处（助记符不同（push   %ebx | add    $0xa,%eax）；助记符不同（sub    $0x10,%esp | movl   $0xffffffff,(%eax)））","--- ORIG（伪代码化）
+++ OURS（伪代码化）
@@ -1,44 +1,47 @@
 push   %ebp
 mov    %esp,%ebp
-push   %esi
-push   %ebx
-sub    $0x10,%esp
+sub    $0x28,%esp
 mov    0x8(%ebp),%eax
 movl   $0x17d4,0x8(%esp)
 movl   $0x424,0x4(%esp)",2026-08-11
_ZN47Packet_Monitor_Call_Guild_All_Members_ToChannelC2Ev,Packet_Monitor_Call_Guild_All_Members_ToChannel::Packet_Monitor_Call_Guild_All_Members_ToChannel(),caliber_issue,"等价指令形态差异 2 处（等价指令形态差异（push vs sub）；等价指令形态差异（mov vs lea））；立即数/常量差异 3 处（立即数不同（movl   $0x0,0xe(%eax) | movl   $0x0,(%eax)）；立即数不同（movl   $0x0,0x2d(%eax) | movl   $0x0,(%eax)））；其余指令差异 23 处（助记符不同（push   %ebx | add    $0xa,%eax）；助记符不同（sub    $0x10,%esp | movl   $0xffffffff,(%eax)））","--- ORIG（伪代码化）
+++ OURS（伪代码化）
@@ -1,44 +1,47 @@
 push   %ebp
 mov    %esp,%ebp
-push   %esi
-push   %ebx
-sub    $0x10,%esp
+sub    $0x28,%esp
 mov    0x8(%ebp),%eax
 movl   $0x17d4,0x8(%esp)
 movl   $0x424,0x4(%esp)",2026-08-11
_ZN48Packet_Monitor_Call_Guild_Members_ToChannel_NextC1Ev,Packet_Monitor_Call_Guild_Members_ToChannel_Next::Packet_Monitor_Call_Guild_Members_ToChannel_Next(),caliber_issue,"等价指令形态差异 2 处（等价指令形态差异（push vs sub）；等价指令形态差异（add vs lea））；基本块布局差异 1 处（函数内跳转偏移不同（jmp    <T> <_ZN48Packet_Monitor_Call_Guild_Members_ToChannel_NextC1Ev+0x65> | jmp    <T> <_ZN48Packet_Monitor_Call_Guild_Members_ToChannel_NextC1Ev+0x8c>））；立即数/常量差异 1 处（立即数不同（movl   $0x0,0xe(%eax) | movl   $0x0,(%eax)））；其余指令差异 16 处（助记符不同（push   %ebx | add    $0xa,%eax）；助记符不同（sub    $0x10,%esp | movl   $0xffffffff,(%eax)））","--- ORIG（伪代码化）
+++ OURS（伪代码化）
@@ -1,36 +1,44 @@
 push   %ebp
 mov    %esp,%ebp
-push   %esi
-push   %ebx
-sub    $0x10,%esp
+sub    $0x28,%esp
 mov    0x8(%ebp),%eax
 movl   $0x17b7,0x8(%esp)
 movl   $0x423,0x4(%esp)",2026-08-11
_ZN48Packet_Monitor_Call_Guild_Members_ToChannel_NextC2Ev,Packet_Monitor_Call_Guild_Members_ToChannel_Next::Packet_Monitor_Call_Guild_Members_ToChannel_Next(),caliber_issue,"等价指令形态差异 2 处（等价指令形态差异（push vs sub）；等价指令形态差异（add vs lea））；基本块布局差异 1 处（函数内跳转偏移不同（jmp    <T> <_ZN48Packet_Monitor_Call_Guild_Members_ToChannel_NextC1Ev+0x65> | jmp    <T> <_ZN48Packet_Monitor_Call_Guild_Members_ToChannel_NextC1Ev+0x8c>））；立即数/常量差异 1 处（立即数不同（movl   $0x0,0xe(%eax) | movl   $0x0,(%eax)））；其余指令差异 16 处（助记符不同（push   %ebx | add    $0xa,%eax）；助记符不同（sub    $0x10,%esp | movl   $0xffffffff,(%eax)））","--- ORIG（伪代码化）
+++ OURS（伪代码化）
@@ -1,36 +1,44 @@
 push   %ebp
 mov    %esp,%ebp
-push   %esi
-push   %ebx
-sub    $0x10,%esp
+sub    $0x28,%esp
 mov    0x8(%ebp),%eax
 movl   $0x17b7,0x8(%esp)
 movl   $0x423,0x4(%esp)",2026-08-11
_ZN52Packet_Monitor_Call_Guild_All_Members_ToChannel_NextC1Ev,Packet_Monitor_Call_Guild_All_Members_ToChannel_Next::Packet_Monitor_Call_Guild_All_Members_ToChannel_Next(),caliber_issue,"等价指令形态差异 2 处（等价指令形态差异（push vs sub）；等价指令形态差异（add vs lea））；基本块布局差异 1 处（函数内跳转偏移不同（jmp    <T> <_ZN52Packet_Monitor_Call_Guild_All_Members_ToChannel_NextC1Ev+0x65> | jmp    <T> <_ZN52Packet_Monitor_Call_Guild_All_Members_ToChannel_NextC1Ev+0x8c>））；立即数/常量差异 1 处（立即数不同（movl   $0x0,0xe(%eax) | movl   $0x0,(%eax)））；其余指令差异 16 处（助记符不同（push   %ebx | add    $0xa,%eax）；助记符不同（sub    $0x10,%esp | movl   $0xffffffff,(%eax)））","--- ORIG（伪代码化）
+++ OURS（伪代码化）
@@ -1,36 +1,44 @@
 push   %ebp
 mov    %esp,%ebp
-push   %esi
-push   %ebx
-sub    $0x10,%esp
+sub    $0x28,%esp
 mov    0x8(%ebp),%eax
 movl   $0x17b7,0x8(%esp)
 movl   $0x428,0x4(%esp)",2026-08-11
_ZN52Packet_Monitor_Call_Guild_All_Members_ToChannel_NextC2Ev,Packet_Monitor_Call_Guild_All_Members_ToChannel_Next::Packet_Monitor_Call_Guild_All_Members_ToChannel_Next(),caliber_issue,"等价指令形态差异 2 处（等价指令形态差异（push vs sub）；等价指令形态差异（add vs lea））；基本块布局差异 1 处（函数内跳转偏移不同（jmp    <T> <_ZN52Packet_Monitor_Call_Guild_All_Members_ToChannel_NextC1Ev+0x65> | jmp    <T> <_ZN52Packet_Monitor_Call_Guild_All_Members_ToChannel_NextC1Ev+0x8c>））；立即数/常量差异 1 处（立即数不同（movl   $0x0,0xe(%eax) | movl   $0x0,(%eax)））；其余指令差异 16 处（助记符不同（push   %ebx | add    $0xa,%eax）；助记符不同（sub    $0x10,%esp | movl   $0xffffffff,(%eax)））","--- ORIG（伪代码化）
+++ OURS（伪代码化）
@@ -1,36 +1,44 @@
 push   %ebp
 mov    %esp,%ebp
-push   %esi
-push   %ebx
-sub    $0x10,%esp
+sub    $0x28,%esp
 mov    0x8(%ebp),%eax
 movl   $0x17b7,0x8(%esp)
 movl   $0x428,0x4(%esp)",2026-08-11
_ZN5CPeer10DisConnSigEv,CPeer::DisConnSig(),codegen_diff,"等价指令形态差异 10 处（字节强转读取形态差（ORIG 直接偏移加载 mov    0x182c(%eax),%eax vs OURS add+加载）；等价指令形态差异（lea vs mov））；栈帧/局部布局差异 2 处（栈局部偏移不同（lea    -0x12(%ebp),%eax | lea    -0x16(%ebp),%eax）；栈局部偏移不同（lea    -0x18(%ebp),%edx | lea    -0x24(%ebp),%eax））；其余指令差异 11 处（助记符不同（movzwl -0x10(%ebp),%eax | lea    -0x20(%ebp),%eax）；助记符不同（mov    -0x18(%ebp),%eax | movzwl -0x14(%ebp),%eax））","--- ORIG（伪代码化）
+++ OURS（伪代码化）
@@ -1,71 +1,74 @@
 push   %ebp
 mov    %esp,%ebp
 push   %esi
 push   %ebx
 sub    $0x30,%esp
-lea    -0x12(%ebp),%eax
+lea    -0x16(%ebp),%eax
 mov    %eax,(%esp)
 call   <T> <_ZN25Packet_InnerPakcet_LogoutC1Ev>",2026-08-11
_ZN5CPeer10RecvPacketEv,CPeer::RecvPacket(),codegen_diff,"等价指令形态差异 5 处（等价指令形态差异（push vs sub）；等价指令形态差异（mov vs lea））；栈帧/局部布局差异 6 处（栈局部偏移不同（lea    -0x34(%ebp),%eax | lea    -0x1c(%ebp),%eax）；栈局部偏移不同（mov    -0x1c(%ebp),%eax | mov    -0xc(%ebp),%eax））；基本块布局差异 4 处（函数内跳转偏移不同（je     <T> <_ZN5CPeer10RecvPacketEv+0x90> | je     <T> <_ZN5CPeer10RecvPacketEv+0x91>）；函数内跳转偏移不同（jmp    <T> <_ZN5CPeer10RecvPacketEv+0x18e> | jmp    <T> <_ZN5CPeer10RecvPacketEv+0x18d>））；其余指令差异 19 处（助记符不同（sub    $0x4c,%esp | mov    %eax,-0xc(%ebp)）；助记符不同（mov    %eax,-0x1c(%ebp) | cmpl   $0x0,-0xc(%ebp)））","--- ORIG（伪代码化）
+++ OURS（伪代码化）
@@ -1,100 +1,98 @@
 push   %ebp
 mov    %esp,%ebp
-push   %edi
 push   %esi
 push   %ebx
-sub    $0x4c,%esp
+sub    $0x40,%esp
 mov    0x8(%ebp),%eax
 mov    %eax,(%esp)",2026-08-11
_ZN5CPeer11recv_packetEv,CPeer::recv_packet(),caliber_issue,"寄存器分配差异 1 处（寄存器分配差异（mov    $0x0,%eax | mov    $0x0,%eax））；等价指令形态差异 5 处（字节强转读取形态差（ORIG 直接偏移加载 mov    0x181c(%eax),%eax vs OURS add+加载）；等价指令形态差异（lea vs add））；基本块布局差异 4 处（函数内跳转偏移不同（jmp    <T> <_ZN5CPeer11recv_packetEv+0x19a> | jmp    <T> <_ZN5CPeer11recv_packetEv+0x192>）；函数内跳转偏移不同（je     <T> <_ZN5CPeer11recv_packetEv+0xda> | je     <T> <_ZN5CPeer11recv_packetEv+0xc0>））；立即数/常量差异 1 处（立即数不同（add    $0x1c,%eax | add    $0x181c,%eax））；其余指令差异 24 处（助记符不同（add    $0x1800,%eax | mov    (%eax),%eax）；操作数差异（mov    %edx,0x181c(%eax) | mov    0x8(%ebp),%edx））","--- ORIG（伪代码化）
+++ OURS（伪代码化）
@@ -1,117 +1,116 @@
 push   %ebp
 mov    %esp,%ebp
 push   %esi
 push   %ebx
 sub    $0x30,%esp
 mov    0x8(%ebp),%eax
 mov    %eax,(%esp)
 call   <T> <_ZNK9TCPSocket9getHandleEv>
 shr    $0x1f,%eax",2026-08-11
_ZN5CPeer11send_packetEPci,"CPeer::send_packet(char*, int)",codegen_diff,"寄存器分配差异 1 处（寄存器分配差异（mov    0x8(%ebp),%eax | mov    0x8(%ebp),%eax））；等价指令形态差异 11 处（等价指令形态差异（push vs sub）；字节强转读取形态差（ORIG 直接偏移加载 mov    0x1834(%eax),%esi vs OURS add+加载））；基本块布局差异 1 处（函数内跳转偏移不同（jmp    <T> <_ZN5CPeer11send_packetEPci+0x214> | jmp    <T> <_ZN5CPeer11send_packetEPci+0x227>））；其余指令差异 71 处（助记符不同（push   %ebx | je     <T> <_ZN5CPeer11send_packetEPci+0x22>）；助记符不同（sub    $0x30,%esp | jmp    <T> <_ZN5CPeer11send_packetEPci+0x227>））","--- ORIG（伪代码化）
+++ OURS（伪代码化）
@@ -1,133 +1,143 @@
 push   %ebp
 mov    %esp,%ebp
-push   %esi
-push   %ebx
-sub    $0x30,%esp
+sub    $0x48,%esp
 mov    0x8(%ebp),%eax
 mov    %eax,(%esp)
 call   <T> <_ZNK9TCPSocket9getHandleEv>",2026-08-11
_ZN5CPeer11send_packetEv,CPeer::send_packet(),caliber_issue,"寄存器分配差异 2 处（寄存器分配差异（mov    (%eax),%esi | mov    (%eax),%eax）；寄存器分配差异（mov    0x8(%ebp),%eax | mov    0x8(%ebp),%edx））；等价指令形态差异 10 处（等价指令形态差异（push vs sub）；字节强转读取形态差（ORIG 直接偏移加载 mov    0x1834(%eax),%ebx vs OURS add+加载））；栈帧/局部布局差异 1 处（栈局部偏移不同（cmp    -0xc(%ebp),%eax | cmp    -0x14(%ebp),%eax））；基本块布局差异 4 处（函数内跳转偏移不同（jne    <T> <_ZN5CPeer11send_packetEv+0x26> | jne    <T> <_ZN5CPeer11send_packetEv+0x28>）；函数内跳转偏移不同（jmp    <T> <_ZN5CPeer11send_packetEv+0x246> | jmp    <T> <_ZN5CPeer11send_packetEv+0x230>））；立即数/常量差异 1 处（立即数不同（add    $0x30,%esp | add    $0x1834,%eax））；其余指令差异 74 处（助记符不同（sub    $0x30,%esp | movl   $0x0,-0x14(%ebp)）；助记符不同（movl   $0x0,-0xc(%ebp) | add    $0x1834,%eax））","--- ORIG（伪代码化）
+++ OURS（伪代码化）
@@ -1,149 +1,151 @@
 push   %ebp
 mov    %esp,%ebp
-push   %esi
 push   %ebx
-sub    $0x30,%esp
-movl   $0x0,-0xc(%ebp)
+sub    $0x34,%esp
+movl   $0x0,-0x14(%ebp)
 mov    0x8(%ebp),%eax",2026-08-11
_ZN5CPeer18get_remain_sendlenEv,CPeer::get_remain_sendlen(),codegen_diff,"等价指令形态差异 1 处（字节强转读取形态差（ORIG 直接偏移加载 mov    0x1834(%eax),%eax vs OURS add+加载））","--- ORIG（伪代码化）
+++ OURS（伪代码化）
@@ -1,6 +1,7 @@
 push   %ebp
 mov    %esp,%ebp
 mov    0x8(%ebp),%eax
-mov    0x1834(%eax),%eax
+add    $0x1834,%eax
+mov    (%eax),%eax
 pop    %ebp
 ret",2026-08-11
_ZN5CPeer7ConnSigEv,CPeer::ConnSig(),codegen_diff,"等价指令形态差异 10 处（字节强转读取形态差（ORIG 直接偏移加载 mov    0x182c(%eax),%eax vs OURS add+加载）；等价指令形态差异（lea vs mov））；栈帧/局部布局差异 2 处（栈局部偏移不同（lea    -0x12(%ebp),%eax | lea    -0x16(%ebp),%eax）；栈局部偏移不同（lea    -0x18(%ebp),%edx | lea    -0x24(%ebp),%eax））；其余指令差异 11 处（助记符不同（movzwl -0x10(%ebp),%eax | lea    -0x20(%ebp),%eax）；助记符不同（mov    -0x18(%ebp),%eax | movzwl -0x14(%ebp),%eax））","--- ORIG（伪代码化）
+++ OURS（伪代码化）
@@ -1,71 +1,74 @@
 push   %ebp
 mov    %esp,%ebp
 push   %esi
 push   %ebx
 sub    $0x30,%esp
-lea    -0x12(%ebp),%eax
+lea    -0x16(%ebp),%eax
 mov    %eax,(%esp)
 call   <T> <_ZN24Packet_InnerPakcet_LoginC1Ev>",2026-08-11
_ZN5CPeer7parsingEi,CPeer::parsing(int),other,"真实调用目标差异 1 处（调用目标不同（call   <T> <_ZN10CMyFileLogC1EPKci> | call   <T> <_ZN6CGuardI6CMutexED1Ev>））；寄存器分配差异 5 处（寄存器分配差异（mov    0x8(%ebp),%eax | mov    0x8(%ebp),%eax）；寄存器分配差异（mov    0x8(%ebp),%eax | mov    0x8(%ebp),%edx））；等价指令形态差异 33 处（等价指令形态差异（push vs sub）；等价指令形态差异（lea vs add））；栈帧/局部布局差异 1 处（栈局部偏移不同（mov    -0x24(%ebp),%eax | mov    -0xc(%ebp),%eax））；基本块布局差异 1 处（函数内跳转偏移不同（jmp    <T> <_ZN5CPeer7parsingEi+0x39f> | jmp    <T> <_ZN5CPeer7parsingEi+0x2fa>））；其余指令差异 167 处（助记符不同（sub    $0x7c,%esp | mov    0x8(%ebp),%eax）；操作数差异（mov    0x1820(%eax),%edx | mov    (%eax),%eax））","--- ORIG（伪代码化）
+++ OURS（伪代码化）
@@ -1,289 +1,285 @@
 push   %ebp
 mov    %esp,%ebp
-push   %edi
 push   %esi
 push   %ebx
-sub    $0x7c,%esp
+sub    $0x70,%esp
+mov    0x8(%ebp),%eax
+add    $0x1820,%eax",2026-08-11
_ZN5CPeerC1Ev,CPeer::CPeer(),caliber_issue,"立即数/常量差异 4 处（立即数不同（movl   $0x0,0x1820(%eax) | movl   $0x0,(%eax)）；立即数不同（movl   $0x0,0x1828(%eax) | movl   $0x0,(%eax)））；其余指令差异 4 处（助记符不同（movl   $0x0,0x181c(%eax) | add    $0x181c,%eax）；助记符不同（movl   $0x0,0x1824(%eax) | add    $0x1820,%eax））","--- ORIG（伪代码化）
+++ OURS（伪代码化）
@@ -1,24 +1,32 @@
 push   %ebp
 mov    %esp,%ebp
 sub    $0x18,%esp
 mov    0x8(%ebp),%eax
 mov    %eax,(%esp)
 call   <T> <_ZN9TCPSocketC1Ev>
 mov    0x8(%ebp),%eax
-movl   $0x0,0x181c(%eax)
+add    $0x181c,%eax",2026-08-11
_ZN5CPeerC2Ev,CPeer::CPeer(),caliber_issue,"立即数/常量差异 4 处（立即数不同（movl   $0x0,0x1820(%eax) | movl   $0x0,(%eax)）；立即数不同（movl   $0x0,0x1828(%eax) | movl   $0x0,(%eax)））；其余指令差异 4 处（助记符不同（movl   $0x0,0x181c(%eax) | add    $0x181c,%eax）；助记符不同（movl   $0x0,0x1824(%eax) | add    $0x1820,%eax））","--- ORIG（伪代码化）
+++ OURS（伪代码化）
@@ -1,24 +1,32 @@
 push   %ebp
 mov    %esp,%ebp
 sub    $0x18,%esp
 mov    0x8(%ebp),%eax
 mov    %eax,(%esp)
 call   <T> <_ZN9TCPSocketC1Ev>
 mov    0x8(%ebp),%eax
-movl   $0x0,0x181c(%eax)
+add    $0x181c,%eax",2026-08-11
_ZN5CPeerD1Ev,CPeer::~CPeer(),codegen_diff,共 14 组指令差异,"--- ORIG（伪代码化）
+++ OURS（伪代码化）
@@ -1,22 +1,8 @@
 push   %ebp
 mov    %esp,%ebp
 sub    $0x18,%esp
-mov    0x8(%ebp),%eax
-lea    0x1c(%eax),%edx
-mov    0x8(%ebp),%eax
-mov    %edx,0x181c(%eax)
-mov    0x8(%ebp),%eax
-movl   $0x0,0x1824(%eax)",2026-08-11
_ZN5CPeerD2Ev,CPeer::~CPeer(),codegen_diff,共 14 组指令差异,"--- ORIG（伪代码化）
+++ OURS（伪代码化）
@@ -1,22 +1,8 @@
 push   %ebp
 mov    %esp,%ebp
 sub    $0x18,%esp
-mov    0x8(%ebp),%eax
-lea    0x1c(%eax),%edx
-mov    0x8(%ebp),%eax
-mov    %edx,0x181c(%eax)
-mov    0x8(%ebp),%eax
-movl   $0x0,0x1824(%eax)",2026-08-11
_ZN5CUser11IsBlackUserEj,CUser::IsBlackUser(unsigned int),codegen_diff,"寄存器分配差异 1 处（寄存器分配差异（lea    -0xc(%ebp),%eax | lea    -0xc(%ebp),%eax））；等价指令形态差异 4 处（等价指令形态差异（mov vs lea）；等价指令形态差异（lea vs mov））；其余指令差异 5 处（操作数差异（lea    -0x10(%ebp),%eax | lea    0x64(%eax),%edx）；操作数差异（mov    %edx,0x4(%esp) | mov    %eax,(%esp)））","--- ORIG（伪代码化）
+++ OURS（伪代码化）
@@ -1,39 +1,39 @@
 push   %ebp
 mov    %esp,%ebp
 sub    $0x28,%esp
 mov    0x8(%ebp),%eax
 add    $0x64,%eax
 mov    %eax,(%esp)
 call   <T> <_ZNKSt3mapIjP10CBlackUserSt4lessIjESaISt4pairIKjS1_EEE5emptyEv>
 test   %al,%al
 je     <T> <_ZN5CUser11IsBlackUserEj+0x1f>",2026-08-11
_ZN5CUser12GetBlackListERhP17STBlackUserDBType,"CUser::GetBlackList(unsigned char&, STBlackUserDBType*)",codegen_diff,"寄存器分配差异 1 处（寄存器分配差异（mov    %eax,(%esp) | mov    %eax,(%ebx)））；等价指令形态差异 6 处（等价指令形态差异（mov vs movzbl）；等价指令形态差异（lea vs mov））；栈帧/局部布局差异 2 处（栈局部偏移不同（lea    -0x10(%ebp),%eax | lea    -0x14(%ebp),%eax）；栈局部偏移不同（lea    -0x10(%ebp),%eax | lea    -0x14(%ebp),%eax））；其余指令差异 30 处（助记符不同（jne    <T> <_ZN5CUser12GetBlackListERhP17STBlackUserDBType+0x134> | xor    $0x1,%eax）；助记符不同（lea    -0x10(%ebp),%eax | je     <T> <_ZN5CUser12GetBlackListERhP17STBlackUserDBType+0x13c>））","--- ORIG（伪代码化）
+++ OURS（伪代码化）
@@ -1,103 +1,104 @@
 push   %ebp
 mov    %esp,%ebp
 push   %ebx
 sub    $0x24,%esp
 mov    0xc(%ebp),%eax
 movb   $0x0,(%eax)
 mov    0x8(%ebp),%eax
 add    $0x64,%eax
 mov    %eax,(%esp)",2026-08-11
_ZN5CUser12GetBlackListERhPj,"CUser::GetBlackList(unsigned char&, unsigned int*)",codegen_diff,"等价指令形态差异 2 处（等价指令形态差异（jmp vs je）；等价指令形态差异（jmp vs je））；基本块布局差异 1 处（函数内跳转偏移不同（jmp    <T> <_ZN5CUser12GetBlackListERhPj+0xb4> | jmp    <T> <_ZN5CUser12GetBlackListERhPj+0xbd>））；其余指令差异 12 处（助记符不同（jne    <T> <_ZN5CUser12GetBlackListERhPj+0xb0> | xor    $0x1,%eax）；助记符不同（call   <T> <_ZNKSt17_Rb_tree_iteratorISt4pairIKjP10CBlackUserEEdeEv> | jmp    <T> <_ZN5CUser12GetBlackListERhPj+0x79>））","--- ORIG（伪代码化）
+++ OURS（伪代码化）
@@ -1,64 +1,66 @@
 push   %ebp
 mov    %esp,%ebp
 push   %ebx
 sub    $0x24,%esp
 mov    0xc(%ebp),%eax
 movb   $0x0,(%eax)
 mov    0x8(%ebp),%eax
 add    $0x64,%eax
 mov    %eax,(%esp)",2026-08-11
_ZN5CUser14ChangeCharNameEPc,CUser::ChangeCharName(char*),other,"其余指令差异 4 处（操作数差异（mov    %eax,(%esp) | mov    0x4(%eax),%eax）；助记符不同（call   <T> <_ZN5CUser13GetUniqCharNoEv> | je     <T> <_ZN5CUser14ChangeCharNameEPc+0x56>））","--- ORIG（伪代码化）
+++ OURS（伪代码化）
@@ -1,33 +1,26 @@
 push   %ebp
 mov    %esp,%ebp
 sub    $0x18,%esp
 mov    0x8(%ebp),%eax
-mov    %eax,(%esp)
-call   <T> <_ZN5CUser13GetUniqCharNoEv>
+mov    0x4(%eax),%eax
 test   %eax,%eax
-je     <T> <_ZN5CUser14ChangeCharNameEPc+0x2b>",2026-08-11
_ZN5CUser14ResetBlackListEv,CUser::ResetBlackList(),codegen_diff,"等价指令形态差异 1 处（等价指令形态差异（jmp vs je））；其余指令差异 1 处（助记符不同（jne    <T> <_ZN5CUser14ResetBlackListEv+0x28> | xor    $0x1,%eax））","--- ORIG（伪代码化）
+++ OURS（伪代码化）
@@ -1,17 +1,16 @@
 push   %ebp
 mov    %esp,%ebp
 sub    $0x18,%esp
 mov    0x8(%ebp),%eax
 add    $0x64,%eax
 mov    %eax,(%esp)
 call   <T> <_ZNKSt3mapIjP10CBlackUserSt4lessIjESaISt4pairIKjS1_EEE5emptyEv>
+xor    $0x1,%eax
 test   %al,%al",2026-08-11
_ZN5CUser15LoadGuildMemberEjR18STGuildMemerDBInfo,"CUser::LoadGuildMember(unsigned int, STGuildMemerDBInfo&)",caliber_issue,"寄存器分配差异 1 处（寄存器分配差异（mov    0x8(%ebp),%eax | mov    0x8(%ebp),%eax））；等价指令形态差异 5 处（等价指令形态差异（push vs sub）；字节强转读取形态差（ORIG 直接偏移加载 movzwl 0x48(%eax),%eax vs OURS add+加载））；基本块布局差异 5 处（函数内跳转偏移不同（jne    <T> <_ZN5CUser15LoadGuildMemberEjR18STGuildMemerDBInfo+0x132> | jne    <T> <_ZN5CUser15LoadGuildMemberEjR18STGuildMemerDBInfo+0x13b>）；函数内跳转偏移不同（je     <T> <_ZN5CUser15LoadGuildMemberEjR18STGuildMemerDBInfo+0x3a> | je     <T> <_ZN5CUser15LoadGuildMemberEjR18STGuildMemerDBInfo+0x3b>））；立即数/常量差异 1 处（立即数不同（add    $0x30,%esp | add    $0x5f,%eax））；其余指令差异 21 处（助记符不同（sub    $0x30,%esp | add    $0x48,%eax）；操作数差异（movzwl 0x48(%eax),%eax | movzwl (%eax),%eax））","--- ORIG（伪代码化）
+++ OURS（伪代码化）
@@ -1,96 +1,101 @@
 push   %ebp
 mov    %esp,%ebp
-push   %esi
 push   %ebx
-sub    $0x30,%esp
+sub    $0x34,%esp
 mov    0x8(%ebp),%eax
-movzwl 0x48(%eax),%eax
+add    $0x48,%eax",2026-08-11
_ZN5CUser15ResetGuildPointEv,CUser::ResetGuildPoint(),other,"其余指令差异 1 处（助记符不同（movl   $0x0,0x60(%eax) | add    $0x60,%eax））","--- ORIG（伪代码化）
+++ OURS（伪代码化）
@@ -1,6 +1,7 @@
 push   %ebp
 mov    %esp,%ebp
 mov    0x8(%ebp),%eax
-movl   $0x0,0x60(%eax)
+add    $0x60,%eax
+movl   $0x0,(%eax)
 pop    %ebp
 ret",2026-08-11
_ZN5CUser15SaveGuildMemberEhjP14CServerHandlerh,"CUser::SaveGuildMember(unsigned char, unsigned int, CServerHandler*, unsigned char)",template_macro,源码未定位：第 3 节未能在候选源文件/对象中定位该函数定义（模板头文件、宏生成函数或 typedef 参数形态），无法从源码侧修复；共 31 组指令差异。,"--- ORIG（伪代码化）
+++ OURS（伪代码化）
@@ -1,57 +1,68 @@
 push   %ebp
 mov    %esp,%ebp
-sub    $0x58,%esp
+push   %ebx
+sub    $0x54,%esp
 mov    0xc(%ebp),%edx
 mov    0x18(%ebp),%eax
 mov    %dl,-0x3c(%ebp)
 mov    %al,-0x40(%ebp)",2026-08-11
_ZN5CUser15SetGuildMemFlagEt,CUser::SetGuildMemFlag(unsigned short),other,"其余指令差异 1 处（操作数差异（movzwl 0x48(%eax),%eax | movzwl -0x4(%ebp),%edx））","--- ORIG（伪代码化）
+++ OURS（伪代码化）
@@ -1,13 +1,10 @@
 push   %ebp
 mov    %esp,%ebp
 sub    $0x4,%esp
 mov    0xc(%ebp),%eax
 mov    %ax,-0x4(%ebp)
 mov    0x8(%ebp),%eax
-movzwl 0x48(%eax),%eax
-mov    %eax,%edx
-or     -0x4(%ebp),%dx",2026-08-11
_ZN5CUser16QueryGuildMemberEP14CServerHandler,CUser::QueryGuildMember(CServerHandler*),codegen_diff,"基本块布局差异 1 处（函数内跳转偏移不同（je     <T> <_ZN5CUser16QueryGuildMemberEP14CServerHandler+0x4e> | je     <T> <_ZN5CUser16QueryGuildMemberEP14CServerHandler+0x50>））；其余指令差异 4 处（助记符不同（movzwl 0x48(%eax),%eax | lea    0x48(%eax),%edx）；助记符不同（mov    %eax,%edx | add    $0x48,%eax））","--- ORIG（伪代码化）
+++ OURS（伪代码化）
@@ -1,30 +1,31 @@
 push   %ebp
 mov    %esp,%ebp
 push   %ebx
 sub    $0x14,%esp
 mov    0x8(%ebp),%eax
 mov    0x8(%eax),%eax
 test   %eax,%eax
-je     <T> <_ZN5CUser16QueryGuildMemberEP14CServerHandler+0x4e>
+je     <T> <_ZN5CUser16QueryGuildMemberEP14CServerHandler+0x50>",2026-08-11
_ZN5CUser17DeleteToBlackListEj,CUser::DeleteToBlackList(unsigned int),other,"其余指令差异 2 处（助记符不同（mov    0x8(%ebp),%eax | je     <T> <_ZN5CUser17DeleteToBlackListEj+0x85>）；助记符不同（add    $0x64,%eax | jmp    <T> <_ZN5CUser17DeleteToBlackListEj+0x8a>））","--- ORIG（伪代码化）
+++ OURS（伪代码化）
@@ -1,51 +1,43 @@
 push   %ebp
 mov    %esp,%ebp
 sub    $0x28,%esp
-mov    0x8(%ebp),%eax
-add    $0x64,%eax
-mov    %eax,(%esp)
-call   <T> <_ZNKSt3mapIjP10CBlackUserSt4lessIjESaISt4pairIKjS1_EEE5emptyEv>
-test   %al,%al
-je     <T> <_ZN5CUser17DeleteToBlackListEj+0x22>",2026-08-11
_ZN5CUser17ResetGuildMemFlagEt,CUser::ResetGuildMemFlag(unsigned short),codegen_diff,"寄存器分配差异 1 处（寄存器分配差异（and    %edx,%eax | and    %eax,%edx））","--- ORIG（伪代码化）
+++ OURS（伪代码化）
@@ -1,15 +1,14 @@
 push   %ebp
 mov    %esp,%ebp
 sub    $0x4,%esp
 mov    0xc(%ebp),%eax
 mov    %ax,-0x4(%ebp)
 mov    0x8(%ebp),%eax
 movzwl 0x48(%eax),%eax
 movzwl -0x4(%ebp),%edx
 not    %edx",2026-08-11
_ZN5CUser17SendTcpGameserverEP12PacketHeader,CUser::SendTcpGameserver(PacketHeader*),codegen_diff,"等价指令形态差异 3 处（字节强转读取形态差（ORIG 直接偏移加载 movzwl 0x2(%eax),%eax vs OURS add+加载）；等价指令形态差异（lea vs add））；基本块布局差异 1 处（函数内跳转偏移不同（je     <T> <_ZN5CUser17SendTcpGameserverEP12PacketHeader+0x80> | je     <T> <_ZN5CUser17SendTcpGameserverEP12PacketHeader+0x84>））；其余指令差异 8 处（助记符不同（je     <T> <_ZN5CUser17SendTcpGameserverEP12PacketHeader+0x80> | movzwl (%eax),%eax）；助记符不同（movzwl 0x2(%eax),%eax | je     <T> <_ZN5CUser17SendTcpGameserverEP12PacketHeader+0x84>））","--- ORIG（伪代码化）
+++ OURS（伪代码化）
@@ -1,42 +1,44 @@
 push   %ebp
 mov    %esp,%ebp
 sub    $0x28,%esp
 mov    0x8(%ebp),%eax
 mov    0xc(%eax),%eax
 test   %eax,%eax
-je     <T> <_ZN5CUser17SendTcpGameserverEP12PacketHeader+0x80>
+je     <T> <_ZN5CUser17SendTcpGameserverEP12PacketHeader+0x84>
 mov    0xc(%ebp),%eax",2026-08-11
_ZN5CUser18GuildInviteProcessEv,CUser::GuildInviteProcess(),codegen_diff,"等价指令形态差异 4 处（字节强转读取形态差（ORIG 直接偏移加载 movzbl 0x7e(%eax),%eax vs OURS add+加载）；等价指令形态差异（movzbl vs mov））；其余指令差异 10 处（助记符不同（jg     <T> <_ZN5CUser18GuildInviteProcessEv+0x6c> | movzbl (%eax),%eax）；助记符不同（movzbl 0x7e(%eax),%eax | jg     <T> <_ZN5CUser18GuildInviteProcessEv+0x64>））","--- ORIG（伪代码化）
+++ OURS（伪代码化）
@@ -1,35 +1,33 @@
 push   %ebp
 mov    %esp,%ebp
 sub    $0x18,%esp
 mov    0x8(%ebp),%eax
-movzbl 0x7e(%eax),%eax
+add    $0x7e,%eax
+movzbl (%eax),%eax
 cmp    $0x1,%al
-jg     <T> <_ZN5CUser18GuildInviteProcessEv+0x6c>",2026-08-11
_ZN5CUser18SetBlackListDBFlagEt,CUser::SetBlackListDBFlag(unsigned short),other,"其余指令差异 1 处（操作数差异（movzwl 0x7c(%eax),%eax | movzwl -0x4(%ebp),%edx））","--- ORIG（伪代码化）
+++ OURS（伪代码化）
@@ -1,13 +1,10 @@
 push   %ebp
 mov    %esp,%ebp
 sub    $0x4,%esp
 mov    0xc(%ebp),%eax
 mov    %ax,-0x4(%ebp)
 mov    0x8(%ebp),%eax
-movzwl 0x7c(%eax),%eax
-mov    %eax,%edx
-or     -0x4(%ebp),%dx",2026-08-11
_ZN5CUser18SetGuildInviteFactEjjh,"CUser::SetGuildInviteFact(unsigned int, unsigned int, unsigned char)",codegen_diff,"等价指令形态差异 3 处（等价指令形态差异（mov vs lea）；等价指令形态差异（mov vs lea））；其余指令差异 3 处（操作数差异（mov    %edx,0x84(%eax) | mov    0xc(%ebp),%eax）；操作数差异（mov    0x10(%ebp),%edx | mov    %eax,(%edx)））","--- ORIG（伪代码化）
+++ OURS（伪代码化）
@@ -1,16 +1,19 @@
 push   %ebp
 mov    %esp,%ebp
 sub    $0x4,%esp
 mov    0x14(%ebp),%eax
 mov    %al,-0x4(%ebp)
 mov    0x8(%ebp),%eax
-mov    0xc(%ebp),%edx
-mov    %edx,0x84(%eax)
+lea    0x84(%eax),%edx",2026-08-11
_ZN5CUser18SetGuildMemberMemoEPKc,CUser::SetGuildMemberMemo(char const*),codegen_diff,"寄存器分配差异 1 处（寄存器分配差异（mov    0x8(%ebp),%edx | mov    0x8(%ebp),%eax））；等价指令形态差异 1 处（等价指令形态差异（add vs lea））；基本块布局差异 1 处（函数内跳转偏移不同（jg     <T> <_ZN5CUser18SetGuildMemberMemoEPKc+0x56> | jg     <T> <_ZN5CUser18SetGuildMemberMemoEPKc+0x58>））；其余指令差异 2 处（助记符不同（cmpl   $0x14,-0xc(%ebp) | cmp    $0x14,%eax）；助记符不同（jmp    <T> <_ZN5CUser18SetGuildMemberMemoEPKc+0x73> | mov    -0xc(%ebp),%eax））","--- ORIG（伪代码化）
+++ OURS（伪代码化）
@@ -1,33 +1,34 @@
 push   %ebp
 mov    %esp,%ebp
 sub    $0x28,%esp
 mov    0x8(%ebp),%eax
 add    $0x4a,%eax
 movl   $0x15,0x8(%esp)
 movl   $0x0,0x4(%esp)
 mov    %eax,(%esp)
 call   <T> <memset>",2026-08-11
_ZN5CUser18SetUserInfo_CharNoEccsjPc,"CUser::SetUserInfo_CharNo(char, char, short, unsigned int, char*)",codegen_diff,"寄存器分配差异 2 处（寄存器分配差异（movzbl -0xc(%ebp),%edx | movzbl -0xc(%ebp),%edx）；寄存器分配差异（movzbl -0x10(%ebp),%edx | movzbl -0x10(%ebp),%edx））；其余指令差异 2 处（助记符不同（movzwl -0x14(%ebp),%edx | lea    0x38(%eax),%edx）；助记符不同（mov    %dx,0x38(%eax) | movzwl -0x14(%ebp),%eax））","--- ORIG（伪代码化）
+++ OURS（伪代码化）
@@ -1,30 +1,31 @@
 push   %ebp
 mov    %esp,%ebp
 sub    $0x28,%esp
 mov    0xc(%ebp),%ecx
 mov    0x10(%ebp),%edx
 mov    0x14(%ebp),%eax
 mov    %cl,-0xc(%ebp)
 mov    %dl,-0x10(%ebp)
 mov    %ax,-0x14(%ebp)",2026-08-11
_ZN5CUser19AddGuildMemberPointEj,CUser::AddGuildMemberPoint(unsigned int),codegen_diff,"等价指令形态差异 2 处（字节强转读取形态差（ORIG 直接偏移加载 mov    0x60(%eax),%eax vs OURS add+加载）；等价指令形态差异（mov vs lea））；其余指令差异 7 处（操作数差异（mov    0x60(%eax),%eax | mov    (%eax),%eax）；操作数差异（add    0xc(%ebp),%edx | add    $0x60,%eax））","--- ORIG（伪代码化）
+++ OURS（伪代码化）
@@ -1,25 +1,29 @@
 push   %ebp
 mov    %esp,%ebp
 sub    $0x28,%esp
 mov    0x8(%ebp),%eax
-mov    0x60(%eax),%eax
+add    $0x60,%eax
+mov    (%eax),%eax
 mov    %eax,-0xc(%ebp)
 mov    0x8(%ebp),%eax",2026-08-11
_ZN5CUser19RegisterToBlackListEjPc,"CUser::RegisterToBlackList(unsigned int, char*)",codegen_diff,"等价指令形态差异 9 处（等价指令形态差异（sub vs push）；等价指令形态差异（mov vs lea））；其余指令差异 12 处（助记符不同（je     <T> <_ZN5CUser19RegisterToBlackListEjPc+0x14> | push   %esi）；助记符不同（jne    <T> <_ZN5CUser19RegisterToBlackListEjPc+0x62> | sub    $0x5c,%esp））","--- ORIG（伪代码化）
+++ OURS（伪代码化）
@@ -1,68 +1,83 @@
 push   %ebp
 mov    %esp,%ebp
+push   %edi
+push   %esi
 push   %ebx
-sub    $0x54,%esp
+sub    $0x5c,%esp
 cmpl   $0x0,0x10(%ebp)
-je     <T> <_ZN5CUser19RegisterToBlackListEjPc+0x14>",2026-08-11
_ZN5CUser19RegisterToBlackListEjPcj,"CUser::RegisterToBlackList(unsigned int, char*, unsigned int)",codegen_diff,"等价指令形态差异 3 处（等价指令形态差异（sub vs push）；等价指令形态差异（lea vs mov））；其余指令差异 9 处（助记符不同（mov    %eax,-0x24(%ebp) | push   %esi）；助记符不同（mov    -0x24(%ebp),%eax | sub    $0x3c,%esp））","--- ORIG（伪代码化）
+++ OURS（伪代码化）
@@ -1,45 +1,67 @@
 push   %ebp
 mov    %esp,%ebp
+push   %edi
+push   %esi
 push   %ebx
-sub    $0x34,%esp
+sub    $0x3c,%esp
+cmpl   $0x0,0x10(%ebp)
+je     <T> <_ZN5CUser19RegisterToBlackListEjPcj+0x16>",2026-08-11
_ZN5CUser20SetUserChangableInfoEsc,"CUser::SetUserChangableInfo(short, char)",codegen_diff,"等价指令形态差异 2 处（等价指令形态差异（movzbl vs mov）；等价指令形态差异（mov vs lea））；其余指令差异 2 处（助记符不同（movzwl -0x4(%ebp),%edx | lea    0x38(%eax),%edx）；助记符不同（mov    %dx,0x38(%eax) | movzwl -0x4(%ebp),%eax））","--- ORIG（伪代码化）
+++ OURS（伪代码化）
@@ -1,15 +1,17 @@
 push   %ebp
 mov    %esp,%ebp
 sub    $0x8,%esp
 mov    0xc(%ebp),%edx
 mov    0x10(%ebp),%eax
 mov    %dx,-0x4(%ebp)
 mov    %al,-0x8(%ebp)
 mov    0x8(%ebp),%eax
-movzwl -0x4(%ebp),%edx",2026-08-11
_ZN5CUser21GetGuildInviteGuildIdEv,CUser::GetGuildInviteGuildId(),codegen_diff,"等价指令形态差异 1 处（字节强转读取形态差（ORIG 直接偏移加载 mov    0x84(%eax),%eax vs OURS add+加载））","--- ORIG（伪代码化）
+++ OURS（伪代码化）
@@ -1,6 +1,7 @@
 push   %ebp
 mov    %esp,%ebp
 mov    0x8(%ebp),%eax
-mov    0x84(%eax),%eax
+add    $0x84,%eax
+mov    (%eax),%eax
 pop    %ebp
 ret",2026-08-11
_ZN5CUser21SendGuildMemberDBInfoER18STGuildMemerDBInfo,CUser::SendGuildMemberDBInfo(STGuildMemerDBInfo&),codegen_diff,"等价指令形态差异 3 处（等价指令形态差异（sub vs push）；等价指令形态差异（jmp vs je））；其余指令差异 4 处（助记符不同（je     <T> <_ZN5CUser21SendGuildMemberDBInfoER18STGuildMemerDBInfo+0x52> | sub    $0x54,%esp）；助记符不同（mov    %eax,-0x32(%ebp) | jmp    <T> <_ZN5CUser21SendGuildMemberDBInfoER18STGuildMemerDBInfo+0xc3>））","--- ORIG（伪代码化）
+++ OURS（伪代码化）
@@ -1,49 +1,58 @@
 push   %ebp
 mov    %esp,%ebp
-sub    $0x58,%esp
+push   %ebx
+sub    $0x54,%esp
 mov    0x8(%ebp),%eax
 mov    %eax,(%esp)
 call   <T> <_ZN5CUser13GetUniqCharNoEv>
 test   %eax,%eax",2026-08-11
_ZN5CUser21SendSetGuildKeyToUserEjj,"CUser::SendSetGuildKeyToUser(unsigned int, unsigned int)",codegen_diff,"等价指令形态差异 2 处（等价指令形态差异（mov vs lea）；等价指令形态差异（mov vs lea））；其余指令差异 1 处（操作数差异（mov    %eax,-0xc(%ebp) | mov    %eax,(%edx)））","--- ORIG（伪代码化）
+++ OURS（伪代码化）
@@ -1,20 +1,26 @@
 push   %ebp
 mov    %esp,%ebp
 sub    $0x38,%esp
 lea    -0x1e(%ebp),%eax
 mov    %eax,(%esp)
 call   <T> <_ZN28Packet_Monitor_Set_Guild_KeyC1Ev>
+lea    -0x1e(%ebp),%eax
+lea    0xa(%eax),%edx
 mov    0x8(%ebp),%eax",2026-08-11
_ZN5CUser22ChangeGuildMemberGradeEh,CUser::ChangeGuildMemberGrade(unsigned char),codegen_diff,"等价指令形态差异 6 处（等价指令形态差异（push vs sub）；字节强转读取形态差（ORIG 直接偏移加载 movzbl 0x5f(%eax),%eax vs OURS add+加载））；基本块布局差异 1 处（函数内跳转偏移不同（je     <T> <_ZN5CUser22ChangeGuildMemberGradeEh+0x31> | je     <T> <_ZN5CUser22ChangeGuildMemberGradeEh+0x34>））；其余指令差异 21 处（助记符不同（sub    $0x4c,%esp | mov    %al,-0x1c(%ebp)）；助记符不同（mov    %al,-0x2c(%ebp) | cmpb   $0x1,-0x1c(%ebp)））","--- ORIG（伪代码化）
+++ OURS（伪代码化）
@@ -1,56 +1,57 @@
 push   %ebp
 mov    %esp,%ebp
-push   %edi
 push   %esi
 push   %ebx
-sub    $0x4c,%esp
+sub    $0x40,%esp
 mov    0xc(%ebp),%eax
-mov    %al,-0x2c(%ebp)",2026-08-11
_ZN5CUser22GetGuildInviteCallerIdEv,CUser::GetGuildInviteCallerId(),other,"其余指令差异 1 处（助记符不同（mov    0x80(%eax),%eax | sub    $0xffffff80,%eax））","--- ORIG（伪代码化）
+++ OURS（伪代码化）
@@ -1,6 +1,7 @@
 push   %ebp
 mov    %esp,%ebp
 mov    0x8(%ebp),%eax
-mov    0x80(%eax),%eax
+sub    $0xffffff80,%eax
+mov    (%eax),%eax
 pop    %ebp
 ret",2026-08-11
_ZN5CUser32MakeGameServerSendUserInfoPacketEj,CUser::MakeGameServerSendUserInfoPacket(unsigned int),codegen_diff,"等价指令形态差异 3 处（等价指令形态差异（sub vs push）；等价指令形态差异（mov vs lea））；其余指令差异 2 处（助记符不同（mov    %eax,-0x14(%ebp) | sub    $0x34,%esp）；助记符不同（leave | mov    %eax,(%edx)））","--- ORIG（伪代码化）
+++ OURS（伪代码化）
@@ -1,23 +1,32 @@
 push   %ebp
 mov    %esp,%ebp
-sub    $0x38,%esp
+push   %ebx
+sub    $0x34,%esp
 lea    -0x1e(%ebp),%eax
 mov    %eax,(%esp)
 call   <T> <_ZN50Packet_Send_All_User_Info_Minimum_For_Guild_SystemC1Ev>
+lea    -0x1e(%ebp),%eax",2026-08-11
_ZN5CUser6GetSexEv,CUser::GetSex(),codegen_diff,"等价指令形态差异 1 处（字节强转读取形态差（ORIG 直接偏移加载 movzbl 0x3a(%eax),%eax vs OURS add+加载））","--- ORIG（伪代码化）
+++ OURS（伪代码化）
@@ -1,6 +1,7 @@
 push   %ebp
 mov    %esp,%ebp
 mov    0x8(%ebp),%eax
-movzbl 0x3a(%eax),%eax
+add    $0x3a,%eax
+movzbl (%eax),%eax
 pop    %ebp
 ret",2026-08-11
_ZN5CUser6SetSexEh,CUser::SetSex(unsigned char),codegen_diff,"等价指令形态差异 1 处（等价指令形态差异（mov vs movzbl））；其余指令差异 1 处（助记符不同（movzbl -0x4(%ebp),%edx | lea    0x3a(%eax),%edx））","--- ORIG（伪代码化）
+++ OURS（伪代码化）
@@ -1,10 +1,11 @@
 push   %ebp
 mov    %esp,%ebp
 sub    $0x4,%esp
 mov    0xc(%ebp),%eax
 mov    %al,-0x4(%ebp)
 mov    0x8(%ebp),%eax
-movzbl -0x4(%ebp),%edx
-mov    %dl,0x3a(%eax)
+lea    0x3a(%eax),%edx",2026-08-11
_ZN5CUser8GetLevelEv,CUser::GetLevel(),codegen_diff,"等价指令形态差异 1 处（字节强转读取形态差（ORIG 直接偏移加载 movzwl 0x38(%eax),%eax vs OURS add+加载））","--- ORIG（伪代码化）
+++ OURS（伪代码化）
@@ -1,6 +1,7 @@
 push   %ebp
 mov    %esp,%ebp
 mov    0x8(%ebp),%eax
-movzwl 0x38(%eax),%eax
+add    $0x38,%eax
+movzwl (%eax),%eax
 pop    %ebp
 ret",2026-08-11
_ZN5CUserC1Ev,CUser::CUser(),other,"其余指令差异 17 处（助记符不同（call   <T> <_ZN18STGuildMemerDBInfoC1Ev> | mov    0x8(%ebp),%eax）；助记符不同（mov    0x8(%ebp),%eax | add    $0x4a,%eax））","--- ORIG（伪代码化）
+++ OURS（伪代码化）
@@ -1,57 +1,63 @@
 push   %ebp
 mov    %esp,%ebp
 sub    $0x18,%esp
+mov    0x8(%ebp),%eax
+add    $0x4a,%eax
+mov    %eax,(%esp)
+call   <T> <_ZN18STGuildMemerDBInfoC1Ev>
+mov    0x8(%ebp),%eax
+add    $0x64,%eax",2026-08-11
_ZN5CUserC2Ev,CUser::CUser(),other,"其余指令差异 17 处（助记符不同（call   <T> <_ZN18STGuildMemerDBInfoC1Ev> | mov    0x8(%ebp),%eax）；助记符不同（mov    0x8(%ebp),%eax | add    $0x4a,%eax））","--- ORIG（伪代码化）
+++ OURS（伪代码化）
@@ -1,57 +1,63 @@
 push   %ebp
 mov    %esp,%ebp
 sub    $0x18,%esp
+mov    0x8(%ebp),%eax
+add    $0x4a,%eax
+mov    %eax,(%esp)
+call   <T> <_ZN18STGuildMemerDBInfoC1Ev>
+mov    0x8(%ebp),%eax
+add    $0x64,%eax",2026-08-11
_ZN5CUserD1Ev,CUser::~CUser(),codegen_diff,"等价指令形态差异 1 处（等价指令形态差异（sub vs push））；其余指令差异 7 处（助记符不同（movb   $0x0,0x10(%eax) | push   %ebx）；助记符不同（mov    0x8(%ebp),%eax | sub    $0x10,%esp））","--- ORIG（伪代码化）
+++ OURS（伪代码化）
@@ -1,40 +1,49 @@
 push   %ebp
 mov    %esp,%ebp
-sub    $0x18,%esp
+push   %esi
+push   %ebx
+sub    $0x10,%esp
 mov    0x8(%ebp),%eax
 movl   $0x0,0x8(%eax)
 mov    0x8(%ebp),%eax",2026-08-11
_ZN5CUserD2Ev,CUser::~CUser(),codegen_diff,"等价指令形态差异 1 处（等价指令形态差异（sub vs push））；其余指令差异 7 处（助记符不同（movb   $0x0,0x10(%eax) | push   %ebx）；助记符不同（mov    0x8(%ebp),%eax | sub    $0x10,%esp））","--- ORIG（伪代码化）
+++ OURS（伪代码化）
@@ -1,40 +1,49 @@
 push   %ebp
 mov    %esp,%ebp
-sub    $0x18,%esp
+push   %esi
+push   %ebx
+sub    $0x10,%esp
 mov    0x8(%ebp),%eax
 movl   $0x0,0x8(%eax)
 mov    0x8(%ebp),%eax",2026-08-11
_ZN6CEventC1Ev,CEvent::CEvent(),other,"其余指令差异 1 处（助记符不同（movb   $0x0,0x4(%eax) | add    $0x4,%eax））","--- ORIG（伪代码化）
+++ OURS（伪代码化）
@@ -1,8 +1,9 @@
 push   %ebp
 mov    %esp,%ebp
 mov    0x8(%ebp),%eax
 movl   $&_ZTV6CEvent+0x8,(%eax)
 mov    0x8(%ebp),%eax
-movb   $0x0,0x4(%eax)
+add    $0x4,%eax
+movl   $0x0,(%eax)
 pop    %ebp",2026-08-11
_ZN6CEventC2Ev,CEvent::CEvent(),other,"其余指令差异 1 处（助记符不同（movb   $0x0,0x4(%eax) | add    $0x4,%eax））","--- ORIG（伪代码化）
+++ OURS（伪代码化）
@@ -1,8 +1,9 @@
 push   %ebp
 mov    %esp,%ebp
 mov    0x8(%ebp),%eax
 movl   $&_ZTV6CEvent+0x8,(%eax)
 mov    0x8(%ebp),%eax
-movb   $0x0,0x4(%eax)
+add    $0x4,%eax
+movl   $0x0,(%eax)
 pop    %ebp",2026-08-11
_ZN6CEventD1Ev,CEvent::~CEvent(),other,"其余指令差异 1 处（助记符不同（mov    0x8(%ebp),%eax | je     <T> <_ZN6CEventD1Ev+0x23>））","--- ORIG（伪代码化）
+++ OURS（伪代码化）
@@ -1,15 +1,13 @@
 push   %ebp
 mov    %esp,%ebp
 sub    $0x18,%esp
 mov    0x8(%ebp),%eax
 movl   $&_ZTV6CEvent+0x8,(%eax)
-mov    0x8(%ebp),%eax
-movb   $0x0,0x4(%eax)
 mov    $0x0,%eax
 test   %al,%al",2026-08-11
_ZN6CEventD2Ev,CEvent::~CEvent(),other,"其余指令差异 1 处（助记符不同（mov    0x8(%ebp),%eax | je     <T> <_ZN6CEventD1Ev+0x23>））","--- ORIG（伪代码化）
+++ OURS（伪代码化）
@@ -1,15 +1,13 @@
 push   %ebp
 mov    %esp,%ebp
 sub    $0x18,%esp
 mov    0x8(%ebp),%eax
 movl   $&_ZTV6CEvent+0x8,(%eax)
-mov    0x8(%ebp),%eax
-movb   $0x0,0x4(%eax)
 mov    $0x0,%eax
 test   %al,%al",2026-08-11
_ZN6CGuild10QueryGuildEP14CServerHandlerj,"CGuild::QueryGuild(CServerHandler*, unsigned int)",codegen_diff,"等价指令形态差异 1 处（等价指令形态差异（push vs sub））；其余指令差异 5 处（助记符不同（sub    $0x24,%esp | jne    <T> <_ZN6CGuild10QueryGuildEP14CServerHandlerj+0x86>）；助记符不同（jne    <T> <_ZN6CGuild10QueryGuildEP14CServerHandlerj+0x89> | mov    0x8(%ebp),%eax））","--- ORIG（伪代码化）
+++ OURS（伪代码化）
@@ -1,43 +1,38 @@
 push   %ebp
 mov    %esp,%ebp
-push   %ebx
-sub    $0x24,%esp
+sub    $0x28,%esp
 mov    0x8(%ebp),%eax
 movzwl 0x1c(%eax),%eax
 movzwl %ax,%eax
 and    $0x4,%eax",2026-08-11
_ZN6CGuild11DBGuildSaveEhP14CServerHandlerj,"CGuild::DBGuildSave(unsigned char, CServerHandler*, unsigned int)",codegen_diff,"等价指令形态差异 1 处（等价指令形态差异（push vs sub））；其余指令差异 10 处（助记符不同（push   %ebx | je     <T> <_ZN6CGuild11DBGuildSaveEhP14CServerHandlerj+0xb9>）；助记符不同（sub    $0x40,%esp | je     <T> <_ZN6CGuild11DBGuildSaveEhP14CServerHandlerj+0xb9>））","--- ORIG（伪代码化）
+++ OURS（伪代码化）
@@ -1,55 +1,47 @@
 push   %ebp
 mov    %esp,%ebp
-push   %esi
-push   %ebx
-sub    $0x40,%esp
+sub    $0x48,%esp
 mov    0xc(%ebp),%eax
 mov    %al,-0x1c(%ebp)
 mov    0x8(%ebp),%eax",2026-08-11
_ZN6CGuild11SendToGuildEP12PacketHeader,CGuild::SendToGuild(PacketHeader*),codegen_diff,"寄存器分配差异 1 处（寄存器分配差异（mov    %eax,0x4(%esp) | mov    %ebx,0x4(%esp)））；等价指令形态差异 4 处（等价指令形态差异（sub vs push）；等价指令形态差异（mov vs lea））；栈帧/局部布局差异 2 处（栈局部偏移不同（lea    -0x14(%ebp),%eax | lea    -0x10(%ebp),%eax）；栈局部偏移不同（lea    -0x14(%ebp),%eax | lea    -0x10(%ebp),%eax））；其余指令差异 15 处（助记符不同（lea    -0x14(%ebp),%eax | push   %ebx）；助记符不同（jmp    <T> <_ZN6CGuild11SendToGuildEP12PacketHeader+0x67> | sub    $0x20,%esp））","--- ORIG（伪代码化）
+++ OURS（伪代码化）
@@ -1,48 +1,55 @@
 push   %ebp
 mov    %esp,%ebp
-sub    $0x28,%esp
+push   %esi
+push   %ebx
+sub    $0x20,%esp
 mov    0x8(%ebp),%edx
-lea    -0x14(%ebp),%eax
+lea    -0x10(%ebp),%eax",2026-08-11
_ZN6CGuild12AddGuildFundEj,CGuild::AddGuildFund(unsigned int),caliber_issue,"寄存器分配差异 1 处（寄存器分配差异（mov    0x8(%ebp),%eax | mov    0x8(%ebp),%eax））；等价指令形态差异 5 处（等价指令形态差异（add vs lea）；等价指令形态差异（lea vs mov））；立即数/常量差异 1 处（立即数不同（sub    $0x5c,%esp | sub    $0x4c,%esp））；其余指令差异 53 处（助记符不同（je     <T> <_ZN6CGuild12AddGuildFundEj+0xe1> | jne    <T> <_ZN6CGuild12AddGuildFundEj+0x98>）；助记符不同（mov    %eax,-0x20(%ebp) | movl   $0xb06,0x8(%esp)））","--- ORIG（伪代码化）
+++ OURS（伪代码化）
@@ -1,101 +1,98 @@
 push   %ebp
 mov    %esp,%ebp
 push   %edi
 push   %esi
 push   %ebx
-sub    $0x5c,%esp
+sub    $0x4c,%esp
 mov    0x8(%ebp),%eax
 movzwl 0x1c(%eax),%eax",2026-08-11
_ZN6CGuild12GuildLevelUpEP14CServerHandlerP5CUser,"CGuild::GuildLevelUp(CServerHandler*, CUser*)",codegen_diff,"等价指令形态差异 13 处（等价指令形态差异（push vs sub）；等价指令形态差异（jne vs jmp））；基本块布局差异 2 处（函数内跳转偏移不同（je     <T> <_ZN6CGuild12GuildLevelUpEP14CServerHandlerP5CUser+0x6f> | je     <T> <_ZN6CGuild12GuildLevelUpEP14CServerHandlerP5CUser+0x77>）；函数内跳转偏移不同（je     <T> <_ZN6CGuild12GuildLevelUpEP14CServerHandlerP5CUser+0x27a> | je     <T> <_ZN6CGuild12GuildLevelUpEP14CServerHandlerP5CUser+0x77>））；其余指令差异 36 处（助记符不同（sub    $0x4c,%esp | jne    <T> <_ZN6CGuild12GuildLevelUpEP14CServerHandlerP5CUser+0x18>）；助记符不同（je     <T> <_ZN6CGuild12GuildLevelUpEP14CServerHandlerP5CUser+0x27a> | mov    $0x2,%eax））","--- ORIG（伪代码化）
+++ OURS（伪代码化）
@@ -1,172 +1,183 @@
 push   %ebp
 mov    %esp,%ebp
-push   %edi
 push   %esi
 push   %ebx
-sub    $0x4c,%esp
+sub    $0x40,%esp
 cmpl   $0x0,0x10(%ebp)
-jne    <T> <_ZN6CGuild12GuildLevelUpEP14CServerHandlerP5CUser+0x19>",2026-08-11
_ZN6CGuild12SetPowerSideEh,CGuild::SetPowerSide(unsigned char),caliber_issue,"栈帧/局部布局差异 2 处（栈局部偏移不同（mov    %al,-0xc(%ebp) | mov    %al,-0x4(%ebp)）；栈局部偏移不同（movzbl -0xc(%ebp),%edx | movzbl -0x4(%ebp),%edx））；立即数/常量差异 1 处（立即数不同（sub    $0x28,%esp | sub    $0xc,%esp））","--- ORIG（伪代码化）
+++ OURS（伪代码化）
@@ -1,18 +1,18 @@
 push   %ebp
 mov    %esp,%ebp
-sub    $0x28,%esp
+sub    $0xc,%esp
 mov    0xc(%ebp),%eax
-mov    %al,-0xc(%ebp)
+mov    %al,-0x4(%ebp)
 movl   $0x4,0x4(%esp)
 mov    0x8(%ebp),%eax",2026-08-11
_ZN6CGuild12SubGuildFundEj,CGuild::SubGuildFund(unsigned int),other,"真实调用目标差异 2 处（调用目标不同（call   <T> <_ZN6CGuild11GetGuildKeyEv> | call   <T> <_ZN6CGuild11GetGuildKeyEv>）；调用目标不同（call   <T> <_ZN10CMyFileLogC1EPKci> | call   <T> <_ZN6CGuild11GetGuildKeyEv>））；STL 模板实例化差异（GCC 4.1 ORIG vs GCC 4.4 重建的 libstdc++：const_iterator 转换、operator->/operator*、operator!=/operator== 等） 1 处（STL 调用差异（call   <T> <_ZNKSt3mapIjP5CUserSt4lessIjESaISt4pairIKjS1_EEE4sizeEv> | call   <T> <_ZNKSt3mapIjP5CUserSt4lessIjESaISt4pairIKjS1_EEE4sizeEv>））；寄存器分配差异 14 处（寄存器分配差异（mov    0x8(%ebp),%eax | mov    0x8(%ebp),%eax）；寄存器分配差异（mov    %eax,(%esp) | mov    %eax,(%esp)））；等价指令形态差异 2 处（等价指令形态差异（mov vs lea）；等价指令形态差异（lea vs mov））；立即数/常量差异 1 处（立即数不同（sub    $0x5c,%esp | sub    $0x4c,%esp））；其余指令差异 28 处（助记符不同（je     <T> <_ZN6CGuild12SubGuildFundEj+0x5b> | jne    <T> <_ZN6CGuild12SubGuildFundEj+0x98>）；助记符不同（ja     <T> <_ZN6CGuild12SubGuildFundEj+0x47> | movl   $0xb24,0x8(%esp)））","--- ORIG（伪代码化）
+++ OURS（伪代码化）
@@ -1,89 +1,85 @@
 push   %ebp
 mov    %esp,%ebp
 push   %edi
 push   %esi
 push   %ebx
-sub    $0x5c,%esp
+sub    $0x4c,%esp
 mov    0x8(%ebp),%eax
 movzwl 0x1c(%eax),%eax",2026-08-11
_ZN6CGuild13BuyGuildSkillEiisj,"CGuild::BuyGuildSkill(int, int, short, unsigned int)",caliber_issue,"寄存器分配差异 2 处（寄存器分配差异（mov    0x8(%ebp),%eax | mov    0x8(%ebp),%eax）；寄存器分配差异（mov    0x8(%ebp),%eax | mov    0x8(%ebp),%eax））；等价指令形态差异 11 处（等价指令形态差异（push vs sub）；等价指令形态差异（lea vs mov））；立即数/常量差异 1 处（立即数不同（add    $0x60,%eax | add    $0x69,%eax））；其余指令差异 111 处（助记符不同（sub    $0x60,%esp | jne    <T> <_ZN6CGuild13BuyGuildSkillEiisj+0x29>）；助记符不同（je     <T> <_ZN6CGuild13BuyGuildSkillEiisj+0x303> | mov    $0x0,%eax））","--- ORIG（伪代码化）
+++ OURS（伪代码化）
@@ -1,217 +1,220 @@
 push   %ebp
 mov    %esp,%ebp
-push   %esi
 push   %ebx
-sub    $0x60,%esp
+sub    $0x64,%esp
 mov    0x14(%ebp),%eax
 mov    %ax,-0x3c(%ebp)
 mov    0x8(%ebp),%eax",2026-08-11
_ZN6CGuild13GetDBSaveFlagEv,CGuild::GetDBSaveFlag(),other,"其余指令差异 1 处（助记符不同（movzbl 0x4d96(%eax),%eax | movzwl 0x1c(%eax),%eax））","--- ORIG（伪代码化）
+++ OURS（伪代码化）
@@ -1,6 +1,8 @@
 push   %ebp
 mov    %esp,%ebp
 mov    0x8(%ebp),%eax
-movzbl 0x4d96(%eax),%eax
+movzwl 0x1c(%eax),%eax
+movzwl %ax,%eax
+and    $0x1,%eax
 pop    %ebp
 ret",2026-08-11
_ZN6CGuild13IsGuildMasterEj,CGuild::IsGuildMaster(unsigned int),codegen_diff,共 5 组指令差异,"--- ORIG（伪代码化）
+++ OURS（伪代码化）
@@ -1,15 +1,10 @@
 push   %ebp
 mov    %esp,%ebp
 sub    $0x18,%esp
 mov    0x8(%ebp),%eax
 mov    %eax,(%esp)
 call   <T> <_ZN6CGuild11GetMasterIdEv>
 cmp    0xc(%ebp),%eax
 sete   %al
-test   %al,%al",2026-08-11
_ZN6CGuild13LoadGuildAgitEP14CServerHandlerj,"CGuild::LoadGuildAgit(CServerHandler*, unsigned int)",caliber_issue,"等价指令形态差异 1 处（等价指令形态差异（mov vs lea））；栈帧/局部布局差异 1 处（栈局部偏移不同（lea    -0x16(%ebp),%eax | lea    -0x1c(%ebp),%eax））；基本块布局差异 1 处（函数内跳转偏移不同（je     <T> <_ZN6CGuild13LoadGuildAgitEP14CServerHandlerj+0x3a> | je     <T> <_ZN6CGuild13LoadGuildAgitEP14CServerHandlerj+0x41>））；立即数/常量差异 1 处（立即数不同（sub    $0x28,%esp | sub    $0x38,%esp））；其余指令差异 1 处（操作数差异（lea    -0x16(%ebp),%eax | lea    0xa(%eax),%edx））","--- ORIG（伪代码化）
+++ OURS（伪代码化）
@@ -1,21 +1,25 @@
 push   %ebp
 mov    %esp,%ebp
-sub    $0x28,%esp
+sub    $0x38,%esp
 mov    0x8(%ebp),%eax
 movzwl 0x1c(%eax),%eax
 movzwl %ax,%eax
 and    $0x4,%eax
 test   %eax,%eax",2026-08-11
_ZN6CGuild14AddGuildMemberER21ST_Notice_Guild_EnterP5CUser,"CGuild::AddGuildMember(ST_Notice_Guild_Enter&, CUser*)",codegen_diff,"寄存器分配差异 2 处（寄存器分配差异（mov    %eax,%edx | mov    %edx,%eax）；寄存器分配差异（lea    (%ecx,%eax,1),%eax | lea    (%ecx,%eax,1),%ebx））；等价指令形态差异 8 处（等价指令形态差异（lea vs mov）；等价指令形态差异（mov vs lea））；基本块布局差异 3 处（函数内跳转偏移不同（je     <T> <_ZN6CGuild14AddGuildMemberER21ST_Notice_Guild_EnterP5CUser+0x164> | je     <T> <_ZN6CGuild14AddGuildMemberER21ST_Notice_Guild_EnterP5CUser+0x3e>）；函数内跳转偏移不同（je     <T> <_ZN6CGuild14AddGuildMemberER21ST_Notice_Guild_EnterP5CUser+0x168> | je     <T> <_ZN6CGuild14AddGuildMemberER21ST_Notice_Guild_EnterP5CUser+0x3e>））；其余指令差异 42 处（助记符不同（jne    <T> <_ZN6CGuild14AddGuildMemberER21ST_Notice_Guild_EnterP5CUser+0x167> | je     <T> <_ZN6CGuild14AddGuildMemberER21ST_Notice_Guild_EnterP5CUser+0x45>）；操作数差异（mov    %eax,-0xc(%ebp) | mov    $0x1,%eax））","--- ORIG（伪代码化）
+++ OURS（伪代码化）
@@ -1,118 +1,108 @@
 push   %ebp
 mov    %esp,%ebp
 push   %ebx
 sub    $0x24,%esp
 cmpl   $0x0,0x10(%ebp)
-je     <T> <_ZN6CGuild14AddGuildMemberER21ST_Notice_Guild_EnterP5CUser+0x164>
+je     <T> <_ZN6CGuild14AddGuildMemberER21ST_Notice_Guild_EnterP5CUser+0x3e>
 mov    0x8(%ebp),%eax
 movzwl 0x1c(%eax),%eax",2026-08-11
_ZN6CGuild15ChangeGuildNameEPci,"CGuild::ChangeGuildName(char*, int)",caliber_issue,"立即数/常量差异 1 处（立即数不同（sub    $0x18,%esp | sub    $0x28,%esp））；其余指令差异 4 处（助记符不同（je     <T> <_ZN6CGuild15ChangeGuildNameEPci+0x41> | setne  %al）；操作数差异（mov    $0x1,%eax | mov    %al,-0x9(%ebp)））","--- ORIG（伪代码化）
+++ OURS（伪代码化）
@@ -1,24 +1,25 @@
 push   %ebp
 mov    %esp,%ebp
-sub    $0x18,%esp
+sub    $0x28,%esp
 mov    0x8(%ebp),%eax
 movzwl 0x1c(%eax),%eax
 movzwl %ax,%eax
 and    $0x4,%eax
 test   %eax,%eax",2026-08-11
_ZN6CGuild15CheckGuildSkillEv,CGuild::CheckGuildSkill(),codegen_diff,"等价指令形态差异 7 处（等价指令形态差异（push vs sub）；字节强转读取形态差（ORIG 直接偏移加载 movzbl 0x1b(%eax),%eax vs OURS add+加载））；其余指令差异 18 处（助记符不同（sub    $0x30,%esp | add    $0x3b,%eax）；助记符不同（add    $0x20,%eax | movzbl (%eax),%eax））","--- ORIG（伪代码化）
+++ OURS（伪代码化）
@@ -1,44 +1,42 @@
 push   %ebp
 mov    %esp,%ebp
-push   %esi
 push   %ebx
-sub    $0x30,%esp
+sub    $0x34,%esp
 mov    0x8(%ebp),%eax
-add    $0x20,%eax
-mov    %eax,-0xc(%ebp)",2026-08-11
_ZN6CGuild15CreateGuildAgitEP14CServerHandlerjjjj,"CGuild::CreateGuildAgit(CServerHandler*, unsigned int, unsigned int, unsigned int, unsigned int)",template_macro,源码未定位：第 3 节未能在候选源文件/对象中定位该函数定义（模板头文件、宏生成函数或 typedef 参数形态），无法从源码侧修复；共 14 组指令差异。,"--- ORIG（伪代码化）
+++ OURS（伪代码化）
@@ -1,37 +1,41 @@
 push   %ebp
 mov    %esp,%ebp
 sub    $0x38,%esp
 mov    0x8(%ebp),%eax
 movzwl 0x1c(%eax),%eax
 movzwl %ax,%eax
 and    $0x4,%eax
 test   %eax,%eax
-je     <T> <_ZN6CGuild15CreateGuildAgitEP14CServerHandlerjjjj+0x77>",2026-08-11
_ZN6CGuild15DeleteGuildAgitEP14CServerHandlerjj,"CGuild::DeleteGuildAgit(CServerHandler*, unsigned int, unsigned int)",codegen_diff,"等价指令形态差异 3 处（等价指令形态差异（mov vs lea）；等价指令形态差异（mov vs lea））；栈帧/局部布局差异 1 处（栈局部偏移不同（lea    -0x1a(%ebp),%eax | lea    -0x1c(%ebp),%eax））；基本块布局差异 1 处（函数内跳转偏移不同（je     <T> <_ZN6CGuild15DeleteGuildAgitEP14CServerHandlerjj+0x40> | je     <T> <_ZN6CGuild15DeleteGuildAgitEP14CServerHandlerjj+0x4a>））","--- ORIG（伪代码化）
+++ OURS（伪代码化）
@@ -1,23 +1,27 @@
 push   %ebp
 mov    %esp,%ebp
 sub    $0x38,%esp
 mov    0x8(%ebp),%eax
 movzwl 0x1c(%eax),%eax
 movzwl %ax,%eax
 and    $0x4,%eax
 test   %eax,%eax
-je     <T> <_ZN6CGuild15DeleteGuildAgitEP14CServerHandlerjj+0x40>",2026-08-11
_ZN6CGuild15FindGuildMemberEj,CGuild::FindGuildMember(unsigned int),caliber_issue,"立即数/常量差异 1 处（立即数不同（sub    $0x38,%esp | sub    $0x28,%esp））；其余指令差异 9 处（助记符不同（lea    -0x10(%ebp),%eax | je     <T> <_ZN6CGuild15FindGuildMemberEj+0x1c>）；助记符不同（mov    %eax,(%esp) | jmp    <T> <_ZN6CGuild15FindGuildMemberEj+0x78>））","--- ORIG（伪代码化）
+++ OURS（伪代码化）
@@ -1,44 +1,39 @@
 push   %ebp
 mov    %esp,%ebp
-sub    $0x38,%esp
-lea    -0x10(%ebp),%eax
-mov    %eax,(%esp)
-call   <T> <_ZNSt17_Rb_tree_iteratorISt4pairIKjP5CUserEEC1Ev>
+sub    $0x28,%esp
 mov    0x8(%ebp),%eax
 mov    %eax,(%esp)",2026-08-11
_ZN6CGuild15SetGuildMessageEPc,CGuild::SetGuildMessage(char*),codegen_diff,"寄存器分配差异 1 处（寄存器分配差异（mov    0x8(%ebp),%edx | mov    0x8(%ebp),%eax））；等价指令形态差异 1 处（等价指令形态差异（add vs lea））；基本块布局差异 1 处（函数内跳转偏移不同（jg     <T> <_ZN6CGuild15SetGuildMessageEPc+0x5b> | jg     <T> <_ZN6CGuild15SetGuildMessageEPc+0x5d>））；其余指令差异 2 处（助记符不同（cmpl   $0x64,-0xc(%ebp) | cmp    $0x64,%eax）；助记符不同（jmp    <T> <_ZN6CGuild15SetGuildMessageEPc+0x7b> | mov    -0xc(%ebp),%eax））","--- ORIG（伪代码化）
+++ OURS（伪代码化）
@@ -1,33 +1,34 @@
 push   %ebp
 mov    %esp,%ebp
 sub    $0x28,%esp
 mov    0x8(%ebp),%eax
 add    $0x4d0a,%eax
 movl   $0x65,0x8(%esp)
 movl   $0x0,0x4(%esp)
 mov    %eax,(%esp)
 call   <T> <memset>",2026-08-11
_ZN6CGuild16AddPowerWarPointEj,CGuild::AddPowerWarPoint(unsigned int),codegen_diff,"等价指令形态差异 1 处（等价指令形态差异（push vs sub））；其余指令差异 12 处（助记符不同（sub    $0x30,%esp | je     <T> <_ZN6CGuild16AddPowerWarPointEj+0xb3>）；助记符不同（je     <T> <_ZN6CGuild16AddPowerWarPointEj+0xb6> | jbe    <T> <_ZN6CGuild16AddPowerWarPointEj+0x5a>））","--- ORIG（伪代码化）
+++ OURS（伪代码化）
@@ -1,50 +1,47 @@
 push   %ebp
 mov    %esp,%ebp
-push   %esi
 push   %ebx
-sub    $0x30,%esp
+sub    $0x34,%esp
 mov    0x8(%ebp),%eax
 movzwl 0x1c(%eax),%eax
 movzwl %ax,%eax",2026-08-11
_ZN6CGuild16EnableDBSaveFlagEv,CGuild::EnableDBSaveFlag(),other,"其余指令差异 1 处（助记符不同（movb   $0x1,0x4d96(%eax) | movzwl 0x1c(%eax),%eax））","--- ORIG（伪代码化）
+++ OURS（伪代码化）
@@ -1,6 +1,10 @@
 push   %ebp
 mov    %esp,%ebp
 mov    0x8(%ebp),%eax
-movb   $0x1,0x4d96(%eax)
+movzwl 0x1c(%eax),%eax
+mov    %eax,%edx
+or     $0x1,%edx
+mov    0x8(%ebp),%eax
+mov    %dx,0x1c(%eax)",2026-08-11
_ZN6CGuild16IsSetGuildDBFlagEt,CGuild::IsSetGuildDBFlag(unsigned short),codegen_diff,等价指令形态差异 2 处（等价指令形态差异（cmp vs test）；等价指令形态差异（sete vs setne））,"--- ORIG（伪代码化）
+++ OURS（伪代码化）
@@ -1,12 +1,12 @@
 push   %ebp
 mov    %esp,%ebp
 sub    $0x4,%esp
 mov    0xc(%ebp),%eax
 mov    %ax,-0x4(%ebp)
 mov    0x8(%ebp),%eax
 movzwl 0x1c(%eax),%eax
 and    -0x4(%ebp),%ax
-cmp    -0x4(%ebp),%ax",2026-08-11
_ZN6CGuild16IsSubGuildMasterEj,CGuild::IsSubGuildMaster(unsigned int),codegen_diff,"寄存器分配差异 1 处（寄存器分配差异（mov    0x8(%ebp),%eax | mov    0x8(%ebp),%eax））；基本块布局差异 1 处（函数内跳转偏移不同（jmp    <T> <_ZN6CGuild16IsSubGuildMasterEj+0x2c> | jmp    <T> <_ZN6CGuild16IsSubGuildMasterEj+0x2f>））；其余指令差异 4 处（助记符不同（add    $0x10,%edx | shl    $0x2,%edx）；助记符不同（mov    0xe(%eax,%edx,4),%eax | add    $0x4e,%edx））","--- ORIG（伪代码化）
+++ OURS（伪代码化）
@@ -1,24 +1,26 @@
 push   %ebp
 mov    %esp,%ebp
 sub    $0x10,%esp
 movl   $0x0,-0x4(%ebp)
-jmp    <T> <_ZN6CGuild16IsSubGuildMasterEj+0x2c>
+jmp    <T> <_ZN6CGuild16IsSubGuildMasterEj+0x2f>
+mov    0x8(%ebp),%eax
 mov    -0x4(%ebp),%edx
-mov    0x8(%ebp),%eax",2026-08-11
_ZN6CGuild16SetGuildAgitInfoER17STGuildAgitDBInfo,CGuild::SetGuildAgitInfo(STGuildAgitDBInfo&),codegen_diff,基本块布局差异 1 处（函数内跳转偏移不同（je     <T> <_ZN6CGuild16SetGuildAgitInfoER17STGuildAgitDBInfo+0x52> | je     <T> <_ZN6CGuild16SetGuildAgitInfoER17STGuildAgitDBInfo+0x54>））,"--- ORIG（伪代码化）
+++ OURS（伪代码化）
@@ -1,25 +1,27 @@
 push   %ebp
 mov    %esp,%ebp
 sub    $0x18,%esp
 mov    0x8(%ebp),%eax
 movzwl 0x1c(%eax),%eax
 movzwl %ax,%eax
 and    $0x4,%eax
 test   %eax,%eax
-je     <T> <_ZN6CGuild16SetGuildAgitInfoER17STGuildAgitDBInfo+0x52>",2026-08-11
_ZN6CGuild16SubPowerWarPointEj,CGuild::SubPowerWarPoint(unsigned int),codegen_diff,"等价指令形态差异 1 处（等价指令形态差异（push vs sub））；其余指令差异 13 处（助记符不同（sub    $0x30,%esp | je     <T> <_ZN6CGuild16SubPowerWarPointEj+0xb3>）；助记符不同（je     <T> <_ZN6CGuild16SubPowerWarPointEj+0xb6> | jbe    <T> <_ZN6CGuild16SubPowerWarPointEj+0x4d>））","--- ORIG（伪代码化）
+++ OURS（伪代码化）
@@ -1,51 +1,48 @@
 push   %ebp
 mov    %esp,%ebp
-push   %esi
 push   %ebx
-sub    $0x30,%esp
+sub    $0x34,%esp
 mov    0x8(%ebp),%eax
 movzwl 0x1c(%eax),%eax
 movzwl %ax,%eax",2026-08-11
_ZN6CGuild16UpgradeGuildAgitEP14CServerHandlerjjjj,"CGuild::UpgradeGuildAgit(CServerHandler*, unsigned int, unsigned int, unsigned int, unsigned int)",template_macro,源码未定位：第 3 节未能在候选源文件/对象中定位该函数定义（模板头文件、宏生成函数或 typedef 参数形态），无法从源码侧修复；共 14 组指令差异。,"--- ORIG（伪代码化）
+++ OURS（伪代码化）
@@ -1,37 +1,41 @@
 push   %ebp
 mov    %esp,%ebp
 sub    $0x38,%esp
 mov    0x8(%ebp),%eax
 movzwl 0x1c(%eax),%eax
 movzwl %ax,%eax
 and    $0x4,%eax
 test   %eax,%eax
-je     <T> <_ZN6CGuild16UpgradeGuildAgitEP14CServerHandlerjjjj+0x77>",2026-08-11
_ZN6CGuild17ChangeGuildMasterEP14CServerHandlerP5CUserj,"CGuild::ChangeGuildMaster(CServerHandler*, CUser*, unsigned int)",other,"真实调用目标差异 1 处（调用目标不同（call   <T> <strncpy> | call   <T> <_ZN5CUser11GetCharNameEv>））；寄存器分配差异 1 处（寄存器分配差异（mov    %edx,(%esp) | mov    %eax,(%esp)））；等价指令形态差异 1 处（等价指令形态差异（mov vs lea））；栈帧/局部布局差异 1 处（栈局部偏移不同（mov    -0xc(%ebp),%eax | mov    %eax,-0xc(%ebp)））；基本块布局差异 1 处（函数内跳转偏移不同（je     <T> <_ZN6CGuild17ChangeGuildMasterEP14CServerHandlerP5CUserj+0x165> | je     <T> <_ZN6CGuild17ChangeGuildMasterEP14CServerHandlerP5CUserj+0x1e>））；其余指令差异 37 处（助记符不同（je     <T> <_ZN6CGuild17ChangeGuildMasterEP14CServerHandlerP5CUserj+0x165> | jne    <T> <_ZN6CGuild17ChangeGuildMasterEP14CServerHandlerP5CUserj+0x28>）；操作数差异（mov    0x14(%ebp),%edx | mov    $0x0,%eax））","--- ORIG（伪代码化）
+++ OURS（伪代码化）
@@ -1,102 +1,102 @@
 push   %ebp
 mov    %esp,%ebp
 push   %ebx
 sub    $0x24,%esp
 mov    0x8(%ebp),%eax
 movzwl 0x1c(%eax),%eax
 movzwl %ax,%eax
 and    $0x4,%eax
 test   %eax,%eax",2026-08-11
_ZN6CGuild17DBGuildMemberSaveEP5CUserhP14CServerHandlerh,"CGuild::DBGuildMemberSave(CUser*, unsigned char, CServerHandler*, unsigned char)",template_macro,源码未定位：第 3 节未能在候选源文件/对象中定位该函数定义（模板头文件、宏生成函数或 typedef 参数形态），无法从源码侧修复；共 4 组指令差异。,"--- ORIG（伪代码化）
+++ OURS（伪代码化）
@@ -1,31 +1,33 @@
 push   %ebp
 mov    %esp,%ebp
 sub    $0x38,%esp
 mov    0x10(%ebp),%edx
 mov    0x18(%ebp),%eax
 mov    %dl,-0xc(%ebp)
 mov    %al,-0x10(%ebp)
 mov    0x8(%ebp),%eax
 movzwl 0x1c(%eax),%eax",2026-08-11
_ZN6CGuild17DeleteGuildMemberEjP5CUser,"CGuild::DeleteGuildMember(unsigned int, CUser*)",caliber_issue,"等价指令形态差异 2 处（等价指令形态差异（lea vs mov）；等价指令形态差异（mov vs lea））；栈帧/局部布局差异 3 处（栈局部偏移不同（lea    -0x28(%ebp),%eax | lea    -0x20(%ebp),%eax）；栈局部偏移不同（lea    -0x24(%ebp),%eax | lea    -0x1c(%ebp),%eax））；基本块布局差异 3 处（函数内跳转偏移不同（jmp    <T> <_ZN6CGuild17DeleteGuildMemberEjP5CUser+0x146> | jmp    <T> <_ZN6CGuild17DeleteGuildMemberEjP5CUser+0x13e>）；函数内跳转偏移不同（jmp    <T> <_ZN6CGuild17DeleteGuildMemberEjP5CUser+0x146> | jmp    <T> <_ZN6CGuild17DeleteGuildMemberEjP5CUser+0x13e>））；立即数/常量差异 1 处（立即数不同（sub    $0x4c,%esp | sub    $0x3c,%esp））；其余指令差异 12 处（助记符不同（call   <T> <_ZNKSt17_Rb_tree_iteratorISt4pairIKjP5CUserEEeqERKS5_> | lea    -0x20(%ebp),%eax）；助记符不同（test   %al,%al | mov    %eax,(%esp)））","--- ORIG（伪代码化）
+++ OURS（伪代码化）
@@ -1,97 +1,94 @@
 push   %ebp
 mov    %esp,%ebp
 push   %edi
 push   %esi
 push   %ebx
-sub    $0x4c,%esp
+sub    $0x3c,%esp
 cmpl   $0x0,0x10(%ebp)
 jne    <T> <_ZN6CGuild17DeleteGuildMemberEjP5CUser+0x19>",2026-08-11
_ZN6CGuild17GuildSkillPointUpEt,CGuild::GuildSkillPointUp(unsigned short),codegen_diff,"等价指令形态差异 2 处（字节强转读取形态差（ORIG 直接偏移加载 movzwl 0x62(%eax),%eax vs OURS add+加载）；等价指令形态差异（mov vs lea））；基本块布局差异 1 处（函数内跳转偏移不同（je     <T> <_ZN6CGuild17GuildSkillPointUpEt+0x55> | je     <T> <_ZN6CGuild17GuildSkillPointUpEt+0x5d>））；其余指令差异 7 处（操作数差异（movzwl 0x62(%eax),%eax | movzwl (%eax),%eax）；操作数差异（add    -0x14(%ebp),%dx | add    $0x62,%eax））","--- ORIG（伪代码化）
+++ OURS（伪代码化）
@@ -1,29 +1,33 @@
 push   %ebp
 mov    %esp,%ebp
 sub    $0x14,%esp
 mov    0xc(%ebp),%eax
 mov    %ax,-0x14(%ebp)
 mov    0x8(%ebp),%eax
 movzwl 0x1c(%eax),%eax
 movzwl %ax,%eax
 and    $0x4,%eax",2026-08-11
_ZN6CGuild17IncPowerJoinCountEv,CGuild::IncPowerJoinCount(),codegen_diff,"寄存器分配差异 1 处（寄存器分配差异（mov    0x8(%ebp),%eax | mov    0x8(%ebp),%eax））；等价指令形态差异 5 处（等价指令形态差异（push vs sub）；字节强转读取形态差（ORIG 直接偏移加载 movzbl 0xbf(%eax),%eax vs OURS add+加载））；其余指令差异 14 处（助记符不同（sub    $0x30,%esp | je     <T> <_ZN6CGuild17IncPowerJoinCountEv+0xb2>）；助记符不同（je     <T> <_ZN6CGuild17IncPowerJoinCountEv+0xad> | lea    0xbf(%eax),%edx））","--- ORIG（伪代码化）
+++ OURS（伪代码化）
@@ -1,48 +1,52 @@
 push   %ebp
 mov    %esp,%ebp
-push   %esi
 push   %ebx
-sub    $0x30,%esp
+sub    $0x34,%esp
 mov    0x8(%ebp),%eax
 movzwl 0x1c(%eax),%eax
 movzwl %ax,%eax",2026-08-11
_ZN6CGuild17InsertGuildMemberEjP5CUser,"CGuild::InsertGuildMember(unsigned int, CUser*)",caliber_issue,"等价指令形态差异 7 处（等价指令形态差异（lea vs mov）；等价指令形态差异（lea vs mov））；栈帧/局部布局差异 2 处（栈局部偏移不同（lea    -0x30(%ebp),%eax | lea    -0x20(%ebp),%eax）；栈局部偏移不同（lea    -0x38(%ebp),%eax | lea    -0x20(%ebp),%eax））；立即数/常量差异 1 处（立即数不同（sub    $0x5c,%esp | sub    $0x4c,%esp））；其余指令差异 15 处（助记符不同（je     <T> <_ZN6CGuild17InsertGuildMemberEjP5CUser+0xff> | jne    <T> <_ZN6CGuild17InsertGuildMemberEjP5CUser+0x1a>）；助记符不同（mov    %eax,0x4(%esp) | jmp    <T> <_ZN6CGuild17InsertGuildMemberEjP5CUser+0xfb>））","--- ORIG（伪代码化）
+++ OURS（伪代码化）
@@ -1,79 +1,77 @@
 push   %ebp
 mov    %esp,%ebp
 push   %edi
 push   %esi
 push   %ebx
-sub    $0x5c,%esp
+sub    $0x4c,%esp
 mov    0x10(%ebp),%eax
 test   %eax,%eax",2026-08-11
_ZN6CGuild17ReplyGuildMembersEP5CUser,CGuild::ReplyGuildMembers(CUser*),other,"真实调用目标差异 1 处（调用目标不同（call   <T> <_ZN16CServerInterface12GetChannelNoEv> | call   <T> <_ZN5CUser11IsBlackUserEj>））；STL 模板实例化差异（GCC 4.1 ORIG vs GCC 4.4 重建的 libstdc++：const_iterator 转换、operator->/operator*、operator!=/operator== 等） 3 处（STL 调用差异（call   <T> <_ZNKSt17_Rb_tree_iteratorISt4pairIKjP5CUserEEptEv> | call   <T> <_ZNSt17_Rb_tree_iteratorISt4pairIKjP5CUserEEppEv>）；STL 调用差异（call   <T> <memcpy> | call   <T> <_ZNKSt17_Rb_tree_iteratorISt4pairIKjP5CUserEEneERKS5_>））；寄存器分配差异 6 处（寄存器分配差异（mov    %eax,%edx | mov    %edx,%eax）；寄存器分配差异（mov    %eax,(%esp) | mov    %eax,(%esp)））；等价指令形态差异 60 处（等价指令形态差异（lea vs mov）；等价指令形态差异（add vs lea））；栈帧/局部布局差异 10 处（栈局部偏移不同（lea    -0x2fab(%ebp),%eax | lea    -0x3e(%ebp),%eax）；栈局部偏移不同（mov    -0xc(%ebp),%ebx | mov    -0x1c(%ebp),%eax））；基本块布局差异 2 处（函数内跳转偏移不同（je     <T> <_ZN6CGuild17ReplyGuildMembersEP5CUser+0x72e> | je     <T> <_ZN6CGuild17ReplyGuildMembersEP5CUser+0x2d>）；函数内跳转偏移不同（je     <T> <_ZN6CGuild17ReplyGuildMembersEP5CUser+0x732> | je     <T> <_ZN6CGuild17ReplyGuildMembersEP5CUser+0x2d>））；立即数/常量差异 2 处（立即数不同（sub    $0x2fd4,%esp | sub    $0x64,%esp）；立即数不同（add    $0x34,%eax | add    $0x17,%eax））；其余指令差异 204 处（助记符不同（jne    <T> <_ZN6CGuild17ReplyGuildMembersEP5CUser+0x731> | je     <T> <_ZN6CGuild17ReplyGuildMembersEP5CUser+0x34>）；助记符不同（mov    %eax,-0x2f99(%ebp) | jmp    <T> <_ZN6CGuild17ReplyGuildMembersEP5CUser+0x39>））","--- ORIG（伪代码化）
+++ OURS（伪代码化）
@@ -1,523 +1,414 @@
 push   %ebp
 mov    %esp,%ebp
 push   %ebx
-sub    $0x2fd4,%esp
+sub    $0x64,%esp
 cmpl   $0x0,0xc(%ebp)
-je     <T> <_ZN6CGuild17ReplyGuildMembersEP5CUser+0x72e>
+je     <T> <_ZN6CGuild17ReplyGuildMembersEP5CUser+0x2d>
 mov    0x8(%ebp),%eax",2026-08-11
_ZN6CGuild17SecedeProxyMemberER22ST_Notice_Guild_Secede,CGuild::SecedeProxyMember(ST_Notice_Guild_Secede&),codegen_diff,"寄存器分配差异 1 处（寄存器分配差异（mov    %eax,%ecx | mov    %ecx,%eax））；等价指令形态差异 4 处（等价指令形态差异（jne vs jmp）；等价指令形态差异（lea vs add））；基本块布局差异 3 处（函数内跳转偏移不同（je     <T> <_ZN6CGuild17SecedeProxyMemberER22ST_Notice_Guild_Secede+0x14a> | je     <T> <_ZN6CGuild17SecedeProxyMemberER22ST_Notice_Guild_Secede+0x43>）；函数内跳转偏移不同（je     <T> <_ZN6CGuild17SecedeProxyMemberER22ST_Notice_Guild_Secede+0x14a> | je     <T> <_ZN6CGuild17SecedeProxyMemberER22ST_Notice_Guild_Secede+0x43>））；其余指令差异 42 处（助记符不同（jne    <T> <_ZN6CGuild17SecedeProxyMemberER22ST_Notice_Guild_Secede+0x146> | xor    $0x1,%eax）；助记符不同（mov    %eax,-0x10(%ebp) | je     <T> <_ZN6CGuild17SecedeProxyMemberER22ST_Notice_Guild_Secede+0x43>））","--- ORIG（伪代码化）
+++ OURS（伪代码化）
@@ -1,110 +1,106 @@
 push   %ebp
 mov    %esp,%ebp
 push   %esi
 push   %ebx
 sub    $0x20,%esp
 mov    0x8(%ebp),%eax
 movzwl 0x1c(%eax),%eax
 movzwl %ax,%eax
 and    $0x4,%eax",2026-08-11
_ZN6CGuild17SetSubGuildMasterEjb,"CGuild::SetSubGuildMaster(unsigned int, bool)",codegen_diff,"等价指令形态差异 10 处（等价指令形态差异（push vs sub）；等价指令形态差异（movzbl vs mov））；其余指令差异 42 处（助记符不同（sub    $0x40,%esp | mov    %al,-0x2c(%ebp)）；助记符不同（mov    %al,-0x1c(%ebp) | cmpb   $0x0,-0x2c(%ebp)））","--- ORIG（伪代码化）
+++ OURS（伪代码化）
@@ -1,107 +1,109 @@
 push   %ebp
 mov    %esp,%ebp
-push   %esi
 push   %ebx
-sub    $0x40,%esp
+sub    $0x54,%esp
 mov    0x10(%ebp),%eax
-mov    %al,-0x1c(%ebp)
-cmpb   $0x0,-0x1c(%ebp)",2026-08-11
_ZN6CGuild18DBGuildSaveProcessEP14CServerHandler,CGuild::DBGuildSaveProcess(CServerHandler*),codegen_diff,"寄存器分配差异 2 处（寄存器分配差异（mov    0x8(%ebp),%eax | mov    0x8(%ebp),%edx）；寄存器分配差异（mov    0x18(%eax),%esi | mov    0x18(%edx),%edx））；等价指令形态差异 2 处（等价指令形态差异（push vs sub）；等价指令形态差异（mov vs lea））；栈帧/局部布局差异 3 处（栈局部偏移不同（lea    -0x24(%ebp),%eax | lea    -0x18(%ebp),%eax）；栈局部偏移不同（lea    -0x24(%ebp),%eax | lea    -0x20(%ebp),%eax））；基本块布局差异 1 处（函数内跳转偏移不同（je     <T> <_ZN6CGuild18DBGuildSaveProcessEP14CServerHandler+0x240> | je     <T> <_ZN6CGuild18DBGuildSaveProcessEP14CServerHandler+0xc7>））；其余指令差异 29 处（助记符不同（push   %ebx | je     <T> <_ZN6CGuild18DBGuildSaveProcessEP14CServerHandler+0x234>）；助记符不同（sub    $0x40,%esp | je     <T> <_ZN6CGuild18DBGuildSaveProcessEP14CServerHandler+0x237>））","--- ORIG（伪代码化）
+++ OURS（伪代码化）
@@ -1,145 +1,137 @@
 push   %ebp
 mov    %esp,%ebp
-push   %esi
-push   %ebx
-sub    $0x40,%esp
+sub    $0x48,%esp
 mov    0x8(%ebp),%eax
 movzbl 0x4d96(%eax),%eax
 test   %al,%al",2026-08-11
_ZN6CGuild18DBSaveGuildMembersEhP14CServerHandlerh,"CGuild::DBSaveGuildMembers(unsigned char, CServerHandler*, unsigned char)",codegen_diff,"等价指令形态差异 7 处（等价指令形态差异（sub vs push）；等价指令形态差异（lea vs mov））；栈帧/局部布局差异 1 处（栈局部偏移不同（lea    -0x10(%ebp),%eax | lea    -0x20(%ebp),%eax））；其余指令差异 23 处（助记符不同（mov    %dl,-0x1c(%ebp) | push   %esi）；助记符不同（mov    %al,-0x20(%ebp) | push   %ebx））","--- ORIG（伪代码化）
+++ OURS（伪代码化）
@@ -1,68 +1,83 @@
 push   %ebp
 mov    %esp,%ebp
-sub    $0x48,%esp
+push   %edi
+push   %esi
+push   %ebx
+sub    $0x4c,%esp
 mov    0xc(%ebp),%edx
 mov    0x14(%ebp),%eax",2026-08-11
_ZN6CGuild18IsAddableGuildFundEj,CGuild::IsAddableGuildFund(unsigned int),caliber_issue,"等价指令形态差异 2 处（等价指令形态差异（movzbl vs mov）；等价指令形态差异（mov vs lea））；立即数/常量差异 1 处（立即数不同（mov    $0x5f,%eax | mov    $0x1,%eax））；其余指令差异 19 处（助记符不同（sub    $0x10,%esp | jne    <T> <_ZN6CGuild18IsAddableGuildFundEj+0x1b>）；助记符不同（je     <T> <_ZN6CGuild18IsAddableGuildFundEj+0x60> | mov    $0x1,%eax））","--- ORIG（伪代码化）
+++ OURS（伪代码化）
@@ -1,35 +1,36 @@
 push   %ebp
 mov    %esp,%ebp
-sub    $0x10,%esp
 mov    0x8(%ebp),%eax
 movzwl 0x1c(%eax),%eax
 movzwl %ax,%eax
 and    $0x4,%eax
 test   %eax,%eax
-je     <T> <_ZN6CGuild18IsAddableGuildFundEj+0x60>",2026-08-11
_ZN6CGuild18SendToGuildForMailEv,CGuild::SendToGuildForMail(),other,"真实调用目标差异 1 处（调用目标不同（call   <T> <_ZN5CUser13GetUniqCharNoEv> | call   <T> <_ZN5CUser13GetUniqCharNoEv>））；寄存器分配差异 2 处（寄存器分配差异（mov    -0xc(%ebp),%eax | mov    -0xc(%ebp),%eax）；寄存器分配差异（mov    %eax,(%esp) | mov    %eax,(%esp)））；等价指令形态差异 3 处（等价指令形态差异（sub vs push）；等价指令形态差异（jmp vs je））；其余指令差异 8 处（助记符不同（je     <T> <_ZN6CGuild18SendToGuildForMailEv+0xcc> | sub    $0x34,%esp）；助记符不同（sete   %al | jmp    <T> <_ZN6CGuild18SendToGuildForMailEv+0xa0>））","--- ORIG（伪代码化）
+++ OURS（伪代码化）
@@ -1,62 +1,66 @@
 push   %ebp
 mov    %esp,%ebp
-sub    $0x38,%esp
+push   %ebx
+sub    $0x34,%esp
 mov    0x8(%ebp),%eax
 movzwl 0x1c(%eax),%eax
 movzwl %ax,%eax
 and    $0x4,%eax",2026-08-11
_ZN6CGuild19IsCompleteGuildFundEv,CGuild::IsCompleteGuildFund(),codegen_diff,"等价指令形态差异 2 处（字节强转读取形态差（ORIG 直接偏移加载 mov    0xc0(%eax),%eax vs OURS add+加载）；等价指令形态差异（movzbl vs mov））；基本块布局差异 1 处（函数内跳转偏移不同（jbe    <T> <_ZN6CGuild19IsCompleteGuildFundEv+0x48> | jbe    <T> <_ZN6CGuild19IsCompleteGuildFundEv+0x4d>））；其余指令差异 9 处（助记符不同（sub    $0x10,%esp | je     <T> <_ZN6CGuild19IsCompleteGuildFundEv+0x4d>）；助记符不同（je     <T> <_ZN6CGuild19IsCompleteGuildFundEv+0x5b> | movzbl 0x3b(%eax),%eax））","--- ORIG（伪代码化）
+++ OURS（伪代码化）
@@ -1,34 +1,27 @@
 push   %ebp
 mov    %esp,%ebp
-sub    $0x10,%esp
 mov    0x8(%ebp),%eax
 movzwl 0x1c(%eax),%eax
 movzwl %ax,%eax
 and    $0x4,%eax
 test   %eax,%eax
-je     <T> <_ZN6CGuild19IsCompleteGuildFundEv+0x5b>",2026-08-11
_ZN6CGuild19ResetGuildPointRankEv,CGuild::ResetGuildPointRank(),codegen_diff,"等价指令形态差异 3 处（等价指令形态差异（mov vs lea）；等价指令形态差异（mov vs lea））；其余指令差异 16 处（助记符不同（movb   $0x0,0x48(%eax) | add    $0x48,%eax）；助记符不同（movl   $0x0,0x44(%eax) | movw   $0x0,(%eax)））","--- ORIG（伪代码化）
+++ OURS（伪代码化）
@@ -1,53 +1,48 @@
 push   %ebp
 mov    %esp,%ebp
 sub    $0x28,%esp
 mov    0x8(%ebp),%eax
-movb   $0x0,0x48(%eax)
+add    $0x48,%eax
+movw   $0x0,(%eax)
 mov    0x8(%ebp),%eax
-movl   $0x0,0x44(%eax)",2026-08-11
_ZN6CGuild19SetTodayGuildMemberER18STTodayGuildMember,CGuild::SetTodayGuildMember(STTodayGuildMember&),codegen_diff,"等价指令形态差异 5 处（等价指令形态差异（mov vs lea）；等价指令形态差异（mov vs lea））；其余指令差异 18 处（操作数差异（mov    (%edx),%ecx | mov    0xc(%ebp),%eax）；操作数差异（mov    %ecx,0x66ec(%eax) | mov    (%eax),%eax））","--- ORIG（伪代码化）
+++ OURS（伪代码化）
@@ -1,28 +1,69 @@
 push   %ebp
 mov    %esp,%ebp
 mov    0x8(%ebp),%eax
-mov    0xc(%ebp),%edx
-mov    (%edx),%ecx
-mov    %ecx,0x66ec(%eax)
-mov    0x4(%edx),%ecx
-mov    %ecx,0x66f0(%eax)
-mov    0x8(%edx),%ecx",2026-08-11
_ZN6CGuild20CheckPowerSecedeTimeEv,CGuild::CheckPowerSecedeTime(),other,"其余指令差异 4 处（助记符不同（je     <T> <_ZN6CGuild20CheckPowerSecedeTimeEv+0x38> | xor    $0x1,%eax）；助记符不同（mov    0xb6(%eax),%eax | je     <T> <_ZN6CGuild20CheckPowerSecedeTimeEv+0x27>））","--- ORIG（伪代码化）
+++ OURS（伪代码化）
@@ -1,18 +1,21 @@
 push   %ebp
 mov    %esp,%ebp
 sub    $0x18,%esp
 movl   $0x4,0x4(%esp)
 mov    0x8(%ebp),%eax
 mov    %eax,(%esp)
 call   <T> <_ZN6CGuild16IsSetGuildDBFlagEt>
+xor    $0x1,%eax
 test   %al,%al",2026-08-11
_ZN6CGuild20ReplyGuildAllMembersEP5CUser,CGuild::ReplyGuildAllMembers(CUser*),other,"真实调用目标差异 1 处（调用目标不同（call   <T> <_ZN5CUser8GetLevelEv> | call   <T> <_ZN5CUser17GetGuildMemDBInfoEv>））；寄存器分配差异 5 处（寄存器分配差异（mov    0x8(%ebp),%eax | mov    0x8(%ebp),%eax）；寄存器分配差异（mov    0x8(%ebp),%eax | mov    0x8(%ebp),%eax））；等价指令形态差异 88 处（等价指令形态差异（mov vs lea）；等价指令形态差异（mov vs lea））；栈帧/局部布局差异 14 处（栈局部偏移不同（lea    -0x2fcb(%ebp),%eax | lea    -0x56(%ebp),%eax）；栈局部偏移不同（mov    -0x24(%ebp),%ecx | mov    -0x38(%ebp),%eax））；基本块布局差异 3 处（函数内跳转偏移不同（je     <T> <_ZN6CGuild20ReplyGuildAllMembersEP5CUser+0xa1d> | je     <T> <_ZN6CGuild20ReplyGuildAllMembersEP5CUser+0x722>）；函数内跳转偏移不同（je     <T> <_ZN6CGuild20ReplyGuildAllMembersEP5CUser+0xa1e> | je     <T> <_ZN6CGuild20ReplyGuildAllMembersEP5CUser+0x725>））；立即数/常量差异 3 处（立即数不同（sub    $0x2ffc,%esp | sub    $0x9c,%esp）；立即数不同（add    $0xf0,%eax | add    $0xdd,%eax））；其余指令差异 331 处（操作数差异（mov    0x8(%ebp),%eax | mov    %eax,-0x4c(%ebp)）；助记符不同（add    $0x20,%eax | mov    -0x4c(%ebp),%eax））","--- ORIG（伪代码化）
+++ OURS（伪代码化）
@@ -1,753 +1,551 @@
 push   %ebp
 mov    %esp,%ebp
 push   %edi
 push   %esi
 push   %ebx
-sub    $0x2ffc,%esp
+sub    $0x9c,%esp
 cmpl   $0x0,0xc(%ebp)
-je     <T> <_ZN6CGuild20ReplyGuildAllMembersEP5CUser+0xa1d>",2026-08-11
_ZN6CGuild20WriteGuildMemberMemoEP5CUserPKc,"CGuild::WriteGuildMemberMemo(CUser*, char const*)",caliber_issue,"寄存器分配差异 1 处（寄存器分配差异（mov    0x8(%ebp),%ecx | mov    0x8(%ebp),%ecx））；等价指令形态差异 1 处（等价指令形态差异（add vs lea））；基本块布局差异 8 处（函数内跳转偏移不同（je     <T> <_ZN6CGuild20WriteGuildMemberMemoEP5CUserPKc+0x11a> | je     <T> <_ZN6CGuild20WriteGuildMemberMemoEP5CUserPKc+0x119>）；函数内跳转偏移不同（je     <T> <_ZN6CGuild20WriteGuildMemberMemoEP5CUserPKc+0x11d> | je     <T> <_ZN6CGuild20WriteGuildMemberMemoEP5CUserPKc+0x11c>））；立即数/常量差异 1 处（立即数不同（add    $0xd0,%eax | add    $0xdd,%eax））；其余指令差异 6 处（操作数差异（mov    0xd(%eax),%ebx | mov    (%eax),%ebx）；助记符不同（add    $0xf0,%eax | mov    0x8(%ebp),%ecx））","--- ORIG（伪代码化）
+++ OURS（伪代码化）
@@ -1,84 +1,84 @@
 push   %ebp
 mov    %esp,%ebp
 push   %ebx
 sub    $0x24,%esp
 cmpl   $0x0,0xc(%ebp)
-je     <T> <_ZN6CGuild20WriteGuildMemberMemoEP5CUserPKc+0x11a>
+je     <T> <_ZN6CGuild20WriteGuildMemberMemoEP5CUserPKc+0x119>
 cmpl   $0x0,0x10(%ebp)
-je     <T> <_ZN6CGuild20WriteGuildMemberMemoEP5CUserPKc+0x11d>",2026-08-11
_ZN6CGuild21AddGuildExpUntilLimitEjj,"CGuild::AddGuildExpUntilLimit(unsigned int, unsigned int)",codegen_diff,"等价指令形态差异 4 处（等价指令形态差异（push vs sub）；等价指令形态差异（mov vs lea））；其余指令差异 28 处（助记符不同（sub    $0x30,%esp | je     <T> <_ZN6CGuild21AddGuildExpUntilLimitEjj+0xda>）；助记符不同（je     <T> <_ZN6CGuild21AddGuildExpUntilLimitEjj+0xcf> | add    $0x49,%eax））","--- ORIG（伪代码化）
+++ OURS（伪代码化）
@@ -1,65 +1,69 @@
 push   %ebp
 mov    %esp,%ebp
-push   %esi
 push   %ebx
-sub    $0x30,%esp
+sub    $0x34,%esp
 mov    0x8(%ebp),%eax
 movzwl 0x1c(%eax),%eax
 movzwl %ax,%eax",2026-08-11
_ZN6CGuild21DBSavePowerSecedeTimeEhP14CServerHandler,"CGuild::DBSavePowerSecedeTime(unsigned char, CServerHandler*)",codegen_diff,"等价指令形态差异 1 处（等价指令形态差异（mov vs lea））；基本块布局差异 1 处（函数内跳转偏移不同（je     <T> <_ZN6CGuild21DBSavePowerSecedeTimeEhP14CServerHandler+0x4a> | je     <T> <_ZN6CGuild21DBSavePowerSecedeTimeEhP14CServerHandler+0x54>））；其余指令差异 2 处（助记符不同（movzbl -0x1c(%ebp),%eax | lea    -0x17(%ebp),%eax）；操作数差异（mov    %eax,-0xc(%ebp) | mov    %eax,(%edx)））","--- ORIG（伪代码化）
+++ OURS（伪代码化）
@@ -1,26 +1,30 @@
 push   %ebp
 mov    %esp,%ebp
 sub    $0x38,%esp
 mov    0xc(%ebp),%eax
 mov    %al,-0x1c(%ebp)
 mov    0x8(%ebp),%eax
 movzwl 0x1c(%eax),%eax
 movzwl %ax,%eax
 and    $0x4,%eax",2026-08-11
_ZN6CGuild21QueryTodayGuildMemberEP14CServerHandler,CGuild::QueryTodayGuildMember(CServerHandler*),caliber_issue,"等价指令形态差异 1 处（等价指令形态差异（mov vs lea））；栈帧/局部布局差异 1 处（栈局部偏移不同（lea    -0x16(%ebp),%eax | lea    -0x1c(%ebp),%eax））；立即数/常量差异 1 处（立即数不同（sub    $0x28,%esp | sub    $0x38,%esp））；其余指令差异 1 处（操作数差异（lea    -0x16(%ebp),%eax | lea    0xa(%eax),%edx））","--- ORIG（伪代码化）
+++ OURS（伪代码化）
@@ -1,16 +1,18 @@
 push   %ebp
 mov    %esp,%ebp
-sub    $0x28,%esp
-lea    -0x16(%ebp),%eax
+sub    $0x38,%esp
+lea    -0x1c(%ebp),%eax
 mov    %eax,(%esp)
 call   <T> <_ZN31Packet_Query_Today_Guild_MemberC1Ev>
+lea    -0x1c(%ebp),%eax",2026-08-11
_ZN6CGuild22NotifyTodayGuildMemberEP5CUser,CGuild::NotifyTodayGuildMember(CUser*),codegen_diff,"等价指令形态差异 10 处（等价指令形态差异（sub vs push）；等价指令形态差异（mov vs lea））；其余指令差异 17 处（助记符不同（mov    %eax,-0x3b(%ebp) | sub    $0x54,%esp）；操作数差异（mov    0x66f0(%eax),%edx | mov    %eax,(%edx)））","--- ORIG（伪代码化）
+++ OURS（伪代码化）
@@ -1,48 +1,100 @@
 push   %ebp
 mov    %esp,%ebp
-sub    $0x58,%esp
+push   %ebx
+sub    $0x54,%esp
 lea    -0x45(%ebp),%eax
 mov    %eax,(%esp)
 call   <T> <_ZN32Packet_Notify_Today_Guild_MemberC1Ev>
+lea    -0x45(%ebp),%eax",2026-08-11
_ZN6CGuild22ReplyGuildMembersToWebEP24STGuildMemberWebConnInfo,CGuild::ReplyGuildMembersToWeb(STGuildMemberWebConnInfo*),caliber_issue,"等价指令形态差异 5 处（等价指令形态差异（jmp vs je）；等价指令形态差异（mov vs lea））；基本块布局差异 2 处（函数内跳转偏移不同（je     <T> <_ZN6CGuild22ReplyGuildMembersToWebEP24STGuildMemberWebConnInfo+0x146> | je     <T> <_ZN6CGuild22ReplyGuildMembersToWebEP24STGuildMemberWebConnInfo+0x38>）；函数内跳转偏移不同（je     <T> <_ZN6CGuild22ReplyGuildMembersToWebEP24STGuildMemberWebConnInfo+0x89> | je     <T> <_ZN6CGuild22ReplyGuildMembersToWebEP24STGuildMemberWebConnInfo+0xfe>））；立即数/常量差异 1 处（立即数不同（sub    $0x34,%esp | sub    $0x24,%esp））；其余指令差异 17 处（助记符不同（je     <T> <_ZN6CGuild22ReplyGuildMembersToWebEP24STGuildMemberWebConnInfo+0x3c> | xor    $0x1,%eax）；操作数差异（mov    %eax,(%esp) | mov    $0x1,%eax））","--- ORIG（伪代码化）
+++ OURS（伪代码化）
@@ -1,102 +1,106 @@
 push   %ebp
 mov    %esp,%ebp
 push   %ebx
-sub    $0x34,%esp
+sub    $0x24,%esp
 movl   $0x0,-0xc(%ebp)
 mov    0x8(%ebp),%eax
 movzwl 0x1c(%eax),%eax
 movzwl %ax,%eax",2026-08-11
_ZN6CGuild22SendGuildInfoToMembersEb,CGuild::SendGuildInfoToMembers(bool),codegen_diff,"等价指令形态差异 8 处（等价指令形态差异（sub vs push）；等价指令形态差异（mov vs lea））；栈帧/局部布局差异 3 处（栈局部偏移不同（mov    %eax,-0x147(%ebp) | mov    -0xc(%ebp),%eax）；栈局部偏移不同（mov    %eax,-0x143(%ebp) | mov    -0xc(%ebp),%eax））；其余指令差异 21 处（助记符不同（mov    %eax,-0x13f(%ebp) | sub    $0x174,%esp）；助记符不同（cmpl   $0x64,-0xc(%ebp) | mov    %eax,(%edx)））","--- ORIG（伪代码化）
+++ OURS（伪代码化）
@@ -1,101 +1,101 @@
 push   %ebp
 mov    %esp,%ebp
-sub    $0x178,%esp
+push   %ebx
+sub    $0x174,%esp
 mov    0xc(%ebp),%eax
 mov    %al,-0x15c(%ebp)
 lea    -0x151(%ebp),%eax
 mov    %eax,(%esp)",2026-08-11
_ZN6CGuild23LoadGuildOneMemberProxyEP5CUser,CGuild::LoadGuildOneMemberProxy(CUser*),codegen_diff,"寄存器分配差异 6 处（寄存器分配差异（mov    0x8(%ebp),%ecx | mov    0x8(%ebp),%eax）；寄存器分配差异（shl    $0x6,%eax | shl    $0x6,%edx））；等价指令形态差异 7 处（等价指令形态差异（push vs sub）；等价指令形态差异（add vs lea））；其余指令差异 44 处（助记符不同（sub    $0x30,%esp | je     <T> <_ZN6CGuild23LoadGuildOneMemberProxyEP5CUser+0x29>）；助记符不同（je     <T> <_ZN6CGuild23LoadGuildOneMemberProxyEP5CUser+0x1f4> | jne    <T> <_ZN6CGuild23LoadGuildOneMemberProxyEP5CUser+0x33>））","--- ORIG（伪代码化）
+++ OURS（伪代码化）
@@ -1,152 +1,125 @@
 push   %ebp
 mov    %esp,%ebp
-push   %esi
 push   %ebx
-sub    $0x30,%esp
+sub    $0x34,%esp
 mov    0x8(%ebp),%eax
 movzwl 0x1c(%eax),%eax
 movzwl %ax,%eax",2026-08-11
_ZN6CGuild23LoadGuildOneMemberProxyER18STGuildMemberProxy,CGuild::LoadGuildOneMemberProxy(STGuildMemberProxy&),codegen_diff,"等价指令形态差异 4 处（等价指令形态差异（push vs sub）；等价指令形态差异（je vs jmp））；基本块布局差异 1 处（函数内跳转偏移不同（ja     <T> <_ZN6CGuild23LoadGuildOneMemberProxyER18STGuildMemberProxy+0x83> | ja     <T> <_ZN6CGuild23LoadGuildOneMemberProxyER18STGuildMemberProxy+0x7e>））；其余指令差异 18 处（助记符不同（push   %ebx | je     <T> <_ZN6CGuild23LoadGuildOneMemberProxyER18STGuildMemberProxy+0x28>）；助记符不同（sub    $0x30,%esp | jne    <T> <_ZN6CGuild23LoadGuildOneMemberProxyER18STGuildMemberProxy+0x32>））","--- ORIG（伪代码化）
+++ OURS（伪代码化）
@@ -1,79 +1,73 @@
 push   %ebp
 mov    %esp,%ebp
-push   %esi
-push   %ebx
-sub    $0x30,%esp
+sub    $0x38,%esp
 mov    0x8(%ebp),%eax
 movzwl 0x1c(%eax),%eax
 movzwl %ax,%eax",2026-08-11
_ZN6CGuild23NotifyMemoToGuildMemberEP5CUserPKc,"CGuild::NotifyMemoToGuildMember(CUser*, char const*)",codegen_diff,"等价指令形态差异 4 处（等价指令形态差异（sub vs push）；等价指令形态差异（lea vs mov））；其余指令差异 18 处（助记符不同（je     <T> <_ZN6CGuild23NotifyMemoToGuildMemberEP5CUserPKc+0x11e> | sub    $0x64,%esp）；助记符不同（jne    <T> <_ZN6CGuild23NotifyMemoToGuildMemberEP5CUserPKc+0x11d> | je     <T> <_ZN6CGuild23NotifyMemoToGuildMemberEP5CUserPKc+0x27>））","--- ORIG（伪代码化）
+++ OURS（伪代码化）
@@ -1,83 +1,81 @@
 push   %ebp
 mov    %esp,%ebp
-sub    $0x68,%esp
+push   %ebx
+sub    $0x64,%esp
 mov    0x8(%ebp),%eax
 movzwl 0x1c(%eax),%eax
 movzwl %ax,%eax
 and    $0x4,%eax",2026-08-11
_ZN6CGuild23SendGuildInfoToManagersEv,CGuild::SendGuildInfoToManagers(),codegen_diff,"等价指令形态差异 2 处（等价指令形态差异（sub vs push）；等价指令形态差异（jmp vs jne））；基本块布局差异 1 处（函数内跳转偏移不同（je     <T> <_ZN6CGuild23SendGuildInfoToManagersEv+0x109> | je     <T> <_ZN6CGuild23SendGuildInfoToManagersEv+0x162>））；其余指令差异 19 处（助记符不同（movzwl 0x1c(%eax),%eax | sub    $0x164,%esp）；助记符不同（je     <T> <_ZN6CGuild23SendGuildInfoToManagersEv+0x191> | add    $0x1c,%eax））","--- ORIG（伪代码化）
+++ OURS（伪代码化）
@@ -1,109 +1,112 @@
 push   %ebp
 mov    %esp,%ebp
-sub    $0x168,%esp
+push   %ebx
+sub    $0x164,%esp
 mov    0x8(%ebp),%eax
-movzwl 0x1c(%eax),%eax
+add    $0x1c,%eax
+movzwl (%eax),%eax",2026-08-11
_ZN6CGuild24CallGuildAllMembersProxyEP5CUserP14CServerHandler,"CGuild::CallGuildAllMembersProxy(CUser*, CServerHandler*)",codegen_diff,基本块布局差异 6 处（函数内跳转偏移不同（je     <T> <_ZN6CGuild24CallGuildAllMembersProxyEP5CUserP14CServerHandler+0x89> | je     <T> <_ZN6CGuild24CallGuildAllMembersProxyEP5CUserP14CServerHandler+0x88>）；函数内跳转偏移不同（jne    <T> <_ZN6CGuild24CallGuildAllMembersProxyEP5CUserP14CServerHandler+0x88> | jne    <T> <_ZN6CGuild24CallGuildAllMembersProxyEP5CUserP14CServerHandler+0x8b>））,"--- ORIG（伪代码化）
+++ OURS（伪代码化）
@@ -1,49 +1,51 @@
 push   %ebp
 mov    %esp,%ebp
 sub    $0x18,%esp
 cmpl   $0x0,0xc(%ebp)
 je     <T> <_ZN6CGuild24CallGuildAllMembersProxyEP5CUserP14CServerHandler+0x85>
 mov    0x8(%ebp),%eax
 movzwl 0x1c(%eax),%eax
 movzwl %ax,%eax
 and    $0x4,%eax",2026-08-11
_ZN6CGuild24LoadGuildAllMembersProxyEP18STGuildMemberProxyhh,"CGuild::LoadGuildAllMembersProxy(STGuildMemberProxy*, unsigned char, unsigned char)",template_macro,源码未定位：第 3 节未能在候选源文件/对象中定位该函数定义（模板头文件、宏生成函数或 typedef 参数形态），无法从源码侧修复；共 21 组指令差异。,"--- ORIG（伪代码化）
+++ OURS（伪代码化）
@@ -1,62 +1,65 @@
 push   %ebp
 mov    %esp,%ebp
-sub    $0x28,%esp
+push   %ebx
+sub    $0x24,%esp
 mov    0x10(%ebp),%edx
 mov    0x14(%ebp),%eax
 mov    %dl,-0xc(%ebp)
 mov    %al,-0x10(%ebp)",2026-08-11
_ZN6CGuild24NoticeEnterToGuildMemberEPc,CGuild::NoticeEnterToGuildMember(char*),codegen_diff,"等价指令形态差异 1 处（等价指令形态差异（sub vs push））；基本块布局差异 1 处（函数内跳转偏移不同（jmp    <T> <_ZN6CGuild24NoticeEnterToGuildMemberEPc+0xe1> | jmp    <T> <_ZN6CGuild24NoticeEnterToGuildMemberEPc+0x109>））；其余指令差异 18 处（助记符不同（movzwl 0x1c(%eax),%eax | sub    $0x84,%esp）；助记符不同（jne    <T> <_ZN6CGuild24NoticeEnterToGuildMemberEPc+0x2f> | add    $0x1c,%eax））","--- ORIG（伪代码化）
+++ OURS（伪代码化）
@@ -1,85 +1,96 @@
 push   %ebp
 mov    %esp,%ebp
-sub    $0x88,%esp
+push   %ebx
+sub    $0x84,%esp
 mov    0x8(%ebp),%eax
-movzwl 0x1c(%eax),%eax
+add    $0x1c,%eax
+movzwl (%eax),%eax",2026-08-11
_ZN6CGuild25ChangeGuildMemberCharNameEjPc,"CGuild::ChangeGuildMemberCharName(unsigned int, char*)",codegen_diff,"等价指令形态差异 5 处（等价指令形态差异（mov vs lea）；等价指令形态差异（lea vs mov））；基本块布局差异 3 处（函数内跳转偏移不同（je     <T> <_ZN6CGuild25ChangeGuildMemberCharNameEjPc+0x16a> | je     <T> <_ZN6CGuild25ChangeGuildMemberCharNameEjPc+0x176>）；函数内跳转偏移不同（jmp    <T> <_ZN6CGuild25ChangeGuildMemberCharNameEjPc+0xac> | jmp    <T> <_ZN6CGuild25ChangeGuildMemberCharNameEjPc+0xb5>））；其余指令差异 10 处（操作数差异（mov    %edx,%eax | mov    0xd(%eax),%eax）；助记符不同（shl    $0x6,%eax | cmp    0xc(%ebp),%eax））","--- ORIG（伪代码化）
+++ OURS（伪代码化）
@@ -1,93 +1,97 @@
 push   %ebp
 mov    %esp,%ebp
 sub    $0x28,%esp
 movb   $0x0,-0xd(%ebp)
 movl   $0x4,0x4(%esp)
 mov    0x8(%ebp),%eax
 mov    %eax,(%esp)
 call   <T> <_ZN6CGuild16IsSetGuildDBFlagEt>
 test   %al,%al",2026-08-11
_ZN6CGuild25NoticeSecedeToGuildMemberEPc,CGuild::NoticeSecedeToGuildMember(char*),codegen_diff,"等价指令形态差异 4 处（等价指令形态差异（sub vs push）；等价指令形态差异（jmp vs je））；其余指令差异 11 处（助记符不同（movzwl 0x1c(%eax),%eax | sub    $0x84,%esp）；助记符不同（je     <T> <_ZN6CGuild25NoticeSecedeToGuildMemberEPc+0x102> | add    $0x1c,%eax））","--- ORIG（伪代码化）
+++ OURS（伪代码化）
@@ -1,76 +1,83 @@
 push   %ebp
 mov    %esp,%ebp
-sub    $0x88,%esp
+push   %ebx
+sub    $0x84,%esp
 mov    0x8(%ebp),%eax
-movzwl 0x1c(%eax),%eax
+add    $0x1c,%eax
+movzwl (%eax),%eax",2026-08-11
_ZN6CGuild25NotifyAllTodayGuildMemberEv,CGuild::NotifyAllTodayGuildMember(),caliber_issue,"STL 模板实例化差异（GCC 4.1 ORIG vs GCC 4.4 重建的 libstdc++：const_iterator 转换、operator->/operator*、operator!=/operator== 等） 1 处（STL 调用差异（call   <T> <_ZN5CUser14GetIdByChannelEv> | call   <T> <_ZNKSt17_Rb_tree_iteratorISt4pairIKjP5CUserEEptEv>））；寄存器分配差异 2 处（寄存器分配差异（mov    %eax,0x4(%esp) | mov    %eax,0x4(%esp)）；寄存器分配差异（nop | nop））；等价指令形态差异 10 处（等价指令形态差异（mov vs lea）；等价指令形态差异（mov vs lea））；栈帧/局部布局差异 1 处（栈局部偏移不同（lea    -0x51(%ebp),%eax | lea    -0xc(%ebp),%eax））；基本块布局差异 1 处（函数内跳转偏移不同（jmp    <T> <_ZN6CGuild25NotifyAllTodayGuildMemberEv+0xf6> | jmp    <T> <_ZN6CGuild25NotifyAllTodayGuildMemberEv+0x10e>））；立即数/常量差异 1 处（立即数不同（sub    $0x68,%esp | sub    $0x88,%esp））；其余指令差异 33 处（助记符不同（movl   $0x0,-0xc(%ebp) | mov    0x8(%ebp),%eax）；助记符不同（lea    -0x51(%ebp),%eax | movzwl 0x1c(%eax),%eax））","--- ORIG（伪代码化）
+++ OURS（伪代码化）
@@ -1,83 +1,78 @@
 push   %ebp
 mov    %esp,%ebp
-sub    $0x68,%esp
-movl   $0x0,-0xc(%ebp)
-lea    -0x51(%ebp),%eax
+sub    $0x88,%esp
+mov    0x8(%ebp),%eax
+movzwl 0x1c(%eax),%eax
+movzwl %ax,%eax",2026-08-11
_ZN6CGuild25QueryGuildAllMembersProxyEP14CServerHandlerj,"CGuild::QueryGuildAllMembersProxy(CServerHandler*, unsigned int)",codegen_diff,"等价指令形态差异 3 处（等价指令形态差异（mov vs lea）；等价指令形态差异（mov vs lea））；栈帧/局部布局差异 1 处（栈局部偏移不同（lea    -0x1a(%ebp),%eax | lea    -0x1c(%ebp),%eax））","--- ORIG（伪代码化）
+++ OURS（伪代码化）
@@ -1,24 +1,28 @@
 push   %ebp
 mov    %esp,%ebp
 sub    $0x38,%esp
-lea    -0x1a(%ebp),%eax
+lea    -0x1c(%ebp),%eax
 mov    %eax,(%esp)
 call   <T> <_ZN32Packet_DB_Call_Guild_All_MembersC1Ev>
+lea    -0x1c(%ebp),%eax
+lea    0xa(%eax),%edx",2026-08-11
_ZN6CGuild25SendGuildInfoToMemberOnlyEP5CUser,CGuild::SendGuildInfoToMemberOnly(CUser*),codegen_diff,"寄存器分配差异 1 处（寄存器分配差异（mov    %eax,(%esp) | mov    %eax,(%ebx)））；等价指令形态差异 5 处（等价指令形态差异（sub vs push）；等价指令形态差异（mov vs lea））；其余指令差异 18 处（助记符不同（movzwl 0x1c(%eax),%eax | sub    $0x154,%esp）；助记符不同（je     <T> <_ZN6CGuild25SendGuildInfoToMemberOnlyEP5CUser+0x103> | add    $0x1c,%eax））","--- ORIG（伪代码化）
+++ OURS（伪代码化）
@@ -1,64 +1,65 @@
 push   %ebp
 mov    %esp,%ebp
-sub    $0x158,%esp
+push   %ebx
+sub    $0x154,%esp
 mov    0x8(%ebp),%eax
-movzwl 0x1c(%eax),%eax
+add    $0x1c,%eax
+movzwl (%eax),%eax",2026-08-11
_ZN6CGuild26NoticeGuildMemberLogin_OutEP5CUserc,"CGuild::NoticeGuildMemberLogin_Out(CUser*, char)",codegen_diff,"等价指令形态差异 5 处（等价指令形态差异（sub vs push）；等价指令形态差异（jmp vs jne））；基本块布局差异 1 处（函数内跳转偏移不同（jne    <T> <_ZN6CGuild26NoticeGuildMemberLogin_OutEP5CUserc+0x150> | jne    <T> <_ZN6CGuild26NoticeGuildMemberLogin_OutEP5CUserc+0x1b1>））；其余指令差异 17 处（助记符不同（je     <T> <_ZN6CGuild26NoticeGuildMemberLogin_OutEP5CUserc+0x21> | sub    $0x64,%esp）；助记符不同（jne    <T> <_ZN6CGuild26NoticeGuildMemberLogin_OutEP5CUserc+0x28> | je     <T> <_ZN6CGuild26NoticeGuildMemberLogin_OutEP5CUserc+0x22>））","--- ORIG（伪代码化）
+++ OURS（伪代码化）
@@ -1,118 +1,133 @@
 push   %ebp
 mov    %esp,%ebp
-sub    $0x68,%esp
+push   %ebx
+sub    $0x64,%esp
 mov    0x10(%ebp),%eax
 mov    %al,-0x4c(%ebp)
 cmpl   $0x0,0xc(%ebp)
-je     <T> <_ZN6CGuild26NoticeGuildMemberLogin_OutEP5CUserc+0x21>",2026-08-11
_ZN6CGuild26NotifyAllAchieveAttendanceEjj,"CGuild::NotifyAllAchieveAttendance(unsigned int, unsigned int)",codegen_diff,"等价指令形态差异 7 处（等价指令形态差异（sub vs push）；等价指令形态差异（mov vs lea））；栈帧/局部布局差异 3 处（栈局部偏移不同（lea    -0x2a(%ebp),%eax | lea    -0x26(%ebp),%eax）；栈局部偏移不同（lea    -0x10(%ebp),%eax | lea    -0x26(%ebp),%eax））；其余指令差异 16 处（助记符不同（movl   $0x0,-0xc(%ebp) | sub    $0x44,%esp）；助记符不同（jmp    <T> <_ZN6CGuild26NotifyAllAchieveAttendanceEjj+0x9b> | lea    -0x26(%ebp),%eax））","--- ORIG（伪代码化）
+++ OURS（伪代码化）
@@ -1,61 +1,76 @@
 push   %ebp
 mov    %esp,%ebp
-sub    $0x48,%esp
-movl   $0x0,-0xc(%ebp)
-lea    -0x2a(%ebp),%eax
+push   %ebx
+sub    $0x44,%esp
+lea    -0x26(%ebp),%eax
 mov    %eax,(%esp)",2026-08-11
_ZN6CGuild26NotifyMessageToGuildMemberEv,CGuild::NotifyMessageToGuildMember(),codegen_diff,"等价指令形态差异 3 处（等价指令形态差异（sub vs push）；等价指令形态差异（mov vs lea））；栈帧/局部布局差异 1 处（栈局部偏移不同（mov    %eax,-0x81(%ebp) | mov    -0xc(%ebp),%eax））；其余指令差异 27 处（助记符不同（movzwl 0x1c(%eax),%eax | sub    $0xa4,%esp）；助记符不同（je     <T> <_ZN6CGuild26NotifyMessageToGuildMemberEv+0x156> | add    $0x1c,%eax））","--- ORIG（伪代码化）
+++ OURS（伪代码化）
@@ -1,94 +1,92 @@
 push   %ebp
 mov    %esp,%ebp
-sub    $0xa8,%esp
+push   %ebx
+sub    $0xa4,%esp
 mov    0x8(%ebp),%eax
-movzwl 0x1c(%eax),%eax
+add    $0x1c,%eax
+movzwl (%eax),%eax",2026-08-11
_ZN6CGuild26SendGuildAgitInfoToMembersEv,CGuild::SendGuildAgitInfoToMembers(),codegen_diff,"等价指令形态差异 6 处（等价指令形态差异（sub vs push）；等价指令形态差异（mov vs lea））；其余指令差异 12 处（助记符不同（mov    0x18(%eax),%eax | sub    $0x44,%esp）；助记符不同（movl   $0x1,0x8(%esp) | lea    0x12(%eax),%edx））","--- ORIG（伪代码化）
+++ OURS（伪代码化）
@@ -1,67 +1,70 @@
 push   %ebp
 mov    %esp,%ebp
-sub    $0x48,%esp
+push   %ebx
+sub    $0x44,%esp
 lea    -0x27(%ebp),%eax
 mov    %eax,(%esp)
 call   <T> <_ZN30Packet_Channel_Guild_Agit_InfoC1Ev>
+lea    -0x27(%ebp),%eax",2026-08-11
_ZN6CGuild26UpdateChangableInfoProcessEv,CGuild::UpdateChangableInfoProcess(),codegen_diff,"等价指令形态差异 6 处（等价指令形态差异（push vs sub）；等价指令形态差异（je vs jmp））；基本块布局差异 1 处（函数内跳转偏移不同（je     <T> <_ZN6CGuild26UpdateChangableInfoProcessEv+0x3c> | je     <T> <_ZN6CGuild26UpdateChangableInfoProcessEv+0x3b>））；其余指令差异 17 处（助记符不同（sub    $0x24,%esp | je     <T> <_ZN6CGuild26UpdateChangableInfoProcessEv+0x3b>）；助记符不同（je     <T> <_ZN6CGuild26UpdateChangableInfoProcessEv+0x100> | jbe    <T> <_ZN6CGuild26UpdateChangableInfoProcessEv+0xf6>））","--- ORIG（伪代码化）
+++ OURS（伪代码化）
@@ -1,78 +1,71 @@
 push   %ebp
 mov    %esp,%ebp
-push   %ebx
-sub    $0x24,%esp
+sub    $0x48,%esp
 movl   $0x4,0x4(%esp)
 mov    0x8(%ebp),%eax
 mov    %eax,(%esp)
 call   <T> <_ZN6CGuild16IsSetGuildDBFlagEt>",2026-08-11
_ZN6CGuild27DismissGuildMemberAndNoticeEi,CGuild::DismissGuildMemberAndNotice(int),codegen_diff,"等价指令形态差异 13 处（等价指令形态差异（sub vs push）；等价指令形态差异（lea vs mov））；栈帧/局部布局差异 1 处（栈局部偏移不同（lea    -0x42(%ebp),%eax | lea    -0x24(%ebp),%eax））；基本块布局差异 1 处（函数内跳转偏移不同（jmp    <T> <_ZN6CGuild27DismissGuildMemberAndNoticeEi+0x10f> | jmp    <T> <_ZN6CGuild27DismissGuildMemberAndNoticeEi+0x33>））；其余指令差异 23 处（助记符不同（je     <T> <_ZN6CGuild27DismissGuildMemberAndNoticeEi+0x141> | sub    $0x54,%esp）；助记符不同（jne    <T> <_ZN6CGuild27DismissGuildMemberAndNoticeEi+0x140> | je     <T> <_ZN6CGuild27DismissGuildMemberAndNoticeEi+0x27>））","--- ORIG（伪代码化）
+++ OURS（伪代码化）
@@ -1,94 +1,134 @@
 push   %ebp
 mov    %esp,%ebp
-sub    $0x58,%esp
+push   %ebx
+sub    $0x54,%esp
 mov    0x8(%ebp),%eax
 movzwl 0x1c(%eax),%eax
 movzwl %ax,%eax
 and    $0x4,%eax",2026-08-11
_ZN6CGuild27NoticeChatMsgToGuildMembersEjPciPKc,"CGuild::NoticeChatMsgToGuildMembers(unsigned int, char*, int, char const*)",template_macro,源码未定位：第 3 节未能在候选源文件/对象中定位该函数定义（模板头文件、宏生成函数或 typedef 参数形态），无法从源码侧修复；共 54 组指令差异。,"--- ORIG（伪代码化）
+++ OURS（伪代码化）
@@ -1,95 +1,105 @@
 push   %ebp
 mov    %esp,%ebp
-sub    $0x158,%esp
+push   %ebx
+sub    $0x154,%esp
 cmpl   $0xff,0x14(%ebp)
-jg     <T> <_ZN6CGuild27NoticeChatMsgToGuildMembersEjPciPKc+0x15f>
+jg     <T> <_ZN6CGuild27NoticeChatMsgToGuildMembersEjPciPKc+0x3f>
 mov    0x8(%ebp),%eax",2026-08-11
_ZN6CGuild27QueryUnconnGuildMemberProxyEP14CServerHandlerj,"CGuild::QueryUnconnGuildMemberProxy(CServerHandler*, unsigned int)",codegen_diff,"等价指令形态差异 3 处（等价指令形态差异（mov vs lea）；等价指令形态差异（mov vs lea））；栈帧/局部布局差异 1 处（栈局部偏移不同（lea    -0x1a(%ebp),%eax | lea    -0x1c(%ebp),%eax））","--- ORIG（伪代码化）
+++ OURS（伪代码化）
@@ -1,18 +1,22 @@
 push   %ebp
 mov    %esp,%ebp
 sub    $0x38,%esp
-lea    -0x1a(%ebp),%eax
+lea    -0x1c(%ebp),%eax
 mov    %eax,(%esp)
 call   <T> <_ZN34Packet_DB_Call_Unconn_Guild_MemberC1Ev>
+lea    -0x1c(%ebp),%eax
+lea    0xa(%eax),%edx",2026-08-11
_ZN6CGuild28SendGuildNameChangeToMembersEv,CGuild::SendGuildNameChangeToMembers(),codegen_diff,"等价指令形态差异 2 处（等价指令形态差异（sub vs push）；等价指令形态差异（mov vs lea））；其余指令差异 10 处（助记符不同（mov    0x18(%eax),%eax | sub    $0x54,%esp）；助记符不同（jmp    <T> <_ZN6CGuild28SendGuildNameChangeToMembersEv+0xb1> | lea    0xa(%eax),%edx））","--- ORIG（伪代码化）
+++ OURS（伪代码化）
@@ -1,67 +1,72 @@
 push   %ebp
 mov    %esp,%ebp
-sub    $0x58,%esp
+push   %ebx
+sub    $0x54,%esp
 lea    -0x41(%ebp),%eax
 mov    %eax,(%esp)
 call   <T> <_ZN37Packet_Guild_Notice_Guild_Name_ChangeC1Ev>
+lea    -0x41(%ebp),%eax",2026-08-11
_ZN6CGuild29NoticeMarkChangeToGuildMemberEj,CGuild::NoticeMarkChangeToGuildMember(unsigned int),codegen_diff,"等价指令形态差异 10 处（等价指令形态差异（push vs sub）；等价指令形态差异（je vs jmp））；栈帧/局部布局差异 9 处（栈局部偏移不同（lea    -0x44(%ebp),%eax | lea    -0x34(%ebp),%eax）；栈局部偏移不同（mov    -0x1c(%ebp),%eax | mov    -0x14(%ebp),%eax））；其余指令差异 24 处（助记符不同（push   %esi | je     <T> <_ZN6CGuild29NoticeMarkChangeToGuildMemberEj+0x26>）；助记符不同（push   %ebx | je     <T> <_ZN6CGuild29NoticeMarkChangeToGuildMemberEj+0x2d>））","--- ORIG（伪代码化）
+++ OURS（伪代码化）
@@ -1,95 +1,100 @@
 push   %ebp
 mov    %esp,%ebp
-push   %edi
-push   %esi
-push   %ebx
-sub    $0x5c,%esp
+sub    $0x68,%esp
 mov    0x8(%ebp),%eax
 movzwl 0x1c(%eax),%eax",2026-08-11
_ZN6CGuild29getUnconnectedGuildMemberNameEj,CGuild::getUnconnectedGuildMemberName(unsigned int),caliber_issue,"寄存器分配差异 1 处（寄存器分配差异（shl    $0x6,%eax | shl    $0x6,%edx））；基本块布局差异 2 处（函数内跳转偏移不同（je     <T> <_ZN6CGuild29getUnconnectedGuildMemberNameEj+0x7d> | je     <T> <_ZN6CGuild29getUnconnectedGuildMemberNameEj+0x28>）；函数内跳转偏移不同（jne    <T> <_ZN6CGuild29getUnconnectedGuildMemberNameEj+0x65> | jne    <T> <_ZN6CGuild29getUnconnectedGuildMemberNameEj+0x63>））；立即数/常量差异 2 处（立即数不同（add    $0xd0,%eax | add    $0xdd,%edx）；立即数不同（add    $0xd0,%eax | add    $0xe1,%edx））；其余指令差异 10 处（助记符不同（je     <T> <_ZN6CGuild29getUnconnectedGuildMemberNameEj+0x7d> | jne    <T> <_ZN6CGuild29getUnconnectedGuildMemberNameEj+0x2f>）；助记符不同（jmp    <T> <_ZN6CGuild29getUnconnectedGuildMemberNameEj+0x69> | mov    $0x0,%eax））","--- ORIG（伪代码化）
+++ OURS（伪代码化）
@@ -1,46 +1,44 @@
 push   %ebp
 mov    %esp,%ebp
 sub    $0x10,%esp
 mov    0x8(%ebp),%eax
 movzwl 0x1c(%eax),%eax
 movzwl %ax,%eax
 and    $0x4,%eax
 test   %eax,%eax
-je     <T> <_ZN6CGuild29getUnconnectedGuildMemberNameEj+0x7d>",2026-08-11
_ZN6CGuild31InsertGuildMemberChanglableInfoEj,CGuild::InsertGuildMemberChanglableInfo(unsigned int),codegen_diff,"等价指令形态差异 2 处（等价指令形态差异（sub vs push）；等价指令形态差异（lea vs mov））；栈帧/局部布局差异 5 处（栈局部偏移不同（lea    -0x10(%ebp),%eax | lea    -0x78(%ebp),%ebx）；栈局部偏移不同（lea    -0x10(%ebp),%eax | lea    -0x2c(%ebp),%eax））；其余指令差异 2 处（助记符不同（mov    %eax,-0x24(%ebp) | sub    $0x84,%esp）；助记符不同（movzbl -0x1c(%ebp),%eax | lea    -0x58(%ebp),%eax））","--- ORIG（伪代码化）
+++ OURS（伪代码化）
@@ -1,31 +1,33 @@
 push   %ebp
 mov    %esp,%ebp
-sub    $0x38,%esp
+push   %ebx
+sub    $0x84,%esp
+lea    -0x78(%ebp),%ebx
 movl   $0x0,(%esp)
 call   <T> <time>
-mov    %eax,-0x24(%ebp)",2026-08-11
_ZN6CGuild32DBSaveGuildMemberUnChangableInfoEP14CServerHandlerjjPc,"CGuild::DBSaveGuildMemberUnChangableInfo(CServerHandler*, unsigned int, unsigned int, char*)",template_macro,源码未定位：第 3 节未能在候选源文件/对象中定位该函数定义（模板头文件、宏生成函数或 typedef 参数形态），无法从源码侧修复；共 13 组指令差异。,"--- ORIG（伪代码化）
+++ OURS（伪代码化）
@@ -1,30 +1,37 @@
 push   %ebp
 mov    %esp,%ebp
 sub    $0x48,%esp
 movl   $0x4,0x4(%esp)
 mov    0x8(%ebp),%eax
 mov    %eax,(%esp)
 call   <T> <_ZN6CGuild16IsSetGuildDBFlagEt>
+xor    $0x1,%eax
 test   %al,%al",2026-08-11
_ZN6CGuild33ChangeUnconnectedGuildMemberGradeEji,"CGuild::ChangeUnconnectedGuildMemberGrade(unsigned int, int)",caliber_issue,"寄存器分配差异 1 处（寄存器分配差异（mov    0x8(%ebp),%ebx | mov    0x8(%ebp),%ecx））；等价指令形态差异 2 处（等价指令形态差异（lea vs mov）；等价指令形态差异（mov vs lea））；栈帧/局部布局差异 2 处（栈局部偏移不同（mov    -0x8(%ebp),%edx | mov    %ax,-0x6(%ebp)）；栈局部偏移不同（cmp    -0x8(%ebp),%eax | cmp    -0x4(%ebp),%eax））；基本块布局差异 2 处（函数内跳转偏移不同（je     <T> <_ZN6CGuild33ChangeUnconnectedGuildMemberGradeEji+0x86> | je     <T> <_ZN6CGuild33ChangeUnconnectedGuildMemberGradeEji+0x88>）；函数内跳转偏移不同（jne    <T> <_ZN6CGuild33ChangeUnconnectedGuildMemberGradeEji+0x32> | jne    <T> <_ZN6CGuild33ChangeUnconnectedGuildMemberGradeEji+0x3e>））；立即数/常量差异 1 处（立即数不同（add    $0xf0,%eax | add    $0x104,%eax））；其余指令差异 16 处（助记符不同（push   %ebx | je     <T> <_ZN6CGuild33ChangeUnconnectedGuildMemberGradeEji+0x88>）；助记符不同（je     <T> <_ZN6CGuild33ChangeUnconnectedGuildMemberGradeEji+0x86> | mov    0x8(%ebp),%eax））","--- ORIG（伪代码化）
+++ OURS（伪代码化）
@@ -1,51 +1,49 @@
 push   %ebp
 mov    %esp,%ebp
-push   %ebx
 sub    $0x10,%esp
 mov    0x8(%ebp),%eax
 movzwl 0x1c(%eax),%eax
 movzwl %ax,%eax
 and    $0x4,%eax
 test   %eax,%eax",2026-08-11
_ZN6CGuild34NoticeGuildMasterDelegateToMembersEPc,CGuild::NoticeGuildMasterDelegateToMembers(char*),codegen_diff,"等价指令形态差异 6 处（等价指令形态差异（mov vs lea）；等价指令形态差异（lea vs mov））；基本块布局差异 2 处（函数内跳转偏移不同（je     <T> <_ZN6CGuild34NoticeGuildMasterDelegateToMembersEPc+0xec> | je     <T> <_ZN6CGuild34NoticeGuildMasterDelegateToMembersEPc+0x131>）；函数内跳转偏移不同（jmp    <T> <_ZN6CGuild34NoticeGuildMasterDelegateToMembersEPc+0xbb> | jmp    <T> <_ZN6CGuild34NoticeGuildMasterDelegateToMembersEPc+0xc0>））；其余指令差异 8 处（助记符不同（sete   %al | je     <T> <_ZN6CGuild34NoticeGuildMasterDelegateToMembersEPc+0xb4>）；助记符不同（test   %al,%al | lea    -0x4c(%ebp),%eax））","--- ORIG（伪代码化）
+++ OURS（伪代码化）
@@ -1,85 +1,88 @@
 push   %ebp
 mov    %esp,%ebp
 push   %ebx
 sub    $0x64,%esp
 mov    0x8(%ebp),%eax
 movzwl 0x1c(%eax),%eax
 movzwl %ax,%eax
 and    $0x4,%eax
 test   %eax,%eax",2026-08-11
_ZN6CGuild34NotifyCreateGuildAgitToGuildMemberEj,CGuild::NotifyCreateGuildAgitToGuildMember(unsigned int),codegen_diff,"等价指令形态差异 3 处（等价指令形态差异（sub vs push）；等价指令形态差异（jne vs jmp））；其余指令差异 13 处（助记符不同（movzwl 0x1c(%eax),%eax | sub    $0x44,%esp）；助记符不同（je     <T> <_ZN6CGuild34NotifyCreateGuildAgitToGuildMemberEj+0xe8> | add    $0x1c,%eax））","--- ORIG（伪代码化）
+++ OURS（伪代码化）
@@ -1,71 +1,80 @@
 push   %ebp
 mov    %esp,%ebp
-sub    $0x48,%esp
+push   %ebx
+sub    $0x44,%esp
 mov    0x8(%ebp),%eax
-movzwl 0x1c(%eax),%eax
+add    $0x1c,%eax
+movzwl (%eax),%eax",2026-08-11
_ZN6CGuild34NotifyDeleteGuildAgitToGuildMemberEj,CGuild::NotifyDeleteGuildAgitToGuildMember(unsigned int),codegen_diff,"等价指令形态差异 2 处（等价指令形态差异（sub vs push）；等价指令形态差异（jmp vs je））；基本块布局差异 1 处（函数内跳转偏移不同（jmp    <T> <_ZN6CGuild34NotifyDeleteGuildAgitToGuildMemberEj+0xec> | jmp    <T> <_ZN6CGuild34NotifyDeleteGuildAgitToGuildMemberEj+0xcf>））；其余指令差异 14 处（助记符不同（movzwl 0x1c(%eax),%eax | sub    $0x44,%esp）；助记符不同（je     <T> <_ZN6CGuild34NotifyDeleteGuildAgitToGuildMemberEj+0xec> | add    $0x1c,%eax））","--- ORIG（伪代码化）
+++ OURS（伪代码化）
@@ -1,72 +1,80 @@
 push   %ebp
 mov    %esp,%ebp
-sub    $0x48,%esp
+push   %ebx
+sub    $0x44,%esp
 mov    0x8(%ebp),%eax
-movzwl 0x1c(%eax),%eax
+add    $0x1c,%eax
+movzwl (%eax),%eax",2026-08-11
_ZN6CGuild36NoticeChatMsgToGuildMembersHyperLinkEjPcihPK19hyperlink_item_infoPKc,"CGuild::NoticeChatMsgToGuildMembersHyperLink(unsigned int, char*, int, unsigned char, hyperlink_item_info const*, char const*)",template_macro,源码未定位：第 3 节未能在候选源文件/对象中定位该函数定义（模板头文件、宏生成函数或 typedef 参数形态），无法从源码侧修复；共 64 组指令差异。,"--- ORIG（伪代码化）
+++ OURS（伪代码化）
@@ -1,120 +1,130 @@
 push   %ebp
 mov    %esp,%ebp
-sub    $0x2a8,%esp
+push   %ebx
+sub    $0x2a4,%esp
 mov    0x18(%ebp),%eax
 mov    %al,-0x28c(%ebp)
 cmpl   $0xff,0x14(%ebp)
-jg     <T> <_ZN6CGuild36NoticeChatMsgToGuildMembersHyperLinkEjPcihPK19hyperlink_item_infoPKc+0x1c7>",2026-08-11
_ZN6CGuild7IsEmptyEv,CGuild::IsEmpty(),codegen_diff,共 5 组指令差异,"--- ORIG（伪代码化）
+++ OURS（伪代码化）
@@ -1,13 +1,8 @@
 push   %ebp
 mov    %esp,%ebp
 sub    $0x18,%esp
 mov    0x8(%ebp),%eax
 mov    %eax,(%esp)
 call   <T> <_ZNKSt3mapIjP5CUserSt4lessIjESaISt4pairIKjS1_EEE5emptyEv>
-test   %al,%al
-je     <T> <_ZN6CGuild7IsEmptyEv+0x1c>
-mov    $0x1,%eax",2026-08-11
_ZN6CGuild9LoadGuildER17STGuildDBInfoOnlyPc,"CGuild::LoadGuild(STGuildDBInfoOnly&, char*)",caliber_issue,"寄存器分配差异 8 处（寄存器分配差异（mov    0xc(%ebp),%ecx | mov    0xc(%ebp),%eax）；寄存器分配差异（mov    %edx,%eax | mov    %eax,%ecx））；等价指令形态差异 7 处（等价指令形态差异（push vs sub）；等价指令形态差异（lea vs add））；基本块布局差异 3 处（函数内跳转偏移不同（jmp    <T> <_ZN6CGuild9LoadGuildER17STGuildDBInfoOnlyPc+0xa4> | jmp    <T> <_ZN6CGuild9LoadGuildER17STGuildDBInfoOnlyPc+0xa7>）；函数内跳转偏移不同（je     <T> <_ZN6CGuild9LoadGuildER17STGuildDBInfoOnlyPc+0x10c> | je     <T> <_ZN6CGuild9LoadGuildER17STGuildDBInfoOnlyPc+0x113>））；立即数/常量差异 1 处（立即数不同（add    $0x40,%eax | add    $0x45,%eax））；其余指令差异 32 处（助记符不同（push   %ebx | jne    <T> <_ZN6CGuild9LoadGuildER17STGuildDBInfoOnlyPc+0x173>）；助记符不同（sub    $0x40,%esp | je     <T> <_ZN6CGuild9LoadGuildER17STGuildDBInfoOnlyPc+0x173>））","--- ORIG（伪代码化）
+++ OURS（伪代码化）
@@ -1,115 +1,112 @@
 push   %ebp
 mov    %esp,%ebp
-push   %esi
-push   %ebx
-sub    $0x40,%esp
+sub    $0x48,%esp
 mov    0x8(%ebp),%eax
 movzwl 0x1c(%eax),%eax
 movzwl %ax,%eax",2026-08-11
_ZN6CGuild9SaveGuildEhP14CServerHandlerj,"CGuild::SaveGuild(unsigned char, CServerHandler*, unsigned int)",codegen_diff,"等价指令形态差异 2 处（等价指令形态差异（mov vs lea）；等价指令形态差异（mov vs lea））；基本块布局差异 1 处（函数内跳转偏移不同（je     <T> <_ZN6CGuild9SaveGuildEhP14CServerHandlerj+0x88> | je     <T> <_ZN6CGuild9SaveGuildEhP14CServerHandlerj+0x9c>））；其余指令差异 2 处（助记符不同（movzbl -0xdc(%ebp),%eax | lea    -0xd8(%ebp),%eax）；操作数差异（mov    %eax,-0xcd(%ebp) | mov    %eax,(%edx)））","--- ORIG（伪代码化）
+++ OURS（伪代码化）
@@ -1,36 +1,44 @@
 push   %ebp
 mov    %esp,%ebp
 sub    $0xf8,%esp
 mov    0xc(%ebp),%eax
 mov    %al,-0xdc(%ebp)
 mov    0x8(%ebp),%eax
 movzwl 0x1c(%eax),%eax
 movzwl %ax,%eax
 and    $0x4,%eax",2026-08-11
_ZN6CGuildC1Ej,CGuild::CGuild(unsigned int),codegen_diff,"寄存器分配差异 2 处（寄存器分配差异（mov    0x8(%ebp),%eax | mov    0x8(%ebp),%eax）；寄存器分配差异（movb   $0x0,0x4db0(%eax) | movb   $0x0,0x4db0(%eax)））；其余指令差异 13 处（操作数差异（mov    0xc(%ebp),%edx | mov    0x8(%ebp),%eax）；操作数差异（mov    %edx,0x18(%eax) | mov    0xc(%ebp),%edx））","--- ORIG（伪代码化）
+++ OURS（伪代码化）
@@ -1,93 +1,93 @@
 push   %ebp
 mov    %esp,%ebp
 push   %esi
 push   %ebx
 sub    $0x10,%esp
 mov    0x8(%ebp),%eax
 mov    %eax,(%esp)
 call   <T> <_ZNSt3mapIjP5CUserSt4lessIjESaISt4pairIKjS1_EEEC1Ev>
 mov    0x8(%ebp),%eax",2026-08-11
_ZN6CGuildC2Ej,CGuild::CGuild(unsigned int),codegen_diff,"寄存器分配差异 2 处（寄存器分配差异（mov    0x8(%ebp),%eax | mov    0x8(%ebp),%eax）；寄存器分配差异（movb   $0x0,0x4db0(%eax) | movb   $0x0,0x4db0(%eax)））；其余指令差异 13 处（操作数差异（mov    0xc(%ebp),%edx | mov    0x8(%ebp),%eax）；操作数差异（mov    %edx,0x18(%eax) | mov    0xc(%ebp),%edx））","--- ORIG（伪代码化）
+++ OURS（伪代码化）
@@ -1,93 +1,93 @@
 push   %ebp
 mov    %esp,%ebp
 push   %esi
 push   %ebx
 sub    $0x10,%esp
 mov    0x8(%ebp),%eax
 mov    %eax,(%esp)
 call   <T> <_ZNSt3mapIjP5CUserSt4lessIjESaISt4pairIKjS1_EEEC1Ev>
 mov    0x8(%ebp),%eax",2026-08-11
_ZN7CSignal14dump_core_fileEv,CSignal::dump_core_file(),codegen_diff,"栈帧/局部布局差异 1 处（栈局部偏移不同（lea    -0x14(%ebp),%eax | lea    -0x10(%ebp),%eax））；其余指令差异 2 处（助记符不同（mov    %eax,-0xc(%ebp) | movl   $0xffffffff,-0x10(%ebp)）；助记符不同（movl   $0xffffffff,-0x14(%ebp) | lea    -0x10(%ebp),%eax））","--- ORIG（伪代码化）
+++ OURS（伪代码化）
@@ -1,18 +1,16 @@
 push   %ebp
 mov    %esp,%ebp
 sub    $0x28,%esp
 call   <T> <_Z21CPacketTracerInstancev>
 mov    %eax,(%esp)
 call   <T> <_ZN13CPacketTracer16AbsoluteWriteLogEv>
-lea    -0x14(%ebp),%eax
+lea    -0x10(%ebp),%eax
 mov    %eax,0x4(%esp)",2026-08-11
_ZN7DNFFLib4SwapI14STGuildWarInfoEEvPT_S3_,"void DNFFLib::Swap<STGuildWarInfo>(STGuildWarInfo*, STGuildWarInfo*)",template_macro,源码未定位：第 3 节未能在候选源文件/对象中定位该函数定义（模板头文件、宏生成函数或 typedef 参数形态），无法从源码侧修复；共 4 组指令差异。,"--- ORIG（伪代码化）
+++ OURS（伪代码化）
@@ -1,67 +1,63 @@
 push   %ebp
 mov    %esp,%ebp
 sub    $0x30,%esp
-cmpl   $0x0,0x8(%ebp)
-je     <T> <_ZN7DNFFLib4SwapI14STGuildWarInfoEEvPT_S3_+0xc4>
-cmpl   $0x0,0xc(%ebp)
-je     <T> <_ZN7DNFFLib4SwapI14STGuildWarInfoEEvPT_S3_+0xc4>
 mov    0x8(%ebp),%eax
 mov    (%eax),%edx",2026-08-11
_ZN7MemPoolI10CBlackUserE4freeEPv,MemPool<CBlackUser>::free(void*),other,"其余指令差异 6 处（助记符不同（sub    $0x10,%esp | je     <T> <_ZN7MemPoolI10CBlackUserE4freeEPv+0x1e>）；助记符不同（je     <T> <_ZN7MemPoolI10CBlackUserE4freeEPv+0x28> | lea    0x24(%eax),%edx））","--- ORIG（伪代码化）
+++ OURS（伪代码化）
@@ -1,16 +1,12 @@
 push   %ebp
 mov    %esp,%ebp
-sub    $0x10,%esp
 cmpl   $0x0,0xc(%ebp)
-je     <T> <_ZN7MemPoolI10CBlackUserE4freeEPv+0x28>
+je     <T> <_ZN7MemPoolI10CBlackUserE4freeEPv+0x1e>
 mov    0xc(%ebp),%eax
-mov    %eax,-0x4(%ebp)
-mov    &_ZN7MemPoolI10CBlackUserE15headOfFreeList_E,%edx",2026-08-11
_ZN7MemPoolI10CBlackUserE4freeEPvj,"MemPool<CBlackUser>::free(void*, unsigned int)",caliber_issue,"基本块布局差异 1 处（函数内跳转偏移不同（je     <T> <_ZN7MemPoolI10CBlackUserE4freeEPvj+0x3f> | je     <T> <_ZN7MemPoolI10CBlackUserE4freeEPvj+0x41>））；立即数/常量差异 1 处（立即数不同（sub    $0x28,%esp | sub    $0x18,%esp））；其余指令差异 12 处（助记符不同（cmp    0x10(%ebp),%eax | mov    0x8(%ebp),%eax）；助记符不同（je     <T> <_ZN7MemPoolI10CBlackUserE4freeEPvj+0x23> | mov    (%eax),%edx））","--- ORIG（伪代码化）
+++ OURS（伪代码化）
@@ -1,24 +1,25 @@
 push   %ebp
 mov    %esp,%ebp
-sub    $0x28,%esp
+sub    $0x18,%esp
 cmpl   $0x0,0xc(%ebp)
-je     <T> <_ZN7MemPoolI10CBlackUserE4freeEPvj+0x3f>
+je     <T> <_ZN7MemPoolI10CBlackUserE4freeEPvj+0x41>
+mov    0x8(%ebp),%eax
+mov    (%eax),%edx",2026-08-11
_ZN7MemPoolI10CBlackUserE5allocEv,MemPool<CBlackUser>::alloc(),codegen_diff,"等价指令形态差异 13 处（等价指令形态差异（push vs sub）；等价指令形态差异（je vs jmp））；栈帧/局部布局差异 2 处（栈局部偏移不同（mov    -0x14(%ebp),%eax | mov    -0x18(%ebp),%eax）；栈局部偏移不同（mov    -0x10(%ebp),%eax | mov    -0x18(%ebp),%eax））；其余指令差异 44 处（助记符不同（sub    $0x40,%esp | jne    <T> <_ZN7MemPoolI10CBlackUserE5allocEv+0x178>）；助记符不同（je     <T> <_ZN7MemPoolI10CBlackUserE5allocEv+0x23> | test   %eax,%eax））","--- ORIG（伪代码化）
+++ OURS（伪代码化）
@@ -1,103 +1,126 @@
 push   %ebp
 mov    %esp,%ebp
-push   %esi
 push   %ebx
-sub    $0x40,%esp
+sub    $0x44,%esp
 mov    0x8(%ebp),%eax
 mov    (%eax),%eax
 cmp    $0x28,%eax",2026-08-11
_ZN7MemPoolI10CBlackUserEC1Ej,MemPool<CBlackUser>::MemPool(unsigned int),codegen_diff,"STL 模板实例化差异（GCC 4.1 ORIG vs GCC 4.4 重建的 libstdc++：const_iterator 转换、operator->/operator*、operator!=/operator== 等） 1 处（STL 调用差异（call   <T> <_ZNSt6vectorIPvSaIS0_EEC1Ev> | call   <T> <_ZNSt6vectorIPvSaIS0_EEC1Ev>））；寄存器分配差异 3 处（寄存器分配差异（mov    0x8(%ebp),%eax | mov    0x8(%ebp),%eax）；寄存器分配差异（add    $0x8,%eax | add    $0x8,%eax））","--- ORIG（伪代码化）
+++ OURS（伪代码化）
@@ -1,14 +1,14 @@
 push   %ebp
 mov    %esp,%ebp
 sub    $0x18,%esp
+mov    0x8(%ebp),%eax
+add    $0x8,%eax
+mov    %eax,(%esp)
+call   <T> <_ZNSt6vectorIPvSaIS0_EEC1Ev>
 mov    0x8(%ebp),%eax
 movl   $0x28,(%eax)",2026-08-11
_ZN7MemPoolI10CBlackUserEC2Ej,MemPool<CBlackUser>::MemPool(unsigned int),codegen_diff,"STL 模板实例化差异（GCC 4.1 ORIG vs GCC 4.4 重建的 libstdc++：const_iterator 转换、operator->/operator*、operator!=/operator== 等） 1 处（STL 调用差异（call   <T> <_ZNSt6vectorIPvSaIS0_EEC1Ev> | call   <T> <_ZNSt6vectorIPvSaIS0_EEC1Ev>））；寄存器分配差异 3 处（寄存器分配差异（mov    0x8(%ebp),%eax | mov    0x8(%ebp),%eax）；寄存器分配差异（add    $0x8,%eax | add    $0x8,%eax））","--- ORIG（伪代码化）
+++ OURS（伪代码化）
@@ -1,14 +1,14 @@
 push   %ebp
 mov    %esp,%ebp
 sub    $0x18,%esp
+mov    0x8(%ebp),%eax
+add    $0x8,%eax
+mov    %eax,(%esp)
+call   <T> <_ZNSt6vectorIPvSaIS0_EEC1Ev>
 mov    0x8(%ebp),%eax
 movl   $0x28,(%eax)",2026-08-11
_ZN7MemPoolI11CCashObjectE4freeEPv,MemPool<CCashObject>::free(void*),other,"其余指令差异 6 处（助记符不同（sub    $0x10,%esp | je     <T> <_ZN7MemPoolI11CCashObjectE4freeEPv+0x1e>）；助记符不同（je     <T> <_ZN7MemPoolI11CCashObjectE4freeEPv+0x28> | lea    0x20(%eax),%edx））","--- ORIG（伪代码化）
+++ OURS（伪代码化）
@@ -1,16 +1,12 @@
 push   %ebp
 mov    %esp,%ebp
-sub    $0x10,%esp
 cmpl   $0x0,0xc(%ebp)
-je     <T> <_ZN7MemPoolI11CCashObjectE4freeEPv+0x28>
+je     <T> <_ZN7MemPoolI11CCashObjectE4freeEPv+0x1e>
 mov    0xc(%ebp),%eax
-mov    %eax,-0x4(%ebp)
-mov    &_ZN7MemPoolI11CCashObjectE15headOfFreeList_E,%edx",2026-08-11
_ZN7MemPoolI11CCashObjectE4freeEPvj,"MemPool<CCashObject>::free(void*, unsigned int)",caliber_issue,"基本块布局差异 1 处（函数内跳转偏移不同（je     <T> <_ZN7MemPoolI11CCashObjectE4freeEPvj+0x3f> | je     <T> <_ZN7MemPoolI11CCashObjectE4freeEPvj+0x41>））；立即数/常量差异 1 处（立即数不同（sub    $0x28,%esp | sub    $0x18,%esp））；其余指令差异 12 处（助记符不同（cmp    0x10(%ebp),%eax | mov    0x8(%ebp),%eax）；助记符不同（je     <T> <_ZN7MemPoolI11CCashObjectE4freeEPvj+0x23> | mov    (%eax),%edx））","--- ORIG（伪代码化）
+++ OURS（伪代码化）
@@ -1,24 +1,25 @@
 push   %ebp
 mov    %esp,%ebp
-sub    $0x28,%esp
+sub    $0x18,%esp
 cmpl   $0x0,0xc(%ebp)
-je     <T> <_ZN7MemPoolI11CCashObjectE4freeEPvj+0x3f>
+je     <T> <_ZN7MemPoolI11CCashObjectE4freeEPvj+0x41>
+mov    0x8(%ebp),%eax
+mov    (%eax),%edx",2026-08-11
_ZN7MemPoolI11CCashObjectE5allocEv,MemPool<CCashObject>::alloc(),codegen_diff,"等价指令形态差异 13 处（等价指令形态差异（push vs sub）；等价指令形态差异（je vs jmp））；栈帧/局部布局差异 2 处（栈局部偏移不同（mov    -0x14(%ebp),%eax | mov    -0x18(%ebp),%eax）；栈局部偏移不同（mov    -0x10(%ebp),%eax | mov    -0x18(%ebp),%eax））；其余指令差异 44 处（助记符不同（sub    $0x40,%esp | jne    <T> <_ZN7MemPoolI11CCashObjectE5allocEv+0x178>）；助记符不同（je     <T> <_ZN7MemPoolI11CCashObjectE5allocEv+0x23> | test   %eax,%eax））","--- ORIG（伪代码化）
+++ OURS（伪代码化）
@@ -1,103 +1,126 @@
 push   %ebp
 mov    %esp,%ebp
-push   %esi
 push   %ebx
-sub    $0x40,%esp
+sub    $0x44,%esp
 mov    0x8(%ebp),%eax
 mov    (%eax),%eax
 cmp    $0x24,%eax",2026-08-11
_ZN7MemPoolI11CCashObjectEC1Ej,MemPool<CCashObject>::MemPool(unsigned int),codegen_diff,"STL 模板实例化差异（GCC 4.1 ORIG vs GCC 4.4 重建的 libstdc++：const_iterator 转换、operator->/operator*、operator!=/operator== 等） 1 处（STL 调用差异（call   <T> <_ZNSt6vectorIPvSaIS0_EEC1Ev> | call   <T> <_ZNSt6vectorIPvSaIS0_EEC1Ev>））；寄存器分配差异 3 处（寄存器分配差异（mov    0x8(%ebp),%eax | mov    0x8(%ebp),%eax）；寄存器分配差异（add    $0x8,%eax | add    $0x8,%eax））","--- ORIG（伪代码化）
+++ OURS（伪代码化）
@@ -1,14 +1,14 @@
 push   %ebp
 mov    %esp,%ebp
 sub    $0x18,%esp
+mov    0x8(%ebp),%eax
+add    $0x8,%eax
+mov    %eax,(%esp)
+call   <T> <_ZNSt6vectorIPvSaIS0_EEC1Ev>
 mov    0x8(%ebp),%eax
 movl   $0x24,(%eax)",2026-08-11
_ZN7MemPoolI11CCashObjectEC2Ej,MemPool<CCashObject>::MemPool(unsigned int),codegen_diff,"STL 模板实例化差异（GCC 4.1 ORIG vs GCC 4.4 重建的 libstdc++：const_iterator 转换、operator->/operator*、operator!=/operator== 等） 1 处（STL 调用差异（call   <T> <_ZNSt6vectorIPvSaIS0_EEC1Ev> | call   <T> <_ZNSt6vectorIPvSaIS0_EEC1Ev>））；寄存器分配差异 3 处（寄存器分配差异（mov    0x8(%ebp),%eax | mov    0x8(%ebp),%eax）；寄存器分配差异（add    $0x8,%eax | add    $0x8,%eax））","--- ORIG（伪代码化）
+++ OURS（伪代码化）
@@ -1,14 +1,14 @@
 push   %ebp
 mov    %esp,%ebp
 sub    $0x18,%esp
+mov    0x8(%ebp),%eax
+add    $0x8,%eax
+mov    %eax,(%esp)
+call   <T> <_ZNSt6vectorIPvSaIS0_EEC1Ev>
 mov    0x8(%ebp),%eax
 movl   $0x24,(%eax)",2026-08-11
_ZN7MemPoolI13CPacketBufferE4freeEPv,MemPool<CPacketBuffer>::free(void*),other,"其余指令差异 6 处（助记符不同（sub    $0x10,%esp | je     <T> <_ZN7MemPoolI13CPacketBufferE4freeEPv+0x21>）；助记符不同（je     <T> <_ZN7MemPoolI13CPacketBufferE4freeEPv+0x2b> | lea    0x1800(%eax),%edx））","--- ORIG（伪代码化）
+++ OURS（伪代码化）
@@ -1,16 +1,12 @@
 push   %ebp
 mov    %esp,%ebp
-sub    $0x10,%esp
 cmpl   $0x0,0xc(%ebp)
-je     <T> <_ZN7MemPoolI13CPacketBufferE4freeEPv+0x2b>
+je     <T> <_ZN7MemPoolI13CPacketBufferE4freeEPv+0x21>
 mov    0xc(%ebp),%eax
-mov    %eax,-0x4(%ebp)
-mov    &_ZN7MemPoolI13CPacketBufferE15headOfFreeList_E,%edx",2026-08-11
_ZN7MemPoolI13CPacketBufferE4freeEPvj,"MemPool<CPacketBuffer>::free(void*, unsigned int)",caliber_issue,"基本块布局差异 1 处（函数内跳转偏移不同（je     <T> <_ZN7MemPoolI13CPacketBufferE4freeEPvj+0x42> | je     <T> <_ZN7MemPoolI13CPacketBufferE4freeEPvj+0x41>））；立即数/常量差异 1 处（立即数不同（sub    $0x28,%esp | sub    $0x18,%esp））；其余指令差异 12 处（助记符不同（cmp    0x10(%ebp),%eax | mov    0x8(%ebp),%eax）；助记符不同（je     <T> <_ZN7MemPoolI13CPacketBufferE4freeEPvj+0x23> | mov    (%eax),%edx））","--- ORIG（伪代码化）
+++ OURS（伪代码化）
@@ -1,24 +1,25 @@
 push   %ebp
 mov    %esp,%ebp
-sub    $0x28,%esp
+sub    $0x18,%esp
 cmpl   $0x0,0xc(%ebp)
-je     <T> <_ZN7MemPoolI13CPacketBufferE4freeEPvj+0x42>
+je     <T> <_ZN7MemPoolI13CPacketBufferE4freeEPvj+0x41>
+mov    0x8(%ebp),%eax
+mov    (%eax),%edx",2026-08-11
_ZN7MemPoolI13CPacketBufferE5allocEv,MemPool<CPacketBuffer>::alloc(),caliber_issue,"等价指令形态差异 11 处（等价指令形态差异（push vs sub）；等价指令形态差异（je vs jmp））；栈帧/局部布局差异 2 处（栈局部偏移不同（mov    -0x14(%ebp),%eax | mov    -0x18(%ebp),%eax）；栈局部偏移不同（mov    -0x14(%ebp),%eax | mov    %eax,-0x10(%ebp)））；立即数/常量差异 1 处（立即数不同（movl   $0x7d,0x8(%esp) | movl   $0x0,(%eax)））；其余指令差异 36 处（助记符不同（sub    $0x40,%esp | jne    <T> <_ZN7MemPoolI13CPacketBufferE5allocEv+0x17a>）；助记符不同（je     <T> <_ZN7MemPoolI13CPacketBufferE5allocEv+0x25> | test   %eax,%eax））","--- ORIG（伪代码化）
+++ OURS（伪代码化）
@@ -1,93 +1,126 @@
 push   %ebp
 mov    %esp,%ebp
-push   %esi
 push   %ebx
-sub    $0x40,%esp
+sub    $0x44,%esp
 mov    0x8(%ebp),%eax
 mov    (%eax),%eax
 cmp    $0x1804,%eax",2026-08-11
_ZN7MemPoolI13CPacketBufferEC1Ej,MemPool<CPacketBuffer>::MemPool(unsigned int),codegen_diff,"STL 模板实例化差异（GCC 4.1 ORIG vs GCC 4.4 重建的 libstdc++：const_iterator 转换、operator->/operator*、operator!=/operator== 等） 1 处（STL 调用差异（call   <T> <_ZNSt6vectorIPvSaIS0_EEC1Ev> | call   <T> <_ZNSt6vectorIPvSaIS0_EEC1Ev>））；寄存器分配差异 3 处（寄存器分配差异（mov    0x8(%ebp),%eax | mov    0x8(%ebp),%eax）；寄存器分配差异（add    $0x8,%eax | add    $0x8,%eax））","--- ORIG（伪代码化）
+++ OURS（伪代码化）
@@ -1,14 +1,14 @@
 push   %ebp
 mov    %esp,%ebp
 sub    $0x18,%esp
+mov    0x8(%ebp),%eax
+add    $0x8,%eax
+mov    %eax,(%esp)
+call   <T> <_ZNSt6vectorIPvSaIS0_EEC1Ev>
 mov    0x8(%ebp),%eax
 movl   $0x1804,(%eax)",2026-08-11
_ZN7MemPoolI13CPacketBufferEC2Ej,MemPool<CPacketBuffer>::MemPool(unsigned int),codegen_diff,"STL 模板实例化差异（GCC 4.1 ORIG vs GCC 4.4 重建的 libstdc++：const_iterator 转换、operator->/operator*、operator!=/operator== 等） 1 处（STL 调用差异（call   <T> <_ZNSt6vectorIPvSaIS0_EEC1Ev> | call   <T> <_ZNSt6vectorIPvSaIS0_EEC1Ev>））；寄存器分配差异 3 处（寄存器分配差异（mov    0x8(%ebp),%eax | mov    0x8(%ebp),%eax）；寄存器分配差异（add    $0x8,%eax | add    $0x8,%eax））","--- ORIG（伪代码化）
+++ OURS（伪代码化）
@@ -1,14 +1,14 @@
 push   %ebp
 mov    %esp,%ebp
 sub    $0x18,%esp
+mov    0x8(%ebp),%eax
+add    $0x8,%eax
+mov    %eax,(%esp)
+call   <T> <_ZNSt6vectorIPvSaIS0_EEC1Ev>
 mov    0x8(%ebp),%eax
 movl   $0x1804,(%eax)",2026-08-11
_ZN7MemPoolI14CTcpRecvBufferE4freeEPv,MemPool<CTcpRecvBuffer>::free(void*),other,"其余指令差异 6 处（助记符不同（sub    $0x10,%esp | je     <T> <_ZN7MemPoolI14CTcpRecvBufferE4freeEPv+0x21>）；助记符不同（je     <T> <_ZN7MemPoolI14CTcpRecvBufferE4freeEPv+0x2b> | lea    0x1800(%eax),%edx））","--- ORIG（伪代码化）
+++ OURS（伪代码化）
@@ -1,16 +1,12 @@
 push   %ebp
 mov    %esp,%ebp
-sub    $0x10,%esp
 cmpl   $0x0,0xc(%ebp)
-je     <T> <_ZN7MemPoolI14CTcpRecvBufferE4freeEPv+0x2b>
+je     <T> <_ZN7MemPoolI14CTcpRecvBufferE4freeEPv+0x21>
 mov    0xc(%ebp),%eax
-mov    %eax,-0x4(%ebp)
-mov    &_ZN7MemPoolI14CTcpRecvBufferE15headOfFreeList_E,%edx",2026-08-11
_ZN7MemPoolI14CTcpRecvBufferE4freeEPvj,"MemPool<CTcpRecvBuffer>::free(void*, unsigned int)",caliber_issue,"基本块布局差异 1 处（函数内跳转偏移不同（je     <T> <_ZN7MemPoolI14CTcpRecvBufferE4freeEPvj+0x42> | je     <T> <_ZN7MemPoolI14CTcpRecvBufferE4freeEPvj+0x41>））；立即数/常量差异 1 处（立即数不同（sub    $0x28,%esp | sub    $0x18,%esp））；其余指令差异 12 处（助记符不同（cmp    0x10(%ebp),%eax | mov    0x8(%ebp),%eax）；助记符不同（je     <T> <_ZN7MemPoolI14CTcpRecvBufferE4freeEPvj+0x23> | mov    (%eax),%edx））","--- ORIG（伪代码化）
+++ OURS（伪代码化）
@@ -1,24 +1,25 @@
 push   %ebp
 mov    %esp,%ebp
-sub    $0x28,%esp
+sub    $0x18,%esp
 cmpl   $0x0,0xc(%ebp)
-je     <T> <_ZN7MemPoolI14CTcpRecvBufferE4freeEPvj+0x42>
+je     <T> <_ZN7MemPoolI14CTcpRecvBufferE4freeEPvj+0x41>
+mov    0x8(%ebp),%eax
+mov    (%eax),%edx",2026-08-11
_ZN7MemPoolI14CTcpRecvBufferE5allocEv,MemPool<CTcpRecvBuffer>::alloc(),caliber_issue,"等价指令形态差异 11 处（等价指令形态差异（push vs sub）；等价指令形态差异（je vs jmp））；栈帧/局部布局差异 2 处（栈局部偏移不同（mov    -0x14(%ebp),%eax | mov    -0x18(%ebp),%eax）；栈局部偏移不同（mov    -0x14(%ebp),%eax | mov    %eax,-0x10(%ebp)））；立即数/常量差异 1 处（立即数不同（movl   $0x7d,0x8(%esp) | movl   $0x0,(%eax)））；其余指令差异 36 处（助记符不同（sub    $0x40,%esp | jne    <T> <_ZN7MemPoolI14CTcpRecvBufferE5allocEv+0x17a>）；助记符不同（je     <T> <_ZN7MemPoolI14CTcpRecvBufferE5allocEv+0x25> | test   %eax,%eax））","--- ORIG（伪代码化）
+++ OURS（伪代码化）
@@ -1,93 +1,126 @@
 push   %ebp
 mov    %esp,%ebp
-push   %esi
 push   %ebx
-sub    $0x40,%esp
+sub    $0x44,%esp
 mov    0x8(%ebp),%eax
 mov    (%eax),%eax
 cmp    $0x1804,%eax",2026-08-11
_ZN7MemPoolI14CTcpRecvBufferEC1Ej,MemPool<CTcpRecvBuffer>::MemPool(unsigned int),codegen_diff,"STL 模板实例化差异（GCC 4.1 ORIG vs GCC 4.4 重建的 libstdc++：const_iterator 转换、operator->/operator*、operator!=/operator== 等） 1 处（STL 调用差异（call   <T> <_ZNSt6vectorIPvSaIS0_EEC1Ev> | call   <T> <_ZNSt6vectorIPvSaIS0_EEC1Ev>））；寄存器分配差异 3 处（寄存器分配差异（mov    0x8(%ebp),%eax | mov    0x8(%ebp),%eax）；寄存器分配差异（add    $0x8,%eax | add    $0x8,%eax））","--- ORIG（伪代码化）
+++ OURS（伪代码化）
@@ -1,14 +1,14 @@
 push   %ebp
 mov    %esp,%ebp
 sub    $0x18,%esp
+mov    0x8(%ebp),%eax
+add    $0x8,%eax
+mov    %eax,(%esp)
+call   <T> <_ZNSt6vectorIPvSaIS0_EEC1Ev>
 mov    0x8(%ebp),%eax
 movl   $0x1804,(%eax)",2026-08-11
_ZN7MemPoolI14CTcpRecvBufferEC2Ej,MemPool<CTcpRecvBuffer>::MemPool(unsigned int),codegen_diff,"STL 模板实例化差异（GCC 4.1 ORIG vs GCC 4.4 重建的 libstdc++：const_iterator 转换、operator->/operator*、operator!=/operator== 等） 1 处（STL 调用差异（call   <T> <_ZNSt6vectorIPvSaIS0_EEC1Ev> | call   <T> <_ZNSt6vectorIPvSaIS0_EEC1Ev>））；寄存器分配差异 3 处（寄存器分配差异（mov    0x8(%ebp),%eax | mov    0x8(%ebp),%eax）；寄存器分配差异（add    $0x8,%eax | add    $0x8,%eax））","--- ORIG（伪代码化）
+++ OURS（伪代码化）
@@ -1,14 +1,14 @@
 push   %ebp
 mov    %esp,%ebp
 sub    $0x18,%esp
+mov    0x8(%ebp),%eax
+add    $0x8,%eax
+mov    %eax,(%esp)
+call   <T> <_ZNSt6vectorIPvSaIS0_EEC1Ev>
 mov    0x8(%ebp),%eax
 movl   $0x1804,(%eax)",2026-08-11
_ZN7MemPoolI14CTcpSendBufferE4freeEPv,MemPool<CTcpSendBuffer>::free(void*),other,"其余指令差异 6 处（助记符不同（sub    $0x10,%esp | je     <T> <_ZN7MemPoolI14CTcpSendBufferE4freeEPv+0x21>）；助记符不同（je     <T> <_ZN7MemPoolI14CTcpSendBufferE4freeEPv+0x2b> | lea    0x1800(%eax),%edx））","--- ORIG（伪代码化）
+++ OURS（伪代码化）
@@ -1,16 +1,12 @@
 push   %ebp
 mov    %esp,%ebp
-sub    $0x10,%esp
 cmpl   $0x0,0xc(%ebp)
-je     <T> <_ZN7MemPoolI14CTcpSendBufferE4freeEPv+0x2b>
+je     <T> <_ZN7MemPoolI14CTcpSendBufferE4freeEPv+0x21>
 mov    0xc(%ebp),%eax
-mov    %eax,-0x4(%ebp)
-mov    &_ZN7MemPoolI14CTcpSendBufferE15headOfFreeList_E,%edx",2026-08-11
_ZN7MemPoolI14CTcpSendBufferE4freeEPvj,"MemPool<CTcpSendBuffer>::free(void*, unsigned int)",caliber_issue,"基本块布局差异 1 处（函数内跳转偏移不同（je     <T> <_ZN7MemPoolI14CTcpSendBufferE4freeEPvj+0x42> | je     <T> <_ZN7MemPoolI14CTcpSendBufferE4freeEPvj+0x41>））；立即数/常量差异 1 处（立即数不同（sub    $0x28,%esp | sub    $0x18,%esp））；其余指令差异 12 处（助记符不同（cmp    0x10(%ebp),%eax | mov    0x8(%ebp),%eax）；助记符不同（je     <T> <_ZN7MemPoolI14CTcpSendBufferE4freeEPvj+0x23> | mov    (%eax),%edx））","--- ORIG（伪代码化）
+++ OURS（伪代码化）
@@ -1,24 +1,25 @@
 push   %ebp
 mov    %esp,%ebp
-sub    $0x28,%esp
+sub    $0x18,%esp
 cmpl   $0x0,0xc(%ebp)
-je     <T> <_ZN7MemPoolI14CTcpSendBufferE4freeEPvj+0x42>
+je     <T> <_ZN7MemPoolI14CTcpSendBufferE4freeEPvj+0x41>
+mov    0x8(%ebp),%eax
+mov    (%eax),%edx",2026-08-11
_ZN7MemPoolI14CTcpSendBufferE5allocEv,MemPool<CTcpSendBuffer>::alloc(),caliber_issue,"等价指令形态差异 11 处（等价指令形态差异（push vs sub）；等价指令形态差异（je vs jmp））；栈帧/局部布局差异 2 处（栈局部偏移不同（mov    -0x14(%ebp),%eax | mov    -0x18(%ebp),%eax）；栈局部偏移不同（mov    -0x14(%ebp),%eax | mov    %eax,-0x10(%ebp)））；立即数/常量差异 1 处（立即数不同（movl   $0x7d,0x8(%esp) | movl   $0x0,(%eax)））；其余指令差异 36 处（助记符不同（sub    $0x40,%esp | jne    <T> <_ZN7MemPoolI14CTcpSendBufferE5allocEv+0x17a>）；助记符不同（je     <T> <_ZN7MemPoolI14CTcpSendBufferE5allocEv+0x25> | test   %eax,%eax））","--- ORIG（伪代码化）
+++ OURS（伪代码化）
@@ -1,93 +1,126 @@
 push   %ebp
 mov    %esp,%ebp
-push   %esi
 push   %ebx
-sub    $0x40,%esp
+sub    $0x44,%esp
 mov    0x8(%ebp),%eax
 mov    (%eax),%eax
 cmp    $0x1804,%eax",2026-08-11
_ZN7MemPoolI14CTcpSendBufferEC1Ej,MemPool<CTcpSendBuffer>::MemPool(unsigned int),codegen_diff,"STL 模板实例化差异（GCC 4.1 ORIG vs GCC 4.4 重建的 libstdc++：const_iterator 转换、operator->/operator*、operator!=/operator== 等） 1 处（STL 调用差异（call   <T> <_ZNSt6vectorIPvSaIS0_EEC1Ev> | call   <T> <_ZNSt6vectorIPvSaIS0_EEC1Ev>））；寄存器分配差异 3 处（寄存器分配差异（mov    0x8(%ebp),%eax | mov    0x8(%ebp),%eax）；寄存器分配差异（add    $0x8,%eax | add    $0x8,%eax））","--- ORIG（伪代码化）
+++ OURS（伪代码化）
@@ -1,14 +1,14 @@
 push   %ebp
 mov    %esp,%ebp
 sub    $0x18,%esp
+mov    0x8(%ebp),%eax
+add    $0x8,%eax
+mov    %eax,(%esp)
+call   <T> <_ZNSt6vectorIPvSaIS0_EEC1Ev>
 mov    0x8(%ebp),%eax
 movl   $0x1804,(%eax)",2026-08-11
_ZN7MemPoolI14CTcpSendBufferEC2Ej,MemPool<CTcpSendBuffer>::MemPool(unsigned int),codegen_diff,"STL 模板实例化差异（GCC 4.1 ORIG vs GCC 4.4 重建的 libstdc++：const_iterator 转换、operator->/operator*、operator!=/operator== 等） 1 处（STL 调用差异（call   <T> <_ZNSt6vectorIPvSaIS0_EEC1Ev> | call   <T> <_ZNSt6vectorIPvSaIS0_EEC1Ev>））；寄存器分配差异 3 处（寄存器分配差异（mov    0x8(%ebp),%eax | mov    0x8(%ebp),%eax）；寄存器分配差异（add    $0x8,%eax | add    $0x8,%eax））","--- ORIG（伪代码化）
+++ OURS（伪代码化）
@@ -1,14 +1,14 @@
 push   %ebp
 mov    %esp,%ebp
 sub    $0x18,%esp
+mov    0x8(%ebp),%eax
+add    $0x8,%eax
+mov    %eax,(%esp)
+call   <T> <_ZNSt6vectorIPvSaIS0_EEC1Ev>
 mov    0x8(%ebp),%eax
 movl   $0x1804,(%eax)",2026-08-11
_ZN7MemPoolI14CUdpRecvBufferE4freeEPv,MemPool<CUdpRecvBuffer>::free(void*),other,"其余指令差异 6 处（助记符不同（sub    $0x10,%esp | je     <T> <_ZN7MemPoolI14CUdpRecvBufferE4freeEPv+0x21>）；助记符不同（je     <T> <_ZN7MemPoolI14CUdpRecvBufferE4freeEPv+0x2b> | lea    0x1800(%eax),%edx））","--- ORIG（伪代码化）
+++ OURS（伪代码化）
@@ -1,16 +1,12 @@
 push   %ebp
 mov    %esp,%ebp
-sub    $0x10,%esp
 cmpl   $0x0,0xc(%ebp)
-je     <T> <_ZN7MemPoolI14CUdpRecvBufferE4freeEPv+0x2b>
+je     <T> <_ZN7MemPoolI14CUdpRecvBufferE4freeEPv+0x21>
 mov    0xc(%ebp),%eax
-mov    %eax,-0x4(%ebp)
-mov    &_ZN7MemPoolI14CUdpRecvBufferE15headOfFreeList_E,%edx",2026-08-11
_ZN7MemPoolI14CUdpRecvBufferE4freeEPvj,"MemPool<CUdpRecvBuffer>::free(void*, unsigned int)",caliber_issue,"基本块布局差异 1 处（函数内跳转偏移不同（je     <T> <_ZN7MemPoolI14CUdpRecvBufferE4freeEPvj+0x42> | je     <T> <_ZN7MemPoolI14CUdpRecvBufferE4freeEPvj+0x41>））；立即数/常量差异 1 处（立即数不同（sub    $0x28,%esp | sub    $0x18,%esp））；其余指令差异 12 处（助记符不同（cmp    0x10(%ebp),%eax | mov    0x8(%ebp),%eax）；助记符不同（je     <T> <_ZN7MemPoolI14CUdpRecvBufferE4freeEPvj+0x23> | mov    (%eax),%edx））","--- ORIG（伪代码化）
+++ OURS（伪代码化）
@@ -1,24 +1,25 @@
 push   %ebp
 mov    %esp,%ebp
-sub    $0x28,%esp
+sub    $0x18,%esp
 cmpl   $0x0,0xc(%ebp)
-je     <T> <_ZN7MemPoolI14CUdpRecvBufferE4freeEPvj+0x42>
+je     <T> <_ZN7MemPoolI14CUdpRecvBufferE4freeEPvj+0x41>
+mov    0x8(%ebp),%eax
+mov    (%eax),%edx",2026-08-11
_ZN7MemPoolI14CUdpRecvBufferE5allocEv,MemPool<CUdpRecvBuffer>::alloc(),caliber_issue,"等价指令形态差异 11 处（等价指令形态差异（push vs sub）；等价指令形态差异（je vs jmp））；栈帧/局部布局差异 2 处（栈局部偏移不同（mov    -0x14(%ebp),%eax | mov    -0x18(%ebp),%eax）；栈局部偏移不同（mov    -0x14(%ebp),%eax | mov    %eax,-0x10(%ebp)））；立即数/常量差异 1 处（立即数不同（movl   $0x7d,0x8(%esp) | movl   $0x0,(%eax)））；其余指令差异 36 处（助记符不同（sub    $0x40,%esp | jne    <T> <_ZN7MemPoolI14CUdpRecvBufferE5allocEv+0x17a>）；助记符不同（je     <T> <_ZN7MemPoolI14CUdpRecvBufferE5allocEv+0x25> | test   %eax,%eax））","--- ORIG（伪代码化）
+++ OURS（伪代码化）
@@ -1,93 +1,126 @@
 push   %ebp
 mov    %esp,%ebp
-push   %esi
 push   %ebx
-sub    $0x40,%esp
+sub    $0x44,%esp
 mov    0x8(%ebp),%eax
 mov    (%eax),%eax
 cmp    $0x1804,%eax",2026-08-11
_ZN7MemPoolI14CUdpRecvBufferEC1Ej,MemPool<CUdpRecvBuffer>::MemPool(unsigned int),codegen_diff,"STL 模板实例化差异（GCC 4.1 ORIG vs GCC 4.4 重建的 libstdc++：const_iterator 转换、operator->/operator*、operator!=/operator== 等） 1 处（STL 调用差异（call   <T> <_ZNSt6vectorIPvSaIS0_EEC1Ev> | call   <T> <_ZNSt6vectorIPvSaIS0_EEC1Ev>））；寄存器分配差异 3 处（寄存器分配差异（mov    0x8(%ebp),%eax | mov    0x8(%ebp),%eax）；寄存器分配差异（add    $0x8,%eax | add    $0x8,%eax））","--- ORIG（伪代码化）
+++ OURS（伪代码化）
@@ -1,14 +1,14 @@
 push   %ebp
 mov    %esp,%ebp
 sub    $0x18,%esp
+mov    0x8(%ebp),%eax
+add    $0x8,%eax
+mov    %eax,(%esp)
+call   <T> <_ZNSt6vectorIPvSaIS0_EEC1Ev>
 mov    0x8(%ebp),%eax
 movl   $0x1804,(%eax)",2026-08-11
_ZN7MemPoolI14CUdpRecvBufferEC2Ej,MemPool<CUdpRecvBuffer>::MemPool(unsigned int),codegen_diff,"STL 模板实例化差异（GCC 4.1 ORIG vs GCC 4.4 重建的 libstdc++：const_iterator 转换、operator->/operator*、operator!=/operator== 等） 1 处（STL 调用差异（call   <T> <_ZNSt6vectorIPvSaIS0_EEC1Ev> | call   <T> <_ZNSt6vectorIPvSaIS0_EEC1Ev>））；寄存器分配差异 3 处（寄存器分配差异（mov    0x8(%ebp),%eax | mov    0x8(%ebp),%eax）；寄存器分配差异（add    $0x8,%eax | add    $0x8,%eax））","--- ORIG（伪代码化）
+++ OURS（伪代码化）
@@ -1,14 +1,14 @@
 push   %ebp
 mov    %esp,%ebp
 sub    $0x18,%esp
+mov    0x8(%ebp),%eax
+add    $0x8,%eax
+mov    %eax,(%esp)
+call   <T> <_ZNSt6vectorIPvSaIS0_EEC1Ev>
 mov    0x8(%ebp),%eax
 movl   $0x1804,(%eax)",2026-08-11
_ZN7MemPoolI19STPowerWarGuildInfoE4freeEPv,MemPool<STPowerWarGuildInfo>::free(void*),other,"其余指令差异 6 处（助记符不同（sub    $0x10,%esp | je     <T> <_ZN7MemPoolI19STPowerWarGuildInfoE4freeEPv+0x1e>）；助记符不同（je     <T> <_ZN7MemPoolI19STPowerWarGuildInfoE4freeEPv+0x28> | lea    0x10(%eax),%edx））","--- ORIG（伪代码化）
+++ OURS（伪代码化）
@@ -1,16 +1,12 @@
 push   %ebp
 mov    %esp,%ebp
-sub    $0x10,%esp
 cmpl   $0x0,0xc(%ebp)
-je     <T> <_ZN7MemPoolI19STPowerWarGuildInfoE4freeEPv+0x28>
+je     <T> <_ZN7MemPoolI19STPowerWarGuildInfoE4freeEPv+0x1e>
 mov    0xc(%ebp),%eax
-mov    %eax,-0x4(%ebp)
-mov    &_ZN7MemPoolI19STPowerWarGuildInfoE15headOfFreeList_E,%edx",2026-08-11
_ZN7MemPoolI19STPowerWarGuildInfoE4freeEPvj,"MemPool<STPowerWarGuildInfo>::free(void*, unsigned int)",caliber_issue,"基本块布局差异 1 处（函数内跳转偏移不同（je     <T> <_ZN7MemPoolI19STPowerWarGuildInfoE4freeEPvj+0x3f> | je     <T> <_ZN7MemPoolI19STPowerWarGuildInfoE4freeEPvj+0x41>））；立即数/常量差异 1 处（立即数不同（sub    $0x28,%esp | sub    $0x18,%esp））；其余指令差异 12 处（助记符不同（cmp    0x10(%ebp),%eax | mov    0x8(%ebp),%eax）；助记符不同（je     <T> <_ZN7MemPoolI19STPowerWarGuildInfoE4freeEPvj+0x23> | mov    (%eax),%edx））","--- ORIG（伪代码化）
+++ OURS（伪代码化）
@@ -1,24 +1,25 @@
 push   %ebp
 mov    %esp,%ebp
-sub    $0x28,%esp
+sub    $0x18,%esp
 cmpl   $0x0,0xc(%ebp)
-je     <T> <_ZN7MemPoolI19STPowerWarGuildInfoE4freeEPvj+0x3f>
+je     <T> <_ZN7MemPoolI19STPowerWarGuildInfoE4freeEPvj+0x41>
+mov    0x8(%ebp),%eax
+mov    (%eax),%edx",2026-08-11
_ZN7MemPoolI19STPowerWarGuildInfoE5allocEv,MemPool<STPowerWarGuildInfo>::alloc(),codegen_diff,"等价指令形态差异 13 处（等价指令形态差异（push vs sub）；等价指令形态差异（je vs jmp））；栈帧/局部布局差异 2 处（栈局部偏移不同（mov    -0x14(%ebp),%eax | mov    -0x18(%ebp),%eax）；栈局部偏移不同（mov    -0x10(%ebp),%eax | mov    -0x18(%ebp),%eax））；其余指令差异 44 处（助记符不同（sub    $0x40,%esp | jne    <T> <_ZN7MemPoolI19STPowerWarGuildInfoE5allocEv+0x178>）；助记符不同（je     <T> <_ZN7MemPoolI19STPowerWarGuildInfoE5allocEv+0x23> | test   %eax,%eax））","--- ORIG（伪代码化）
+++ OURS（伪代码化）
@@ -1,103 +1,126 @@
 push   %ebp
 mov    %esp,%ebp
-push   %esi
 push   %ebx
-sub    $0x40,%esp
+sub    $0x44,%esp
 mov    0x8(%ebp),%eax
 mov    (%eax),%eax
 cmp    $0x14,%eax",2026-08-11
_ZN7MemPoolI19STPowerWarGuildInfoEC1Ej,MemPool<STPowerWarGuildInfo>::MemPool(unsigned int),codegen_diff,"STL 模板实例化差异（GCC 4.1 ORIG vs GCC 4.4 重建的 libstdc++：const_iterator 转换、operator->/operator*、operator!=/operator== 等） 1 处（STL 调用差异（call   <T> <_ZNSt6vectorIPvSaIS0_EEC1Ev> | call   <T> <_ZNSt6vectorIPvSaIS0_EEC1Ev>））；寄存器分配差异 3 处（寄存器分配差异（mov    0x8(%ebp),%eax | mov    0x8(%ebp),%eax）；寄存器分配差异（add    $0x8,%eax | add    $0x8,%eax））","--- ORIG（伪代码化）
+++ OURS（伪代码化）
@@ -1,14 +1,14 @@
 push   %ebp
 mov    %esp,%ebp
 sub    $0x18,%esp
+mov    0x8(%ebp),%eax
+add    $0x8,%eax
+mov    %eax,(%esp)
+call   <T> <_ZNSt6vectorIPvSaIS0_EEC1Ev>
 mov    0x8(%ebp),%eax
 movl   $0x14,(%eax)",2026-08-11
_ZN7MemPoolI19STPowerWarGuildInfoEC2Ej,MemPool<STPowerWarGuildInfo>::MemPool(unsigned int),codegen_diff,"STL 模板实例化差异（GCC 4.1 ORIG vs GCC 4.4 重建的 libstdc++：const_iterator 转换、operator->/operator*、operator!=/operator== 等） 1 处（STL 调用差异（call   <T> <_ZNSt6vectorIPvSaIS0_EEC1Ev> | call   <T> <_ZNSt6vectorIPvSaIS0_EEC1Ev>））；寄存器分配差异 3 处（寄存器分配差异（mov    0x8(%ebp),%eax | mov    0x8(%ebp),%eax）；寄存器分配差异（add    $0x8,%eax | add    $0x8,%eax））","--- ORIG（伪代码化）
+++ OURS（伪代码化）
@@ -1,14 +1,14 @@
 push   %ebp
 mov    %esp,%ebp
 sub    $0x18,%esp
+mov    0x8(%ebp),%eax
+add    $0x8,%eax
+mov    %eax,(%esp)
+call   <T> <_ZNSt6vectorIPvSaIS0_EEC1Ev>
 mov    0x8(%ebp),%eax
 movl   $0x14,(%eax)",2026-08-11
_ZN7MemPoolI20STPowerWarCharacInfoE4freeEPv,MemPool<STPowerWarCharacInfo>::free(void*),other,"其余指令差异 6 处（助记符不同（sub    $0x10,%esp | je     <T> <_ZN7MemPoolI20STPowerWarCharacInfoE4freeEPv+0x1e>）；助记符不同（je     <T> <_ZN7MemPoolI20STPowerWarCharacInfoE4freeEPv+0x28> | lea    0xc(%eax),%edx））","--- ORIG（伪代码化）
+++ OURS（伪代码化）
@@ -1,16 +1,12 @@
 push   %ebp
 mov    %esp,%ebp
-sub    $0x10,%esp
 cmpl   $0x0,0xc(%ebp)
-je     <T> <_ZN7MemPoolI20STPowerWarCharacInfoE4freeEPv+0x28>
+je     <T> <_ZN7MemPoolI20STPowerWarCharacInfoE4freeEPv+0x1e>
 mov    0xc(%ebp),%eax
-mov    %eax,-0x4(%ebp)
-mov    &_ZN7MemPoolI20STPowerWarCharacInfoE15headOfFreeList_E,%edx",2026-08-11
_ZN7MemPoolI20STPowerWarCharacInfoE4freeEPvj,"MemPool<STPowerWarCharacInfo>::free(void*, unsigned int)",caliber_issue,"基本块布局差异 1 处（函数内跳转偏移不同（je     <T> <_ZN7MemPoolI20STPowerWarCharacInfoE4freeEPvj+0x3f> | je     <T> <_ZN7MemPoolI20STPowerWarCharacInfoE4freeEPvj+0x41>））；立即数/常量差异 1 处（立即数不同（sub    $0x28,%esp | sub    $0x18,%esp））；其余指令差异 12 处（助记符不同（cmp    0x10(%ebp),%eax | mov    0x8(%ebp),%eax）；助记符不同（je     <T> <_ZN7MemPoolI20STPowerWarCharacInfoE4freeEPvj+0x23> | mov    (%eax),%edx））","--- ORIG（伪代码化）
+++ OURS（伪代码化）
@@ -1,24 +1,25 @@
 push   %ebp
 mov    %esp,%ebp
-sub    $0x28,%esp
+sub    $0x18,%esp
 cmpl   $0x0,0xc(%ebp)
-je     <T> <_ZN7MemPoolI20STPowerWarCharacInfoE4freeEPvj+0x3f>
+je     <T> <_ZN7MemPoolI20STPowerWarCharacInfoE4freeEPvj+0x41>
+mov    0x8(%ebp),%eax
+mov    (%eax),%edx",2026-08-11
_ZN7MemPoolI20STPowerWarCharacInfoE5allocEv,MemPool<STPowerWarCharacInfo>::alloc(),codegen_diff,"等价指令形态差异 14 处（等价指令形态差异（push vs sub）；等价指令形态差异（je vs jmp））；栈帧/局部布局差异 2 处（栈局部偏移不同（mov    -0x14(%ebp),%eax | mov    -0x18(%ebp),%eax）；栈局部偏移不同（mov    -0x10(%ebp),%eax | mov    -0x18(%ebp),%eax））；其余指令差异 44 处（助记符不同（sub    $0x40,%esp | cmp    $0x10,%eax）；助记符不同（cmp    $0xc,%eax | jne    <T> <_ZN7MemPoolI20STPowerWarCharacInfoE5allocEv+0x178>））","--- ORIG（伪代码化）
+++ OURS（伪代码化）
@@ -1,103 +1,126 @@
 push   %ebp
 mov    %esp,%ebp
-push   %esi
 push   %ebx
-sub    $0x40,%esp
+sub    $0x44,%esp
 mov    0x8(%ebp),%eax
 mov    (%eax),%eax
-cmp    $0xc,%eax",2026-08-11
_ZN7MemPoolI20STPowerWarCharacInfoEC1Ej,MemPool<STPowerWarCharacInfo>::MemPool(unsigned int),other,"其余指令差异 5 处（助记符不同（movl   $0xc,(%eax) | add    $0x8,%eax）；操作数差异（mov    0x8(%ebp),%eax | mov    %eax,(%esp)））","--- ORIG（伪代码化）
+++ OURS（伪代码化）
@@ -1,14 +1,14 @@
 push   %ebp
 mov    %esp,%ebp
 sub    $0x18,%esp
 mov    0x8(%ebp),%eax
-movl   $0xc,(%eax)
+add    $0x8,%eax
+mov    %eax,(%esp)
+call   <T> <_ZNSt6vectorIPvSaIS0_EEC1Ev>
+mov    0x8(%ebp),%eax",2026-08-11
_ZN7MemPoolI20STPowerWarCharacInfoEC2Ej,MemPool<STPowerWarCharacInfo>::MemPool(unsigned int),other,"其余指令差异 5 处（助记符不同（movl   $0xc,(%eax) | add    $0x8,%eax）；操作数差异（mov    0x8(%ebp),%eax | mov    %eax,(%esp)））","--- ORIG（伪代码化）
+++ OURS（伪代码化）
@@ -1,14 +1,14 @@
 push   %ebp
 mov    %esp,%ebp
 sub    $0x18,%esp
 mov    0x8(%ebp),%eax
-movl   $0xc,(%eax)
+add    $0x8,%eax
+mov    %eax,(%esp)
+call   <T> <_ZNSt6vectorIPvSaIS0_EEC1Ev>
+mov    0x8(%ebp),%eax",2026-08-11
_ZN7MemPoolI5CPeerE4freeEPv,MemPool<CPeer>::free(void*),other,"其余指令差异 6 处（助记符不同（sub    $0x10,%esp | je     <T> <_ZN7MemPoolI5CPeerE4freeEPv+0x21>）；助记符不同（je     <T> <_ZN7MemPoolI5CPeerE4freeEPv+0x2b> | lea    0x9783c(%eax),%edx））","--- ORIG（伪代码化）
+++ OURS（伪代码化）
@@ -1,16 +1,12 @@
 push   %ebp
 mov    %esp,%ebp
-sub    $0x10,%esp
 cmpl   $0x0,0xc(%ebp)
-je     <T> <_ZN7MemPoolI5CPeerE4freeEPv+0x2b>
+je     <T> <_ZN7MemPoolI5CPeerE4freeEPv+0x21>
 mov    0xc(%ebp),%eax
-mov    %eax,-0x4(%ebp)
-mov    &_ZN7MemPoolI5CPeerE15headOfFreeList_E,%edx",2026-08-11
_ZN7MemPoolI5CPeerE4freeEPvj,"MemPool<CPeer>::free(void*, unsigned int)",caliber_issue,"基本块布局差异 1 处（函数内跳转偏移不同（je     <T> <_ZN7MemPoolI5CPeerE4freeEPvj+0x42> | je     <T> <_ZN7MemPoolI5CPeerE4freeEPvj+0x41>））；立即数/常量差异 1 处（立即数不同（sub    $0x28,%esp | sub    $0x18,%esp））；其余指令差异 12 处（助记符不同（cmp    0x10(%ebp),%eax | mov    0x8(%ebp),%eax）；助记符不同（je     <T> <_ZN7MemPoolI5CPeerE4freeEPvj+0x23> | mov    (%eax),%edx））","--- ORIG（伪代码化）
+++ OURS（伪代码化）
@@ -1,24 +1,25 @@
 push   %ebp
 mov    %esp,%ebp
-sub    $0x28,%esp
+sub    $0x18,%esp
 cmpl   $0x0,0xc(%ebp)
-je     <T> <_ZN7MemPoolI5CPeerE4freeEPvj+0x42>
+je     <T> <_ZN7MemPoolI5CPeerE4freeEPvj+0x41>
+mov    0x8(%ebp),%eax
+mov    (%eax),%edx",2026-08-11
_ZN7MemPoolI5CPeerE5allocEv,MemPool<CPeer>::alloc(),caliber_issue,"等价指令形态差异 11 处（等价指令形态差异（push vs sub）；等价指令形态差异（je vs jmp））；栈帧/局部布局差异 2 处（栈局部偏移不同（mov    -0x14(%ebp),%eax | mov    -0x18(%ebp),%eax）；栈局部偏移不同（mov    -0x14(%ebp),%eax | mov    %eax,-0x10(%ebp)））；立即数/常量差异 1 处（立即数不同（movl   $0x7d,0x8(%esp) | movl   $0x0,(%eax)））；其余指令差异 36 处（助记符不同（sub    $0x40,%esp | jne    <T> <_ZN7MemPoolI5CPeerE5allocEv+0x17a>）；助记符不同（je     <T> <_ZN7MemPoolI5CPeerE5allocEv+0x25> | test   %eax,%eax））","--- ORIG（伪代码化）
+++ OURS（伪代码化）
@@ -1,93 +1,126 @@
 push   %ebp
 mov    %esp,%ebp
-push   %esi
 push   %ebx
-sub    $0x40,%esp
+sub    $0x44,%esp
 mov    0x8(%ebp),%eax
 mov    (%eax),%eax
 cmp    $0x97840,%eax",2026-08-11
_ZN7MemPoolI5CPeerEC1Ej,MemPool<CPeer>::MemPool(unsigned int),codegen_diff,"STL 模板实例化差异（GCC 4.1 ORIG vs GCC 4.4 重建的 libstdc++：const_iterator 转换、operator->/operator*、operator!=/operator== 等） 1 处（STL 调用差异（call   <T> <_ZNSt6vectorIPvSaIS0_EEC1Ev> | call   <T> <_ZNSt6vectorIPvSaIS0_EEC1Ev>））；寄存器分配差异 3 处（寄存器分配差异（mov    0x8(%ebp),%eax | mov    0x8(%ebp),%eax）；寄存器分配差异（add    $0x8,%eax | add    $0x8,%eax））","--- ORIG（伪代码化）
+++ OURS（伪代码化）
@@ -1,14 +1,14 @@
 push   %ebp
 mov    %esp,%ebp
 sub    $0x18,%esp
+mov    0x8(%ebp),%eax
+add    $0x8,%eax
+mov    %eax,(%esp)
+call   <T> <_ZNSt6vectorIPvSaIS0_EEC1Ev>
 mov    0x8(%ebp),%eax
 movl   $0x97840,(%eax)",2026-08-11
_ZN7MemPoolI5CPeerEC2Ej,MemPool<CPeer>::MemPool(unsigned int),codegen_diff,"STL 模板实例化差异（GCC 4.1 ORIG vs GCC 4.4 重建的 libstdc++：const_iterator 转换、operator->/operator*、operator!=/operator== 等） 1 处（STL 调用差异（call   <T> <_ZNSt6vectorIPvSaIS0_EEC1Ev> | call   <T> <_ZNSt6vectorIPvSaIS0_EEC1Ev>））；寄存器分配差异 3 处（寄存器分配差异（mov    0x8(%ebp),%eax | mov    0x8(%ebp),%eax）；寄存器分配差异（add    $0x8,%eax | add    $0x8,%eax））","--- ORIG（伪代码化）
+++ OURS（伪代码化）
@@ -1,14 +1,14 @@
 push   %ebp
 mov    %esp,%ebp
 sub    $0x18,%esp
+mov    0x8(%ebp),%eax
+add    $0x8,%eax
+mov    %eax,(%esp)
+call   <T> <_ZNSt6vectorIPvSaIS0_EEC1Ev>
 mov    0x8(%ebp),%eax
 movl   $0x97840,(%eax)",2026-08-11
_ZN7MemPoolI5CUserE4freeEPv,MemPool<CUser>::free(void*),other,"其余指令差异 6 处（助记符不同（sub    $0x10,%esp | je     <T> <_ZN7MemPoolI5CUserE4freeEPv+0x21>）；助记符不同（je     <T> <_ZN7MemPoolI5CUserE4freeEPv+0x2b> | lea    0x88(%eax),%edx））","--- ORIG（伪代码化）
+++ OURS（伪代码化）
@@ -1,16 +1,12 @@
 push   %ebp
 mov    %esp,%ebp
-sub    $0x10,%esp
 cmpl   $0x0,0xc(%ebp)
-je     <T> <_ZN7MemPoolI5CUserE4freeEPv+0x2b>
+je     <T> <_ZN7MemPoolI5CUserE4freeEPv+0x21>
 mov    0xc(%ebp),%eax
-mov    %eax,-0x4(%ebp)
-mov    &_ZN7MemPoolI5CUserE15headOfFreeList_E,%edx",2026-08-11
_ZN7MemPoolI5CUserE4freeEPvj,"MemPool<CUser>::free(void*, unsigned int)",caliber_issue,"基本块布局差异 1 处（函数内跳转偏移不同（je     <T> <_ZN7MemPoolI5CUserE4freeEPvj+0x42> | je     <T> <_ZN7MemPoolI5CUserE4freeEPvj+0x41>））；立即数/常量差异 1 处（立即数不同（sub    $0x28,%esp | sub    $0x18,%esp））；其余指令差异 12 处（助记符不同（cmp    0x10(%ebp),%eax | mov    0x8(%ebp),%eax）；助记符不同（je     <T> <_ZN7MemPoolI5CUserE4freeEPvj+0x23> | mov    (%eax),%edx））","--- ORIG（伪代码化）
+++ OURS（伪代码化）
@@ -1,24 +1,25 @@
 push   %ebp
 mov    %esp,%ebp
-sub    $0x28,%esp
+sub    $0x18,%esp
 cmpl   $0x0,0xc(%ebp)
-je     <T> <_ZN7MemPoolI5CUserE4freeEPvj+0x42>
+je     <T> <_ZN7MemPoolI5CUserE4freeEPvj+0x41>
+mov    0x8(%ebp),%eax
+mov    (%eax),%edx",2026-08-11
_ZN7MemPoolI5CUserE5allocEv,MemPool<CUser>::alloc(),caliber_issue,"等价指令形态差异 11 处（等价指令形态差异（push vs sub）；等价指令形态差异（je vs jmp））；栈帧/局部布局差异 2 处（栈局部偏移不同（mov    -0x14(%ebp),%eax | mov    -0x18(%ebp),%eax）；栈局部偏移不同（mov    -0x14(%ebp),%eax | mov    %eax,-0x10(%ebp)））；立即数/常量差异 1 处（立即数不同（movl   $0x7d,0x8(%esp) | movl   $0x0,(%eax)））；其余指令差异 36 处（助记符不同（sub    $0x40,%esp | jne    <T> <_ZN7MemPoolI5CUserE5allocEv+0x17a>）；助记符不同（je     <T> <_ZN7MemPoolI5CUserE5allocEv+0x25> | test   %eax,%eax））","--- ORIG（伪代码化）
+++ OURS（伪代码化）
@@ -1,93 +1,126 @@
 push   %ebp
 mov    %esp,%ebp
-push   %esi
 push   %ebx
-sub    $0x40,%esp
+sub    $0x44,%esp
 mov    0x8(%ebp),%eax
 mov    (%eax),%eax
 cmp    $0x8c,%eax",2026-08-11
_ZN7MemPoolI5CUserEC1Ej,MemPool<CUser>::MemPool(unsigned int),codegen_diff,"STL 模板实例化差异（GCC 4.1 ORIG vs GCC 4.4 重建的 libstdc++：const_iterator 转换、operator->/operator*、operator!=/operator== 等） 1 处（STL 调用差异（call   <T> <_ZNSt6vectorIPvSaIS0_EEC1Ev> | call   <T> <_ZNSt6vectorIPvSaIS0_EEC1Ev>））；寄存器分配差异 3 处（寄存器分配差异（mov    0x8(%ebp),%eax | mov    0x8(%ebp),%eax）；寄存器分配差异（add    $0x8,%eax | add    $0x8,%eax））","--- ORIG（伪代码化）
+++ OURS（伪代码化）
@@ -1,14 +1,14 @@
 push   %ebp
 mov    %esp,%ebp
 sub    $0x18,%esp
+mov    0x8(%ebp),%eax
+add    $0x8,%eax
+mov    %eax,(%esp)
+call   <T> <_ZNSt6vectorIPvSaIS0_EEC1Ev>
 mov    0x8(%ebp),%eax
 movl   $0x8c,(%eax)",2026-08-11
_ZN7MemPoolI5CUserEC2Ej,MemPool<CUser>::MemPool(unsigned int),codegen_diff,"STL 模板实例化差异（GCC 4.1 ORIG vs GCC 4.4 重建的 libstdc++：const_iterator 转换、operator->/operator*、operator!=/operator== 等） 1 处（STL 调用差异（call   <T> <_ZNSt6vectorIPvSaIS0_EEC1Ev> | call   <T> <_ZNSt6vectorIPvSaIS0_EEC1Ev>））；寄存器分配差异 3 处（寄存器分配差异（mov    0x8(%ebp),%eax | mov    0x8(%ebp),%eax）；寄存器分配差异（add    $0x8,%eax | add    $0x8,%eax））","--- ORIG（伪代码化）
+++ OURS（伪代码化）
@@ -1,14 +1,14 @@
 push   %ebp
 mov    %esp,%ebp
 sub    $0x18,%esp
+mov    0x8(%ebp),%eax
+add    $0x8,%eax
+mov    %eax,(%esp)
+call   <T> <_ZNSt6vectorIPvSaIS0_EEC1Ev>
 mov    0x8(%ebp),%eax
 movl   $0x8c,(%eax)",2026-08-11
_ZN7MemPoolI6CGuildE4freeEPv,MemPool<CGuild>::free(void*),other,"其余指令差异 6 处（助记符不同（sub    $0x10,%esp | je     <T> <_ZN7MemPoolI6CGuildE4freeEPv+0x21>）；助记符不同（je     <T> <_ZN7MemPoolI6CGuildE4freeEPv+0x2b> | lea    0x6714(%eax),%edx））","--- ORIG（伪代码化）
+++ OURS（伪代码化）
@@ -1,16 +1,12 @@
 push   %ebp
 mov    %esp,%ebp
-sub    $0x10,%esp
 cmpl   $0x0,0xc(%ebp)
-je     <T> <_ZN7MemPoolI6CGuildE4freeEPv+0x2b>
+je     <T> <_ZN7MemPoolI6CGuildE4freeEPv+0x21>
 mov    0xc(%ebp),%eax
-mov    %eax,-0x4(%ebp)
-mov    &_ZN7MemPoolI6CGuildE15headOfFreeList_E,%edx",2026-08-11
_ZN7MemPoolI6CGuildE4freeEPvj,"MemPool<CGuild>::free(void*, unsigned int)",caliber_issue,"基本块布局差异 1 处（函数内跳转偏移不同（je     <T> <_ZN7MemPoolI6CGuildE4freeEPvj+0x42> | je     <T> <_ZN7MemPoolI6CGuildE4freeEPvj+0x41>））；立即数/常量差异 1 处（立即数不同（sub    $0x28,%esp | sub    $0x18,%esp））；其余指令差异 12 处（助记符不同（cmp    0x10(%ebp),%eax | mov    0x8(%ebp),%eax）；助记符不同（je     <T> <_ZN7MemPoolI6CGuildE4freeEPvj+0x23> | mov    (%eax),%edx））","--- ORIG（伪代码化）
+++ OURS（伪代码化）
@@ -1,24 +1,25 @@
 push   %ebp
 mov    %esp,%ebp
-sub    $0x28,%esp
+sub    $0x18,%esp
 cmpl   $0x0,0xc(%ebp)
-je     <T> <_ZN7MemPoolI6CGuildE4freeEPvj+0x42>
+je     <T> <_ZN7MemPoolI6CGuildE4freeEPvj+0x41>
+mov    0x8(%ebp),%eax
+mov    (%eax),%edx",2026-08-11
_ZN7MemPoolI6CGuildE5allocEv,MemPool<CGuild>::alloc(),caliber_issue,"等价指令形态差异 11 处（等价指令形态差异（push vs sub）；等价指令形态差异（je vs jmp））；栈帧/局部布局差异 2 处（栈局部偏移不同（mov    -0x14(%ebp),%eax | mov    -0x18(%ebp),%eax）；栈局部偏移不同（mov    -0x14(%ebp),%eax | mov    %eax,-0x10(%ebp)））；立即数/常量差异 1 处（立即数不同（movl   $0x7d,0x8(%esp) | movl   $0x0,(%eax)））；其余指令差异 36 处（助记符不同（sub    $0x40,%esp | jne    <T> <_ZN7MemPoolI6CGuildE5allocEv+0x17a>）；助记符不同（je     <T> <_ZN7MemPoolI6CGuildE5allocEv+0x25> | test   %eax,%eax））","--- ORIG（伪代码化）
+++ OURS（伪代码化）
@@ -1,93 +1,126 @@
 push   %ebp
 mov    %esp,%ebp
-push   %esi
 push   %ebx
-sub    $0x40,%esp
+sub    $0x44,%esp
 mov    0x8(%ebp),%eax
 mov    (%eax),%eax
 cmp    $0x6718,%eax",2026-08-11
_ZN7MemPoolI6CGuildEC1Ej,MemPool<CGuild>::MemPool(unsigned int),codegen_diff,"STL 模板实例化差异（GCC 4.1 ORIG vs GCC 4.4 重建的 libstdc++：const_iterator 转换、operator->/operator*、operator!=/operator== 等） 1 处（STL 调用差异（call   <T> <_ZNSt6vectorIPvSaIS0_EEC1Ev> | call   <T> <_ZNSt6vectorIPvSaIS0_EEC1Ev>））；寄存器分配差异 3 处（寄存器分配差异（mov    0x8(%ebp),%eax | mov    0x8(%ebp),%eax）；寄存器分配差异（add    $0x8,%eax | add    $0x8,%eax））","--- ORIG（伪代码化）
+++ OURS（伪代码化）
@@ -1,14 +1,14 @@
 push   %ebp
 mov    %esp,%ebp
 sub    $0x18,%esp
+mov    0x8(%ebp),%eax
+add    $0x8,%eax
+mov    %eax,(%esp)
+call   <T> <_ZNSt6vectorIPvSaIS0_EEC1Ev>
 mov    0x8(%ebp),%eax
 movl   $0x6718,(%eax)",2026-08-11
_ZN7MemPoolI6CGuildEC2Ej,MemPool<CGuild>::MemPool(unsigned int),codegen_diff,"STL 模板实例化差异（GCC 4.1 ORIG vs GCC 4.4 重建的 libstdc++：const_iterator 转换、operator->/operator*、operator!=/operator== 等） 1 处（STL 调用差异（call   <T> <_ZNSt6vectorIPvSaIS0_EEC1Ev> | call   <T> <_ZNSt6vectorIPvSaIS0_EEC1Ev>））；寄存器分配差异 3 处（寄存器分配差异（mov    0x8(%ebp),%eax | mov    0x8(%ebp),%eax）；寄存器分配差异（add    $0x8,%eax | add    $0x8,%eax））","--- ORIG（伪代码化）
+++ OURS（伪代码化）
@@ -1,14 +1,14 @@
 push   %ebp
 mov    %esp,%ebp
 sub    $0x18,%esp
+mov    0x8(%ebp),%eax
+add    $0x8,%eax
+mov    %eax,(%esp)
+call   <T> <_ZNSt6vectorIPvSaIS0_EEC1Ev>
 mov    0x8(%ebp),%eax
 movl   $0x6718,(%eax)",2026-08-11
_ZN8CAppBase5ClearEv,CAppBase::Clear(),other,"其余指令差异 1 处（助记符不同（sub    $0x18,%esp | pop    %ebp））","--- ORIG（伪代码化）
+++ OURS（伪代码化）
@@ -1,12 +1,4 @@
 push   %ebp
 mov    %esp,%ebp
-sub    $0x18,%esp
-mov    0x8(%ebp),%eax
-mov    (%eax),%eax
-add    $0x14,%eax
-mov    (%eax),%edx
-mov    0x8(%ebp),%eax
-mov    %eax,(%esp)",2026-08-11
_ZN8CAppBase6CreateEiPPc,"CAppBase::Create(int, char**)",codegen_diff,"寄存器分配差异 13 处（寄存器分配差异（mov    (%eax),%edx | mov    (%eax),%eax）；寄存器分配差异（mov    0x10(%ebp),%eax | mov    0x10(%ebp),%edx））；其余指令差异 2 处（操作数差异（mov    %eax,(%esp) | mov    0x8(%ebp),%edx）；助记符不同（call   *%edx | mov    %edx,(%esp)））","--- ORIG（伪代码化）
+++ OURS（伪代码化）
@@ -1,27 +1,34 @@
 push   %ebp
 mov    %esp,%ebp
 sub    $0x18,%esp
 mov    0x8(%ebp),%eax
 mov    (%eax),%eax
 add    $0xc,%eax
-mov    (%eax),%edx
-mov    0x10(%ebp),%eax
-mov    %eax,0x8(%esp)",2026-08-11
_ZN8CodePage12initCodePageEv,CodePage::initCodePage(),other,"其余指令差异 1 处（操作数差异（movl   $""GBK"",0x4(%esp) | movl   $""BIG5"",0x4(%esp)））","--- ORIG（伪代码化）
+++ OURS（伪代码化）
@@ -1,14 +1,14 @@
 push   %ebp
 mov    %esp,%ebp
 sub    $0x18,%esp
 movl   $""UTF-8"",0x4(%esp)
 movl   $&_ZL15gClientEncoding,(%esp)
 call   <T> <_ZNSsaSEPKc>
-movl   $""GBK"",0x4(%esp)
+movl   $""BIG5"",0x4(%esp)
 movl   $&_ZL15gScriptEncoding,(%esp)",2026-08-11
_ZN8WongWork11CGMAccounts10LoadGmListEji,"WongWork::CGMAccounts::LoadGmList(unsigned int, int)",codegen_diff,"栈帧/局部布局差异 1 处（栈局部偏移不同（mov    %eax,-0xc(%ebp) | mov    %al,-0xc(%ebp)））","--- ORIG（伪代码化）
+++ OURS（伪代码化）
@@ -1,14 +1,14 @@
 push   %ebp
 mov    %esp,%ebp
 sub    $0x28,%esp
 mov    0xc(%ebp),%eax
 mov    %eax,-0x10(%ebp)
 mov    0x10(%ebp),%eax
-mov    %eax,-0xc(%ebp)
+mov    %al,-0xc(%ebp)
 mov    0x8(%ebp),%eax",2026-08-11
_ZN8WongWork11CGMAccounts12AppendGM_SysEjc,"WongWork::CGMAccounts::AppendGM_Sys(unsigned int, char)",codegen_diff,"等价指令形态差异 3 处（等价指令形态差异（push vs sub）；等价指令形态差异（mov vs movzbl））；栈帧/局部布局差异 2 处（栈局部偏移不同（mov    %eax,-0x18(%ebp) | mov    %eax,-0xc(%ebp)）；栈局部偏移不同（lea    -0x10(%ebp),%eax | lea    -0x1c(%ebp),%eax））；其余指令差异 6 处（助记符不同（sub    $0x34,%esp | mov    %al,-0x2c(%ebp)）；助记符不同（movl   $0x0,-0x18(%ebp) | mov    %al,-0x10(%ebp)））","--- ORIG（伪代码化）
+++ OURS（伪代码化）
@@ -1,37 +1,33 @@
 push   %ebp
 mov    %esp,%ebp
-push   %ebx
-sub    $0x34,%esp
+sub    $0x48,%esp
 mov    0x10(%ebp),%eax
-mov    %al,-0x1c(%ebp)
-movl   $0x0,-0x18(%ebp)
-movl   $0x0,-0x14(%ebp)",2026-08-11
_ZN8WongWork11CGMAccounts14loadGMAccountsEPKc,WongWork::CGMAccounts::loadGMAccounts(char const*),codegen_diff,共 1 组指令差异,"--- ORIG（伪代码化）
+++ OURS（伪代码化）
@@ -1,5 +1,4 @@
 push   %ebp
 mov    %esp,%ebp
-mov    $0x1,%eax
 pop    %ebp
 ret",2026-08-11
_ZN8WongWork11CGMAccounts4isGMEj,WongWork::CGMAccounts::isGM(unsigned int),codegen_diff,"寄存器分配差异 1 处（寄存器分配差异（mov    -0x10(%ebp),%edx | mov    -0x10(%ebp),%edx））；等价指令形态差异 2 处（等价指令形态差异（lea vs mov）；等价指令形态差异（lea vs mov））；其余指令差异 15 处（助记符不同（movl   $0x0,-0x20(%ebp) | mov    %eax,-0x1c(%ebp)）；助记符不同（movl   $0x0,-0x1c(%ebp) | movb   $0x3,-0x18(%ebp)））","--- ORIG（伪代码化）
+++ OURS（伪代码化）
@@ -1,48 +1,42 @@
 push   %ebp
 mov    %esp,%ebp
 sub    $0x38,%esp
-movl   $0x0,-0x20(%ebp)
-movl   $0x0,-0x1c(%ebp)
-movl   $0x3,-0x1c(%ebp)
 mov    0xc(%ebp),%eax
-mov    %eax,-0x20(%ebp)
+mov    %eax,-0x1c(%ebp)",2026-08-11
_ZN8WongWork11CGMAccounts8appendGMEjj,"WongWork::CGMAccounts::appendGM(unsigned int, unsigned int)",other,"其余指令差异 1 处（助记符不同（sub    $0x10,%esp | pop    %ebp））","--- ORIG（伪代码化）
+++ OURS（伪代码化）
@@ -1,6 +1,4 @@
 push   %ebp
 mov    %esp,%ebp
-sub    $0x10,%esp
-mov    $0x0,%eax
-leave
+pop    %ebp
 ret",2026-08-11
_ZN8WongWork11CGMAccounts8removeGMEjj,"WongWork::CGMAccounts::removeGM(unsigned int, unsigned int)",other,"其余指令差异 1 处（助记符不同（sub    $0x20,%esp | pop    %ebp））","--- ORIG（伪代码化）
+++ OURS（伪代码化）
@@ -1,6 +1,4 @@
 push   %ebp
 mov    %esp,%ebp
-sub    $0x20,%esp
-mov    $0x0,%eax
-leave
+pop    %ebp
 ret",2026-08-11
_ZN9CDBServer10InitializeEv,CDBServer::Initialize(),codegen_diff,共 6 组指令差异,"--- ORIG（伪代码化）
+++ OURS（伪代码化）
@@ -1,14 +1,8 @@
 push   %ebp
 mov    %esp,%ebp
 sub    $0x18,%esp
 mov    0x8(%ebp),%eax
 mov    %eax,(%esp)
 call   <T> <_ZN16CServerInterface10InitializeEv>
-xor    $0x1,%eax
-test   %al,%al
-je     <T> <_ZN9CDBServer10InitializeEv+0x1f>",2026-08-11
_ZN9CDBServer7DestroyEv,CDBServer::Destroy(),codegen_diff,共 6 组指令差异,"--- ORIG（伪代码化）
+++ OURS（伪代码化）
@@ -1,14 +1,8 @@
 push   %ebp
 mov    %esp,%ebp
 sub    $0x18,%esp
 mov    0x8(%ebp),%eax
 mov    %eax,(%esp)
 call   <T> <_ZN16CServerInterface7DestroyEv>
-xor    $0x1,%eax
-test   %al,%al
-je     <T> <_ZN9CDBServer7DestroyEv+0x1f>",2026-08-11
_ZN9CGuildWar11RankProcessEv,CGuildWar::RankProcess(),codegen_diff,"等价指令形态差异 2 处（等价指令形态差异（movzbl vs mov）；等价指令形态差异（jmp vs jne））；基本块布局差异 3 处（函数内跳转偏移不同（je     <T> <_ZN9CGuildWar11RankProcessEv+0x157> | je     <T> <_ZN9CGuildWar11RankProcessEv+0x2c>）；函数内跳转偏移不同（jmp    <T> <_ZN9CGuildWar11RankProcessEv+0x15b> | jmp    <T> <_ZN9CGuildWar11RankProcessEv+0xf0>））；其余指令差异 23 处（助记符不同（xor    $0x1,%eax | je     <T> <_ZN9CGuildWar11RankProcessEv+0x2c>）；助记符不同（jne    <T> <_ZN9CGuildWar11RankProcessEv+0x154> | add    $0x10,%eax））","--- ORIG（伪代码化）
+++ OURS（伪代码化）
@@ -1,116 +1,119 @@
 push   %ebp
 mov    %esp,%ebp
 push   %edi
 push   %esi
 push   %ebx
 sub    $0x2c,%esp
 mov    0x8(%ebp),%eax
 mov    %eax,(%esp)
 call   <T> <_ZN9CGuildWar17IsGuildWarEventOnEv>",2026-08-11
_ZN9CGuildWar12SameRankWorkEv,CGuildWar::SameRankWork(),caliber_issue,"寄存器分配差异 2 处（寄存器分配差异（test   %eax,%eax | test   %eax,%eax）；寄存器分配差异（test   %al,%al | test   %al,%al））；等价指令形态差异 11 处（等价指令形态差异（lea vs mov）；等价指令形态差异（lea vs mov））；基本块布局差异 2 处（函数内跳转偏移不同（jmp    <T> <_ZN9CGuildWar12SameRankWorkEv+0xc3> | jmp    <T> <_ZN9CGuildWar12SameRankWorkEv+0xb3>）；函数内跳转偏移不同（je     <T> <_ZN9CGuildWar12SameRankWorkEv+0x160> | je     <T> <_ZN9CGuildWar12SameRankWorkEv+0x1ce>））；立即数/常量差异 1 处（立即数不同（sub    $0x54,%esp | sub    $0x44,%esp））；其余指令差异 52 处（助记符不同（je     <T> <_ZN9CGuildWar12SameRankWorkEv+0x20> | mov    %eax,-0x20(%ebp)）；助记符不同（jmp    <T> <_ZN9CGuildWar12SameRankWorkEv+0x216> | mov    -0x20(%ebp),%eax））","--- ORIG（伪代码化）
+++ OURS（伪代码化）
@@ -1,166 +1,147 @@
 push   %ebp
 mov    %esp,%ebp
 push   %ebx
-sub    $0x54,%esp
+sub    $0x44,%esp
 mov    0x8(%ebp),%eax
+mov    %eax,-0x20(%ebp)
+mov    -0x20(%ebp),%eax
 mov    %eax,(%esp)",2026-08-11
_ZN9CGuildWar13DBSaveProcessEP12CApplication,CGuildWar::DBSaveProcess(CApplication*),codegen_diff,"寄存器分配差异 1 处（寄存器分配差异（mov    %eax,0x8(%esp) | mov    %edx,0x8(%esp)））；等价指令形态差异 3 处（等价指令形态差异（sub vs push）；等价指令形态差异（add vs lea））；其余指令差异 9 处（助记符不同（jne    <T> <_ZN9CGuildWar13DBSaveProcessEP12CApplication+0x97> | sub    $0x74,%esp）；助记符不同（lea    0x1(%eax),%edx | jne    <T> <_ZN9CGuildWar13DBSaveProcessEP12CApplication+0xa3>））","--- ORIG（伪代码化）
+++ OURS（伪代码化）
@@ -1,53 +1,59 @@
 push   %ebp
 mov    %esp,%ebp
-sub    $0x78,%esp
+push   %ebx
+sub    $0x74,%esp
 mov    0x8(%ebp),%eax
 mov    %eax,(%esp)
 call   <T> <_ZN9CGuildWar17IsGuildWarEventOnEv>
 xor    $0x1,%eax",2026-08-11
_ZN9CGuildWar15GetGuildWarInfoEP22ST_Guild_War_Rank_Info,CGuildWar::GetGuildWarInfo(ST_Guild_War_Rank_Info*),caliber_issue,"寄存器分配差异 1 处（寄存器分配差异（mov    -0xc(%ebp),%edx | mov    -0xc(%ebp),%eax））；等价指令形态差异 13 处（等价指令形态差异（lea vs mov）；等价指令形态差异（add vs lea））；栈帧/局部布局差异 3 处（栈局部偏移不同（mov    -0xc(%ebp),%edx | mov    -0x14(%ebp),%edx）；栈局部偏移不同（mov    -0xc(%ebp),%edx | mov    -0x14(%ebp),%edx））；立即数/常量差异 1 处（立即数不同（sub    $0x24,%esp | sub    $0x34,%esp））；其余指令差异 22 处（助记符不同（je     <T> <_ZN9CGuildWar15GetGuildWarInfoEP22ST_Guild_War_Rank_Info+0x11a> | jne    <T> <_ZN9CGuildWar15GetGuildWarInfoEP22ST_Guild_War_Rank_Info+0x17>）；助记符不同（movl   $0x0,-0xc(%ebp) | mov    $0x0,%eax））","--- ORIG（伪代码化）
+++ OURS（伪代码化）
@@ -1,90 +1,85 @@
 push   %ebp
 mov    %esp,%ebp
 push   %ebx
-sub    $0x24,%esp
+sub    $0x34,%esp
 cmpl   $0x0,0xc(%ebp)
-je     <T> <_ZN9CGuildWar15GetGuildWarInfoEP22ST_Guild_War_Rank_Info+0x11a>
-movl   $0x0,-0xc(%ebp)
-mov    0x8(%ebp),%edx",2026-08-11
_ZN9CGuildWar15GetGuildWarInfoEPjS0_Pt,"CGuildWar::GetGuildWarInfo(unsigned int*, unsigned int*, unsigned short*)",codegen_diff,"寄存器分配差异 1 处（寄存器分配差异（mov    0x8(%ebp),%edx | mov    0x8(%ebp),%eax））；等价指令形态差异 5 处（等价指令形态差异（lea vs mov）；等价指令形态差异（lea vs mov））；栈帧/局部布局差异 2 处（栈局部偏移不同（lea    -0x14(%ebp),%eax | lea    -0x18(%ebp),%eax）；栈局部偏移不同（lea    -0x14(%ebp),%eax | lea    -0x18(%ebp),%eax））；基本块布局差异 3 处（函数内跳转偏移不同（je     <T> <_ZN9CGuildWar15GetGuildWarInfoEPjS0_Pt+0xe3> | je     <T> <_ZN9CGuildWar15GetGuildWarInfoEPjS0_Pt+0xec>）；函数内跳转偏移不同（je     <T> <_ZN9CGuildWar15GetGuildWarInfoEPjS0_Pt+0xe6> | je     <T> <_ZN9CGuildWar15GetGuildWarInfoEPjS0_Pt+0xec>））；其余指令差异 11 处（助记符不同（jmp    <T> <_ZN9CGuildWar15GetGuildWarInfoEPjS0_Pt+0xb2> | lea    -0x18(%ebp),%eax）；助记符不同（lea    -0x14(%ebp),%eax | je     <T> <_ZN9CGuildWar15GetGuildWarInfoEPjS0_Pt+0xb2>））","--- ORIG（伪代码化）
+++ OURS（伪代码化）
@@ -1,77 +1,75 @@
 push   %ebp
 mov    %esp,%ebp
 push   %ebx
 sub    $0x24,%esp
 cmpl   $0x0,0xc(%ebp)
-je     <T> <_ZN9CGuildWar15GetGuildWarInfoEPjS0_Pt+0xe3>
+je     <T> <_ZN9CGuildWar15GetGuildWarInfoEPjS0_Pt+0xec>
 cmpl   $0x0,0x10(%ebp)
-je     <T> <_ZN9CGuildWar15GetGuildWarInfoEPjS0_Pt+0xe6>",2026-08-11
_ZN9CGuildWar17printGuildWarRankEv,CGuildWar::printGuildWarRank(),codegen_diff,"等价指令形态差异 5 处（等价指令形态差异（push vs sub）；等价指令形态差异（lea vs mov））；栈帧/局部布局差异 6 处（栈局部偏移不同（lea    -0x2c(%ebp),%eax | lea    -0x1c(%ebp),%eax）；栈局部偏移不同（mov    %eax,-0x34(%ebp) | mov    %eax,-0xc(%ebp)））；其余指令差异 27 处（助记符不同（push   %esi | mov    %eax,-0x14(%ebp)）；助记符不同（sub    $0x4c,%esp | mov    -0x14(%ebp),%eax））","--- ORIG（伪代码化）
+++ OURS（伪代码化）
@@ -1,76 +1,71 @@
 push   %ebp
 mov    %esp,%ebp
-push   %edi
-push   %esi
 push   %ebx
-sub    $0x4c,%esp
+sub    $0x44,%esp
 mov    0x8(%ebp),%eax
+mov    %eax,-0x14(%ebp)",2026-08-11
_ZN9CGuildWar19Insert_GuildWarInfoEP14STGuildWarInfo,CGuildWar::Insert_GuildWarInfo(STGuildWarInfo*),codegen_diff,"等价指令形态差异 7 处（等价指令形态差异（push vs sub）；等价指令形态差异（mov vs lea））；其余指令差异 21 处（助记符不同（push   %ebx | jne    <T> <_ZN9CGuildWar19Insert_GuildWarInfoEP14STGuildWarInfo+0x45>）；助记符不同（sub    $0x40,%esp | movl   $0x95,0x8(%esp)））","--- ORIG（伪代码化）
+++ OURS（伪代码化）
@@ -1,55 +1,50 @@
 push   %ebp
 mov    %esp,%ebp
-push   %esi
-push   %ebx
-sub    $0x40,%esp
+sub    $0x48,%esp
 mov    0xc(%ebp),%eax
 test   %eax,%eax
-je     <T> <_ZN9CGuildWar19Insert_GuildWarInfoEP14STGuildWarInfo+0x8b>",2026-08-11
_ZN9CPowerWar10resetEventEv,CPowerWar::resetEvent(),other,"其余指令差异 3 处（助记符不同（movb   $0x0,0x4(%eax) | add    $0x4,%eax）；助记符不同（movl   $0xffffffff,0x8(%eax) | movb   $0x0,(%eax)））","--- ORIG（伪代码化）
+++ OURS（伪代码化）
@@ -1,10 +1,13 @@
 push   %ebp
 mov    %esp,%ebp
 mov    0x8(%ebp),%eax
-movb   $0x0,0x4(%eax)
+add    $0x4,%eax
+movb   $0x0,(%eax)
 mov    0x8(%ebp),%eax
-movl   $0xffffffff,0x8(%eax)
+add    $0x8,%eax",2026-08-11
_ZN9CPowerWar14setProlongTimeEv,CPowerWar::setProlongTime(),codegen_diff,"寄存器分配差异 1 处（寄存器分配差异（mov    0x8(%ebp),%eax | mov    0x8(%ebp),%edx））；等价指令形态差异 1 处（等价指令形态差异（lea vs add））；其余指令差异 3 处（助记符不同（movb   $0x1,0x4(%eax) | add    $0x4,%eax）；助记符不同（mov    0x8(%eax),%eax | movb   $0x1,(%eax)））","--- ORIG（伪代码化）
+++ OURS（伪代码化）
@@ -1,11 +1,14 @@
 push   %ebp
 mov    %esp,%ebp
 mov    0x8(%ebp),%eax
-movb   $0x1,0x4(%eax)
+add    $0x4,%eax
+movb   $0x1,(%eax)
 mov    0x8(%ebp),%eax
-mov    0x8(%eax),%eax
-lea    0xa(%eax),%edx",2026-08-11
_ZN9CPowerWar20GetPowerWarConfigTblERhS0_S0_S0_,"CPowerWar::GetPowerWarConfigTbl(unsigned char&, unsigned char&, unsigned char&, unsigned char&)",template_macro,源码未定位：第 3 节未能在候选源文件/对象中定位该函数定义（模板头文件、宏生成函数或 typedef 参数形态），无法从源码侧修复；共 6 组指令差异。,"--- ORIG（伪代码化）
+++ OURS（伪代码化）
@@ -1,24 +1,26 @@
 push   %ebp
 mov    %esp,%ebp
 sub    $0x28,%esp
 mov    0x8(%ebp),%eax
 lea    0x14(%eax),%edx
 mov    0x18(%ebp),%eax
 mov    %eax,0x8(%esp)
 mov    0x14(%ebp),%eax
 mov    %eax,0x4(%esp)",2026-08-11
_ZN9CPowerWar21LoadPowerWarTableFileEPc,CPowerWar::LoadPowerWarTableFile(char*),caliber_issue,"等价指令形态差异 13 处（字节强转读取形态差（ORIG 直接偏移加载 mov    0x10(%eax),%eax vs OURS add+加载）；等价指令形态差异（lea vs mov））；栈帧/局部布局差异 6 处（栈局部偏移不同（lea    -0x24(%ebp),%eax | lea    -0x2c(%ebp),%eax）；栈局部偏移不同（lea    -0x24(%ebp),%eax | lea    -0x2c(%ebp),%eax））；基本块布局差异 2 处（函数内跳转偏移不同（jmp    <T> <_ZN9CPowerWar21LoadPowerWarTableFileEPc+0xac> | jmp    <T> <_ZN9CPowerWar21LoadPowerWarTableFileEPc+0xa4>）；函数内跳转偏移不同（jmp    <T> <_ZN9CPowerWar21LoadPowerWarTableFileEPc+0xc7> | jmp    <T> <_ZN9CPowerWar21LoadPowerWarTableFileEPc+0xb1>））；立即数/常量差异 1 处（立即数不同（sub    $0x30,%esp | sub    $0x40,%esp））；其余指令差异 4 处（助记符不同（jmp    <T> <_ZN9CPowerWar21LoadPowerWarTableFileEPc+0x9f> | mov    %eax,0x4(%esp)）；助记符不同（lea    -0x15(%ebp),%eax | jmp    <T> <_ZN9CPowerWar21LoadPowerWarTableFileEPc+0xcc>））","--- ORIG（伪代码化）
+++ OURS（伪代码化）
@@ -1,100 +1,120 @@
 push   %ebp
 mov    %esp,%ebp
 push   %esi
 push   %ebx
-sub    $0x30,%esp
+sub    $0x40,%esp
 movl   $0x9e,0x8(%esp)
 movl   $""LoadPowerWarTableFile"",0x4(%esp)
-lea    -0x24(%ebp),%eax",2026-08-11
_ZN9CPowerWar23ProcessByMinuteEndEventEv,CPowerWar::ProcessByMinuteEndEvent(),codegen_diff,"等价指令形态差异 3 处（字节强转读取形态差（ORIG 直接偏移加载 mov    0x8(%eax),%eax vs OURS add+加载）；等价指令形态差异（jmp vs jne））；其余指令差异 12 处（助记符不同（je     <T> <_ZN9CPowerWar23ProcessByMinuteEndEventEv+0x1c> | mov    (%eax),%eax）；助记符不同（movzbl 0x4(%eax),%eax | je     <T> <_ZN9CPowerWar23ProcessByMinuteEndEventEv+0x1d>））","--- ORIG（伪代码化）
+++ OURS（伪代码化）
@@ -1,28 +1,33 @@
 push   %ebp
 mov    %esp,%ebp
 mov    0x8(%ebp),%eax
-mov    0x8(%eax),%eax
+add    $0x8,%eax
+mov    (%eax),%eax
 cmp    $0xffffffff,%eax
-je     <T> <_ZN9CPowerWar23ProcessByMinuteEndEventEv+0x1c>
+je     <T> <_ZN9CPowerWar23ProcessByMinuteEndEventEv+0x1d>",2026-08-11
_ZN9CPowerWar23setPowerWarEndKillPointEt,CPowerWar::setPowerWarEndKillPoint(unsigned short),other,"其余指令差异 3 处（助记符不同（movzwl 0xc(%eax),%eax | lea    0xc(%eax),%edx）；助记符不同（cmp    $0xffff,%ax | movzwl -0x4(%ebp),%eax））","--- ORIG（伪代码化）
+++ OURS（伪代码化）
@@ -1,14 +1,11 @@
 push   %ebp
 mov    %esp,%ebp
 sub    $0x4,%esp
 mov    0xc(%ebp),%eax
 mov    %ax,-0x4(%ebp)
 mov    0x8(%ebp),%eax
-movzwl 0xc(%eax),%eax
-cmp    $0xffff,%ax
-jne    <T> <_ZN9CPowerWar23setPowerWarEndKillPointEt+0x25>",2026-08-11
_ZN9CPowerWar25ProcessByMinuteStartEventEv,CPowerWar::ProcessByMinuteStartEvent(),codegen_diff,"等价指令形态差异 3 处（字节强转读取形态差（ORIG 直接偏移加载 movzbl 0x4(%eax),%eax vs OURS add+加载）；等价指令形态差异（mov vs lea））；栈帧/局部布局差异 4 处（栈局部偏移不同（mov    %eax,-0xc(%ebp) | mov    -0x10(%ebp),%eax）；栈局部偏移不同（mov    -0xc(%ebp),%eax | mov    -0x10(%ebp),%eax））；其余指令差异 3 处（助记符不同（je     <T> <_ZN9CPowerWar25ProcessByMinuteStartEventEv+0x19> | movzbl (%eax),%eax）；助记符不同（mov    $0x0,%eax | jne    <T> <_ZN9CPowerWar25ProcessByMinuteStartEventEv+0x65>））","--- ORIG（伪代码化）
+++ OURS（伪代码化）
@@ -1,34 +1,37 @@
 push   %ebp
 mov    %esp,%ebp
 push   %ebx
 sub    $0x24,%esp
 mov    0x8(%ebp),%eax
-movzbl 0x4(%eax),%eax
+add    $0x4,%eax
+movzbl (%eax),%eax
 test   %al,%al",2026-08-11
_ZN9CPowerWar28GetPowerWarRankingUpdateTimeEv,CPowerWar::GetPowerWarRankingUpdateTime(),codegen_diff,"等价指令形态差异 1 处（字节强转读取形态差（ORIG 直接偏移加载 mov    0x10(%eax),%eax vs OURS add+加载））；基本块布局差异 1 处（函数内跳转偏移不同（jmp    <T> <_ZN9CPowerWar28GetPowerWarRankingUpdateTimeEv+0x28> | jmp    <T> <_ZN9CPowerWar28GetPowerWarRankingUpdateTimeEv+0x2e>））；其余指令差异 4 处（助记符不同（je     <T> <_ZN9CPowerWar28GetPowerWarRankingUpdateTimeEv+0x23> | mov    (%eax),%eax）；助记符不同（mov    0x10(%eax),%eax | jne    <T> <_ZN9CPowerWar28GetPowerWarRankingUpdateTimeEv+0x19>））","--- ORIG（伪代码化）
+++ OURS（伪代码化）
@@ -1,16 +1,19 @@
 push   %ebp
 mov    %esp,%ebp
 sub    $0x18,%esp
 mov    0x8(%ebp),%eax
-mov    0x10(%eax),%eax
+add    $0x10,%eax
+mov    (%eax),%eax
 test   %eax,%eax
-je     <T> <_ZN9CPowerWar28GetPowerWarRankingUpdateTimeEv+0x23>",2026-08-11
_ZN9CPowerWar8setEventEv,CPowerWar::setEvent(),codegen_diff,"等价指令形态差异 1 处（等价指令形态差异（sub vs push））；其余指令差异 4 处（助记符不同（movb   $0x1,0x4(%eax) | sub    $0x24,%esp）；助记符不同（mov    0x8(%ebp),%edx | add    $0x4,%eax））","--- ORIG（伪代码化）
+++ OURS（伪代码化）
@@ -1,23 +1,28 @@
 push   %ebp
 mov    %esp,%ebp
-sub    $0x28,%esp
+push   %ebx
+sub    $0x24,%esp
 mov    0x8(%ebp),%eax
-movb   $0x1,0x4(%eax)
+add    $0x4,%eax
+movb   $0x1,(%eax)",2026-08-11
_ZN9CPowerWarC1Ev,CPowerWar::CPowerWar(),other,"真实调用目标差异 1 处（调用目标不同（call   <T> <_ZN10CSchedulerD1Ev> | call   <T> <_ZdlPvS_>））；寄存器分配差异 5 处（寄存器分配差异（mov    %edx,%ebx | mov    %edx,%esi）；寄存器分配差异（mov    %eax,%esi | mov    %eax,%edi））；等价指令形态差异 1 处（等价指令形态差异（jmp vs je））；立即数/常量差异 1 处（立即数不同（sub    $0x1c,%esp | sub    $0x2c,%esp））；其余指令差异 23 处（助记符不同（mov    0x8(%ebp),%eax | add    $0x4,%eax）；操作数差异（mov    %eax,(%esp) | mov    %eax,0x4(%esp)））","--- ORIG（伪代码化）
+++ OURS（伪代码化）
@@ -1,65 +1,91 @@
 push   %ebp
 mov    %esp,%ebp
 push   %edi
 push   %esi
 push   %ebx
-sub    $0x1c,%esp
-mov    0x8(%ebp),%eax
-mov    %eax,(%esp)
-call   <T> <_ZN6CEventC1Ev>",2026-08-11
_ZN9CPowerWarC2Ev,CPowerWar::CPowerWar(),other,"真实调用目标差异 1 处（调用目标不同（call   <T> <_ZN10CSchedulerD1Ev> | call   <T> <_ZdlPvS_>））；寄存器分配差异 5 处（寄存器分配差异（mov    %edx,%ebx | mov    %edx,%esi）；寄存器分配差异（mov    %eax,%esi | mov    %eax,%edi））；等价指令形态差异 1 处（等价指令形态差异（jmp vs je））；立即数/常量差异 1 处（立即数不同（sub    $0x1c,%esp | sub    $0x2c,%esp））；其余指令差异 23 处（助记符不同（mov    0x8(%ebp),%eax | add    $0x4,%eax）；操作数差异（mov    %eax,(%esp) | mov    %eax,0x4(%esp)））","--- ORIG（伪代码化）
+++ OURS（伪代码化）
@@ -1,65 +1,91 @@
 push   %ebp
 mov    %esp,%ebp
 push   %edi
 push   %esi
 push   %ebx
-sub    $0x1c,%esp
-mov    0x8(%ebp),%eax
-mov    %eax,(%esp)
-call   <T> <_ZN6CEventC1Ev>",2026-08-11
_ZN9CPowerWarD1Ev,CPowerWar::~CPowerWar(),codegen_diff,"寄存器分配差异 1 处（寄存器分配差异（mov    (%eax),%edx | mov    (%eax),%eax））；等价指令形态差异 2 处（等价指令形态差异（push vs sub）；字节强转读取形态差（ORIG 直接偏移加载 mov    0x10(%eax),%eax vs OURS add+加载））；基本块布局差异 1 处（函数内跳转偏移不同（je     <T> <_ZN9CPowerWarD1Ev+0x3d> | je     <T> <_ZN9CPowerWarD1Ev+0x43>））；其余指令差异 16 处（助记符不同（push   %ebx | add    $0x10,%eax）；助记符不同（sub    $0x10,%esp | mov    (%eax),%eax））","--- ORIG（伪代码化）
+++ OURS（伪代码化）
@@ -1,66 +1,47 @@
 push   %ebp
 mov    %esp,%ebp
-push   %esi
-push   %ebx
-sub    $0x10,%esp
+sub    $0x18,%esp
 mov    0x8(%ebp),%eax
 movl   $&_ZTV9CPowerWar+0x8,(%eax)
 mov    0x8(%ebp),%eax",2026-08-11
_ZN9CPowerWarD2Ev,CPowerWar::~CPowerWar(),codegen_diff,"寄存器分配差异 1 处（寄存器分配差异（mov    (%eax),%edx | mov    (%eax),%eax））；等价指令形态差异 2 处（等价指令形态差异（push vs sub）；字节强转读取形态差（ORIG 直接偏移加载 mov    0x10(%eax),%eax vs OURS add+加载））；基本块布局差异 1 处（函数内跳转偏移不同（je     <T> <_ZN9CPowerWarD1Ev+0x3d> | je     <T> <_ZN9CPowerWarD1Ev+0x43>））；其余指令差异 16 处（助记符不同（push   %ebx | add    $0x10,%eax）；助记符不同（sub    $0x10,%esp | mov    (%eax),%eax））","--- ORIG（伪代码化）
+++ OURS（伪代码化）
@@ -1,66 +1,47 @@
 push   %ebp
 mov    %esp,%ebp
-push   %esi
-push   %ebx
-sub    $0x10,%esp
+sub    $0x18,%esp
 mov    0x8(%ebp),%eax
 movl   $&_ZTV9CPowerWar+0x8,(%eax)
 mov    0x8(%ebp),%eax",2026-08-11
_ZN9TCPSocket11getPeerPortEv,TCPSocket::getPeerPort(),codegen_diff,"等价指令形态差异 1 处（字节强转读取形态差（ORIG 直接偏移加载 movzwl 0x18(%eax),%eax vs OURS add+加载））","--- ORIG（伪代码化）
+++ OURS（伪代码化）
@@ -1,6 +1,7 @@
 push   %ebp
 mov    %esp,%ebp
 mov    0x8(%ebp),%eax
-movzwl 0x18(%eax),%eax
+add    $0x18,%eax
+movzwl (%eax),%eax
 pop    %ebp
 ret",2026-08-11
_ZN9TCPSocket12setOptLingerEb,TCPSocket::setOptLinger(bool),codegen_diff,"栈帧/局部布局差异 1 处（栈局部偏移不同（mov    %eax,-0x10(%ebp) | mov    -0xc(%ebp),%eax））；其余指令差异 6 处（助记符不同（cmpb   $0x0,-0x1c(%ebp) | movzbl -0x1c(%ebp),%eax）；助记符不同（je     <T> <_ZN9TCPSocket12setOptLingerEb+0x19> | mov    %eax,-0x14(%ebp)））","--- ORIG（伪代码化）
+++ OURS（伪代码化）
@@ -1,29 +1,23 @@
 push   %ebp
 mov    %esp,%ebp
 sub    $0x48,%esp
 mov    0xc(%ebp),%eax
 mov    %al,-0x1c(%ebp)
-cmpb   $0x0,-0x1c(%ebp)
-je     <T> <_ZN9TCPSocket12setOptLingerEb+0x19>
-mov    $0x1,%eax
-jmp    <T> <_ZN9TCPSocket12setOptLingerEb+0x1e>",2026-08-11
_ZN9TCPSocket14setOptNonBlockEv,TCPSocket::setOptNonBlock(),codegen_diff,"栈帧/局部布局差异 1 处（栈局部偏移不同（mov    %eax,-0xc(%ebp) | mov    %eax,-0x10(%ebp)））；其余指令差异 6 处（助记符不同（orl    $0x800,-0xc(%ebp) | mov    -0x10(%ebp),%eax）；操作数差异（mov    -0xc(%ebp),%edx | mov    %eax,%edx））","--- ORIG（伪代码化）
+++ OURS（伪代码化）
@@ -1,26 +1,25 @@
 push   %ebp
 mov    %esp,%ebp
 sub    $0x28,%esp
 mov    0x8(%ebp),%eax
 mov    (%eax),%eax
 movl   $0x0,0x8(%esp)
 movl   $0x3,0x4(%esp)
 mov    %eax,(%esp)
 call   <T> <fcntl>",2026-08-11
_ZN9TCPSocket15setOptReuseAdrsEb,TCPSocket::setOptReuseAdrs(bool),other,"其余指令差异 6 处（助记符不同（movl   $0x0,-0xc(%ebp) | movzbl -0x1c(%ebp),%eax）；助记符不同（cmpb   $0x0,-0x1c(%ebp) | mov    %eax,-0x10(%ebp)））","--- ORIG（伪代码化）
+++ OURS（伪代码化）
@@ -1,28 +1,22 @@
 push   %ebp
 mov    %esp,%ebp
 sub    $0x48,%esp
 mov    0xc(%ebp),%eax
 mov    %al,-0x1c(%ebp)
-movl   $0x0,-0xc(%ebp)
-cmpb   $0x0,-0x1c(%ebp)
-je     <T> <_ZN9TCPSocket15setOptReuseAdrsEb+0x22>
-movl   $0x1,-0xc(%ebp)",2026-08-11
_ZN9TCPSocket19setOptResizeRecvBufEi,TCPSocket::setOptResizeRecvBuf(int),caliber_issue,"基本块布局差异 1 处（函数内跳转偏移不同（jmp    <T> <_ZN9TCPSocket19setOptResizeRecvBufEi+0x55> | jmp    <T> <_ZN9TCPSocket19setOptResizeRecvBufEi+0x45>））；立即数/常量差异 1 处（立即数不同（sub    $0x38,%esp | sub    $0x28,%esp））；其余指令差异 2 处（助记符不同（mov    %eax,-0xc(%ebp) | not    %eax）；助记符不同（cmpl   $0x0,-0xc(%ebp) | shr    $0x1f,%eax））","--- ORIG（伪代码化）
+++ OURS（伪代码化）
@@ -1,25 +1,21 @@
 push   %ebp
 mov    %esp,%ebp
-sub    $0x38,%esp
+sub    $0x28,%esp
 mov    0xc(%ebp),%eax
 test   %eax,%eax
 jg     <T> <_ZN9TCPSocket19setOptResizeRecvBufEi+0x14>
 mov    $0x0,%eax
-jmp    <T> <_ZN9TCPSocket19setOptResizeRecvBufEi+0x55>",2026-08-11
_ZN9TCPSocket19setOptResizeSendBufEi,TCPSocket::setOptResizeSendBuf(int),caliber_issue,"基本块布局差异 1 处（函数内跳转偏移不同（jmp    <T> <_ZN9TCPSocket19setOptResizeSendBufEi+0x63> | jmp    <T> <_ZN9TCPSocket19setOptResizeSendBufEi+0x45>））；立即数/常量差异 1 处（立即数不同（sub    $0x38,%esp | sub    $0x28,%esp））；其余指令差异 2 处（助记符不同（movl   $0x0,-0x10(%ebp) | not    %eax）；助记符不同（movl   $0x4,-0x14(%ebp) | shr    $0x1f,%eax））","--- ORIG（伪代码化）
+++ OURS（伪代码化）
@@ -1,27 +1,21 @@
 push   %ebp
 mov    %esp,%ebp
-sub    $0x38,%esp
+sub    $0x28,%esp
 mov    0xc(%ebp),%eax
 test   %eax,%eax
 jg     <T> <_ZN9TCPSocket19setOptResizeSendBufEi+0x14>
 mov    $0x0,%eax
-jmp    <T> <_ZN9TCPSocket19setOptResizeSendBufEi+0x63>",2026-08-11
_ZN9TCPSocket4bindEtb,"TCPSocket::bind(unsigned short, bool)",codegen_diff,"等价指令形态差异 4 处（等价指令形态差异（sub vs push）；等价指令形态差异（lea vs mov））；栈帧/局部布局差异 1 处（栈局部偏移不同（mov    %al,-0x20(%ebp) | mov    %dx,-0x2c(%ebp)））；其余指令差异 12 处（助记符不同（mov    %dx,-0x1c(%ebp) | sub    $0x44,%esp）；助记符不同（movw   $0x2,-0x18(%ebp) | lea    -0x1c(%ebp),%eax））","--- ORIG（伪代码化）
+++ OURS（伪代码化）
@@ -1,49 +1,53 @@
 push   %ebp
 mov    %esp,%ebp
-sub    $0x38,%esp
+push   %ebx
+sub    $0x44,%esp
 mov    0xc(%ebp),%edx
 mov    0x10(%ebp),%eax
-mov    %dx,-0x1c(%ebp)
-mov    %al,-0x20(%ebp)",2026-08-11
_ZN9TCPSocket4openEv,TCPSocket::open(),caliber_issue,"基本块布局差异 1 处（函数内跳转偏移不同（jne    <T> <_ZN9TCPSocket4openEv+0x55> | jne    <T> <_ZN9TCPSocket4openEv+0x48>））；立即数/常量差异 1 处（立即数不同（sub    $0x28,%esp | sub    $0x18,%esp））；其余指令差异 4 处（操作数差异（mov    %eax,-0xc(%ebp) | mov    0x8(%ebp),%eax）；操作数差异（mov    -0xc(%ebp),%eax | mov    (%eax),%eax））","--- ORIG（伪代码化）
+++ OURS（伪代码化）
@@ -1,25 +1,24 @@
 push   %ebp
 mov    %esp,%ebp
-sub    $0x28,%esp
+sub    $0x18,%esp
 movl   $0x0,0x8(%esp)
 movl   $0x1,0x4(%esp)
 movl   $0x2,(%esp)
 call   <T> <socket>
 mov    0x8(%ebp),%edx",2026-08-11
_ZN9TCPSocket4recvEPci,"TCPSocket::recv(char*, int)",codegen_diff,"等价指令形态差异 1 处（等价指令形态差异（je vs jmp））；基本块布局差异 5 处（函数内跳转偏移不同（jg     <T> <_ZN9TCPSocket4recvEPci+0x28> | jg     <T> <_ZN9TCPSocket4recvEPci+0x25>）；函数内跳转偏移不同（jmp    <T> <_ZN9TCPSocket4recvEPci+0xc4> | jmp    <T> <_ZN9TCPSocket4recvEPci+0xa2>））；其余指令差异 3 处（助记符不同（call   <T> <__errno_location> | jne    <T> <_ZN9TCPSocket4recvEPci+0x9f>）；助记符不同（mov    (%eax),%eax | jmp    <T> <_ZN9TCPSocket4recvEPci+0xa2>））","--- ORIG（伪代码化）
+++ OURS（伪代码化）
@@ -1,58 +1,50 @@
 push   %ebp
 mov    %esp,%ebp
 sub    $0x28,%esp
 cmpl   $0x0,0xc(%ebp)
 je     <T> <_ZN9TCPSocket4recvEPci+0x12>
 cmpl   $0x0,0x10(%ebp)
-jg     <T> <_ZN9TCPSocket4recvEPci+0x28>
+jg     <T> <_ZN9TCPSocket4recvEPci+0x25>
 movl   $""In recv : recv buffer is null"",(%esp)",2026-08-11
_ZN9TCPSocket4sendEPci,"TCPSocket::send(char*, int)",codegen_diff,"基本块布局差异 4 处（函数内跳转偏移不同（jmp    <T> <_ZN9TCPSocket4sendEPci+0x115> | jmp    <T> <_ZN9TCPSocket4sendEPci+0xf9>）；函数内跳转偏移不同（jg     <T> <_ZN9TCPSocket4sendEPci+0xec> | jg     <T> <_ZN9TCPSocket4sendEPci+0xd0>））；其余指令差异 12 处（助记符不同（call   <T> <__errno_location> | je     <T> <_ZN9TCPSocket4sendEPci+0xa3>）；助记符不同（mov    (%eax),%eax | call   <T> <__errno_location>））","--- ORIG（伪代码化）
+++ OURS（伪代码化）
@@ -1,76 +1,70 @@
 push   %ebp
 mov    %esp,%ebp
 sub    $0x28,%esp
 cmpl   $0x0,0xc(%ebp)
 je     <T> <_ZN9TCPSocket4sendEPci+0x12>
 cmpl   $0x0,0x10(%ebp)
 jg     <T> <_ZN9TCPSocket4sendEPci+0x2f>
 mov    0x10(%ebp),%eax
 mov    %eax,0x4(%esp)",2026-08-11
_ZN9TCPSocket5closeEv,TCPSocket::close(),codegen_diff,基本块布局差异 1 处（函数内跳转偏移不同（je     <T> <_ZN9TCPSocket5closeEv+0x4f> | je     <T> <_ZN9TCPSocket5closeEv+0x26>））,"--- ORIG（伪代码化）
+++ OURS（伪代码化）
@@ -1,25 +1,15 @@
 push   %ebp
 mov    %esp,%ebp
 sub    $0x18,%esp
 mov    0x8(%ebp),%eax
 mov    (%eax),%eax
 cmp    $0xffffffff,%eax
-je     <T> <_ZN9TCPSocket5closeEv+0x4f>
+je     <T> <_ZN9TCPSocket5closeEv+0x26>
 mov    0x8(%ebp),%eax",2026-08-11
_ZN9TCPSocket6acceptERS_,TCPSocket::accept(TCPSocket&),codegen_diff,"寄存器分配差异 1 处（寄存器分配差异（mov    %eax,(%edx) | mov    %edx,(%eax)））；等价指令形态差异 3 处（等价指令形态差异（add vs lea）；等价指令形态差异（mov vs lea））；基本块布局差异 1 处（函数内跳转偏移不同（jne    <T> <_ZN9TCPSocket6acceptERS_+0x7f> | jne    <T> <_ZN9TCPSocket6acceptERS_+0x8d>））；其余指令差异 11 处（操作数差异（mov    %ecx,0x8(%esp) | mov    %ecx,0x4(%esp)）；操作数差异（mov    %edx,0x4(%esp) | mov    %eax,-0x10(%ebp)））","--- ORIG（伪代码化）
+++ OURS（伪代码化）
@@ -1,80 +1,59 @@
 push   %ebp
 mov    %esp,%ebp
 sub    $0x28,%esp
 movl   $0x10,-0x14(%ebp)
 mov    0xc(%ebp),%eax
-add    $0x4,%eax
-mov    %eax,%edx
+lea    0x4(%eax),%ecx
 mov    0x8(%ebp),%eax",2026-08-11
_ZN9TCPSocket6listenEi,TCPSocket::listen(int),caliber_issue,"立即数/常量差异 1 处（立即数不同（sub    $0x18,%esp | sub    $0x28,%esp））；其余指令差异 6 处（助记符不同（shr    $0x1f,%eax | mov    %eax,-0xc(%ebp)）；助记符不同（test   %al,%al | cmpl   $0x0,-0xc(%ebp)））","--- ORIG（伪代码化）
+++ OURS（伪代码化）
@@ -1,20 +1,20 @@
 push   %ebp
 mov    %esp,%ebp
-sub    $0x18,%esp
+sub    $0x28,%esp
 mov    0x8(%ebp),%eax
 mov    (%eax),%eax
 mov    0xc(%ebp),%edx
 mov    %edx,0x4(%esp)
 mov    %eax,(%esp)",2026-08-11
_ZN9TCPSocket7connectEPKct,"TCPSocket::connect(char const*, unsigned short)",codegen_diff,"等价指令形态差异 7 处（等价指令形态差异（sub vs push）；等价指令形态差异（mov vs lea））；其余指令差异 18 处（助记符不同（mov    %eax,-0x18(%ebp) | sub    $0x44,%esp）；助记符不同（movl   $0x10,-0xc(%ebp) | add    $0x2,%eax））","--- ORIG（伪代码化）
+++ OURS（伪代码化）
@@ -1,58 +1,68 @@
 push   %ebp
 mov    %esp,%ebp
-sub    $0x48,%esp
+push   %ebx
+sub    $0x44,%esp
 mov    0x10(%ebp),%eax
 mov    %ax,-0x2c(%ebp)
 movl   $0x10,0x8(%esp)
 movl   $0x0,0x4(%esp)",2026-08-11
_ZN9TCPSocket8shutdownEi,TCPSocket::shutdown(int),other,"其余指令差异 2 处（助记符不同（cmp    $0xffffffff,%eax | sub    $0x18,%esp）；助记符不同（pop    %ebp | mov    0xc(%ebp),%edx））","--- ORIG（伪代码化）
+++ OURS（伪代码化）
@@ -1,7 +1,11 @@
 push   %ebp
 mov    %esp,%ebp
+sub    $0x18,%esp
 mov    0x8(%ebp),%eax
 mov    (%eax),%eax
-cmp    $0xffffffff,%eax
-pop    %ebp
+mov    0xc(%ebp),%edx
+mov    %edx,0x4(%esp)",2026-08-11
_ZN9TCPSocket9getPeerIPEv,TCPSocket::getPeerIP(),other,"其余指令差异 4 处（操作数差异（movzbl 0x17(%eax),%eax | movzbl 0x7(%eax),%eax）；操作数差异（movzbl 0x16(%eax),%eax | movzbl 0x6(%eax),%eax））","--- ORIG（伪代码化）
+++ OURS（伪代码化）
@@ -1,28 +1,28 @@
 push   %ebp
 mov    %esp,%ebp
 push   %ebx
 sub    $0x24,%esp
 mov    0x8(%ebp),%eax
-movzbl 0x17(%eax),%eax
+movzbl 0x7(%eax),%eax
 movzbl %al,%ebx
 mov    0x8(%ebp),%eax",2026-08-11
_ZN9TCPSocketC1Ev,TCPSocket::TCPSocket(),caliber_issue,"立即数/常量差异 2 处（立即数不同（add    $0x14,%eax | add    $0x4,%eax）；立即数不同（movl   $0x4,0x8(%esp) | movl   $0x14,0x8(%esp)））","--- ORIG（伪代码化）
+++ OURS（伪代码化）
@@ -1,21 +1,13 @@
 push   %ebp
 mov    %esp,%ebp
 sub    $0x18,%esp
 mov    0x8(%ebp),%eax
 movl   $0xffffffff,(%eax)
 mov    0x8(%ebp),%eax
-add    $0x14,%eax
-movl   $0x4,0x8(%esp)
+add    $0x4,%eax",2026-08-11
_ZN9TCPSocketC2Ev,TCPSocket::TCPSocket(),caliber_issue,"立即数/常量差异 2 处（立即数不同（add    $0x14,%eax | add    $0x4,%eax）；立即数不同（movl   $0x4,0x8(%esp) | movl   $0x14,0x8(%esp)））","--- ORIG（伪代码化）
+++ OURS（伪代码化）
@@ -1,21 +1,13 @@
 push   %ebp
 mov    %esp,%ebp
 sub    $0x18,%esp
 mov    0x8(%ebp),%eax
 movl   $0xffffffff,(%eax)
 mov    0x8(%ebp),%eax
-add    $0x14,%eax
-movl   $0x4,0x8(%esp)
+add    $0x4,%eax",2026-08-11
_ZNK11CUdpHandler12SendToClientEPcitPKcj,"CUdpHandler::SendToClient(char*, int, unsigned short, char const*, unsigned int) const",template_macro,源码未定位：第 3 节未能在候选源文件/对象中定位该函数定义（模板头文件、宏生成函数或 typedef 参数形态），无法从源码侧修复；共 157 组指令差异。,"--- ORIG（伪代码化）
+++ OURS（伪代码化）
@@ -1,183 +1,188 @@
 push   %ebp
 mov    %esp,%ebp
 push   %ebx
 sub    $0x74,%esp
 mov    0x14(%ebp),%eax
 mov    %ax,-0x4c(%ebp)
 cmpl   $0x0,0x18(%ebp)
 jne    <T> <_ZNK11CUdpHandler12SendToClientEPcitPKcj+0x24>
 cmpl   $0x0,0x1c(%ebp)",2026-08-11
_ZNK11CUdpHandler12SendToServerEPcitPKc,"CUdpHandler::SendToServer(char*, int, unsigned short, char const*) const",other,"真实调用目标差异 2 处（调用目标不同（call   <T> <htons> | call   <T> <htons>）；调用目标不同（call   <T> <_ZN10CMyFileLogclEPKcS1_z> | call   <T> <_ZN10CMyFileLogC1EPKci>））；寄存器分配差异 4 处（寄存器分配差异（movzwl -0x4c(%ebp),%eax | movzwl -0x4c(%ebp),%eax）；寄存器分配差异（mov    %eax,(%esp) | mov    %eax,(%esp)））；等价指令形态差异 8 处（等价指令形态差异（mov vs lea）；等价指令形态差异（lea vs mov））；栈帧/局部布局差异 5 处（栈局部偏移不同（lea    -0x48(%ebp),%eax | lea    -0x20(%ebp),%eax）；栈局部偏移不同（lea    -0x30(%ebp),%eax | lea    -0x28(%ebp),%eax））；基本块布局差异 2 处（函数内跳转偏移不同（jmp    <T> <_ZNK11CUdpHandler12SendToServerEPcitPKc+0x275> | jmp    <T> <_ZNK11CUdpHandler12SendToServerEPcitPKc+0x282>）；函数内跳转偏移不同（jmp    <T> <_ZNK11CUdpHandler12SendToServerEPcitPKc+0x275> | jmp    <T> <_ZNK11CUdpHandler12SendToServerEPcitPKc+0x1dd>））；立即数/常量差异 1 处（立即数不同（movl   $0x0,0xc(%esp) | movl   $0x10,0x14(%esp)））；其余指令差异 47 处（助记符不同（jne    <T> <_ZNK11CUdpHandler12SendToServerEPcitPKc+0x5d> | je     <T> <_ZNK11CUdpHandler12SendToServerEPcitPKc+0xb2>）；助记符不同（jne    <T> <_ZNK11CUdpHandler12SendToServerEPcitPKc+0xd2> | movl   $0x10,0x8(%esp)））","--- ORIG（伪代码化）
+++ OURS（伪代码化）
@@ -1,149 +1,154 @@
 push   %ebp
 mov    %esp,%ebp
 push   %ebx
 sub    $0x74,%esp
 mov    0x14(%ebp),%eax
 mov    %ax,-0x4c(%ebp)
 mov    0x8(%ebp),%eax
 mov    0x4(%eax),%eax
 cmp    $0xffffffff,%eax",2026-08-11
_ZNK11CUdpHandler14RecvFromClientEPcPiPjPt,"CUdpHandler::RecvFromClient(char*, int*, unsigned int*, unsigned short*) const",template_macro,源码未定位：第 3 节未能在候选源文件/对象中定位该函数定义（模板头文件、宏生成函数或 typedef 参数形态），无法从源码侧修复；共 148 组指令差异。,"--- ORIG（伪代码化）
+++ OURS（伪代码化）
@@ -1,165 +1,151 @@
 push   %ebp
 mov    %esp,%ebp
-push   %edi
-push   %esi
-push   %ebx
-sub    $0x6c,%esp
+sub    $0x78,%esp
 mov    0x8(%ebp),%eax
 mov    (%eax),%eax",2026-08-11
_ZNK11CUdpHandler14RecvFromServerEPcPiPjPt,"CUdpHandler::RecvFromServer(char*, int*, unsigned int*, unsigned short*) const",template_macro,源码未定位：第 3 节未能在候选源文件/对象中定位该函数定义（模板头文件、宏生成函数或 typedef 参数形态），无法从源码侧修复；共 136 组指令差异。,"--- ORIG（伪代码化）
+++ OURS（伪代码化）
@@ -1,157 +1,147 @@
 push   %ebp
 mov    %esp,%ebp
-push   %edi
-push   %esi
-push   %ebx
-sub    $0x6c,%esp
+sub    $0x78,%esp
 mov    0x8(%ebp),%eax
 mov    0x4(%eax),%eax",2026-08-11
_ZNK13CDNFException4whatEv,CDNFException::what() const,codegen_diff,"等价指令形态差异 1 处（等价指令形态差异（push vs sub））；其余指令差异 6 处（助记符不同（sub    $0x24,%esp | mov    0x8(%ebp),%eax）；助记符不同（mov    0x8(%ebp),%eax | add    $0x4,%eax））","--- ORIG（伪代码化）
+++ OURS（伪代码化）
@@ -1,34 +1,24 @@
 push   %ebp
 mov    %esp,%ebp
-push   %ebx
-sub    $0x24,%esp
-mov    0x8(%ebp),%eax
-add    $0x4,%eax
-mov    %eax,(%esp)
-call   <T> <_ZNKSs5c_strEv>
-mov    %eax,%ebx",2026-08-11
_ZNK13np_server_xml10CServerXml12GetEventRGBAEi,np_server_xml::CServerXml::GetEventRGBA(int) const,caliber_issue,"寄存器分配差异 1 处（寄存器分配差异（lea    -0x10(%ebp),%eax | lea    -0x10(%ebp),%eax））；等价指令形态差异 1 处（等价指令形态差异（lea vs mov））；立即数/常量差异 1 处（立即数不同（sub    $0x38,%esp | sub    $0x28,%esp））；其余指令差异 3 处（助记符不同（mov    %eax,(%esp) | call   <T> <_ZNKSt23_Rb_tree_const_iteratorISt4pairIKiiEEeqERKS3_>）；助记符不同（call   <T> <_ZNSt23_Rb_tree_const_iteratorISt4pairIKiiEEC1Ev> | je     <T> <_ZNK13np_server_xml10CServerXml12GetEventRGBAEi+0x60>））","--- ORIG（伪代码化）
+++ OURS（伪代码化）
@@ -1,39 +1,34 @@
 push   %ebp
 mov    %esp,%ebp
-sub    $0x38,%esp
-lea    -0x10(%ebp),%eax
-mov    %eax,(%esp)
-call   <T> <_ZNSt23_Rb_tree_const_iteratorISt4pairIKiiEEC1Ev>
+sub    $0x28,%esp
 mov    0x8(%ebp),%eax
 lea    0xa0(%eax),%ecx",2026-08-11
_ZNK13np_server_xml10CServerXml14GetEventStringEiNS_12_eStringTypeEPb,"np_server_xml::CServerXml::GetEventString(int, np_server_xml::_eStringType, bool*) const",template_macro,源码未定位：第 3 节未能在候选源文件/对象中定位该函数定义（模板头文件、宏生成函数或 typedef 参数形态），无法从源码侧修复；共 175 组指令差异。,"--- ORIG（伪代码化）
+++ OURS（伪代码化）
@@ -1,161 +1,88 @@
 push   %ebp
 mov    %esp,%ebp
 push   %esi
 push   %ebx
-sub    $0x40,%esp
+sub    $0x20,%esp
 mov    0x8(%ebp),%ebx
-lea    -0x11(%ebp),%eax
+mov    0xc(%ebp),%eax",2026-08-11
_ZNK13np_server_xml10CServerXml15GetServerStringEiPb,"np_server_xml::CServerXml::GetServerString(int, bool*) const",caliber_issue,"寄存器分配差异 1 处（寄存器分配差异（lea    -0x18(%ebp),%eax | lea    -0x18(%ebp),%eax））；立即数/常量差异 1 处（立即数不同（sub    $0x30,%esp | sub    $0x20,%esp））；匿名数据指针差异 1 处（匿名数据指针差异（movl   $&data#c7597315(.rodata),0x4(%esp) | movl   $&data#4fd15c5c(.rodata),0x4(%esp)））；其余指令差异 13 处（助记符不同（mov    %eax,(%esp) | je     <T> <_ZNK13np_server_xml10CServerXml15GetServerStringEiPb+0xcf>）；助记符不同（call   <T> <_ZNSt23_Rb_tree_const_iteratorISt4pairIKiSsEEC1Ev> | je     <T> <_ZNK13np_server_xml10CServerXml15GetServerStringEiPb+0xb1>））","--- ORIG（伪代码化）
+++ OURS（伪代码化）
@@ -1,100 +1,94 @@
 push   %ebp
 mov    %esp,%ebp
 push   %esi
 push   %ebx
-sub    $0x30,%esp
+sub    $0x20,%esp
 mov    0x8(%ebp),%ebx
 lea    -0xd(%ebp),%eax
 mov    %eax,(%esp)",2026-08-11
_ZNK6CGuild28PopGuildMemberChanglableInfoEjR26STGuildMemberChangableInfo,"CGuild::PopGuildMemberChanglableInfo(unsigned int, STGuildMemberChangableInfo&) const",template_macro,源码未定位：第 3 节未能在候选源文件/对象中定位该函数定义（模板头文件、宏生成函数或 typedef 参数形态），无法从源码侧修复；共 34 组指令差异。,"--- ORIG（伪代码化）
+++ OURS（伪代码化）
@@ -1,45 +1,59 @@
 push   %ebp
 mov    %esp,%ebp
 sub    $0x28,%esp
 mov    0x8(%ebp),%eax
 add    $0x4d98,%eax
 mov    %eax,(%esp)
 call   <T> <_ZNKSt3mapIj26STGuildMemberChangableInfoSt4lessIjESaISt4pairIKjS0_EEE5emptyEv>
 test   %al,%al
-je     <T> <_ZNK6CGuild28PopGuildMemberChanglableInfoEjR26STGuildMemberChangableInfo+0x21>",2026-08-11
_ZNK8WongWork11CGMAccounts9getGMInfoEj,WongWork::CGMAccounts::getGMInfo(unsigned int) const,caliber_issue,"等价指令形态差异 2 处（等价指令形态差异（mov vs lea）；等价指令形态差异（je vs jmp））；栈帧/局部布局差异 2 处（栈局部偏移不同（lea    -0x28(%ebp),%eax | lea    -0x20(%ebp),%eax）；栈局部偏移不同（lea    -0x28(%ebp),%eax | lea    -0x20(%ebp),%eax））；立即数/常量差异 1 处（立即数不同（movl   $0x0,-0x24(%ebp) | movl   $0x0,(%ebx)））；其余指令差异 6 处（助记符不同（movl   $0x0,-0x1c(%ebp) | mov    %eax,-0x1c(%ebp)）；助记符不同（movl   $0x3,-0x18(%ebp) | movb   $0x3,-0x18(%ebp)））","--- ORIG（伪代码化）
+++ OURS（伪代码化）
@@ -1,63 +1,58 @@
 push   %ebp
 mov    %esp,%ebp
 push   %ebx
 sub    $0x34,%esp
 mov    0x8(%ebp),%ebx
-movl   $0x0,-0x1c(%ebp)
-movl   $0x3,-0x18(%ebp)
-movl   $0x0,-0x24(%ebp)
-movl   $0x0,-0x20(%ebp)",2026-08-11
_ZNK9CPowerWar12IsPowerWarOnEv,CPowerWar::IsPowerWarOn() const,codegen_diff,"等价指令形态差异 1 处（字节强转读取形态差（ORIG 直接偏移加载 movzbl 0x4(%eax),%eax vs OURS add+加载））","--- ORIG（伪代码化）
+++ OURS（伪代码化）
@@ -1,6 +1,7 @@
 push   %ebp
 mov    %esp,%ebp
 mov    0x8(%ebp),%eax
-movzbl 0x4(%eax),%eax
+add    $0x4,%eax
+mov    (%eax),%eax
 pop    %ebp
 ret",2026-08-11
_ZNK9CPowerWar23getPowerWarEndKillPointEv,CPowerWar::getPowerWarEndKillPoint() const,codegen_diff,"等价指令形态差异 1 处（字节强转读取形态差（ORIG 直接偏移加载 movzwl 0xc(%eax),%eax vs OURS add+加载））","--- ORIG（伪代码化）
+++ OURS（伪代码化）
@@ -1,6 +1,7 @@
 push   %ebp
 mov    %esp,%ebp
 mov    0x8(%ebp),%eax
-movzwl 0xc(%eax),%eax
+add    $0xc,%eax
+movzwl (%eax),%eax
 pop    %ebp
 ret",2026-08-11
_ZNK9TCPSocket13pollReadEventEv,TCPSocket::pollReadEvent() const,codegen_diff,"等价指令形态差异 3 处（等价指令形态差异（push vs sub）；等价指令形态差异（mov vs lea））；栈帧/局部布局差异 3 处（栈局部偏移不同（mov    %eax,-0x1c(%ebp) | mov    -0xc(%ebp),%eax）；栈局部偏移不同（movl   $0x0,-0x20(%ebp) | movl   $0x0,-0x98(%ebp,%eax,4)））；其余指令差异 22 处（助记符不同（sub    $0xcc,%esp | movl   $0x0,-0xc(%ebp)）；助记符不同（lea    -0xac(%ebp),%eax | jmp    <T> <_ZNK9TCPSocket13pollReadEventEv+0x26>））","--- ORIG（伪代码化）
+++ OURS（伪代码化）
@@ -1,82 +1,74 @@
 push   %ebp
 mov    %esp,%ebp
-push   %edi
 push   %esi
 push   %ebx
-sub    $0xcc,%esp
-lea    -0xac(%ebp),%eax
-mov    %eax,-0x1c(%ebp)
-movl   $0x0,-0x20(%ebp)",2026-08-11
_ZNK9TCPSocket14pollErrorEventEv,TCPSocket::pollErrorEvent() const,codegen_diff,"等价指令形态差异 3 处（等价指令形态差异（push vs sub）；等价指令形态差异（mov vs lea））；栈帧/局部布局差异 3 处（栈局部偏移不同（mov    %eax,-0x1c(%ebp) | mov    -0xc(%ebp),%eax）；栈局部偏移不同（movl   $0x0,-0x20(%ebp) | movl   $0x0,-0x98(%ebp,%eax,4)））；其余指令差异 22 处（助记符不同（sub    $0xcc,%esp | movl   $0x0,-0xc(%ebp)）；助记符不同（lea    -0xac(%ebp),%eax | jmp    <T> <_ZNK9TCPSocket14pollErrorEventEv+0x26>））","--- ORIG（伪代码化）
+++ OURS（伪代码化）
@@ -1,79 +1,71 @@
 push   %ebp
 mov    %esp,%ebp
-push   %edi
 push   %esi
 push   %ebx
-sub    $0xcc,%esp
-lea    -0xac(%ebp),%eax
-mov    %eax,-0x1c(%ebp)
-movl   $0x0,-0x20(%ebp)",2026-08-11
_ZNK9TCPSocket14pollWriteEventEv,TCPSocket::pollWriteEvent() const,codegen_diff,"等价指令形态差异 3 处（等价指令形态差异（push vs sub）；等价指令形态差异（mov vs lea））；栈帧/局部布局差异 3 处（栈局部偏移不同（mov    %eax,-0x1c(%ebp) | mov    -0xc(%ebp),%eax）；栈局部偏移不同（movl   $0x0,-0x20(%ebp) | movl   $0x0,-0x98(%ebp,%eax,4)））；其余指令差异 22 处（助记符不同（sub    $0xcc,%esp | movl   $0x0,-0xc(%ebp)）；助记符不同（lea    -0xac(%ebp),%eax | jmp    <T> <_ZNK9TCPSocket14pollWriteEventEv+0x26>））","--- ORIG（伪代码化）
+++ OURS（伪代码化）
@@ -1,79 +1,71 @@
 push   %ebp
 mov    %esp,%ebp
-push   %edi
 push   %esi
 push   %ebx
-sub    $0xcc,%esp
-lea    -0xac(%ebp),%eax
-mov    %eax,-0x1c(%ebp)
-movl   $0x0,-0x20(%ebp)",2026-08-11
_ZNK9TCPSocket21pollReadWriteErrEventEv,TCPSocket::pollReadWriteErrEvent() const,caliber_issue,"寄存器分配差异 1 处（寄存器分配差异（mov    %esi,%edi | mov    %ebx,%eax））；等价指令形态差异 6 处（等价指令形态差异（push vs sub）；等价指令形态差异（lea vs mov））；栈帧/局部布局差异 11 处（栈局部偏移不同（mov    %eax,-0x2c(%ebp) | mov    -0xc(%ebp),%eax）；栈局部偏移不同（movl   $0x0,-0x30(%ebp) | movl   $0x0,-0x9c(%ebp,%eax,4)））；基本块布局差异 3 处（函数内跳转偏移不同（jne    <T> <_ZNK9TCPSocket21pollReadWriteErrEventEv+0x1e> | jne    <T> <_ZNK9TCPSocket21pollReadWriteErrEventEv+0x14>）；函数内跳转偏移不同（je     <T> <_ZNK9TCPSocket21pollReadWriteErrEventEv+0x1eb> | je     <T> <_ZNK9TCPSocket21pollReadWriteErrEventEv+0x208>））；立即数/常量差异 1 处（立即数不同（movl   $0x0,(%eax,%edx,4) | movl   $0x0,-0x19c(%ebp,%eax,4)））；其余指令差异 68 处（助记符不同（sub    $0x1dc,%esp | movl   $0x0,-0xc(%ebp)）；助记符不同（lea    -0xc0(%ebp),%eax | jmp    <T> <_ZNK9TCPSocket21pollReadWriteErrEventEv+0x42>））","--- ORIG（伪代码化）
+++ OURS（伪代码化）
@@ -1,178 +1,149 @@
 push   %ebp
 mov    %esp,%ebp
-push   %edi
 push   %esi
 push   %ebx
-sub    $0x1dc,%esp
-lea    -0xc0(%ebp),%eax
-mov    %eax,-0x2c(%ebp)
-movl   $0x0,-0x30(%ebp)",2026-08-11
main,main,codegen_diff,"寄存器分配差异 4 处（寄存器分配差异（mov    (%eax),%edx | mov    (%eax),%eax）；寄存器分配差异（mov    0x1c(%esp),%eax | mov    0x1c(%esp),%edx））","--- ORIG（伪代码化）
+++ OURS（伪代码化）
@@ -1,44 +1,44 @@
 push   %ebp
 mov    %esp,%ebp
 and    $0xfffffff0,%esp
 push   %esi
 push   %ebx
 sub    $0x28,%esp
 call   <T> <_Z20CApplicationInstancev>
 mov    %eax,0x1c(%esp)
 mov    0x1c(%esp),%eax",2026-08-11
pthread_equal,pthread_equal,codegen_diff,"寄存器分配差异 1 处（寄存器分配差异（pop    %ebp | pop    %ebp））；其余指令差异 2 处（操作数差异（mov    0xc(%ebp),%eax | mov    0x8(%ebp),%eax）；操作数差异（cmp    %eax,0x8(%ebp) | cmp    0xc(%ebp),%eax））","--- ORIG（伪代码化）
+++ OURS（伪代码化）
@@ -1,8 +1,8 @@
 push   %ebp
 mov    %esp,%ebp
-mov    0xc(%ebp),%eax
-cmp    %eax,0x8(%ebp)
-pop    %ebp
+mov    0x8(%ebp),%eax
+cmp    0xc(%ebp),%eax
 sete   %al
 movzbl %al,%eax",2026-08-11
