category	type	size	addr	mangled	demangled	obj
CTOR_DTOR	T	0x1e	0x820e632	_ZN10secretshop14CBuyItembyGoldD0Ev	secretshop::CBuyItembyGold::~CBuyItembyGold()	home/wangyilei/dnf_workspace/dnf_decompile/source/DNFServer/GameServer/Game/CSecretShop.cpp.o
CTOR_DTOR	T	0x30	0x820e602	_ZN10secretshop14CBuyItembyGoldD1Ev	secretshop::CBuyItembyGold::~CBuyItembyGold()	home/wangyilei/dnf_workspace/dnf_decompile/source/DNFServer/GameServer/Game/CSecretShop.cpp.o
CTOR_DTOR	T	0x30	0x820e602	_ZN10secretshop14CBuyItembyGoldD2Ev	secretshop::CBuyItembyGold::~CBuyItembyGold()	home/wangyilei/dnf_workspace/dnf_decompile/source/DNFServer/GameServer/Game/CSecretShop.cpp.o
CTOR_DTOR	T	0x1e	0x820e910	_ZN10secretshop16CBuyItembyRecipeD0Ev	secretshop::CBuyItembyRecipe::~CBuyItembyRecipe()	home/wangyilei/dnf_workspace/dnf_decompile/source/DNFServer/GameServer/Game/CSecretShop.cpp.o
CTOR_DTOR	T	0x30	0x820e8e0	_ZN10secretshop16CBuyItembyRecipeD1Ev	secretshop::CBuyItembyRecipe::~CBuyItembyRecipe()	home/wangyilei/dnf_workspace/dnf_decompile/source/DNFServer/GameServer/Game/CSecretShop.cpp.o
CTOR_DTOR	T	0x30	0x820e8e0	_ZN10secretshop16CBuyItembyRecipeD2Ev	secretshop::CBuyItembyRecipe::~CBuyItembyRecipe()	home/wangyilei/dnf_workspace/dnf_decompile/source/DNFServer/GameServer/Game/CSecretShop.cpp.o
CTOR_DTOR	T	0x5	0x825a088	_ZN11BaseItemKeyC1Ev	BaseItemKey::BaseItemKey()	home/wangyilei/dnf_workspace/dnf_decompile/source/DNFServer/GameServer/Game/GameStubs.cpp.o
CTOR_DTOR	T	0x5	0x825a088	_ZN11BaseItemKeyC2Ev	BaseItemKey::BaseItemKey()	home/wangyilei/dnf_workspace/dnf_decompile/source/DNFServer/GameServer/Game/GameStubs.cpp.o
CTOR_DTOR	T	0x5	0x825a128	_ZN12CItemUpgradeD1Ev	CItemUpgrade::~CItemUpgrade()	home/wangyilei/dnf_workspace/dnf_decompile/source/DNFServer/GameServer/Game/GameStubs.cpp.o
CTOR_DTOR	T	0x5	0x825a128	_ZN12CItemUpgradeD2Ev	CItemUpgrade::~CItemUpgrade()	home/wangyilei/dnf_workspace/dnf_decompile/source/DNFServer/GameServer/Game/GameStubs.cpp.o
CTOR_DTOR	T	0x13	0x808a70a	_ZN12MSG_BUY_ITEMC1Ev	MSG_BUY_ITEM::MSG_BUY_ITEM()	home/wangyilei/dnf_workspace/dnf_decompile/source/DNFServer/GameServer/Game/PacketTypes.cpp.o
CTOR_DTOR	T	0x13	0x808a70a	_ZN12MSG_BUY_ITEMC2Ev	MSG_BUY_ITEM::MSG_BUY_ITEM()	home/wangyilei/dnf_workspace/dnf_decompile/source/DNFServer/GameServer/Game/PacketTypes.cpp.o
CTOR_DTOR	T	0x13	0x808a9ee	_ZN12MSG_GET_ITEMC1Ev	MSG_GET_ITEM::MSG_GET_ITEM()	home/wangyilei/dnf_workspace/dnf_decompile/source/DNFServer/GameServer/Game/PacketTypes.cpp.o
CTOR_DTOR	T	0x13	0x808a9ee	_ZN12MSG_GET_ITEMC2Ev	MSG_GET_ITEM::MSG_GET_ITEM()	home/wangyilei/dnf_workspace/dnf_decompile/source/DNFServer/GameServer/Game/PacketTypes.cpp.o
CTOR_DTOR	T	0x13	0x808abba	_ZN12MSG_MOVE_MAPC1Ev	MSG_MOVE_MAP::MSG_MOVE_MAP()	home/wangyilei/dnf_workspace/dnf_decompile/source/DNFServer/GameServer/Game/PacketTypes.cpp.o
CTOR_DTOR	T	0x13	0x808abba	_ZN12MSG_MOVE_MAPC2Ev	MSG_MOVE_MAP::MSG_MOVE_MAP()	home/wangyilei/dnf_workspace/dnf_decompile/source/DNFServer/GameServer/Game/PacketTypes.cpp.o
CTOR_DTOR	T	0x13	0x808ae62	_ZN12MSG_SCAN_DLLC1Ev	MSG_SCAN_DLL::MSG_SCAN_DLL()	home/wangyilei/dnf_workspace/dnf_decompile/source/DNFServer/GameServer/Game/PacketTypes.cpp.o
CTOR_DTOR	T	0x13	0x808ae62	_ZN12MSG_SCAN_DLLC2Ev	MSG_SCAN_DLL::MSG_SCAN_DLL()	home/wangyilei/dnf_workspace/dnf_decompile/source/DNFServer/GameServer/Game/PacketTypes.cpp.o
CTOR_DTOR	T	0x13	0x808ae76	_ZN12MSG_SCAN_DRVC1Ev	MSG_SCAN_DRV::MSG_SCAN_DRV()	home/wangyilei/dnf_workspace/dnf_decompile/source/DNFServer/GameServer/Game/PacketTypes.cpp.o
CTOR_DTOR	T	0x13	0x808ae76	_ZN12MSG_SCAN_DRVC2Ev	MSG_SCAN_DRV::MSG_SCAN_DRV()	home/wangyilei/dnf_workspace/dnf_decompile/source/DNFServer/GameServer/Game/PacketTypes.cpp.o
CTOR_DTOR	T	0x13	0x808aeda	_ZN12MSG_SECU_RPYC1Ev	MSG_SECU_RPY::MSG_SECU_RPY()	home/wangyilei/dnf_workspace/dnf_decompile/source/DNFServer/GameServer/Game/PacketTypes.cpp.o
CTOR_DTOR	T	0x13	0x808aeda	_ZN12MSG_SECU_RPYC2Ev	MSG_SECU_RPY::MSG_SECU_RPY()	home/wangyilei/dnf_workspace/dnf_decompile/source/DNFServer/GameServer/Game/PacketTypes.cpp.o
CTOR_DTOR	T	0x13	0x808afb6	_ZN12MSG_TELEPORTC1Ev	MSG_TELEPORT::MSG_TELEPORT()	home/wangyilei/dnf_workspace/dnf_decompile/source/DNFServer/GameServer/Game/PacketTypes.cpp.o
CTOR_DTOR	T	0x13	0x808afb6	_ZN12MSG_TELEPORTC2Ev	MSG_TELEPORT::MSG_TELEPORT()	home/wangyilei/dnf_workspace/dnf_decompile/source/DNFServer/GameServer/Game/PacketTypes.cpp.o
CTOR_DTOR	T	0x13	0x808b06a	_ZN12MSG_USE_COINC1Ev	MSG_USE_COIN::MSG_USE_COIN()	home/wangyilei/dnf_workspace/dnf_decompile/source/DNFServer/GameServer/Game/PacketTypes.cpp.o
CTOR_DTOR	T	0x13	0x808b06a	_ZN12MSG_USE_COINC2Ev	MSG_USE_COIN::MSG_USE_COIN()	home/wangyilei/dnf_workspace/dnf_decompile/source/DNFServer/GameServer/Game/PacketTypes.cpp.o
CTOR_DTOR	T	0xe	0x825a0aa	_ZN13BaseItemValueC1Ev	BaseItemValue::BaseItemValue()	home/wangyilei/dnf_workspace/dnf_decompile/source/DNFServer/GameServer/Game/GameStubs.cpp.o
CTOR_DTOR	T	0xe	0x825a0aa	_ZN13BaseItemValueC2Ev	BaseItemValue::BaseItemValue()	home/wangyilei/dnf_workspace/dnf_decompile/source/DNFServer/GameServer/Game/GameStubs.cpp.o
CTOR_DTOR	T	0x13	0x808a912	_ZN13MSG_DROP_ITEMC1Ev	MSG_DROP_ITEM::MSG_DROP_ITEM()	home/wangyilei/dnf_workspace/dnf_decompile/source/DNFServer/GameServer/Game/PacketTypes.cpp.o
CTOR_DTOR	T	0x13	0x808a912	_ZN13MSG_DROP_ITEMC2Ev	MSG_DROP_ITEM::MSG_DROP_ITEM()	home/wangyilei/dnf_workspace/dnf_decompile/source/DNFServer/GameServer/Game/PacketTypes.cpp.o
CTOR_DTOR	T	0x13	0x808af8e	_ZN13MSG_SORT_ITEMC1Ev	MSG_SORT_ITEM::MSG_SORT_ITEM()	home/wangyilei/dnf_workspace/dnf_decompile/source/DNFServer/GameServer/Game/PacketTypes.cpp.o
CTOR_DTOR	T	0x13	0x808af8e	_ZN13MSG_SORT_ITEMC2Ev	MSG_SORT_ITEM::MSG_SORT_ITEM()	home/wangyilei/dnf_workspace/dnf_decompile/source/DNFServer/GameServer/Game/PacketTypes.cpp.o
CTOR_DTOR	T	0x13	0x808b0ba	_ZN13MSG_USE_SKILLC1Ev	MSG_USE_SKILL::MSG_USE_SKILL()	home/wangyilei/dnf_workspace/dnf_decompile/source/DNFServer/GameServer/Game/PacketTypes.cpp.o
CTOR_DTOR	T	0x13	0x808b0ba	_ZN13MSG_USE_SKILLC2Ev	MSG_USE_SKILL::MSG_USE_SKILL()	home/wangyilei/dnf_workspace/dnf_decompile/source/DNFServer/GameServer/Game/PacketTypes.cpp.o
CTOR_DTOR	T	0x13	0x808a66a	_ZN14MSG_ADD_FRIENDC1Ev	MSG_ADD_FRIEND::MSG_ADD_FRIEND()	home/wangyilei/dnf_workspace/dnf_decompile/source/DNFServer/GameServer/Game/PacketTypes.cpp.o
CTOR_DTOR	T	0x13	0x808a66a	_ZN14MSG_ADD_FRIENDC2Ev	MSG_ADD_FRIEND::MSG_ADD_FRIEND()	home/wangyilei/dnf_workspace/dnf_decompile/source/DNFServer/GameServer/Game/PacketTypes.cpp.o
CTOR_DTOR	T	0x13	0x808a8ae	_ZN15MSG_DELETE_ITEMC1Ev	MSG_DELETE_ITEM::MSG_DELETE_ITEM()	home/wangyilei/dnf_workspace/dnf_decompile/source/DNFServer/GameServer/Game/PacketTypes.cpp.o
CTOR_DTOR	T	0x13	0x808a8ae	_ZN15MSG_DELETE_ITEMC2Ev	MSG_DELETE_ITEM::MSG_DELETE_ITEM()	home/wangyilei/dnf_workspace/dnf_decompile/source/DNFServer/GameServer/Game/PacketTypes.cpp.o
CTOR_DTOR	T	0x13	0x808ab92	_ZN15MSG_MOTION_HACKC1Ev	MSG_MOTION_HACK::MSG_MOTION_HACK()	home/wangyilei/dnf_workspace/dnf_decompile/source/DNFServer/GameServer/Game/PacketTypes.cpp.o
CTOR_DTOR	T	0x13	0x808ab92	_ZN15MSG_MOTION_HACKC2Ev	MSG_MOTION_HACK::MSG_MOTION_HACK()	home/wangyilei/dnf_workspace/dnf_decompile/source/DNFServer/GameServer/Game/PacketTypes.cpp.o
CTOR_DTOR	T	0x13	0x808ac96	_ZN15MSG_PVP_TIMEOUTC1Ev	MSG_PVP_TIMEOUT::MSG_PVP_TIMEOUT()	home/wangyilei/dnf_workspace/dnf_decompile/source/DNFServer/GameServer/Game/PacketTypes.cpp.o
CTOR_DTOR	T	0x13	0x808ac96	_ZN15MSG_PVP_TIMEOUTC2Ev	MSG_PVP_TIMEOUT::MSG_PVP_TIMEOUT()	home/wangyilei/dnf_workspace/dnf_decompile/source/DNFServer/GameServer/Game/PacketTypes.cpp.o
CTOR_DTOR	T	0x13	0x808ae8a	_ZN15MSG_SCRIPT_HASHC1Ev	MSG_SCRIPT_HASH::MSG_SCRIPT_HASH()	home/wangyilei/dnf_workspace/dnf_decompile/source/DNFServer/GameServer/Game/PacketTypes.cpp.o
CTOR_DTOR	T	0x13	0x808ae8a	_ZN15MSG_SCRIPT_HASHC2Ev	MSG_SCRIPT_HASH::MSG_SCRIPT_HASH()	home/wangyilei/dnf_workspace/dnf_decompile/source/DNFServer/GameServer/Game/PacketTypes.cpp.o
CTOR_DTOR	T	0x13	0x808ab42	_ZN16MSG_MAILBOX_SENDC1Ev	MSG_MAILBOX_SEND::MSG_MAILBOX_SEND()	home/wangyilei/dnf_workspace/dnf_decompile/source/DNFServer/GameServer/Game/PacketTypes.cpp.o
CTOR_DTOR	T	0x13	0x808ab42	_ZN16MSG_MAILBOX_SENDC2Ev	MSG_MAILBOX_SEND::MSG_MAILBOX_SEND()	home/wangyilei/dnf_workspace/dnf_decompile/source/DNFServer/GameServer/Game/PacketTypes.cpp.o
CTOR_DTOR	T	0x13	0x808ad5e	_ZN16MSG_REPAIR_EQUIPC1Ev	MSG_REPAIR_EQUIP::MSG_REPAIR_EQUIP()	home/wangyilei/dnf_workspace/dnf_decompile/source/DNFServer/GameServer/Game/PacketTypes.cpp.o
CTOR_DTOR	T	0x13	0x808ad5e	_ZN16MSG_REPAIR_EQUIPC2Ev	MSG_REPAIR_EQUIP::MSG_REPAIR_EQUIP()	home/wangyilei/dnf_workspace/dnf_decompile/source/DNFServer/GameServer/Game/PacketTypes.cpp.o
CTOR_DTOR	T	0x13	0x808b02e	_ZN16MSG_USERINFO_REQC1Ev	MSG_USERINFO_REQ::MSG_USERINFO_REQ()	home/wangyilei/dnf_workspace/dnf_decompile/source/DNFServer/GameServer/Game/PacketTypes.cpp.o
CTOR_DTOR	T	0x13	0x808b02e	_ZN16MSG_USERINFO_REQC2Ev	MSG_USERINFO_REQ::MSG_USERINFO_REQ()	home/wangyilei/dnf_workspace/dnf_decompile/source/DNFServer/GameServer/Game/PacketTypes.cpp.o
CTOR_DTOR	T	0x13	0x808b056	_ZN16MSG_USER_SET_POSC1Ev	MSG_USER_SET_POS::MSG_USER_SET_POS()	home/wangyilei/dnf_workspace/dnf_decompile/source/DNFServer/GameServer/Game/PacketTypes.cpp.o
CTOR_DTOR	T	0x13	0x808b056	_ZN16MSG_USER_SET_POSC2Ev	MSG_USER_SET_POS::MSG_USER_SET_POS()	home/wangyilei/dnf_workspace/dnf_decompile/source/DNFServer/GameServer/Game/PacketTypes.cpp.o
CTOR_DTOR	T	0x5	0x825a14e	_ZN17CItemGeneratorMgrD1Ev	CItemGeneratorMgr::~CItemGeneratorMgr()	home/wangyilei/dnf_workspace/dnf_decompile/source/DNFServer/GameServer/Game/GameStubs.cpp.o
CTOR_DTOR	T	0x5	0x825a14e	_ZN17CItemGeneratorMgrD2Ev	CItemGeneratorMgr::~CItemGeneratorMgr()	home/wangyilei/dnf_workspace/dnf_decompile/source/DNFServer/GameServer/Game/GameStubs.cpp.o
CTOR_DTOR	T	0x13	0x808a80e	_ZN17MSG_COLLECT_ITEMSC1Ev	MSG_COLLECT_ITEMS::MSG_COLLECT_ITEMS()	home/wangyilei/dnf_workspace/dnf_decompile/source/DNFServer/GameServer/Game/PacketTypes.cpp.o
CTOR_DTOR	T	0x13	0x808a80e	_ZN17MSG_COLLECT_ITEMSC2Ev	MSG_COLLECT_ITEMS::MSG_COLLECT_ITEMS()	home/wangyilei/dnf_workspace/dnf_decompile/source/DNFServer/GameServer/Game/PacketTypes.cpp.o
CTOR_DTOR	T	0x13	0x808a8ea	_ZN17MSG_DIE_CHARACTERC1Ev	MSG_DIE_CHARACTER::MSG_DIE_CHARACTER()	home/wangyilei/dnf_workspace/dnf_decompile/source/DNFServer/GameServer/Game/PacketTypes.cpp.o
CTOR_DTOR	T	0x13	0x808a8ea	_ZN17MSG_DIE_CHARACTERC2Ev	MSG_DIE_CHARACTER::MSG_DIE_CHARACTER()	home/wangyilei/dnf_workspace/dnf_decompile/source/DNFServer/GameServer/Game/PacketTypes.cpp.o
CTOR_DTOR	T	0x13	0x808ab6a	_ZN17MSG_MEMBER_SECEDEC1Ev	MSG_MEMBER_SECEDE::MSG_MEMBER_SECEDE()	home/wangyilei/dnf_workspace/dnf_decompile/source/DNFServer/GameServer/Game/PacketTypes.cpp.o
CTOR_DTOR	T	0x13	0x808ab6a	_ZN17MSG_MEMBER_SECEDEC2Ev	MSG_MEMBER_SECEDE::MSG_MEMBER_SECEDE()	home/wangyilei/dnf_workspace/dnf_decompile/source/DNFServer/GameServer/Game/PacketTypes.cpp.o
CTOR_DTOR	T	0x13	0x808ad22	_ZN17MSG_REMOVE_FRIENDC1Ev	MSG_REMOVE_FRIEND::MSG_REMOVE_FRIEND()	home/wangyilei/dnf_workspace/dnf_decompile/source/DNFServer/GameServer/Game/PacketTypes.cpp.o
CTOR_DTOR	T	0x13	0x808ad22	_ZN17MSG_REMOVE_FRIENDC2Ev	MSG_REMOVE_FRIEND::MSG_REMOVE_FRIEND()	home/wangyilei/dnf_workspace/dnf_decompile/source/DNFServer/GameServer/Game/PacketTypes.cpp.o
CTOR_DTOR	T	0x13	0x808af3e	_ZN17MSG_SET_USER_AREAC1Ev	MSG_SET_USER_AREA::MSG_SET_USER_AREA()	home/wangyilei/dnf_workspace/dnf_decompile/source/DNFServer/GameServer/Game/PacketTypes.cpp.o
CTOR_DTOR	T	0x13	0x808af3e	_ZN17MSG_SET_USER_AREAC2Ev	MSG_SET_USER_AREA::MSG_SET_USER_AREA()	home/wangyilei/dnf_workspace/dnf_decompile/source/DNFServer/GameServer/Game/PacketTypes.cpp.o
CTOR_DTOR	T	0x13	0x808afde	_ZN17MSG_TITLEBOOK_GETC1Ev	MSG_TITLEBOOK_GET::MSG_TITLEBOOK_GET()	home/wangyilei/dnf_workspace/dnf_decompile/source/DNFServer/GameServer/Game/PacketTypes.cpp.o
CTOR_DTOR	T	0x13	0x808afde	_ZN17MSG_TITLEBOOK_GETC2Ev	MSG_TITLEBOOK_GET::MSG_TITLEBOOK_GET()	home/wangyilei/dnf_workspace/dnf_decompile/source/DNFServer/GameServer/Game/PacketTypes.cpp.o
CTOR_DTOR	T	0x13	0x808b006	_ZN17MSG_TITLEBOOK_PUTC1Ev	MSG_TITLEBOOK_PUT::MSG_TITLEBOOK_PUT()	home/wangyilei/dnf_workspace/dnf_decompile/source/DNFServer/GameServer/Game/PacketTypes.cpp.o
CTOR_DTOR	T	0x13	0x808b006	_ZN17MSG_TITLEBOOK_PUTC2Ev	MSG_TITLEBOOK_PUT::MSG_TITLEBOOK_PUT()	home/wangyilei/dnf_workspace/dnf_decompile/source/DNFServer/GameServer/Game/PacketTypes.cpp.o
CTOR_DTOR	T	0x13	0x808b0ce	_ZN17MSG_WALKOUT_PARTYC1Ev	MSG_WALKOUT_PARTY::MSG_WALKOUT_PARTY()	home/wangyilei/dnf_workspace/dnf_decompile/source/DNFServer/GameServer/Game/PacketTypes.cpp.o
CTOR_DTOR	T	0x13	0x808b0ce	_ZN17MSG_WALKOUT_PARTYC2Ev	MSG_WALKOUT_PARTY::MSG_WALKOUT_PARTY()	home/wangyilei/dnf_workspace/dnf_decompile/source/DNFServer/GameServer/Game/PacketTypes.cpp.o
CTOR_DTOR	T	0x13	0x808a6e2	_ZN18MSG_BOSS_DIE_CHECKC1Ev	MSG_BOSS_DIE_CHECK::MSG_BOSS_DIE_CHECK()	home/wangyilei/dnf_workspace/dnf_decompile/source/DNFServer/GameServer/Game/PacketTypes.cpp.o
CTOR_DTOR	T	0x13	0x808a6e2	_ZN18MSG_BOSS_DIE_CHECKC2Ev	MSG_BOSS_DIE_CHECK::MSG_BOSS_DIE_CHECK()	home/wangyilei/dnf_workspace/dnf_decompile/source/DNFServer/GameServer/Game/PacketTypes.cpp.o
CTOR_DTOR	T	0x13	0x808a76e	_ZN18MSG_CHANGE_EMOTIONC1Ev	MSG_CHANGE_EMOTION::MSG_CHANGE_EMOTION()	home/wangyilei/dnf_workspace/dnf_decompile/source/DNFServer/GameServer/Game/PacketTypes.cpp.o
CTOR_DTOR	T	0x13	0x808a76e	_ZN18MSG_CHANGE_EMOTIONC2Ev	MSG_CHANGE_EMOTION::MSG_CHANGE_EMOTION()	home/wangyilei/dnf_workspace/dnf_decompile/source/DNFServer/GameServer/Game/PacketTypes.cpp.o
CTOR_DTOR	T	0x13	0x808a9c6	_ZN18MSG_FINISH_LOADINGC1Ev	MSG_FINISH_LOADING::MSG_FINISH_LOADING()	home/wangyilei/dnf_workspace/dnf_decompile/source/DNFServer/GameServer/Game/PacketTypes.cpp.o
CTOR_DTOR	T	0x13	0x808a9c6	_ZN18MSG_FINISH_LOADINGC2Ev	MSG_FINISH_LOADING::MSG_FINISH_LOADING()	home/wangyilei/dnf_workspace/dnf_decompile/source/DNFServer/GameServer/Game/PacketTypes.cpp.o
CTOR_DTOR	T	0x13	0x808aaa2	_ZN18MSG_HATCH_CREATUREC1Ev	MSG_HATCH_CREATURE::MSG_HATCH_CREATURE()	home/wangyilei/dnf_workspace/dnf_decompile/source/DNFServer/GameServer/Game/PacketTypes.cpp.o
CTOR_DTOR	T	0x13	0x808aaa2	_ZN18MSG_HATCH_CREATUREC2Ev	MSG_HATCH_CREATURE::MSG_HATCH_CREATURE()	home/wangyilei/dnf_workspace/dnf_decompile/source/DNFServer/GameServer/Game/PacketTypes.cpp.o
CTOR_DTOR	T	0x13	0x808aba6	_ZN18MSG_MOVE_ITEMSPACEC1Ev	MSG_MOVE_ITEMSPACE::MSG_MOVE_ITEMSPACE()	home/wangyilei/dnf_workspace/dnf_decompile/source/DNFServer/GameServer/Game/PacketTypes.cpp.o
CTOR_DTOR	T	0x13	0x808aba6	_ZN18MSG_MOVE_ITEMSPACEC2Ev	MSG_MOVE_ITEMSPACE::MSG_MOVE_ITEMSPACE()	home/wangyilei/dnf_workspace/dnf_decompile/source/DNFServer/GameServer/Game/PacketTypes.cpp.o
CTOR_DTOR	T	0x13	0x808ac1e	_ZN18MSG_PARTY_SET_INFOC1Ev	MSG_PARTY_SET_INFO::MSG_PARTY_SET_INFO()	home/wangyilei/dnf_workspace/dnf_decompile/source/DNFServer/GameServer/Game/PacketTypes.cpp.o
CTOR_DTOR	T	0x13	0x808ac1e	_ZN18MSG_PARTY_SET_INFOC2Ev	MSG_PARTY_SET_INFO::MSG_PARTY_SET_INFO()	home/wangyilei/dnf_workspace/dnf_decompile/source/DNFServer/GameServer/Game/PacketTypes.cpp.o
CTOR_DTOR	T	0x13	0x808aeee	_ZN18MSG_SELECT_DUNGEONC1Ev	MSG_SELECT_DUNGEON::MSG_SELECT_DUNGEON()	home/wangyilei/dnf_workspace/dnf_decompile/source/DNFServer/GameServer/Game/PacketTypes.cpp.o
CTOR_DTOR	T	0x13	0x808aeee	_ZN18MSG_SELECT_DUNGEONC2Ev	MSG_SELECT_DUNGEON::MSG_SELECT_DUNGEON()	home/wangyilei/dnf_workspace/dnf_decompile/source/DNFServer/GameServer/Game/PacketTypes.cpp.o
CTOR_DTOR	T	0x13	0x808b10a	_ZN18MsgLimitNpcBuyItemC1Ev	MsgLimitNpcBuyItem::MsgLimitNpcBuyItem()	home/wangyilei/dnf_workspace/dnf_decompile/source/DNFServer/GameServer/Game/PacketTypes.cpp.o
CTOR_DTOR	T	0x13	0x808b10a	_ZN18MsgLimitNpcBuyItemC2Ev	MsgLimitNpcBuyItem::MsgLimitNpcBuyItem()	home/wangyilei/dnf_workspace/dnf_decompile/source/DNFServer/GameServer/Game/PacketTypes.cpp.o
CTOR_DTOR	T	0x13	0x808b132	_ZN18MsgMercenaryReturnC1Ev	MsgMercenaryReturn::MsgMercenaryReturn()	home/wangyilei/dnf_workspace/dnf_decompile/source/DNFServer/GameServer/Game/PacketTypes.cpp.o
CTOR_DTOR	T	0x13	0x808b132	_ZN18MsgMercenaryReturnC2Ev	MsgMercenaryReturn::MsgMercenaryReturn()	home/wangyilei/dnf_workspace/dnf_decompile/source/DNFServer/GameServer/Game/PacketTypes.cpp.o
CTOR_DTOR	T	0x5	0x825b588	_ZN18stGenerateResult_tC1Ev	stGenerateResult_t::stGenerateResult_t()	home/wangyilei/dnf_workspace/dnf_decompile/source/DNFServer/GameServer/Game/GameStubs.cpp.o
CTOR_DTOR	T	0x5	0x825b588	_ZN18stGenerateResult_tC2Ev	stGenerateResult_t::stGenerateResult_t()	home/wangyilei/dnf_workspace/dnf_decompile/source/DNFServer/GameServer/Game/GameStubs.cpp.o
CTOR_DTOR	T	0x5	0x825b58e	_ZN18stGenerateResult_tD1Ev	stGenerateResult_t::~stGenerateResult_t()	home/wangyilei/dnf_workspace/dnf_decompile/source/DNFServer/GameServer/Game/GameStubs.cpp.o
CTOR_DTOR	T	0x5	0x825b58e	_ZN18stGenerateResult_tD2Ev	stGenerateResult_t::~stGenerateResult_t()	home/wangyilei/dnf_workspace/dnf_decompile/source/DNFServer/GameServer/Game/GameStubs.cpp.o
CTOR_DTOR	T	0x13	0x808a8d6	_ZN19MSG_DENY_JOIN_GUILDC1Ev	MSG_DENY_JOIN_GUILD::MSG_DENY_JOIN_GUILD()	home/wangyilei/dnf_workspace/dnf_decompile/source/DNFServer/GameServer/Game/PacketTypes.cpp.o
CTOR_DTOR	T	0x13	0x808a8d6	_ZN19MSG_DENY_JOIN_GUILDC2Ev	MSG_DENY_JOIN_GUILD::MSG_DENY_JOIN_GUILD()	home/wangyilei/dnf_workspace/dnf_decompile/source/DNFServer/GameServer/Game/PacketTypes.cpp.o
CTOR_DTOR	T	0x13	0x808a93a	_ZN19MSG_ENCHANT_BY_BEADC1Ev	MSG_ENCHANT_BY_BEAD::MSG_ENCHANT_BY_BEAD()	home/wangyilei/dnf_workspace/dnf_decompile/source/DNFServer/GameServer/Game/PacketTypes.cpp.o
CTOR_DTOR	T	0x13	0x808a93a	_ZN19MSG_ENCHANT_BY_BEADC2Ev	MSG_ENCHANT_BY_BEAD::MSG_ENCHANT_BY_BEAD()	home/wangyilei/dnf_workspace/dnf_decompile/source/DNFServer/GameServer/Game/PacketTypes.cpp.o
CTOR_DTOR	T	0x13	0x808aade	_ZN19MSG_ITEM_DICTIONARYC1Ev	MSG_ITEM_DICTIONARY::MSG_ITEM_DICTIONARY()	home/wangyilei/dnf_workspace/dnf_decompile/source/DNFServer/GameServer/Game/PacketTypes.cpp.o
CTOR_DTOR	T	0x13	0x808aade	_ZN19MSG_ITEM_DICTIONARYC2Ev	MSG_ITEM_DICTIONARY::MSG_ITEM_DICTIONARY()	home/wangyilei/dnf_workspace/dnf_decompile/source/DNFServer/GameServer/Game/PacketTypes.cpp.o
CTOR_DTOR	T	0x13	0x808abce	_ZN19MSG_OBJECT_BRING_UPC1Ev	MSG_OBJECT_BRING_UP::MSG_OBJECT_BRING_UP()	home/wangyilei/dnf_workspace/dnf_decompile/source/DNFServer/GameServer/Game/PacketTypes.cpp.o
CTOR_DTOR	T	0x13	0x808abce	_ZN19MSG_OBJECT_BRING_UPC2Ev	MSG_OBJECT_BRING_UP::MSG_OBJECT_BRING_UP()	home/wangyilei/dnf_workspace/dnf_decompile/source/DNFServer/GameServer/Game/PacketTypes.cpp.o
CTOR_DTOR	T	0x13	0x808af2a	_ZN19MSG_SET_READY_STATEC1Ev	MSG_SET_READY_STATE::MSG_SET_READY_STATE()	home/wangyilei/dnf_workspace/dnf_decompile/source/DNFServer/GameServer/Game/PacketTypes.cpp.o
CTOR_DTOR	T	0x13	0x808af2a	_ZN19MSG_SET_READY_STATEC2Ev	MSG_SET_READY_STATE::MSG_SET_READY_STATE()	home/wangyilei/dnf_workspace/dnf_decompile/source/DNFServer/GameServer/Game/PacketTypes.cpp.o
CTOR_DTOR	T	0x5	0x8257644	_ZN19MultiBoxLotteryInfo18LotteryDefaultAradC1Ev	MultiBoxLotteryInfo::LotteryDefaultArad::LotteryDefaultArad()	home/wangyilei/dnf_workspace/dnf_decompile/source/DNFServer/GameServer/Game/GameStubs.cpp.o
CTOR_DTOR	T	0x5	0x8257644	_ZN19MultiBoxLotteryInfo18LotteryDefaultAradC2Ev	MultiBoxLotteryInfo::LotteryDefaultArad::LotteryDefaultArad()	home/wangyilei/dnf_workspace/dnf_decompile/source/DNFServer/GameServer/Game/GameStubs.cpp.o
CTOR_DTOR	T	0x5	0x825b57c	_ZN19stGenerateRefData_tC1Ev	stGenerateRefData_t::stGenerateRefData_t()	home/wangyilei/dnf_workspace/dnf_decompile/source/DNFServer/GameServer/Game/GameStubs.cpp.o
CTOR_DTOR	T	0x5	0x825b57c	_ZN19stGenerateRefData_tC2Ev	stGenerateRefData_t::stGenerateRefData_t()	home/wangyilei/dnf_workspace/dnf_decompile/source/DNFServer/GameServer/Game/GameStubs.cpp.o
CTOR_DTOR	T	0x5	0x825b582	_ZN19stGenerateRefData_tD1Ev	stGenerateRefData_t::~stGenerateRefData_t()	home/wangyilei/dnf_workspace/dnf_decompile/source/DNFServer/GameServer/Game/GameStubs.cpp.o
CTOR_DTOR	T	0x5	0x825b582	_ZN19stGenerateRefData_tD2Ev	stGenerateRefData_t::~stGenerateRefData_t()	home/wangyilei/dnf_workspace/dnf_decompile/source/DNFServer/GameServer/Game/GameStubs.cpp.o
CTOR_DTOR	T	0x13	0x808a7be	_ZN20MSG_CHANGE_SKILLSLOTC1Ev	MSG_CHANGE_SKILLSLOT::MSG_CHANGE_SKILLSLOT()	home/wangyilei/dnf_workspace/dnf_decompile/source/DNFServer/GameServer/Game/PacketTypes.cpp.o
CTOR_DTOR	T	0x13	0x808a7be	_ZN20MSG_CHANGE_SKILLSLOTC2Ev	MSG_CHANGE_SKILLSLOT::MSG_CHANGE_SKILLSLOT()	home/wangyilei/dnf_workspace/dnf_decompile/source/DNFServer/GameServer/Game/PacketTypes.cpp.o
CTOR_DTOR	T	0x13	0x808a85e	_ZN20MSG_CREATE_CHARACTERC1Ev	MSG_CREATE_CHARACTER::MSG_CREATE_CHARACTER()	home/wangyilei/dnf_workspace/dnf_decompile/source/DNFServer/GameServer/Game/PacketTypes.cpp.o
CTOR_DTOR	T	0x13	0x808a85e	_ZN20MSG_CREATE_CHARACTERC2Ev	MSG_CREATE_CHARACTER::MSG_CREATE_CHARACTER()	home/wangyilei/dnf_workspace/dnf_decompile/source/DNFServer/GameServer/Game/PacketTypes.cpp.o
CTOR_DTOR	T	0x13	0x808a89a	_ZN20MSG_DELETE_CHARACTERC1Ev	MSG_DELETE_CHARACTER::MSG_DELETE_CHARACTER()	home/wangyilei/dnf_workspace/dnf_decompile/source/DNFServer/GameServer/Game/PacketTypes.cpp.o
CTOR_DTOR	T	0x13	0x808a89a	_ZN20MSG_DELETE_CHARACTERC2Ev	MSG_DELETE_CHARACTER::MSG_DELETE_CHARACTER()	home/wangyilei/dnf_workspace/dnf_decompile/source/DNFServer/GameServer/Game/PacketTypes.cpp.o
CTOR_DTOR	T	0x13	0x808a962	_ZN20MSG_EQUIPSLOT_SWITCHC1Ev	MSG_EQUIPSLOT_SWITCH::MSG_EQUIPSLOT_SWITCH()	home/wangyilei/dnf_workspace/dnf_decompile/source/DNFServer/GameServer/Game/PacketTypes.cpp.o
CTOR_DTOR	T	0x13	0x808a962	_ZN20MSG_EQUIPSLOT_SWITCHC2Ev	MSG_EQUIPSLOT_SWITCH::MSG_EQUIPSLOT_SWITCH()	home/wangyilei/dnf_workspace/dnf_decompile/source/DNFServer/GameServer/Game/PacketTypes.cpp.o
CTOR_DTOR	T	0x13	0x808aa3e	_ZN20MSG_GUILD_ATTENDANCEC1Ev	MSG_GUILD_ATTENDANCE::MSG_GUILD_ATTENDANCE()	home/wangyilei/dnf_workspace/dnf_decompile/source/DNFServer/GameServer/Game/PacketTypes.cpp.o
CTOR_DTOR	T	0x13	0x808aa3e	_ZN20MSG_GUILD_ATTENDANCEC2Ev	MSG_GUILD_ATTENDANCE::MSG_GUILD_ATTENDANCE()	home/wangyilei/dnf_workspace/dnf_decompile/source/DNFServer/GameServer/Game/PacketTypes.cpp.o
CTOR_DTOR	T	0x5	0x80e483e	_ZN21CItemUpgrade_SeparateD1Ev	CItemUpgrade_Separate::~CItemUpgrade_Separate()	home/wangyilei/dnf_workspace/dnf_decompile/source/DNFServer/GameServer/Game/CDataManager.cpp.o
CTOR_DTOR	T	0x5	0x80e483e	_ZN21CItemUpgrade_SeparateD2Ev	CItemUpgrade_Separate::~CItemUpgrade_Separate()	home/wangyilei/dnf_workspace/dnf_decompile/source/DNFServer/GameServer/Game/CDataManager.cpp.o
CTOR_DTOR	T	0x13	0x808a732	_ZN21MSG_CANCEL_JOIN_GUILDC1Ev	MSG_CANCEL_JOIN_GUILD::MSG_CANCEL_JOIN_GUILD()	home/wangyilei/dnf_workspace/dnf_decompile/source/DNFServer/GameServer/Game/PacketTypes.cpp.o
CTOR_DTOR	T	0x13	0x808a732	_ZN21MSG_CANCEL_JOIN_GUILDC2Ev	MSG_CANCEL_JOIN_GUILD::MSG_CANCEL_JOIN_GUILD()	home/wangyilei/dnf_workspace/dnf_decompile/source/DNFServer/GameServer/Game/PacketTypes.cpp.o
CTOR_DTOR	T	0x13	0x808a8fe	_ZN21MSG_DONATE_GUILD_FUNDC1Ev	MSG_DONATE_GUILD_FUND::MSG_DONATE_GUILD_FUND()	home/wangyilei/dnf_workspace/dnf_decompile/source/DNFServer/GameServer/Game/PacketTypes.cpp.o
CTOR_DTOR	T	0x13	0x808a8fe	_ZN21MSG_DONATE_GUILD_FUNDC2Ev	MSG_DONATE_GUILD_FUND::MSG_DONATE_GUILD_FUND()	home/wangyilei/dnf_workspace/dnf_decompile/source/DNFServer/GameServer/Game/PacketTypes.cpp.o
CTOR_DTOR	T	0x5	0x825ba34	_ZN21Packet_MiniCraneSeedC1Ev	_ZN21Packet_MiniCraneSeedC1Ev	home/wangyilei/dnf_workspace/dnf_decompile/source/DNFServer/GameServer/Game/GameStubs.cpp.o
CTOR_DTOR	T	0x13	0x808a67e	_ZN22MSG_APPROVE_JOIN_GUILDC1Ev	MSG_APPROVE_JOIN_GUILD::MSG_APPROVE_JOIN_GUILD()	home/wangyilei/dnf_workspace/dnf_decompile/source/DNFServer/GameServer/Game/PacketTypes.cpp.o
CTOR_DTOR	T	0x13	0x808a67e	_ZN22MSG_APPROVE_JOIN_GUILDC2Ev	MSG_APPROVE_JOIN_GUILD::MSG_APPROVE_JOIN_GUILD()	home/wangyilei/dnf_workspace/dnf_decompile/source/DNFServer/GameServer/Game/PacketTypes.cpp.o
CTOR_DTOR	T	0x13	0x808a796	_ZN22MSG_CHANGE_LETTER_STATC1Ev	MSG_CHANGE_LETTER_STAT::MSG_CHANGE_LETTER_STAT()	home/wangyilei/dnf_workspace/dnf_decompile/source/DNFServer/GameServer/Game/PacketTypes.cpp.o
CTOR_DTOR	T	0x13	0x808a796	_ZN22MSG_CHANGE_LETTER_STATC2Ev	MSG_CHANGE_LETTER_STAT::MSG_CHANGE_LETTER_STAT()	home/wangyilei/dnf_workspace/dnf_decompile/source/DNFServer/GameServer/Game/PacketTypes.cpp.o
CTOR_DTOR	T	0x13	0x808ab56	_ZN22MSG_MEMBER_ENTER_REPLYC1Ev	MSG_MEMBER_ENTER_REPLY::MSG_MEMBER_ENTER_REPLY()	home/wangyilei/dnf_workspace/dnf_decompile/source/DNFServer/GameServer/Game/PacketTypes.cpp.o
CTOR_DTOR	T	0x13	0x808ab56	_ZN22MSG_MEMBER_ENTER_REPLYC2Ev	MSG_MEMBER_ENTER_REPLY::MSG_MEMBER_ENTER_REPLY()	home/wangyilei/dnf_workspace/dnf_decompile/source/DNFServer/GameServer/Game/PacketTypes.cpp.o
CTOR_DTOR	T	0x13	0x825b2f8	_ZN23CDungeon_TowerOfDespairD1Ev	CDungeon_TowerOfDespair::~CDungeon_TowerOfDespair()	home/wangyilei/dnf_workspace/dnf_decompile/source/DNFServer/GameServer/Game/GameStubs.cpp.o
CTOR_DTOR	T	0x13	0x825b2f8	_ZN23CDungeon_TowerOfDespairD2Ev	CDungeon_TowerOfDespair::~CDungeon_TowerOfDespair()	home/wangyilei/dnf_workspace/dnf_decompile/source/DNFServer/GameServer/Game/GameStubs.cpp.o
CTOR_DTOR	T	0x13	0x808a656	_ZN23MSG_ACHIEVEMENT_TRIGGERC1Ev	MSG_ACHIEVEMENT_TRIGGER::MSG_ACHIEVEMENT_TRIGGER()	home/wangyilei/dnf_workspace/dnf_decompile/source/DNFServer/GameServer/Game/PacketTypes.cpp.o
CTOR_DTOR	T	0x13	0x808a656	_ZN23MSG_ACHIEVEMENT_TRIGGERC2Ev	MSG_ACHIEVEMENT_TRIGGER::MSG_ACHIEVEMENT_TRIGGER()	home/wangyilei/dnf_workspace/dnf_decompile/source/DNFServer/GameServer/Game/PacketTypes.cpp.o
CTOR_DTOR	T	0x13	0x808a782	_ZN23MSG_CHANGE_HOST_WARROOMC1Ev	MSG_CHANGE_HOST_WARROOM::MSG_CHANGE_HOST_WARROOM()	home/wangyilei/dnf_workspace/dnf_decompile/source/DNFServer/GameServer/Game/PacketTypes.cpp.o
CTOR_DTOR	T	0x13	0x808a782	_ZN23MSG_CHANGE_HOST_WARROOMC2Ev	MSG_CHANGE_HOST_WARROOM::MSG_CHANGE_HOST_WARROOM()	home/wangyilei/dnf_workspace/dnf_decompile/source/DNFServer/GameServer/Game/PacketTypes.cpp.o
CTOR_DTOR	T	0x13	0x808a886	_ZN23MSG_DECREASE_DURABILITYC1Ev	MSG_DECREASE_DURABILITY::MSG_DECREASE_DURABILITY()	home/wangyilei/dnf_workspace/dnf_decompile/source/DNFServer/GameServer/Game/PacketTypes.cpp.o
CTOR_DTOR	T	0x13	0x808a886	_ZN23MSG_DECREASE_DURABILITYC2Ev	MSG_DECREASE_DURABILITY::MSG_DECREASE_DURABILITY()	home/wangyilei/dnf_workspace/dnf_decompile/source/DNFServer/GameServer/Game/PacketTypes.cpp.o
CTOR_DTOR	T	0x13	0x808a8c2	_ZN23MSG_DELETE_TO_BLACKLISTC1Ev	MSG_DELETE_TO_BLACKLIST::MSG_DELETE_TO_BLACKLIST()	home/wangyilei/dnf_workspace/dnf_decompile/source/DNFServer/GameServer/Game/PacketTypes.cpp.o
CTOR_DTOR	T	0x13	0x808a8c2	_ZN23MSG_DELETE_TO_BLACKLISTC2Ev	MSG_DELETE_TO_BLACKLIST::MSG_DELETE_TO_BLACKLIST()	home/wangyilei/dnf_workspace/dnf_decompile/source/DNFServer/GameServer/Game/PacketTypes.cpp.o
CTOR_DTOR	T	0x13	0x808aff2	_ZN23MSG_TITLEBOOK_OTHERUSERC1Ev	MSG_TITLEBOOK_OTHERUSER::MSG_TITLEBOOK_OTHERUSER()	home/wangyilei/dnf_workspace/dnf_decompile/source/DNFServer/GameServer/Game/PacketTypes.cpp.o
CTOR_DTOR	T	0x13	0x808aff2	_ZN23MSG_TITLEBOOK_OTHERUSERC2Ev	MSG_TITLEBOOK_OTHERUSER::MSG_TITLEBOOK_OTHERUSER()	home/wangyilei/dnf_workspace/dnf_decompile/source/DNFServer/GameServer/Game/PacketTypes.cpp.o
CTOR_DTOR	T	0x13	0x808b11e	_ZN23MsgMercenaryCompetitionC1Ev	MsgMercenaryCompetition::MsgMercenaryCompetition()	home/wangyilei/dnf_workspace/dnf_decompile/source/DNFServer/GameServer/Game/PacketTypes.cpp.o
CTOR_DTOR	T	0x13	0x808b11e	_ZN23MsgMercenaryCompetitionC2Ev	MsgMercenaryCompetition::MsgMercenaryCompetition()	home/wangyilei/dnf_workspace/dnf_decompile/source/DNFServer/GameServer/Game/PacketTypes.cpp.o
CTOR_DTOR	T	0x13	0x808a94e	_ZN24MSG_ENTER_DISJOINT_STOREC1Ev	MSG_ENTER_DISJOINT_STORE::MSG_ENTER_DISJOINT_STORE()	home/wangyilei/dnf_workspace/dnf_decompile/source/DNFServer/GameServer/Game/PacketTypes.cpp.o
CTOR_DTOR	T	0x13	0x808a94e	_ZN24MSG_ENTER_DISJOINT_STOREC2Ev	MSG_ENTER_DISJOINT_STORE::MSG_ENTER_DISJOINT_STORE()	home/wangyilei/dnf_workspace/dnf_decompile/source/DNFServer/GameServer/Game/PacketTypes.cpp.o
CTOR_DTOR	T	0x13	0x808aa7a	_ZN24MSG_GUILD_CARGO_POP_ITEMC1Ev	MSG_GUILD_CARGO_POP_ITEM::MSG_GUILD_CARGO_POP_ITEM()	home/wangyilei/dnf_workspace/dnf_decompile/source/DNFServer/GameServer/Game/PacketTypes.cpp.o
CTOR_DTOR	T	0x13	0x808aa7a	_ZN24MSG_GUILD_CARGO_POP_ITEMC2Ev	MSG_GUILD_CARGO_POP_ITEM::MSG_GUILD_CARGO_POP_ITEM()	home/wangyilei/dnf_workspace/dnf_decompile/source/DNFServer/GameServer/Game/PacketTypes.cpp.o
CTOR_DTOR	T	0x13	0x808ab2e	_ZN24MSG_MAILBOX_EXTRACT_ITEMC1Ev	MSG_MAILBOX_EXTRACT_ITEM::MSG_MAILBOX_EXTRACT_ITEM()	home/wangyilei/dnf_workspace/dnf_decompile/source/DNFServer/GameServer/Game/PacketTypes.cpp.o
CTOR_DTOR	T	0x13	0x808ab2e	_ZN24MSG_MAILBOX_EXTRACT_ITEMC2Ev	MSG_MAILBOX_EXTRACT_ITEM::MSG_MAILBOX_EXTRACT_ITEM()	home/wangyilei/dnf_workspace/dnf_decompile/source/DNFServer/GameServer/Game/PacketTypes.cpp.o
CTOR_DTOR	T	0x13	0x808adc2	_ZN24MSG_REQUEST_MEMBER_ENTERC1Ev	MSG_REQUEST_MEMBER_ENTER::MSG_REQUEST_MEMBER_ENTER()	home/wangyilei/dnf_workspace/dnf_decompile/source/DNFServer/GameServer/Game/PacketTypes.cpp.o
CTOR_DTOR	T	0x13	0x808adc2	_ZN24MSG_REQUEST_MEMBER_ENTERC2Ev	MSG_REQUEST_MEMBER_ENTER::MSG_REQUEST_MEMBER_ENTER()	home/wangyilei/dnf_workspace/dnf_decompile/source/DNFServer/GameServer/Game/PacketTypes.cpp.o
CTOR_DTOR	T	0x13	0x808ae9e	_ZN24MSG_SECRET_SHOP_BUY_ITEMC1Ev	MSG_SECRET_SHOP_BUY_ITEM::MSG_SECRET_SHOP_BUY_ITEM()	home/wangyilei/dnf_workspace/dnf_decompile/source/DNFServer/GameServer/Game/PacketTypes.cpp.o
CTOR_DTOR	T	0x13	0x808ae9e	_ZN24MSG_SECRET_SHOP_BUY_ITEMC2Ev	MSG_SECRET_SHOP_BUY_ITEM::MSG_SECRET_SHOP_BUY_ITEM()	home/wangyilei/dnf_workspace/dnf_decompile/source/DNFServer/GameServer/Game/PacketTypes.cpp.o
CTOR_DTOR	T	0x13	0x808af16	_ZN24MSG_SERIAROOM_DECO_EVENTC1Ev	MSG_SERIAROOM_DECO_EVENT::MSG_SERIAROOM_DECO_EVENT()	home/wangyilei/dnf_workspace/dnf_decompile/source/DNFServer/GameServer/Game/PacketTypes.cpp.o
CTOR_DTOR	T	0x13	0x808af16	_ZN24MSG_SERIAROOM_DECO_EVENTC2Ev	MSG_SERIAROOM_DECO_EVENT::MSG_SERIAROOM_DECO_EVENT()	home/wangyilei/dnf_workspace/dnf_decompile/source/DNFServer/GameServer/Game/PacketTypes.cpp.o
CTOR_DTOR	T	0x13	0x808a872	_ZN25MSG_CREATE_DISJOINT_STOREC1Ev	MSG_CREATE_DISJOINT_STORE::MSG_CREATE_DISJOINT_STORE()	home/wangyilei/dnf_workspace/dnf_decompile/source/DNFServer/GameServer/Game/PacketTypes.cpp.o
CTOR_DTOR	T	0x13	0x808a872	_ZN25MSG_CREATE_DISJOINT_STOREC2Ev	MSG_CREATE_DISJOINT_STORE::MSG_CREATE_DISJOINT_STORE()	home/wangyilei/dnf_workspace/dnf_decompile/source/DNFServer/GameServer/Game/PacketTypes.cpp.o
CTOR_DTOR	T	0x13	0x808aa66	_ZN25MSG_GUILD_CARGO_MOVE_ITEMC1Ev	MSG_GUILD_CARGO_MOVE_ITEM::MSG_GUILD_CARGO_MOVE_ITEM()	home/wangyilei/dnf_workspace/dnf_decompile/source/DNFServer/GameServer/Game/PacketTypes.cpp.o
CTOR_DTOR	T	0x13	0x808aa66	_ZN25MSG_GUILD_CARGO_MOVE_ITEMC2Ev	MSG_GUILD_CARGO_MOVE_ITEM::MSG_GUILD_CARGO_MOVE_ITEM()	home/wangyilei/dnf_workspace/dnf_decompile/source/DNFServer/GameServer/Game/PacketTypes.cpp.o
CTOR_DTOR	T	0x13	0x808aa8e	_ZN25MSG_GUILD_CARGO_PUSH_ITEMC1Ev	MSG_GUILD_CARGO_PUSH_ITEM::MSG_GUILD_CARGO_PUSH_ITEM()	home/wangyilei/dnf_workspace/dnf_decompile/source/DNFServer/GameServer/Game/PacketTypes.cpp.o
CTOR_DTOR	T	0x13	0x808aa8e	_ZN25MSG_GUILD_CARGO_PUSH_ITEMC2Ev	MSG_GUILD_CARGO_PUSH_ITEM::MSG_GUILD_CARGO_PUSH_ITEM()	home/wangyilei/dnf_workspace/dnf_decompile/source/DNFServer/GameServer/Game/PacketTypes.cpp.o
CTOR_DTOR	T	0x13	0x808ad0e	_ZN25MSG_REGISTER_TO_BLACKLISTC1Ev	MSG_REGISTER_TO_BLACKLIST::MSG_REGISTER_TO_BLACKLIST()	home/wangyilei/dnf_workspace/dnf_decompile/source/DNFServer/GameServer/Game/PacketTypes.cpp.o
CTOR_DTOR	T	0x13	0x808ad0e	_ZN25MSG_REGISTER_TO_BLACKLISTC2Ev	MSG_REGISTER_TO_BLACKLIST::MSG_REGISTER_TO_BLACKLIST()	home/wangyilei/dnf_workspace/dnf_decompile/source/DNFServer/GameServer/Game/PacketTypes.cpp.o
CTOR_DTOR	T	0x13	0x808ad86	_ZN25MSG_REQUEST_DISJOINT_ITEMC1Ev	MSG_REQUEST_DISJOINT_ITEM::MSG_REQUEST_DISJOINT_ITEM()	home/wangyilei/dnf_workspace/dnf_decompile/source/DNFServer/GameServer/Game/PacketTypes.cpp.o
CTOR_DTOR	T	0x13	0x808ad86	_ZN25MSG_REQUEST_DISJOINT_ITEMC2Ev	MSG_REQUEST_DISJOINT_ITEM::MSG_REQUEST_DISJOINT_ITEM()	home/wangyilei/dnf_workspace/dnf_decompile/source/DNFServer/GameServer/Game/PacketTypes.cpp.o
CTOR_DTOR	T	0x13	0x808a642	_ZN26MSG_ABNORMAL_USE_STACKABLEC1Ev	MSG_ABNORMAL_USE_STACKABLE::MSG_ABNORMAL_USE_STACKABLE()	home/wangyilei/dnf_workspace/dnf_decompile/source/DNFServer/GameServer/Game/PacketTypes.cpp.o
CTOR_DTOR	T	0x13	0x808a642	_ZN26MSG_ABNORMAL_USE_STACKABLEC2Ev	MSG_ABNORMAL_USE_STACKABLE::MSG_ABNORMAL_USE_STACKABLE()	home/wangyilei/dnf_workspace/dnf_decompile/source/DNFServer/GameServer/Game/PacketTypes.cpp.o
CTOR_DTOR	T	0x13	0x808a9da	_ZN26MSG_FLOAT_RDATA_MODULATIONC1Ev	MSG_FLOAT_RDATA_MODULATION::MSG_FLOAT_RDATA_MODULATION()	home/wangyilei/dnf_workspace/dnf_decompile/source/DNFServer/GameServer/Game/PacketTypes.cpp.o
CTOR_DTOR	T	0x13	0x808a9da	_ZN26MSG_FLOAT_RDATA_MODULATIONC2Ev	MSG_FLOAT_RDATA_MODULATION::MSG_FLOAT_RDATA_MODULATION()	home/wangyilei/dnf_workspace/dnf_decompile/source/DNFServer/GameServer/Game/PacketTypes.cpp.o
CTOR_DTOR	T	0x13	0x808aeb2	_ZN26MSG_SECRET_SHOP_OPEN_CLOSEC1Ev	MSG_SECRET_SHOP_OPEN_CLOSE::MSG_SECRET_SHOP_OPEN_CLOSE()	home/wangyilei/dnf_workspace/dnf_decompile/source/DNFServer/GameServer/Game/PacketTypes.cpp.o
CTOR_DTOR	T	0x13	0x808aeb2	_ZN26MSG_SECRET_SHOP_OPEN_CLOSEC2Ev	MSG_SECRET_SHOP_OPEN_CLOSE::MSG_SECRET_SHOP_OPEN_CLOSE()	home/wangyilei/dnf_workspace/dnf_decompile/source/DNFServer/GameServer/Game/PacketTypes.cpp.o
CTOR_DTOR	T	0x13	0x808b0e2	_ZN26MSG_WARROOM_WP_PER_MONSTERC1Ev	MSG_WARROOM_WP_PER_MONSTER::MSG_WARROOM_WP_PER_MONSTER()	home/wangyilei/dnf_workspace/dnf_decompile/source/DNFServer/GameServer/Game/PacketTypes.cpp.o
CTOR_DTOR	T	0x13	0x808b0e2	_ZN26MSG_WARROOM_WP_PER_MONSTERC2Ev	MSG_WARROOM_WP_PER_MONSTER::MSG_WARROOM_WP_PER_MONSTER()	home/wangyilei/dnf_workspace/dnf_decompile/source/DNFServer/GameServer/Game/PacketTypes.cpp.o
CTOR_DTOR	T	0x13	0x808aaf2	_ZN27MSG_ITEM_HYPER_LINK_MESSAGEC1Ev	MSG_ITEM_HYPER_LINK_MESSAGE::MSG_ITEM_HYPER_LINK_MESSAGE()	home/wangyilei/dnf_workspace/dnf_decompile/source/DNFServer/GameServer/Game/PacketTypes.cpp.o
CTOR_DTOR	T	0x13	0x808aaf2	_ZN27MSG_ITEM_HYPER_LINK_MESSAGEC2Ev	MSG_ITEM_HYPER_LINK_MESSAGE::MSG_ITEM_HYPER_LINK_MESSAGE()	home/wangyilei/dnf_workspace/dnf_decompile/source/DNFServer/GameServer/Game/PacketTypes.cpp.o
CTOR_DTOR	T	0x13	0x808ac6e	_ZN27MSG_PVP_MISSION_COMBO_CLEARC1Ev	MSG_PVP_MISSION_COMBO_CLEAR::MSG_PVP_MISSION_COMBO_CLEAR()	home/wangyilei/dnf_workspace/dnf_decompile/source/DNFServer/GameServer/Game/PacketTypes.cpp.o
CTOR_DTOR	T	0x13	0x808ac6e	_ZN27MSG_PVP_MISSION_COMBO_CLEARC2Ev	MSG_PVP_MISSION_COMBO_CLEAR::MSG_PVP_MISSION_COMBO_CLEAR()	home/wangyilei/dnf_workspace/dnf_decompile/source/DNFServer/GameServer/Game/PacketTypes.cpp.o
CTOR_DTOR	T	0x13	0x808acfa	_ZN30MSG_REGENERATION_RANDOM_OPTIONC1Ev	MSG_REGENERATION_RANDOM_OPTION::MSG_REGENERATION_RANDOM_OPTION()	home/wangyilei/dnf_workspace/dnf_decompile/source/DNFServer/GameServer/Game/PacketTypes.cpp.o
CTOR_DTOR	T	0x13	0x808acfa	_ZN30MSG_REGENERATION_RANDOM_OPTIONC2Ev	MSG_REGENERATION_RANDOM_OPTION::MSG_REGENERATION_RANDOM_OPTION()	home/wangyilei/dnf_workspace/dnf_decompile/source/DNFServer/GameServer/Game/PacketTypes.cpp.o
CTOR_DTOR	T	0x13	0x808aa02	_ZN31MSG_GOLD_TAKE_INCREASING_AMOUNTC1Ev	MSG_GOLD_TAKE_INCREASING_AMOUNT::MSG_GOLD_TAKE_INCREASING_AMOUNT()	home/wangyilei/dnf_workspace/dnf_decompile/source/DNFServer/GameServer/Game/PacketTypes.cpp.o
CTOR_DTOR	T	0x13	0x808aa02	_ZN31MSG_GOLD_TAKE_INCREASING_AMOUNTC2Ev	MSG_GOLD_TAKE_INCREASING_AMOUNT::MSG_GOLD_TAKE_INCREASING_AMOUNT()	home/wangyilei/dnf_workspace/dnf_decompile/source/DNFServer/GameServer/Game/PacketTypes.cpp.o
CTOR_DTOR	T	0x13	0x808a98a	_ZN32MSG_EXPAND_EQUIPSLOT_FLAG_UPDATEC1Ev	MSG_EXPAND_EQUIPSLOT_FLAG_UPDATE::MSG_EXPAND_EQUIPSLOT_FLAG_UPDATE()	home/wangyilei/dnf_workspace/dnf_decompile/source/DNFServer/GameServer/Game/PacketTypes.cpp.o
CTOR_DTOR	T	0x13	0x808a98a	_ZN32MSG_EXPAND_EQUIPSLOT_FLAG_UPDATEC2Ev	MSG_EXPAND_EQUIPSLOT_FLAG_UPDATE::MSG_EXPAND_EQUIPSLOT_FLAG_UPDATE()	home/wangyilei/dnf_workspace/dnf_decompile/source/DNFServer/GameServer/Game/PacketTypes.cpp.o
CTOR_DTOR	T	0x13	0x808a692	_ZN33MSG_AVATAR_DISJOINT_RANDOM_REWARDC1Ev	MSG_AVATAR_DISJOINT_RANDOM_REWARD::MSG_AVATAR_DISJOINT_RANDOM_REWARD()	home/wangyilei/dnf_workspace/dnf_decompile/source/DNFServer/GameServer/Game/PacketTypes.cpp.o
CTOR_DTOR	T	0x13	0x808a692	_ZN33MSG_AVATAR_DISJOINT_RANDOM_REWARDC2Ev	MSG_AVATAR_DISJOINT_RANDOM_REWARD::MSG_AVATAR_DISJOINT_RANDOM_REWARD()	home/wangyilei/dnf_workspace/dnf_decompile/source/DNFServer/GameServer/Game/PacketTypes.cpp.o
CTOR_DTOR	T	0x2c	0x804fb16	_ZN3nsl10RecvBufferD1Ev	nsl::RecvBuffer::~RecvBuffer()	home/wangyilei/dnf_workspace/dnf_decompile/source/DNFServer/GameServer/ServerLab/ServerLib/basic_source/RecvBuffer.cpp.o
CTOR_DTOR	T	0x2c	0x804fb16	_ZN3nsl10RecvBufferD2Ev	nsl::RecvBuffer::~RecvBuffer()	home/wangyilei/dnf_workspace/dnf_decompile/source/DNFServer/GameServer/ServerLab/ServerLib/basic_source/RecvBuffer.cpp.o
CTOR_DTOR	T	0x1e	0x805a82a	_ZN3nsl10WorkThreadD0Ev	nsl::WorkThread::~WorkThread()	home/wangyilei/dnf_workspace/dnf_decompile/source/DNFServer/GameServer/ServerLab/ServerLib/basic_source/WorkThread.cpp.o
CTOR_DTOR	T	0x62	0x805a7c8	_ZN3nsl10WorkThreadD1Ev	nsl::WorkThread::~WorkThread()	home/wangyilei/dnf_workspace/dnf_decompile/source/DNFServer/GameServer/ServerLab/ServerLib/basic_source/WorkThread.cpp.o
CTOR_DTOR	T	0x62	0x805a7c8	_ZN3nsl10WorkThreadD2Ev	nsl::WorkThread::~WorkThread()	home/wangyilei/dnf_workspace/dnf_decompile/source/DNFServer/GameServer/ServerLab/ServerLib/basic_source/WorkThread.cpp.o
CTOR_DTOR	T	0x1d	0x8065ea8	_ZN3nsl11EncyptToolsC1Ev	nsl::EncyptTools::EncyptTools()	home/wangyilei/dnf_workspace/dnf_decompile/source/DNFServer/GameServer/ServerLab/ServerLib/common_source/ServiceFactory.cpp.o
CTOR_DTOR	T	0x1d	0x8065ea8	_ZN3nsl11EncyptToolsC2Ev	nsl::EncyptTools::EncyptTools()	home/wangyilei/dnf_workspace/dnf_decompile/source/DNFServer/GameServer/ServerLab/ServerLib/common_source/ServiceFactory.cpp.o
CTOR_DTOR	T	0xd8	0x806209e	_ZN3nsl11NSLDBThreadC1Ev	nsl::NSLDBThread::NSLDBThread()	home/wangyilei/dnf_workspace/dnf_decompile/source/DNFServer/GameServer/ServerLab/ServerLib/common_source/NSLDBThread.cpp.o
CTOR_DTOR	T	0xd8	0x806209e	_ZN3nsl11NSLDBThreadC2Ev	nsl::NSLDBThread::NSLDBThread()	home/wangyilei/dnf_workspace/dnf_decompile/source/DNFServer/GameServer/ServerLab/ServerLib/common_source/NSLDBThread.cpp.o
CTOR_DTOR	T	0x1e	0x80621d8	_ZN3nsl11NSLDBThreadD0Ev	nsl::NSLDBThread::~NSLDBThread()	home/wangyilei/dnf_workspace/dnf_decompile/source/DNFServer/GameServer/ServerLab/ServerLib/common_source/NSLDBThread.cpp.o
CTOR_DTOR	T	0x62	0x8062176	_ZN3nsl11NSLDBThreadD1Ev	nsl::NSLDBThread::~NSLDBThread()	home/wangyilei/dnf_workspace/dnf_decompile/source/DNFServer/GameServer/ServerLab/ServerLib/common_source/NSLDBThread.cpp.o
CTOR_DTOR	T	0x62	0x8062176	_ZN3nsl11NSLDBThreadD2Ev	nsl::NSLDBThread::~NSLDBThread()	home/wangyilei/dnf_workspace/dnf_decompile/source/DNFServer/GameServer/ServerLab/ServerLib/common_source/NSLDBThread.cpp.o
CTOR_DTOR	T	0x88	0x806fbf2	_ZN3nsl11TimeManagerC1Ev	nsl::TimeManager::TimeManager()	home/wangyilei/dnf_workspace/dnf_decompile/source/DNFServer/GameServer/ServerLab/ServerLib/common_source/TimeManager.cpp.o
CTOR_DTOR	T	0x88	0x806fbf2	_ZN3nsl11TimeManagerC2Ev	nsl::TimeManager::TimeManager()	home/wangyilei/dnf_workspace/dnf_decompile/source/DNFServer/GameServer/ServerLab/ServerLib/common_source/TimeManager.cpp.o
CTOR_DTOR	T	0x45	0x806fc7a	_ZN3nsl11TimeManagerD1Ev	nsl::TimeManager::~TimeManager()	home/wangyilei/dnf_workspace/dnf_decompile/source/DNFServer/GameServer/ServerLab/ServerLib/common_source/TimeManager.cpp.o
CTOR_DTOR	T	0x45	0x806fc7a	_ZN3nsl11TimeManagerD2Ev	nsl::TimeManager::~TimeManager()	home/wangyilei/dnf_workspace/dnf_decompile/source/DNFServer/GameServer/ServerLab/ServerLib/common_source/TimeManager.cpp.o
CTOR_DTOR	T	0xbc	0x8071190	_ZN3nsl11TimerThreadC1Ev	nsl::TimerThread::TimerThread()	home/wangyilei/dnf_workspace/dnf_decompile/source/DNFServer/GameServer/ServerLab/ServerLib/common_source/TimerThread.cpp.o
CTOR_DTOR	T	0xbc	0x8071190	_ZN3nsl11TimerThreadC2Ev	nsl::TimerThread::TimerThread()	home/wangyilei/dnf_workspace/dnf_decompile/source/DNFServer/GameServer/ServerLab/ServerLib/common_source/TimerThread.cpp.o
CTOR_DTOR	T	0x1e	0x80712d6	_ZN3nsl11TimerThreadD0Ev	nsl::TimerThread::~TimerThread()	home/wangyilei/dnf_workspace/dnf_decompile/source/DNFServer/GameServer/ServerLab/ServerLib/common_source/TimerThread.cpp.o
CTOR_DTOR	T	0x8a	0x807124c	_ZN3nsl11TimerThreadD1Ev	nsl::TimerThread::~TimerThread()	home/wangyilei/dnf_workspace/dnf_decompile/source/DNFServer/GameServer/ServerLab/ServerLib/common_source/TimerThread.cpp.o
CTOR_DTOR	T	0x8a	0x807124c	_ZN3nsl11TimerThreadD2Ev	nsl::TimerThread::~TimerThread()	home/wangyilei/dnf_workspace/dnf_decompile/source/DNFServer/GameServer/ServerLab/ServerLib/common_source/TimerThread.cpp.o
CTOR_DTOR	T	0xe	0x805f254	_ZN3nsl12DBConnectionC1Ev	nsl::DBConnection::DBConnection()	home/wangyilei/dnf_workspace/dnf_decompile/source/DNFServer/GameServer/ServerLab/ServerLib/common_source/DBConnection.cpp.o
CTOR_DTOR	T	0xe	0x805f254	_ZN3nsl12DBConnectionC2Ev	nsl::DBConnection::DBConnection()	home/wangyilei/dnf_workspace/dnf_decompile/source/DNFServer/GameServer/ServerLab/ServerLib/common_source/DBConnection.cpp.o
CTOR_DTOR	T	0x13	0x805f262	_ZN3nsl12DBConnectionD1Ev	nsl::DBConnection::~DBConnection()	home/wangyilei/dnf_workspace/dnf_decompile/source/DNFServer/GameServer/ServerLab/ServerLib/common_source/DBConnection.cpp.o
CTOR_DTOR	T	0x13	0x805f262	_ZN3nsl12DBConnectionD2Ev	nsl::DBConnection::~DBConnection()	home/wangyilei/dnf_workspace/dnf_decompile/source/DNFServer/GameServer/ServerLab/ServerLib/common_source/DBConnection.cpp.o
CTOR_DTOR	T	0x5	0x805fd10	_ZN3nsl12DBDispatcherC1Ev	nsl::DBDispatcher::DBDispatcher()	home/wangyilei/dnf_workspace/dnf_decompile/source/DNFServer/GameServer/ServerLab/ServerLib/common_source/DBDispatcher.cpp.o
CTOR_DTOR	T	0x5	0x805fd10	_ZN3nsl12DBDispatcherC2Ev	nsl::DBDispatcher::DBDispatcher()	home/wangyilei/dnf_workspace/dnf_decompile/source/DNFServer/GameServer/ServerLab/ServerLib/common_source/DBDispatcher.cpp.o
CTOR_DTOR	T	0x46	0x804daa6	_ZN3nsl12LinuxServiceC1Ev	nsl::LinuxService::LinuxService()	home/wangyilei/dnf_workspace/dnf_decompile/source/DNFServer/GameServer/ServerLab/ServerLib/basic_source/LinuxService.cpp.o
CTOR_DTOR	T	0x46	0x804daa6	_ZN3nsl12LinuxServiceC2Ev	nsl::LinuxService::LinuxService()	home/wangyilei/dnf_workspace/dnf_decompile/source/DNFServer/GameServer/ServerLab/ServerLib/basic_source/LinuxService.cpp.o
CTOR_DTOR	T	0x1e	0x804db1c	_ZN3nsl12LinuxServiceD0Ev	nsl::LinuxService::~LinuxService()	home/wangyilei/dnf_workspace/dnf_decompile/source/DNFServer/GameServer/ServerLab/ServerLib/basic_source/LinuxService.cpp.o
CTOR_DTOR	T	0x30	0x804daec	_ZN3nsl12LinuxServiceD1Ev	nsl::LinuxService::~LinuxService()	home/wangyilei/dnf_workspace/dnf_decompile/source/DNFServer/GameServer/ServerLab/ServerLib/basic_source/LinuxService.cpp.o
CTOR_DTOR	T	0x30	0x804daec	_ZN3nsl12LinuxServiceD2Ev	nsl::LinuxService::~LinuxService()	home/wangyilei/dnf_workspace/dnf_decompile/source/DNFServer/GameServer/ServerLab/ServerLib/basic_source/LinuxService.cpp.o
CTOR_DTOR	T	0x9e	0x8061882	_ZN3nsl13LogSendThreadC1Ev	nsl::LogSendThread::LogSendThread()	home/wangyilei/dnf_workspace/dnf_decompile/source/DNFServer/GameServer/ServerLab/ServerLib/common_source/LogSendThread.cpp.o
CTOR_DTOR	T	0x9e	0x8061882	_ZN3nsl13LogSendThreadC2Ev	nsl::LogSendThread::LogSendThread()	home/wangyilei/dnf_workspace/dnf_decompile/source/DNFServer/GameServer/ServerLab/ServerLib/common_source/LogSendThread.cpp.o
CTOR_DTOR	T	0x1e	0x80619aa	_ZN3nsl13LogSendThreadD0Ev	nsl::LogSendThread::~LogSendThread()	home/wangyilei/dnf_workspace/dnf_decompile/source/DNFServer/GameServer/ServerLab/ServerLib/common_source/LogSendThread.cpp.o
CTOR_DTOR	T	0x8a	0x8061920	_ZN3nsl13LogSendThreadD1Ev	nsl::LogSendThread::~LogSendThread()	home/wangyilei/dnf_workspace/dnf_decompile/source/DNFServer/GameServer/ServerLab/ServerLib/common_source/LogSendThread.cpp.o
CTOR_DTOR	T	0x8a	0x8061920	_ZN3nsl13LogSendThreadD2Ev	nsl::LogSendThread::~LogSendThread()	home/wangyilei/dnf_workspace/dnf_decompile/source/DNFServer/GameServer/ServerLab/ServerLib/common_source/LogSendThread.cpp.o
CTOR_DTOR	T	0x18	0x806cf0e	_ZN3nsl13TCPDispatcherC1Ev	nsl::TCPDispatcher::TCPDispatcher()	home/wangyilei/dnf_workspace/dnf_decompile/source/DNFServer/GameServer/ServerLab/ServerLib/common_source/TCPDispatcher.cpp.o
CTOR_DTOR	T	0x18	0x806cf0e	_ZN3nsl13TCPDispatcherC2Ev	nsl::TCPDispatcher::TCPDispatcher()	home/wangyilei/dnf_workspace/dnf_decompile/source/DNFServer/GameServer/ServerLab/ServerLib/common_source/TCPDispatcher.cpp.o
CTOR_DTOR	T	0xc6	0x806d244	_ZN3nsl13TCPSendThreadC1Ev	nsl::TCPSendThread::TCPSendThread()	home/wangyilei/dnf_workspace/dnf_decompile/source/DNFServer/GameServer/ServerLab/ServerLib/common_source/TCPSendThread.cpp.o
CTOR_DTOR	T	0xc6	0x806d244	_ZN3nsl13TCPSendThreadC2Ev	nsl::TCPSendThread::TCPSendThread()	home/wangyilei/dnf_workspace/dnf_decompile/source/DNFServer/GameServer/ServerLab/ServerLib/common_source/TCPSendThread.cpp.o
CTOR_DTOR	T	0x1e	0x806d36c	_ZN3nsl13TCPSendThreadD0Ev	nsl::TCPSendThread::~TCPSendThread()	home/wangyilei/dnf_workspace/dnf_decompile/source/DNFServer/GameServer/ServerLab/ServerLib/common_source/TCPSendThread.cpp.o
CTOR_DTOR	T	0x62	0x806d30a	_ZN3nsl13TCPSendThreadD1Ev	nsl::TCPSendThread::~TCPSendThread()	home/wangyilei/dnf_workspace/dnf_decompile/source/DNFServer/GameServer/ServerLab/ServerLib/common_source/TCPSendThread.cpp.o
CTOR_DTOR	T	0x62	0x806d30a	_ZN3nsl13TCPSendThreadD2Ev	nsl::TCPSendThread::~TCPSendThread()	home/wangyilei/dnf_workspace/dnf_decompile/source/DNFServer/GameServer/ServerLab/ServerLib/common_source/TCPSendThread.cpp.o
CTOR_DTOR	T	0x4f	0x805d0be	_ZN3nsl14ActiveNetCloseC1Ev	nsl::ActiveNetClose::ActiveNetClose()	home/wangyilei/dnf_workspace/dnf_decompile/source/DNFServer/GameServer/ServerLab/ServerLib/common_source/ActiveNetClose.cpp.o
CTOR_DTOR	T	0x4f	0x805d0be	_ZN3nsl14ActiveNetCloseC2Ev	nsl::ActiveNetClose::ActiveNetClose()	home/wangyilei/dnf_workspace/dnf_decompile/source/DNFServer/GameServer/ServerLab/ServerLib/common_source/ActiveNetClose.cpp.o
CTOR_DTOR	T	0x176	0x805e7ca	_ZN3nsl14CommonDataPoolC1Ev	nsl::CommonDataPool::CommonDataPool()	home/wangyilei/dnf_workspace/dnf_decompile/source/DNFServer/GameServer/ServerLab/ServerLib/common_source/CommonDataPool.cpp.o
CTOR_DTOR	T	0x176	0x805e7ca	_ZN3nsl14CommonDataPoolC2Ev	nsl::CommonDataPool::CommonDataPool()	home/wangyilei/dnf_workspace/dnf_decompile/source/DNFServer/GameServer/ServerLab/ServerLib/common_source/CommonDataPool.cpp.o
CTOR_DTOR	T	0x1e	0x805e9a8	_ZN3nsl14CommonDataPoolD0Ev	nsl::CommonDataPool::~CommonDataPool()	home/wangyilei/dnf_workspace/dnf_decompile/source/DNFServer/GameServer/ServerLab/ServerLib/common_source/CommonDataPool.cpp.o
CTOR_DTOR	T	0x68	0x805e940	_ZN3nsl14CommonDataPoolD1Ev	nsl::CommonDataPool::~CommonDataPool()	home/wangyilei/dnf_workspace/dnf_decompile/source/DNFServer/GameServer/ServerLab/ServerLib/common_source/CommonDataPool.cpp.o
CTOR_DTOR	T	0x68	0x805e940	_ZN3nsl14CommonDataPoolD2Ev	nsl::CommonDataPool::~CommonDataPool()	home/wangyilei/dnf_workspace/dnf_decompile/source/DNFServer/GameServer/ServerLab/ServerLib/common_source/CommonDataPool.cpp.o
CTOR_DTOR	T	0x79	0x80662dc	_ZN3nsl14ServiceFactoryD1Ev	nsl::ServiceFactory::~ServiceFactory()	home/wangyilei/dnf_workspace/dnf_decompile/source/DNFServer/GameServer/ServerLab/ServerLib/common_source/ServiceFactory.cpp.o
CTOR_DTOR	T	0x79	0x80662dc	_ZN3nsl14ServiceFactoryD2Ev	nsl::ServiceFactory::~ServiceFactory()	home/wangyilei/dnf_workspace/dnf_decompile/source/DNFServer/GameServer/ServerLab/ServerLib/common_source/ServiceFactory.cpp.o
CTOR_DTOR	T	0x5	0x8061610	_ZN3nsl15InterDispatcherC1Ev	nsl::InterDispatcher::InterDispatcher()	home/wangyilei/dnf_workspace/dnf_decompile/source/DNFServer/GameServer/ServerLab/ServerLib/common_source/InterDispatcher.cpp.o
CTOR_DTOR	T	0x5	0x8061610	_ZN3nsl15InterDispatcherC2Ev	nsl::InterDispatcher::InterDispatcher()	home/wangyilei/dnf_workspace/dnf_decompile/source/DNFServer/GameServer/ServerLab/ServerLib/common_source/InterDispatcher.cpp.o
CTOR_DTOR	T	0xd6	0x806a4ac	_ZN3nsl16ActiveConManagerC1Ev	nsl::ActiveConManager::ActiveConManager()	home/wangyilei/dnf_workspace/dnf_decompile/source/DNFServer/GameServer/ServerLab/ServerLib/common_source/TActiveConnect.cpp.o
CTOR_DTOR	T	0xd6	0x806a4ac	_ZN3nsl16ActiveConManagerC2Ev	nsl::ActiveConManager::ActiveConManager()	home/wangyilei/dnf_workspace/dnf_decompile/source/DNFServer/GameServer/ServerLab/ServerLib/common_source/TActiveConnect.cpp.o
CTOR_DTOR	T	0x70	0x8058eac	_ZN3nsl16ThreadLock_linuxC1Ev	nsl::ThreadLock_linux::ThreadLock_linux()	home/wangyilei/dnf_workspace/dnf_decompile/source/DNFServer/GameServer/ServerLab/ServerLib/basic_source/ThreadLock.cpp.o
CTOR_DTOR	T	0x70	0x8058eac	_ZN3nsl16ThreadLock_linuxC2Ev	nsl::ThreadLock_linux::ThreadLock_linux()	home/wangyilei/dnf_workspace/dnf_decompile/source/DNFServer/GameServer/ServerLab/ServerLib/basic_source/ThreadLock.cpp.o
CTOR_DTOR	T	0x13	0x8058f1c	_ZN3nsl16ThreadLock_linuxD1Ev	nsl::ThreadLock_linux::~ThreadLock_linux()	home/wangyilei/dnf_workspace/dnf_decompile/source/DNFServer/GameServer/ServerLab/ServerLib/basic_source/ThreadLock.cpp.o
CTOR_DTOR	T	0x13	0x8058f1c	_ZN3nsl16ThreadLock_linuxD2Ev	nsl::ThreadLock_linux::~ThreadLock_linux()	home/wangyilei/dnf_workspace/dnf_decompile/source/DNFServer/GameServer/ServerLab/ServerLib/basic_source/ThreadLock.cpp.o
CTOR_DTOR	T	0x1e	0x806015e	_ZN3nsl5IAreaD0Ev	nsl::IArea::~IArea()	home/wangyilei/dnf_workspace/dnf_decompile/source/DNFServer/GameServer/ServerLab/ServerLib/common_source/IArea.cpp.o
CTOR_DTOR	T	0x33	0x806012a	_ZN3nsl5IAreaD1Ev	nsl::IArea::~IArea()	home/wangyilei/dnf_workspace/dnf_decompile/source/DNFServer/GameServer/ServerLab/ServerLib/common_source/IArea.cpp.o
CTOR_DTOR	T	0x33	0x806012a	_ZN3nsl5IAreaD2Ev	nsl::IArea::~IArea()	home/wangyilei/dnf_workspace/dnf_decompile/source/DNFServer/GameServer/ServerLab/ServerLib/common_source/IArea.cpp.o
CTOR_DTOR	T	0x52	0x8058f30	_ZN3nsl5TokenC1Ev	nsl::Token::Token()	home/wangyilei/dnf_workspace/dnf_decompile/source/DNFServer/GameServer/ServerLab/ServerLib/basic_source/Token.cpp.o
CTOR_DTOR	T	0x52	0x8058f30	_ZN3nsl5TokenC2Ev	nsl::Token::Token()	home/wangyilei/dnf_workspace/dnf_decompile/source/DNFServer/GameServer/ServerLab/ServerLib/basic_source/Token.cpp.o
CTOR_DTOR	T	0x5	0x8058f82	_ZN3nsl5TokenD1Ev	nsl::Token::~Token()	home/wangyilei/dnf_workspace/dnf_decompile/source/DNFServer/GameServer/ServerLab/ServerLib/basic_source/Token.cpp.o
CTOR_DTOR	T	0x5	0x8058f82	_ZN3nsl5TokenD2Ev	nsl::Token::~Token()	home/wangyilei/dnf_workspace/dnf_decompile/source/DNFServer/GameServer/ServerLab/ServerLib/basic_source/Token.cpp.o
CTOR_DTOR	T	0xcb	0x8053528	_ZN3nsl6ScriptC1Ev	nsl::Script::Script()	home/wangyilei/dnf_workspace/dnf_decompile/source/DNFServer/GameServer/ServerLab/ServerLib/basic_source/Script.cpp.o
CTOR_DTOR	T	0xcb	0x8053528	_ZN3nsl6ScriptC2Ev	nsl::Script::Script()	home/wangyilei/dnf_workspace/dnf_decompile/source/DNFServer/GameServer/ServerLab/ServerLib/basic_source/Script.cpp.o
CTOR_DTOR	T	0xd1	0x80535f4	_ZN3nsl6ScriptD1Ev	nsl::Script::~Script()	home/wangyilei/dnf_workspace/dnf_decompile/source/DNFServer/GameServer/ServerLab/ServerLib/basic_source/Script.cpp.o
CTOR_DTOR	T	0xd1	0x80535f4	_ZN3nsl6ScriptD2Ev	nsl::Script::~Script()	home/wangyilei/dnf_workspace/dnf_decompile/source/DNFServer/GameServer/ServerLab/ServerLib/basic_source/Script.cpp.o
CTOR_DTOR	T	0x33	0x8058aca	_ZN3nsl6ThreadC1Ev	nsl::Thread::Thread()	home/wangyilei/dnf_workspace/dnf_decompile/source/DNFServer/GameServer/ServerLab/ServerLib/basic_source/Thread.cpp.o
CTOR_DTOR	T	0x33	0x8058aca	_ZN3nsl6ThreadC2Ev	nsl::Thread::Thread()	home/wangyilei/dnf_workspace/dnf_decompile/source/DNFServer/GameServer/ServerLab/ServerLib/basic_source/Thread.cpp.o
CTOR_DTOR	T	0x1e	0x8058bd8	_ZN3nsl6ThreadD0Ev	nsl::Thread::~Thread()	home/wangyilei/dnf_workspace/dnf_decompile/source/DNFServer/GameServer/ServerLab/ServerLib/basic_source/Thread.cpp.o
CTOR_DTOR	T	0xda	0x8058afe	_ZN3nsl6ThreadD1Ev	nsl::Thread::~Thread()	home/wangyilei/dnf_workspace/dnf_decompile/source/DNFServer/GameServer/ServerLab/ServerLib/basic_source/Thread.cpp.o
CTOR_DTOR	T	0xda	0x8058afe	_ZN3nsl6ThreadD2Ev	nsl::Thread::~Thread()	home/wangyilei/dnf_workspace/dnf_decompile/source/DNFServer/GameServer/ServerLab/ServerLib/basic_source/Thread.cpp.o
CTOR_DTOR	T	0x175	0x8057014	_ZN3nsl7TCPUserC1Ev	nsl::TCPUser::TCPUser()	home/wangyilei/dnf_workspace/dnf_decompile/source/DNFServer/GameServer/ServerLab/ServerLib/basic_source/TCPUser.cpp.o
CTOR_DTOR	T	0x175	0x8057014	_ZN3nsl7TCPUserC2Ev	nsl::TCPUser::TCPUser()	home/wangyilei/dnf_workspace/dnf_decompile/source/DNFServer/GameServer/ServerLab/ServerLib/basic_source/TCPUser.cpp.o
CTOR_DTOR	T	0xa1	0x805718a	_ZN3nsl7TCPUserD1Ev	nsl::TCPUser::~TCPUser()	home/wangyilei/dnf_workspace/dnf_decompile/source/DNFServer/GameServer/ServerLab/ServerLib/basic_source/TCPUser.cpp.o
CTOR_DTOR	T	0xa1	0x805718a	_ZN3nsl7TCPUserD2Ev	nsl::TCPUser::~TCPUser()	home/wangyilei/dnf_workspace/dnf_decompile/source/DNFServer/GameServer/ServerLab/ServerLib/basic_source/TCPUser.cpp.o
CTOR_DTOR	T	0x32	0x8065d30	_ZN3nsl7ThreadsC1Ev	nsl::Threads::Threads()	home/wangyilei/dnf_workspace/dnf_decompile/source/DNFServer/GameServer/ServerLab/ServerLib/common_source/ServiceFactory.cpp.o
CTOR_DTOR	T	0x32	0x8065d30	_ZN3nsl7ThreadsC2Ev	nsl::Threads::Threads()	home/wangyilei/dnf_workspace/dnf_decompile/source/DNFServer/GameServer/ServerLab/ServerLib/common_source/ServiceFactory.cpp.o
CTOR_DTOR	T	0x14c	0x804bf74	_ZN3nsl8DataPoolC1Ev	nsl::DataPool::DataPool()	home/wangyilei/dnf_workspace/dnf_decompile/source/DNFServer/GameServer/ServerLab/ServerLib/basic_source/DataPool.cpp.o
CTOR_DTOR	T	0x14c	0x804bf74	_ZN3nsl8DataPoolC2Ev	nsl::DataPool::DataPool()	home/wangyilei/dnf_workspace/dnf_decompile/source/DNFServer/GameServer/ServerLab/ServerLib/basic_source/DataPool.cpp.o
CTOR_DTOR	T	0x1e	0x80614c4	_ZN3nsl8IHandlerD0Ev	nsl::IHandler::~IHandler()	home/wangyilei/dnf_workspace/dnf_decompile/source/DNFServer/GameServer/ServerLab/ServerLib/common_source/IHandler.cpp.o
CTOR_DTOR	T	0x25	0x806149e	_ZN3nsl8IHandlerD1Ev	nsl::IHandler::~IHandler()	home/wangyilei/dnf_workspace/dnf_decompile/source/DNFServer/GameServer/ServerLab/ServerLib/common_source/IHandler.cpp.o
CTOR_DTOR	T	0x25	0x806149e	_ZN3nsl8IHandlerD2Ev	nsl::IHandler::~IHandler()	home/wangyilei/dnf_workspace/dnf_decompile/source/DNFServer/GameServer/ServerLab/ServerLib/common_source/IHandler.cpp.o
CTOR_DTOR	T	0x42	0x805920a	_ZN3nsl8TraceLogC1Ev	nsl::TraceLog::TraceLog()	home/wangyilei/dnf_workspace/dnf_decompile/source/DNFServer/GameServer/ServerLab/ServerLib/basic_source/TraceLog.cpp.o
CTOR_DTOR	T	0x42	0x805920a	_ZN3nsl8TraceLogC2Ev	nsl::TraceLog::TraceLog()	home/wangyilei/dnf_workspace/dnf_decompile/source/DNFServer/GameServer/ServerLab/ServerLib/basic_source/TraceLog.cpp.o
CTOR_DTOR	T	0x1e	0x80592de	_ZN3nsl8TraceLogD0Ev	nsl::TraceLog::~TraceLog()	home/wangyilei/dnf_workspace/dnf_decompile/source/DNFServer/GameServer/ServerLab/ServerLib/basic_source/TraceLog.cpp.o
CTOR_DTOR	T	0x91	0x805924c	_ZN3nsl8TraceLogD1Ev	nsl::TraceLog::~TraceLog()	home/wangyilei/dnf_workspace/dnf_decompile/source/DNFServer/GameServer/ServerLab/ServerLib/basic_source/TraceLog.cpp.o
CTOR_DTOR	T	0x91	0x805924c	_ZN3nsl8TraceLogD2Ev	nsl::TraceLog::~TraceLog()	home/wangyilei/dnf_workspace/dnf_decompile/source/DNFServer/GameServer/ServerLab/ServerLib/basic_source/TraceLog.cpp.o
CTOR_DTOR	T	0x42	0x8055732	_ZN3nsl9TCPSocketC1Ev	nsl::TCPSocket::TCPSocket()	home/wangyilei/dnf_workspace/dnf_decompile/source/DNFServer/GameServer/ServerLab/ServerLib/basic_source/Socket.cpp.o
CTOR_DTOR	T	0x42	0x8055732	_ZN3nsl9TCPSocketC2Ev	nsl::TCPSocket::TCPSocket()	home/wangyilei/dnf_workspace/dnf_decompile/source/DNFServer/GameServer/ServerLab/ServerLib/basic_source/Socket.cpp.o
CTOR_DTOR	T	0x13	0x8055774	_ZN3nsl9TCPSocketD1Ev	nsl::TCPSocket::~TCPSocket()	home/wangyilei/dnf_workspace/dnf_decompile/source/DNFServer/GameServer/ServerLab/ServerLib/basic_source/Socket.cpp.o
CTOR_DTOR	T	0x13	0x8055774	_ZN3nsl9TCPSocketD2Ev	nsl::TCPSocket::~TCPSocket()	home/wangyilei/dnf_workspace/dnf_decompile/source/DNFServer/GameServer/ServerLab/ServerLib/basic_source/Socket.cpp.o
CTOR_DTOR	T	0x26	0x806eaee	_ZN3nsl9TCPThreadC1Ev	nsl::TCPThread::TCPThread()	home/wangyilei/dnf_workspace/dnf_decompile/source/DNFServer/GameServer/ServerLab/ServerLib/common_source/TCPThread.cpp.o
CTOR_DTOR	T	0x26	0x806eaee	_ZN3nsl9TCPThreadC2Ev	nsl::TCPThread::TCPThread()	home/wangyilei/dnf_workspace/dnf_decompile/source/DNFServer/GameServer/ServerLab/ServerLib/common_source/TCPThread.cpp.o
CTOR_DTOR	T	0x1e	0x806eb44	_ZN3nsl9TCPThreadD0Ev	nsl::TCPThread::~TCPThread()	home/wangyilei/dnf_workspace/dnf_decompile/source/DNFServer/GameServer/ServerLab/ServerLib/common_source/TCPThread.cpp.o
CTOR_DTOR	T	0x30	0x806eb14	_ZN3nsl9TCPThreadD1Ev	nsl::TCPThread::~TCPThread()	home/wangyilei/dnf_workspace/dnf_decompile/source/DNFServer/GameServer/ServerLab/ServerLib/common_source/TCPThread.cpp.o
CTOR_DTOR	T	0x30	0x806eb14	_ZN3nsl9TCPThreadD2Ev	nsl::TCPThread::~TCPThread()	home/wangyilei/dnf_workspace/dnf_decompile/source/DNFServer/GameServer/ServerLab/ServerLib/common_source/TCPThread.cpp.o
CTOR_DTOR	T	0x17	0x8056612	_ZN3nsl9UDPSocketC1Ev	nsl::UDPSocket::UDPSocket()	home/wangyilei/dnf_workspace/dnf_decompile/source/DNFServer/GameServer/ServerLab/ServerLib/basic_source/Socket.cpp.o
CTOR_DTOR	T	0x17	0x8056612	_ZN3nsl9UDPSocketC2Ev	nsl::UDPSocket::UDPSocket()	home/wangyilei/dnf_workspace/dnf_decompile/source/DNFServer/GameServer/ServerLab/ServerLib/basic_source/Socket.cpp.o
CTOR_DTOR	T	0x13	0x805662a	_ZN3nsl9UDPSocketD1Ev	nsl::UDPSocket::~UDPSocket()	home/wangyilei/dnf_workspace/dnf_decompile/source/DNFServer/GameServer/ServerLab/ServerLib/basic_source/Socket.cpp.o
CTOR_DTOR	T	0x13	0x805662a	_ZN3nsl9UDPSocketD2Ev	nsl::UDPSocket::~UDPSocket()	home/wangyilei/dnf_workspace/dnf_decompile/source/DNFServer/GameServer/ServerLab/ServerLib/basic_source/Socket.cpp.o
CTOR_DTOR	T	0x1e	0x80d953c	_ZN6ThreadD0Ev	Thread::~Thread()	home/wangyilei/dnf_workspace/dnf_decompile/source/DNFServer/GameServer/Game/GlobalData.cpp.o
CTOR_DTOR	T	0x25	0x80d9516	_ZN6ThreadD1Ev	Thread::~Thread()	home/wangyilei/dnf_workspace/dnf_decompile/source/DNFServer/GameServer/Game/GlobalData.cpp.o
CTOR_DTOR	T	0x25	0x80d9516	_ZN6ThreadD2Ev	Thread::~Thread()	home/wangyilei/dnf_workspace/dnf_decompile/source/DNFServer/GameServer/Game/GlobalData.cpp.o
CTOR_DTOR	T	0x5	0x81f6552	_ZN8map_itemD1Ev	map_item::~map_item()	home/wangyilei/dnf_workspace/dnf_decompile/source/DNFServer/GameServer/Game/MapInfo.cpp.o
CTOR_DTOR	T	0x5	0x81f6552	_ZN8map_itemD2Ev	map_item::~map_item()	home/wangyilei/dnf_workspace/dnf_decompile/source/DNFServer/GameServer/Game/MapInfo.cpp.o
GLOBAL_INIT	t	0x1c	0x81f6448	_GLOBAL__I__Z12get_str_datePcic	global constructors keyed to get_str_date(char*, int, char)	home/wangyilei/dnf_workspace/dnf_decompile/source/DNFServer/GameServer/Game/HistoryLog.cpp.o
GLOBAL_INIT	t	0x1c	0x825bc3f	_GLOBAL__I__Z20_NS_PI_MakeHash_NOTIP9PacketBuf	global constructors keyed to _NS_PI_MakeHash_NOTI(PacketBuf*)	home/wangyilei/dnf_workspace/dnf_decompile/source/DNFServer/GameServer/Game/GameStubs.cpp.o
GLOBAL_INIT	t	0x1c	0x80dd8ac	_GLOBAL__I__ZN11CountryCode4noneE	global constructors keyed to CountryCode::none	home/wangyilei/dnf_workspace/dnf_decompile/source/DNFServer/GameServer/Game/GlobalData.cpp.o
GLOBAL_INIT	t	0x1c	0x8113724	_GLOBAL__I__ZN11sync_script20g_equipItemInfoTableE	global constructors keyed to sync_script::g_equipItemInfoTable	home/wangyilei/dnf_workspace/dnf_decompile/source/DNFServer/GameServer/Game/CItemList.cpp.o
GLOBAL_INIT	t	0x1c	0x8076281	_GLOBAL__I__ZN13np_server_xml10CServerXmlC2Ev	global constructors keyed to np_server_xml::CServerXml::CServerXml()	home/wangyilei/dnf_workspace/dnf_decompile/source/DNFServer/ServerCommon/ServerXml.cpp.o
GLOBAL_INIT	t	0x1c	0x80502fa	_GLOBAL__I__ZN3nsl10RecvBufferC2Eii	global constructors keyed to nsl::RecvBuffer::RecvBuffer(int, int)	home/wangyilei/dnf_workspace/dnf_decompile/source/DNFServer/GameServer/ServerLab/ServerLib/basic_source/RecvBuffer.cpp.o
GLOBAL_INIT	t	0x1c	0x8066c2d	_GLOBAL__I__ZN3nsl10configpathE	global constructors keyed to nsl::configpath	home/wangyilei/dnf_workspace/dnf_decompile/source/DNFServer/GameServer/ServerLab/ServerLib/common_source/ServiceFactory.cpp.o
GLOBAL_INIT	t	0x1c	0x8062414	_GLOBAL__I__ZN3nsl11NSLDBThreadC2Ev	global constructors keyed to nsl::NSLDBThread::NSLDBThread()	home/wangyilei/dnf_workspace/dnf_decompile/source/DNFServer/GameServer/ServerLab/ServerLib/common_source/NSLDBThread.cpp.o
GLOBAL_INIT	t	0x1c	0x807001e	_GLOBAL__I__ZN3nsl11TimeManagerC2Ev	global constructors keyed to nsl::TimeManager::TimeManager()	home/wangyilei/dnf_workspace/dnf_decompile/source/DNFServer/GameServer/ServerLab/ServerLib/common_source/TimeManager.cpp.o
GLOBAL_INIT	t	0x1c	0x8071596	_GLOBAL__I__ZN3nsl11TimerThreadC2Ev	global constructors keyed to nsl::TimerThread::TimerThread()	home/wangyilei/dnf_workspace/dnf_decompile/source/DNFServer/GameServer/ServerLab/ServerLib/common_source/TimerThread.cpp.o
GLOBAL_INIT	t	0x1c	0x805b0bb	_GLOBAL__I__ZN3nsl11tlsThreadIdE	global constructors keyed to nsl::tlsThreadId	home/wangyilei/dnf_workspace/dnf_decompile/source/DNFServer/GameServer/ServerLab/ServerLib/basic_source/WorkThread.cpp.o
GLOBAL_INIT	t	0x1c	0x805fcf3	_GLOBAL__I__ZN3nsl12DBConnectionC2Ev	global constructors keyed to nsl::DBConnection::DBConnection()	home/wangyilei/dnf_workspace/dnf_decompile/source/DNFServer/GameServer/ServerLab/ServerLib/common_source/DBConnection.cpp.o
GLOBAL_INIT	t	0x1c	0x805ff97	_GLOBAL__I__ZN3nsl12DBDispatcherC2Ev	global constructors keyed to nsl::DBDispatcher::DBDispatcher()	home/wangyilei/dnf_workspace/dnf_decompile/source/DNFServer/GameServer/ServerLab/ServerLib/common_source/DBDispatcher.cpp.o
GLOBAL_INIT	t	0x1c	0x8061d26	_GLOBAL__I__ZN3nsl13LogSendThreadC2Ev	global constructors keyed to nsl::LogSendThread::LogSendThread()	home/wangyilei/dnf_workspace/dnf_decompile/source/DNFServer/GameServer/ServerLab/ServerLib/common_source/LogSendThread.cpp.o
GLOBAL_INIT	t	0x1c	0x806d227	_GLOBAL__I__ZN3nsl13TCPDispatcherC2Ev	global constructors keyed to nsl::TCPDispatcher::TCPDispatcher()	home/wangyilei/dnf_workspace/dnf_decompile/source/DNFServer/GameServer/ServerLab/ServerLib/common_source/TCPDispatcher.cpp.o
GLOBAL_INIT	t	0x1c	0x806da67	_GLOBAL__I__ZN3nsl13TCPSendThreadC2Ev	global constructors keyed to nsl::TCPSendThread::TCPSendThread()	home/wangyilei/dnf_workspace/dnf_decompile/source/DNFServer/GameServer/ServerLab/ServerLib/common_source/TCPSendThread.cpp.o
GLOBAL_INIT	t	0x1c	0x805d38e	_GLOBAL__I__ZN3nsl14ActiveNetCloseC2Ev	global constructors keyed to nsl::ActiveNetClose::ActiveNetClose()	home/wangyilei/dnf_workspace/dnf_decompile/source/DNFServer/GameServer/ServerLab/ServerLib/common_source/ActiveNetClose.cpp.o
GLOBAL_INIT	t	0x1c	0x805ed75	_GLOBAL__I__ZN3nsl14CommonDataPoolC2Ev	global constructors keyed to nsl::CommonDataPool::CommonDataPool()	home/wangyilei/dnf_workspace/dnf_decompile/source/DNFServer/GameServer/ServerLab/ServerLib/common_source/CommonDataPool.cpp.o
GLOBAL_INIT	t	0x1c	0x8061846	_GLOBAL__I__ZN3nsl15InterDispatcherC2Ev	global constructors keyed to nsl::InterDispatcher::InterDispatcher()	home/wangyilei/dnf_workspace/dnf_decompile/source/DNFServer/GameServer/ServerLab/ServerLib/common_source/InterDispatcher.cpp.o
GLOBAL_INIT	t	0x1c	0x806ad40	_GLOBAL__I__ZN3nsl16ActiveConManagerC2Ev	global constructors keyed to nsl::ActiveConManager::ActiveConManager()	home/wangyilei/dnf_workspace/dnf_decompile/source/DNFServer/GameServer/ServerLab/ServerLib/common_source/TActiveConnect.cpp.o
GLOBAL_INIT	t	0x1c	0x80650ce	_GLOBAL__I__ZN3nsl16___errstr_map___E	global constructors keyed to nsl::___errstr_map___	home/wangyilei/dnf_workspace/dnf_decompile/source/DNFServer/GameServer/ServerLab/ServerLib/common_source/ServiceError.cpp.o
GLOBAL_INIT	t	0x1c	0x805a67a	_GLOBAL__I__ZN3nsl18bChangedDataForLogE	global constructors keyed to nsl::bChangedDataForLog	home/wangyilei/dnf_workspace/dnf_decompile/source/DNFServer/GameServer/ServerLab/ServerLib/basic_source/TraceLog.cpp.o
GLOBAL_INIT	t	0x1c	0x8072777	_GLOBAL__I__ZN3nsl4pAppE	global constructors keyed to nsl::pApp	home/wangyilei/dnf_workspace/dnf_decompile/source/DNFServer/GameServer/ServerLab/ServerLib/common_source/tmp_stubs.cpp.o
GLOBAL_INIT	t	0x1c	0x80604c2	_GLOBAL__I__ZN3nsl5IAreaC2Ei	global constructors keyed to nsl::IArea::IArea(int)	home/wangyilei/dnf_workspace/dnf_decompile/source/DNFServer/GameServer/ServerLab/ServerLib/common_source/IArea.cpp.o
GLOBAL_INIT	t	0x1c	0x8053e08	_GLOBAL__I__ZN3nsl6ScriptC2Ev	global constructors keyed to nsl::Script::Script()	home/wangyilei/dnf_workspace/dnf_decompile/source/DNFServer/GameServer/ServerLab/ServerLib/basic_source/Script.cpp.o
GLOBAL_INIT	t	0x1c	0x8057df8	_GLOBAL__I__ZN3nsl6ddebugE	global constructors keyed to nsl::ddebug	home/wangyilei/dnf_workspace/dnf_decompile/source/DNFServer/GameServer/ServerLab/ServerLib/basic_source/TCPUser.cpp.o
GLOBAL_INIT	t	0x1c	0x804c614	_GLOBAL__I__ZN3nsl7Message5identE	global constructors keyed to nsl::Message::ident	home/wangyilei/dnf_workspace/dnf_decompile/source/DNFServer/GameServer/ServerLab/ServerLib/basic_source/DataPool.cpp.o
GLOBAL_INIT	t	0x1c	0x80615cd	_GLOBAL__I__ZN3nsl8IHandlerD2Ev	global constructors keyed to nsl::IHandler::~IHandler()	home/wangyilei/dnf_workspace/dnf_decompile/source/DNFServer/GameServer/ServerLab/ServerLib/common_source/IHandler.cpp.o
GLOBAL_INIT	t	0x1c	0x8056e62	_GLOBAL__I__ZN3nsl9TCPSocket13msRecvBufSizeE	global constructors keyed to nsl::TCPSocket::msRecvBufSize	home/wangyilei/dnf_workspace/dnf_decompile/source/DNFServer/GameServer/ServerLab/ServerLib/basic_source/Socket.cpp.o
GLOBAL_INIT	t	0x1c	0x806f241	_GLOBAL__I__ZN3nsl9TCPThreadC2Ev	global constructors keyed to nsl::TCPThread::TCPThread()	home/wangyilei/dnf_workspace/dnf_decompile/source/DNFServer/GameServer/ServerLab/ServerLib/common_source/TCPThread.cpp.o
GLOBAL_INIT	t	0x1c	0x8247bc7	_GLOBAL__I__ZN8CMapList14mapPvpMapInfo_E	global constructors keyed to CMapList::mapPvpMapInfo_	home/wangyilei/dnf_workspace/dnf_decompile/source/DNFServer/GameServer/Game/CListTables.cpp.o
GLOBAL_INIT	t	0x1c	0x80e847c	_GLOBAL__I_g_systemTimeInst	global constructors keyed to g_systemTimeInst	home/wangyilei/dnf_workspace/dnf_decompile/source/DNFServer/GameServer/Game/CDataManager.cpp.o
LOCAL_t	t	0x38	0x81e9612	_ZL10GetTriggerRK21stQuestTriggerState_t	GetTrigger(stQuestTriggerState_t const&)	home/wangyilei/dnf_workspace/dnf_decompile/source/DNFServer/GameServer/Game/Quest.cpp.o
LOCAL_t	t	0x78	0x81e959a	_ZL10SetTriggerR21stQuestTriggerState_tsss	SetTrigger(stQuestTriggerState_t&, short, short, short)	home/wangyilei/dnf_workspace/dnf_decompile/source/DNFServer/GameServer/Game/Quest.cpp.o
LOCAL_t	t	0x26	0x81cbbff	_ZL11TradeSlotAtPcii	TradeSlotAt(char*, int, int)	home/wangyilei/dnf_workspace/dnf_decompile/source/DNFServer/GameServer/Game/CTradeSpace.cpp.o
LOCAL_t	t	0x10	0x82016c6	_ZL13GetAdjustListP12CDataManager	GetAdjustList(CDataManager*)	home/wangyilei/dnf_workspace/dnf_decompile/source/DNFServer/GameServer/Game/CAchievement.cpp.o
LOCAL_t	t	0x14	0x8204caf	_ZL13dispatchBySigPct	dispatchBySig(char*, unsigned short)	home/wangyilei/dnf_workspace/dnf_decompile/source/DNFServer/GameServer/Game/CAuction.cpp.o
LOCAL_t	t	0x1e	0x81e6ab6	_ZL15GetTitleSlotRawP10CTitleBookii	GetTitleSlotRaw(CTitleBook*, int, int)	home/wangyilei/dnf_workspace/dnf_decompile/source/DNFServer/GameServer/Game/CTitleBook.cpp.o
LOCAL_t	t	0xe3	0x80d1cb8	_ZL15mds_column_multhi	mds_column_mult(unsigned char, int)	home/wangyilei/dnf_workspace/dnf_decompile/source/DNFServer/GameServer/Game/CNCryptoAlgo.cpp.o
LOCAL_t	t	0x10	0x82016b6	_ZL16GetTitleElementsP12CDataManager	GetTitleElements(CDataManager*)	home/wangyilei/dnf_workspace/dnf_decompile/source/DNFServer/GameServer/Game/CAchievement.cpp.o
LOCAL_t	t	0x10	0x82016a6	_ZL16GetTitleSectionsP12CDataManager	GetTitleSections(CDataManager*)	home/wangyilei/dnf_workspace/dnf_decompile/source/DNFServer/GameServer/Game/CAchievement.cpp.o
LOCAL_t	t	0x20	0x8246a2c	_ZL16getQuestItemTypeP5CItem	getQuestItemType(CItem*)	home/wangyilei/dnf_workspace/dnf_decompile/source/DNFServer/GameServer/Game/CListTables.cpp.o
LOCAL_t	t	0x23	0x81e4019	_ZL20ClearMissionInfoSlotR11MissionInfo	ClearMissionInfoSlot(MissionInfo&)	home/wangyilei/dnf_workspace/dnf_decompile/source/DNFServer/GameServer/Game/CMissionList_Charac.cpp.o
LOCAL_t	t	0xf	0x81e400a	_ZL20GetDailyScheduleTimeP12CEnvironment	GetDailyScheduleTime(CEnvironment*)	home/wangyilei/dnf_workspace/dnf_decompile/source/DNFServer/GameServer/Game/CMissionList_Charac.cpp.o
LOCAL_t	t	0x1eb	0x8120e68	_ZL22GetInvenSlotSelfHelperP10CInventoryii	GetInvenSlotSelfHelper(CInventory*, int, int)	home/wangyilei/dnf_workspace/dnf_decompile/source/DNFServer/GameServer/Game/CInventory.cpp.o
LOCAL_t	t	0x5c	0x8120e0c	_ZL23GetInvenSlotByRefHelperP16CExpandEquipslot10INVEN_TYPEi	GetInvenSlotByRefHelper(CExpandEquipslot*, INVEN_TYPE, int)	home/wangyilei/dnf_workspace/dnf_decompile/source/DNFServer/GameServer/Game/CInventory.cpp.o
LOCAL_t	t	0x15	0x82576d3	_ZL8md5_rotlji	md5_rotl(unsigned int, int)	home/wangyilei/dnf_workspace/dnf_decompile/source/DNFServer/GameServer/Game/GameStubs.cpp.o
LOCAL_t	t	0x5	0x810ad7a	_ZN12_GLOBAL__N_111StringMakerC1Ev	(anonymous namespace)::StringMaker::StringMaker()	home/wangyilei/dnf_workspace/dnf_decompile/source/DNFServer/GameServer/Game/CItemList.cpp.o
LOCAL_t	t	0x5	0x810ad7a	_ZN12_GLOBAL__N_111StringMakerC2Ev	(anonymous namespace)::StringMaker::StringMaker()	home/wangyilei/dnf_workspace/dnf_decompile/source/DNFServer/GameServer/Game/CItemList.cpp.o
LOCAL_t	t	0x5	0x810ad8a	_ZN12_GLOBAL__N_111StringMakerD1Ev	(anonymous namespace)::StringMaker::~StringMaker()	home/wangyilei/dnf_workspace/dnf_decompile/source/DNFServer/GameServer/Game/CItemList.cpp.o
LOCAL_t	t	0x5	0x810ad8a	_ZN12_GLOBAL__N_111StringMakerD2Ev	(anonymous namespace)::StringMaker::~StringMaker()	home/wangyilei/dnf_workspace/dnf_decompile/source/DNFServer/GameServer/Game/CItemList.cpp.o
LOCAL_t	t	0x5	0x81132e0	_ZN12_GLOBAL__N_111StringMakerclI12ItemAuraInfoEEvRKT_	void (anonymous namespace)::StringMaker::operator()<ItemAuraInfo>(ItemAuraInfo const&)	home/wangyilei/dnf_workspace/dnf_decompile/source/DNFServer/GameServer/Game/CItemList.cpp.o
LOCAL_t	t	0x5	0x81132da	_ZN12_GLOBAL__N_111StringMakerclI12LevelUpSkillEEvRKT_	void (anonymous namespace)::StringMaker::operator()<LevelUpSkill>(LevelUpSkill const&)	home/wangyilei/dnf_workspace/dnf_decompile/source/DNFServer/GameServer/Game/CItemList.cpp.o
LOCAL_t	t	0x5	0x81132ec	_ZN12_GLOBAL__N_111StringMakerclI20EquipmentSkillDataUpEEvRKT_	void (anonymous namespace)::StringMaker::operator()<EquipmentSkillDataUp>(EquipmentSkillDataUp const&)	home/wangyilei/dnf_workspace/dnf_decompile/source/DNFServer/GameServer/Game/CItemList.cpp.o
LOCAL_t	t	0x5	0x81132e6	_ZN12_GLOBAL__N_111StringMakerclIiEEvRKT_	void (anonymous namespace)::StringMaker::operator()<int>(int const&)	home/wangyilei/dnf_workspace/dnf_decompile/source/DNFServer/GameServer/Game/CItemList.cpp.o
LOCAL_t	t	0x5	0x810ae56	_ZN12_GLOBAL__N_112FieldChecker8AddFieldEPc	(anonymous namespace)::FieldChecker::AddField(char*)	home/wangyilei/dnf_workspace/dnf_decompile/source/DNFServer/GameServer/Game/CItemList.cpp.o
LOCAL_t	t	0x5	0x810ad6e	_ZN12_GLOBAL__N_112FieldCheckerC1Ev	(anonymous namespace)::FieldChecker::FieldChecker()	home/wangyilei/dnf_workspace/dnf_decompile/source/DNFServer/GameServer/Game/CItemList.cpp.o
LOCAL_t	t	0x5	0x810ad6e	_ZN12_GLOBAL__N_112FieldCheckerC2Ev	(anonymous namespace)::FieldChecker::FieldChecker()	home/wangyilei/dnf_workspace/dnf_decompile/source/DNFServer/GameServer/Game/CItemList.cpp.o
LOCAL_t	t	0x5	0x810ad74	_ZN12_GLOBAL__N_112FieldCheckerD1Ev	(anonymous namespace)::FieldChecker::~FieldChecker()	home/wangyilei/dnf_workspace/dnf_decompile/source/DNFServer/GameServer/Game/CItemList.cpp.o
LOCAL_t	t	0x5	0x810ad74	_ZN12_GLOBAL__N_112FieldCheckerD2Ev	(anonymous namespace)::FieldChecker::~FieldChecker()	home/wangyilei/dnf_workspace/dnf_decompile/source/DNFServer/GameServer/Game/CItemList.cpp.o
LOCAL_t	t	0x93	0x810aec9	_ZN12_GLOBAL__N_113AniInfoVectorEPvi	(anonymous namespace)::AniInfoVector(void*, int)	home/wangyilei/dnf_workspace/dnf_decompile/source/DNFServer/GameServer/Game/CItemList.cpp.o
LOCAL_t	t	0x28	0x80f2e86	_ZN12_GLOBAL__N_113CGuildNetView22CreateConnectionSocketEPKci	(anonymous namespace)::CGuildNetView::CreateConnectionSocket(char const*, int)	home/wangyilei/dnf_workspace/dnf_decompile/source/DNFServer/GameServer/Game/CGuildServerProxy.cpp.o
LOCAL_t	t	0x52	0x822d52e	_ZN12_GLOBAL__N_114AppendDirSlashEPc	(anonymous namespace)::AppendDirSlash(char*)	home/wangyilei/dnf_workspace/dnf_decompile/source/DNFServer/GameServer/Game/STQuestScript.cpp.o
LOCAL_t	t	0xa5	0x810b55a	_ZN12_GLOBAL__N_114EquipParamInfoC1Ev	(anonymous namespace)::EquipParamInfo::EquipParamInfo()	home/wangyilei/dnf_workspace/dnf_decompile/source/DNFServer/GameServer/Game/CItemList.cpp.o
LOCAL_t	t	0xa5	0x810b55a	_ZN12_GLOBAL__N_114EquipParamInfoC2Ev	(anonymous namespace)::EquipParamInfo::EquipParamInfo()	home/wangyilei/dnf_workspace/dnf_decompile/source/DNFServer/GameServer/Game/CItemList.cpp.o
LOCAL_t	t	0xa9	0x810b600	_ZN12_GLOBAL__N_114EquipParamInfoD1Ev	(anonymous namespace)::EquipParamInfo::~EquipParamInfo()	home/wangyilei/dnf_workspace/dnf_decompile/source/DNFServer/GameServer/Game/CItemList.cpp.o
LOCAL_t	t	0xa9	0x810b600	_ZN12_GLOBAL__N_114EquipParamInfoD2Ev	(anonymous namespace)::EquipParamInfo::~EquipParamInfo()	home/wangyilei/dnf_workspace/dnf_decompile/source/DNFServer/GameServer/Game/CItemList.cpp.o
LOCAL_t	t	0x177	0x810bdc6	_ZN12_GLOBAL__N_114EquipParamInfoaSERKS0_	(anonymous namespace)::EquipParamInfo::operator=((anonymous namespace)::EquipParamInfo const&)	home/wangyilei/dnf_workspace/dnf_decompile/source/DNFServer/GameServer/Game/CItemList.cpp.o
LOCAL_t	t	0x5	0x810aec4	_ZN12_GLOBAL__N_114InsertArtifactEPN11sync_script11CSyncScriptEPv	(anonymous namespace)::InsertArtifact(sync_script::CSyncScript*, void*)	home/wangyilei/dnf_workspace/dnf_decompile/source/DNFServer/GameServer/Game/CItemList.cpp.o
LOCAL_t	t	0x13	0x810ae9e	_ZN12_GLOBAL__N_114SocketTypeCharEt	(anonymous namespace)::SocketTypeChar(unsigned short)	home/wangyilei/dnf_workspace/dnf_decompile/source/DNFServer/GameServer/Game/CItemList.cpp.o
LOCAL_t	t	0x28	0x80f5c9e	_ZN12_GLOBAL__N_115CMonitorNetView22CreateConnectionSocketEPKci	(anonymous namespace)::CMonitorNetView::CreateConnectionSocket(char const*, int)	home/wangyilei/dnf_workspace/dnf_decompile/source/DNFServer/GameServer/Game/CMonitorServerProxy.cpp.o
LOCAL_t	t	0x372	0x810b6be	_ZN12_GLOBAL__N_115EquipScriptFullC1Ev	(anonymous namespace)::EquipScriptFull::EquipScriptFull()	home/wangyilei/dnf_workspace/dnf_decompile/source/DNFServer/GameServer/Game/CItemList.cpp.o
LOCAL_t	t	0x372	0x810b6be	_ZN12_GLOBAL__N_115EquipScriptFullC2Ev	(anonymous namespace)::EquipScriptFull::EquipScriptFull()	home/wangyilei/dnf_workspace/dnf_decompile/source/DNFServer/GameServer/Game/CItemList.cpp.o
LOCAL_t	t	0x395	0x810ba30	_ZN12_GLOBAL__N_115EquipScriptFullD1Ev	(anonymous namespace)::EquipScriptFull::~EquipScriptFull()	home/wangyilei/dnf_workspace/dnf_decompile/source/DNFServer/GameServer/Game/CItemList.cpp.o
LOCAL_t	t	0x395	0x810ba30	_ZN12_GLOBAL__N_115EquipScriptFullD2Ev	(anonymous namespace)::EquipScriptFull::~EquipScriptFull()	home/wangyilei/dnf_workspace/dnf_decompile/source/DNFServer/GameServer/Game/CItemList.cpp.o
LOCAL_t	t	0xa	0x810ae8a	_ZN12_GLOBAL__N_116AttachTypeStringEPN11sync_script11CSyncScriptEi	(anonymous namespace)::AttachTypeString(sync_script::CSyncScript*, int)	home/wangyilei/dnf_workspace/dnf_decompile/source/DNFServer/GameServer/Game/CItemList.cpp.o
LOCAL_t	t	0xa	0x810ae80	_ZN12_GLOBAL__N_116UsableCharStringEPN11sync_script11CSyncScriptEPKv	(anonymous namespace)::UsableCharString(sync_script::CSyncScript*, void const*)	home/wangyilei/dnf_workspace/dnf_decompile/source/DNFServer/GameServer/Game/CItemList.cpp.o
LOCAL_t	t	0xa	0x810ae94	_ZN12_GLOBAL__N_119AttackElementStringEPN11sync_script11CSyncScriptEPKv	(anonymous namespace)::AttackElementString(sync_script::CSyncScript*, void const*)	home/wangyilei/dnf_workspace/dnf_decompile/source/DNFServer/GameServer/Game/CItemList.cpp.o
LOCAL_t	t	0x16	0x8113618	_ZN12_GLOBAL__N_120STEquipmentAniScriptD1Ev	(anonymous namespace)::STEquipmentAniScript::~STEquipmentAniScript()	home/wangyilei/dnf_workspace/dnf_decompile/source/DNFServer/GameServer/Game/CItemList.cpp.o
LOCAL_t	t	0x16	0x8113618	_ZN12_GLOBAL__N_120STEquipmentAniScriptD2Ev	(anonymous namespace)::STEquipmentAniScript::~STEquipmentAniScript()	home/wangyilei/dnf_workspace/dnf_decompile/source/DNFServer/GameServer/Game/CItemList.cpp.o
LOCAL_t	t	0x5b	0x80c530a	_ZN12_GLOBAL__N_15GfMulEhh	(anonymous namespace)::GfMul(unsigned char, unsigned char)	home/wangyilei/dnf_workspace/dnf_decompile/source/DNFServer/GameServer/Game/CRijndael.cpp.o
LOCAL_t	t	0xb	0x80c5365	_ZN12_GLOBAL__N_17RotWordEj	(anonymous namespace)::RotWord(unsigned int)	home/wangyilei/dnf_workspace/dnf_decompile/source/DNFServer/GameServer/Game/CRijndael.cpp.o
LOCAL_t	t	0x62	0x80c5370	_ZN12_GLOBAL__N_17SubWordEj	(anonymous namespace)::SubWord(unsigned int)	home/wangyilei/dnf_workspace/dnf_decompile/source/DNFServer/GameServer/Game/CRijndael.cpp.o
LOCAL_t	t	0x1d	0x810ae5b	_ZN12_GLOBAL__N_18EscapeDBEP5MySQLPKcPc	(anonymous namespace)::EscapeDB(MySQL*, char const*, char*)	home/wangyilei/dnf_workspace/dnf_decompile/source/DNFServer/GameServer/Game/CItemList.cpp.o
LOCAL_t	t	0x8	0x810ad66	_ZN12_GLOBAL__N_18MyStream5c_strEv	(anonymous namespace)::MyStream::c_str()	home/wangyilei/dnf_workspace/dnf_decompile/source/DNFServer/GameServer/Game/CItemList.cpp.o
LOCAL_t	t	0x5	0x810ad60	_ZN12_GLOBAL__N_18MyStreamC1Ev	(anonymous namespace)::MyStream::MyStream()	home/wangyilei/dnf_workspace/dnf_decompile/source/DNFServer/GameServer/Game/CItemList.cpp.o
LOCAL_t	t	0x5	0x810ad60	_ZN12_GLOBAL__N_18MyStreamC2Ev	(anonymous namespace)::MyStream::MyStream()	home/wangyilei/dnf_workspace/dnf_decompile/source/DNFServer/GameServer/Game/CItemList.cpp.o
LOCAL_t	t	0x1d	0x810ad90	_ZN12_GLOBAL__N_18MyStreamlsEPKc	(anonymous namespace)::MyStream::operator<<(char const*)	home/wangyilei/dnf_workspace/dnf_decompile/source/DNFServer/GameServer/Game/CItemList.cpp.o
LOCAL_t	t	0x37	0x810ae1e	_ZN12_GLOBAL__N_18MyStreamlsEf	(anonymous namespace)::MyStream::operator<<(float)	home/wangyilei/dnf_workspace/dnf_decompile/source/DNFServer/GameServer/Game/CItemList.cpp.o
LOCAL_t	t	0x37	0x810adae	_ZN12_GLOBAL__N_18MyStreamlsEi	(anonymous namespace)::MyStream::operator<<(int)	home/wangyilei/dnf_workspace/dnf_decompile/source/DNFServer/GameServer/Game/CItemList.cpp.o
LOCAL_t	t	0x37	0x810ade6	_ZN12_GLOBAL__N_18MyStreamlsEj	(anonymous namespace)::MyStream::operator<<(unsigned int)	home/wangyilei/dnf_workspace/dnf_decompile/source/DNFServer/GameServer/Game/CItemList.cpp.o
LOCAL_t	t	0x8	0x810ae78	_ZN12_GLOBAL__N_19URLStringEPN11sync_script11CSyncScriptEPKcii	(anonymous namespace)::URLString(sync_script::CSyncScript*, char const*, int, int)	home/wangyilei/dnf_workspace/dnf_decompile/source/DNFServer/GameServer/Game/CItemList.cpp.o
LOCAL_t	t	0xd	0x8206817	_ZN19CerashopAddRestrictL12UserCeraInfoEP5CUser	CerashopAddRestrict::UserCeraInfo(CUser*)	home/wangyilei/dnf_workspace/dnf_decompile/source/DNFServer/GameServer/Game/CCeraShopAddRestrict.cpp.o
LOCAL_t	t	0x13	0x804da92	_ZN3nslL6_evlogEPKc	nsl::_evlog(char const*)	home/wangyilei/dnf_workspace/dnf_decompile/source/DNFServer/GameServer/ServerLab/ServerLib/basic_source/LinuxService.cpp.o
LOCAL_t	t	0xa	0x810ad80	_ZNK12_GLOBAL__N_111StringMaker5c_strEv	(anonymous namespace)::StringMaker::c_str() const	home/wangyilei/dnf_workspace/dnf_decompile/source/DNFServer/GameServer/Game/CItemList.cpp.o
LOCAL_t	t	0xa	0x80da8d8	_ZZN10GlobalData4InitEvENK11CEnvProcSeq18getProcessSequenceEv	GlobalData::Init()::CEnvProcSeq::getProcessSequence() const	home/wangyilei/dnf_workspace/dnf_decompile/source/DNFServer/GameServer/Game/GlobalData.cpp.o
STRONG_T	T	0xa	0x825ac21	ScanInt	ScanInt	home/wangyilei/dnf_workspace/dnf_decompile/source/DNFServer/GameServer/Game/GameStubs.cpp.o
STRONG_T	T	0xa	0x8257054	_Z12GetInvenSlotP10Inven_ItemP10CInventoryii	GetInvenSlot(Inven_Item*, CInventory*, int, int)	home/wangyilei/dnf_workspace/dnf_decompile/source/DNFServer/GameServer/Game/GameStubs.cpp.o
STRONG_T	T	0x15	0x813f0e0	_Z13GetPacketNameht	GetPacketName(unsigned char, unsigned short)	home/wangyilei/dnf_workspace/dnf_decompile/source/DNFServer/GameServer/Game/CUser.cpp.o
STRONG_T	T	0x283	0x8232c10	_Z17ImportSkillScriptP13STSkillScriptPKciii	ImportSkillScript(STSkillScript*, char const*, int, int, int)	home/wangyilei/dnf_workspace/dnf_decompile/source/DNFServer/GameServer/Game/STSkillScript.cpp.o
STRONG_T	T	0x5	0x8257063	_Z19write_log_use_moneyiij	write_log_use_money(int, int, unsigned int)	home/wangyilei/dnf_workspace/dnf_decompile/source/DNFServer/GameServer/Game/GameStubs.cpp.o
STRONG_T	T	0x5	0x825705e	_Z20write_log_gain_moneyiij	write_log_gain_money(int, int, unsigned int)	home/wangyilei/dnf_workspace/dnf_decompile/source/DNFServer/GameServer/Game/GameStubs.cpp.o
STRONG_T	T	0xa	0x813f16d	_Z21mission_list_is_clearPv	mission_list_is_clear(void*)	home/wangyilei/dnf_workspace/dnf_decompile/source/DNFServer/GameServer/Game/CUser.cpp.o
STRONG_T	T	0x14	0x822d50e	_Z22setBasicAbilityByLevelP15STMonsterScriptP16ActiveStaticInfojiibb	setBasicAbilityByLevel(STMonsterScript*, ActiveStaticInfo*, unsigned int, int, int, bool, bool)	home/wangyilei/dnf_workspace/dnf_decompile/source/DNFServer/GameServer/Game/STMonsterScript.cpp.o
STRONG_T	T	0xb	0x822d522	_Z24getRandomChampionElementP15STMonsterScripti	getRandomChampionElement(STMonsterScript*, int)	home/wangyilei/dnf_workspace/dnf_decompile/source/DNFServer/GameServer/Game/STMonsterScript.cpp.o
STRONG_T	T	0x5	0x813f177	_Z25CInventory_MakeItemPacketP10CInventoryiiR11PacketGuard	CInventory_MakeItemPacket(CInventory*, int, int, PacketGuard&)	home/wangyilei/dnf_workspace/dnf_decompile/source/DNFServer/GameServer/Game/CUser.cpp.o
STRONG_T	T	0x8	0x81ae512	_Z25GetInvenTypeFromItemSpacei	GetInvenTypeFromItemSpace(int)	home/wangyilei/dnf_workspace/dnf_decompile/source/DNFServer/GameServer/Game/CDeathTower.cpp.o
STRONG_T	T	0x256e	0x8062ae3	_Z25SetAuctionServiceErrorStrv	SetAuctionServiceErrorStr()	home/wangyilei/dnf_workspace/dnf_decompile/source/DNFServer/GameServer/ServerLab/ServerLib/common_source/ServiceError.cpp.o
STRONG_T	T	0xa	0x8256fbe	_ZN10CInventory9move_itemEiiii	CInventory::move_item(int, int, int, int)	home/wangyilei/dnf_workspace/dnf_decompile/source/DNFServer/GameServer/Game/GameStubs.cpp.o
STRONG_T	T	0x5	0x825b5f4	_ZN10CMyFileLogclEPKcz	CMyFileLog::operator()(char const*, ...)	home/wangyilei/dnf_workspace/dnf_decompile/source/DNFServer/GameServer/Game/GameStubs.cpp.o
STRONG_T	T	0x5	0x825ba20	_ZN10CTitleBook18sendListOtherUserEP5CUser25ENUM_TITLE_BOOK_INFO_TYPE	_ZN10CTitleBook18sendListOtherUserEP5CUser25ENUM_TITLE_BOOK_INFO_TYPE	home/wangyilei/dnf_workspace/dnf_decompile/source/DNFServer/GameServer/Game/GameStubs.cpp.o
STRONG_T	T	0x5d	0x80d8bc2	_ZN10CaptchaGen8getFloatER8XorRand4ff	CaptchaGen::getFloat(XorRand4&, float, float)	home/wangyilei/dnf_workspace/dnf_decompile/source/DNFServer/GameServer/Game/GlobalData.cpp.o
STRONG_T	T	0x21	0x80b6fe2	_ZN10CharString6concatEPKcRKS_i	CharString::concat(char const*, CharString const&, int)	home/wangyilei/dnf_workspace/dnf_decompile/source/DNFServer/GameServer/Game/StringTypes.cpp.o
STRONG_T	T	0x21	0x80b7004	_ZN10CharString6concatEPKciRKS_i	CharString::concat(char const*, int, CharString const&, int)	home/wangyilei/dnf_workspace/dnf_decompile/source/DNFServer/GameServer/Game/StringTypes.cpp.o
STRONG_T	T	0x46	0x81f5ef8	_ZN10HistoryLog13WriteCreateChEP8_IO_FILEPciii	HistoryLog::WriteCreateCh(_IO_FILE*, char*, int, int, int)	home/wangyilei/dnf_workspace/dnf_decompile/source/DNFServer/GameServer/Game/HistoryLog.cpp.o
STRONG_T	T	0x5	0x825b926	_ZN10LogManager9logFormatEiPKciS1_z	LogManager::logFormat(int, char const*, int, char const*, ...)	home/wangyilei/dnf_workspace/dnf_decompile/source/DNFServer/GameServer/Game/GameStubs.cpp.o
STRONG_T	T	0xa	0x825abe2	_ZN10secretshop7CMTRand7randIntERKm	secretshop::CMTRand::randInt(unsigned long const&)	home/wangyilei/dnf_workspace/dnf_decompile/source/DNFServer/GameServer/Game/GameStubs.cpp.o
STRONG_T	T	0x5	0x825abdc	_ZN10secretshop7CMTRandC1ERKm	secretshop::CMTRand::CMTRand(unsigned long const&)	home/wangyilei/dnf_workspace/dnf_decompile/source/DNFServer/GameServer/Game/GameStubs.cpp.o
STRONG_T	T	0x5	0x825abdc	_ZN10secretshop7CMTRandC2ERKm	secretshop::CMTRand::CMTRand(unsigned long const&)	home/wangyilei/dnf_workspace/dnf_decompile/source/DNFServer/GameServer/Game/GameStubs.cpp.o
STRONG_T	T	0xa	0x825ba25	_ZN11CGM_Manager5IsGmEj	_ZN11CGM_Manager5IsGmEj	home/wangyilei/dnf_workspace/dnf_decompile/source/DNFServer/GameServer/Game/GameStubs.cpp.o
STRONG_T	T	0x5	0x808a63c	_ZN11IDispatcher4sendEP5CUserR9ParamBase	IDispatcher::send(CUser*, ParamBase&)	home/wangyilei/dnf_workspace/dnf_decompile/source/DNFServer/GameServer/Game/PacketDispatcher.cpp.o
STRONG_T	T	0x5	0x80e4862	_ZN11SlangFilter2f0Ev	SlangFilter::f0()	home/wangyilei/dnf_workspace/dnf_decompile/source/DNFServer/GameServer/Game/CDataManager.cpp.o
STRONG_T	T	0x5	0x80e4868	_ZN11SlangFilter7DestroyEv	SlangFilter::Destroy()	home/wangyilei/dnf_workspace/dnf_decompile/source/DNFServer/GameServer/Game/CDataManager.cpp.o
STRONG_T	T	0xa	0x80d9ae8	_ZN11sync_script11CSyncScript21GetInstanceSyncScriptEv	sync_script::CSyncScript::GetInstanceSyncScript()	home/wangyilei/dnf_workspace/dnf_decompile/source/DNFServer/GameServer/Game/GlobalData.cpp.o
STRONG_T	T	0x24	0x80e5cb6	_ZN12CDataManager18ReCalcEmoticonConfEPvPK5CUser	CDataManager::ReCalcEmoticonConf(void*, CUser const*)	home/wangyilei/dnf_workspace/dnf_decompile/source/DNFServer/GameServer/Game/CDataManager.cpp.o
STRONG_T	T	0x5	0x8257660	_ZN12CDataManager20set_lottery_use_costEj	CDataManager::set_lottery_use_cost(unsigned int)	home/wangyilei/dnf_workspace/dnf_decompile/source/DNFServer/GameServer/Game/GameStubs.cpp.o
STRONG_T	T	0x16	0x80e8426	_ZN12CDataManager21get_limit_inout_countEi	CDataManager::get_limit_inout_count(int)	home/wangyilei/dnf_workspace/dnf_decompile/source/DNFServer/GameServer/Game/CDataManager.cpp.o
STRONG_T	T	0x19	0x825a12e	_ZN12CItemUpgrade28getUpgradeItemRepairCostRateEib	CItemUpgrade::getUpgradeItemRepairCostRate(int, bool)	home/wangyilei/dnf_workspace/dnf_decompile/source/DNFServer/GameServer/Game/GameStubs.cpp.o
STRONG_T	T	0xd	0x825a0b8	_ZN13BaseItemValueC1Ei	BaseItemValue::BaseItemValue(int)	home/wangyilei/dnf_workspace/dnf_decompile/source/DNFServer/GameServer/Game/GameStubs.cpp.o
STRONG_T	T	0xd	0x825a0b8	_ZN13BaseItemValueC2Ei	BaseItemValue::BaseItemValue(int)	home/wangyilei/dnf_workspace/dnf_decompile/source/DNFServer/GameServer/Game/GameStubs.cpp.o
STRONG_T	T	0xa	0x8257185	_ZN13CEventManager13GetRepeatEventEi	_ZN13CEventManager13GetRepeatEventEi	home/wangyilei/dnf_workspace/dnf_decompile/source/DNFServer/GameServer/Game/GameStubs.cpp.o
STRONG_T	T	0x5	0x825718f	_ZN13CEventManager14TriggerEventEndEi	_ZN13CEventManager14TriggerEventEndEi	home/wangyilei/dnf_workspace/dnf_decompile/source/DNFServer/GameServer/Game/GameStubs.cpp.o
STRONG_T	T	0x5	0x8257194	_ZN13CEventManager16TriggerEventStartEii	_ZN13CEventManager16TriggerEventStartEii	home/wangyilei/dnf_workspace/dnf_decompile/source/DNFServer/GameServer/Game/GameStubs.cpp.o
STRONG_T	T	0x5	0x813f1f4	_ZN13DB_LogBuyItem11makeRequestEjjjjj	DB_LogBuyItem::makeRequest(unsigned int, unsigned int, unsigned int, unsigned int, unsigned int)	home/wangyilei/dnf_workspace/dnf_decompile/source/DNFServer/GameServer/Game/CUser.cpp.o
STRONG_T	T	0x108	0x8075f06	_ZN13np_server_xml10CServerXml16getAuctionStringEiRb	np_server_xml::CServerXml::getAuctionString(int, bool&)	home/wangyilei/dnf_workspace/dnf_decompile/source/DNFServer/ServerCommon/ServerXml.cpp.o
STRONG_T	T	0xa	0x825b3a6	_ZN14CNRDScriptData6getIntEPKc	CNRDScriptData::getInt(char const*)	home/wangyilei/dnf_workspace/dnf_decompile/source/DNFServer/GameServer/Game/GameStubs.cpp.o
STRONG_T	T	0x5	0x8259e22	_ZN15CClearConditionC1E33ENUM_DUNGEON_CLEAR_CONDITION_TYPEi	CClearCondition::CClearCondition(ENUM_DUNGEON_CLEAR_CONDITION_TYPE, int)	home/wangyilei/dnf_workspace/dnf_decompile/source/DNFServer/GameServer/Game/GameStubs.cpp.o
STRONG_T	T	0x5	0x8259e22	_ZN15CClearConditionC2E33ENUM_DUNGEON_CLEAR_CONDITION_TYPEi	CClearCondition::CClearCondition(ENUM_DUNGEON_CLEAR_CONDITION_TYPE, int)	home/wangyilei/dnf_workspace/dnf_decompile/source/DNFServer/GameServer/Game/GameStubs.cpp.o
STRONG_T	T	0x23	0x813833c	_ZN15CUserCharacInfo13GetPowerWarHPEv	CUserCharacInfo::GetPowerWarHP()	home/wangyilei/dnf_workspace/dnf_decompile/source/DNFServer/GameServer/Game/CUserCharacInfo.cpp.o
STRONG_T	T	0x5	0x825ba1b	_ZN15HeroMissionEvent14processMissionEP5CUserN20HeroMissionCondition9MissionNo1TEj	_ZN15HeroMissionEvent14processMissionEP5CUserN20HeroMissionCondition9MissionNo1TEj	home/wangyilei/dnf_workspace/dnf_decompile/source/DNFServer/GameServer/Game/GameStubs.cpp.o
STRONG_T	T	0x5	0x8256f24	_ZN15cUserHistoryLog16DungeonClearInfoEii	cUserHistoryLog::DungeonClearInfo(int, int)	home/wangyilei/dnf_workspace/dnf_decompile/source/DNFServer/GameServer/Game/GameStubs.cpp.o
STRONG_T	T	0xa	0x81ae476	_ZN16CAICharacterList3getEPvj	CAICharacterList::get(void*, unsigned int)	home/wangyilei/dnf_workspace/dnf_decompile/source/DNFServer/GameServer/Game/CDeathTower.cpp.o
STRONG_T	T	0xe	0x825abfb	_ZN16SecretShopScript21GetItemByDungeonIdxEP7CMTRandRSt6vectorIN10secretshop9SALE_INFOSaIS4_EEEiib	_ZN16SecretShopScript21GetItemByDungeonIdxEP7CMTRandRSt6vectorIN10secretshop9SALE_INFOSaIS4_EEEiib	home/wangyilei/dnf_workspace/dnf_decompile/source/DNFServer/GameServer/Game/GameStubs.cpp.o
STRONG_T	T	0xe	0x825ac09	_ZN16SecretShopScript21GetItemByDungeonLevEP7CMTRandRSt6vectorIN10secretshop9SALE_INFOSaIS4_EEEiib	_ZN16SecretShopScript21GetItemByDungeonLevEP7CMTRandRSt6vectorIN10secretshop9SALE_INFOSaIS4_EEEiib	home/wangyilei/dnf_workspace/dnf_decompile/source/DNFServer/GameServer/Game/GameStubs.cpp.o
STRONG_T	T	0x5	0x825a154	_ZN17CItemGeneratorMgr12setDropRatioEf	CItemGeneratorMgr::setDropRatio(float)	home/wangyilei/dnf_workspace/dnf_decompile/source/DNFServer/GameServer/Game/GameStubs.cpp.o
STRONG_T	T	0x14	0x825a18c	_ZN17PvP_MissionSystem25get_BaseMissionExp_byRankEt	PvP_MissionSystem::get_BaseMissionExp_byRank(unsigned short)	home/wangyilei/dnf_workspace/dnf_decompile/source/DNFServer/GameServer/Game/GameStubs.cpp.o
STRONG_T	T	0x138	0x821ad7e	_ZN18RandomOptionScript9getPrefixEib	RandomOptionScript::getPrefix(int, bool)	home/wangyilei/dnf_workspace/dnf_decompile/source/DNFServer/GameServer/Game/RandomOptionScript.cpp.o
STRONG_T	T	0x5	0x825ba2f	_ZN19CMonitorServerProxy14SendTcpPacketEPci	_ZN19CMonitorServerProxy14SendTcpPacketEPci	home/wangyilei/dnf_workspace/dnf_decompile/source/DNFServer/GameServer/Game/GameStubs.cpp.o
STRONG_T	T	0xd8	0x8206534	_ZN19CerashopAddRestrict12ScriptLoader15LoadScriptDailyENS_12RestrictTypeE	CerashopAddRestrict::ScriptLoader::LoadScriptDaily(CerashopAddRestrict::RestrictType)	home/wangyilei/dnf_workspace/dnf_decompile/source/DNFServer/GameServer/Game/CCeraShopAddRestrict.cpp.o
STRONG_T	T	0xa	0x825abb4	_ZN19CerashopAddRestrict18loadRDARScriptFileEPKcS1_	CerashopAddRestrict::loadRDARScriptFile(char const*, char const*)	home/wangyilei/dnf_workspace/dnf_decompile/source/DNFServer/GameServer/Game/GameStubs.cpp.o
STRONG_T	T	0x5	0x825abd2	_ZN19CerashopAddRestrict42DB_LoadCerashopAddRestrictType_makeRequestEP5CUser	CerashopAddRestrict::DB_LoadCerashopAddRestrictType_makeRequest(CUser*)	home/wangyilei/dnf_workspace/dnf_decompile/source/DNFServer/GameServer/Game/GameStubs.cpp.o
STRONG_T	T	0x5	0x825abd7	_ZN19CerashopAddRestrict42DB_SaveCerashopAddRestrictType_makeRequestEP5CUserPNS_11DBInputDataE	CerashopAddRestrict::DB_SaveCerashopAddRestrictType_makeRequest(CUser*, CerashopAddRestrict::DBInputData*)	home/wangyilei/dnf_workspace/dnf_decompile/source/DNFServer/GameServer/Game/GameStubs.cpp.o
STRONG_T	T	0xa	0x825abc8	_ZN19CerashopAddRestrict7ScanIntERb	CerashopAddRestrict::ScanInt(bool&)	home/wangyilei/dnf_workspace/dnf_decompile/source/DNFServer/GameServer/Game/GameStubs.cpp.o
STRONG_T	T	0xa	0x80ab5ca	_ZN19Dispatcher_Teleport11check_errorEP5CUserR8MSG_BASE	Dispatcher_Teleport::check_error(CUser*, MSG_BASE&)	home/wangyilei/dnf_workspace/dnf_decompile/source/DNFServer/GameServer/Game/Dispatchers.cpp.o
STRONG_T	T	0x14	0x80d9d70	_ZN19TimerUpdatePvPGrade15registNextTimerEx	TimerUpdatePvPGrade::registNextTimer(long long)	home/wangyilei/dnf_workspace/dnf_decompile/source/DNFServer/GameServer/Game/GlobalData.cpp.o
STRONG_T	T	0xa	0x80ab80a	_ZN20Dispatcher_SkillInit18process_skill_initEv	Dispatcher_SkillInit::process_skill_init()	home/wangyilei/dnf_workspace/dnf_decompile/source/DNFServer/GameServer/Game/Dispatchers.cpp.o
STRONG_T	T	0x5	0x813f22c	_ZN20UserMercenaryInfoMgr9AddCharacERK21CHARAC_LOAD_MERCENARY	UserMercenaryInfoMgr::AddCharac(CHARAC_LOAD_MERCENARY const&)	home/wangyilei/dnf_workspace/dnf_decompile/source/DNFServer/GameServer/Game/CUser.cpp.o
STRONG_T	T	0x5	0x813f238	_ZN20UserMercenaryInfoMgr9SetCharacEjRK21CHARAC_LOAD_MERCENARY	UserMercenaryInfoMgr::SetCharac(unsigned int, CHARAC_LOAD_MERCENARY const&)	home/wangyilei/dnf_workspace/dnf_decompile/source/DNFServer/GameServer/Game/CUser.cpp.o
STRONG_T	T	0x5	0x825a148	_ZN21CChattingEmoticonList6ReCalcEPvPK5CUser	CChattingEmoticonList::ReCalc(void*, CUser const*)	home/wangyilei/dnf_workspace/dnf_decompile/source/DNFServer/GameServer/Game/GameStubs.cpp.o
STRONG_T	T	0x20	0x8204d04	_ZN21CDispatchServerPacket18dispatchPointPacketEPc	_ZN21CDispatchServerPacket18dispatchPointPacketEPc	home/wangyilei/dnf_workspace/dnf_decompile/source/DNFServer/GameServer/Game/CAuction.cpp.o
STRONG_T	T	0xa	0x8256d9e	_ZN21CSecu_ProtectionField5CheckEPS_P5CUser18SECURITY_PROTCTION	CSecu_ProtectionField::Check(CSecu_ProtectionField*, CUser*, SECURITY_PROTCTION)	home/wangyilei/dnf_workspace/dnf_decompile/source/DNFServer/GameServer/Game/CSecu_ProtectionField.cpp.o
STRONG_T	T	0xa	0x80abb3c	_ZN21Dispatcher_ComboSkill20checkComboSkillIndexEv	Dispatcher_ComboSkill::checkComboSkillIndex()	home/wangyilei/dnf_workspace/dnf_decompile/source/DNFServer/GameServer/Game/Dispatchers.cpp.o
STRONG_T	T	0xa	0x80abc5c	_ZN21Dispatcher_GuildCargo11check_errorEP5CUserR8MSG_BASE	Dispatcher_GuildCargo::check_error(CUser*, MSG_BASE&)	home/wangyilei/dnf_workspace/dnf_decompile/source/DNFServer/GameServer/Game/Dispatchers.cpp.o
STRONG_T	T	0xa	0x80abe82	_ZN21Dispatcher_PurifyItem17processPurifyTypeEv	Dispatcher_PurifyItem::processPurifyType()	home/wangyilei/dnf_workspace/dnf_decompile/source/DNFServer/GameServer/Game/Dispatchers.cpp.o
STRONG_T	T	0x1a	0x823c16a	_ZN21ServerParameterScript10LoadScriptEPKc	ServerParameterScript::LoadScript(char const*)	home/wangyilei/dnf_workspace/dnf_decompile/source/DNFServer/GameServer/Game/ServerParameterScript.cpp.o
STRONG_T	T	0xb2	0x823c7ac	_ZN21ServerParameterScript18GetTraningSealGiveEi	ServerParameterScript::GetTraningSealGive(int)	home/wangyilei/dnf_workspace/dnf_decompile/source/DNFServer/GameServer/Game/ServerParameterScript.cpp.o
STRONG_T	T	0x1b	0x823c85e	_ZN21ServerParameterScript21CheckTraningFirstGiveEv	ServerParameterScript::CheckTraningFirstGive()	home/wangyilei/dnf_workspace/dnf_decompile/source/DNFServer/GameServer/Game/ServerParameterScript.cpp.o
STRONG_T	T	0xb2	0x823c448	_ZN21ServerParameterScript25GetPvPChannelGradePenaltyEi	ServerParameterScript::GetPvPChannelGradePenalty(int)	home/wangyilei/dnf_workspace/dnf_decompile/source/DNFServer/GameServer/Game/ServerParameterScript.cpp.o
STRONG_T	T	0x62	0x823c108	_ZN21ServerParameterScript25getLuckPointDeductionRateEiRi	ServerParameterScript::getLuckPointDeductionRate(int, int&)	home/wangyilei/dnf_workspace/dnf_decompile/source/DNFServer/GameServer/Game/ServerParameterScript.cpp.o
STRONG_T	T	0x84	0x823c4fa	_ZN21ServerParameterScript26CheckUnusableEquipmentInfoEii	ServerParameterScript::CheckUnusableEquipmentInfo(int, int)	home/wangyilei/dnf_workspace/dnf_decompile/source/DNFServer/GameServer/Game/ServerParameterScript.cpp.o
STRONG_T	T	0xa	0x80ac2c8	_ZN22Dispatcher_EPLPCommand14_SendEPLPErrorEv	Dispatcher_EPLPCommand::_SendEPLPError()	home/wangyilei/dnf_workspace/dnf_decompile/source/DNFServer/GameServer/Game/Dispatchers.cpp.o
STRONG_T	T	0xa	0x80ac2be	_ZN22Dispatcher_EPLPCommand16_BroadCastPacketEv	Dispatcher_EPLPCommand::_BroadCastPacket()	home/wangyilei/dnf_workspace/dnf_decompile/source/DNFServer/GameServer/Game/Dispatchers.cpp.o
STRONG_T	T	0xa	0x80ac2dc	_ZN22Dispatcher_EPLPCommand16excludeEplpStateEv	Dispatcher_EPLPCommand::excludeEplpState()	home/wangyilei/dnf_workspace/dnf_decompile/source/DNFServer/GameServer/Game/Dispatchers.cpp.o
STRONG_T	T	0xa	0x80ac2e6	_ZN22Dispatcher_EPLPCommand17isReTurnToVillageEv	Dispatcher_EPLPCommand::isReTurnToVillage()	home/wangyilei/dnf_workspace/dnf_decompile/source/DNFServer/GameServer/Game/Dispatchers.cpp.o
STRONG_T	T	0xa	0x80ac36e	_ZN22Dispatcher_ModItemAttr11_SendResultEv	Dispatcher_ModItemAttr::_SendResult()	home/wangyilei/dnf_workspace/dnf_decompile/source/DNFServer/GameServer/Game/Dispatchers.cpp.o
STRONG_T	T	0xb3	0x82071ea	_ZN23CCeraShopBonusItemEvent10StartEventEt	CCeraShopBonusItemEvent::StartEvent(unsigned short)	home/wangyilei/dnf_workspace/dnf_decompile/source/DNFServer/GameServer/Game/CCeraShopAddRestrict.cpp.o
STRONG_T	T	0xd	0x82072f0	_ZN23CCeraShopBonusItemEvent12getBonusRateEv	CCeraShopBonusItemEvent::getBonusRate()	home/wangyilei/dnf_workspace/dnf_decompile/source/DNFServer/GameServer/Game/CCeraShopAddRestrict.cpp.o
STRONG_T	T	0xa	0x80ac732	_ZN23Dispatcher_BossDieCheck11check_errorEP5CUserR8MSG_BASE	Dispatcher_BossDieCheck::check_error(CUser*, MSG_BASE&)	home/wangyilei/dnf_workspace/dnf_decompile/source/DNFServer/GameServer/Game/Dispatchers.cpp.o
STRONG_T	T	0xa	0x80ac848	_ZN23Dispatcher_CollectItems11check_errorEP5CUserR8MSG_BASE	Dispatcher_CollectItems::check_error(CUser*, MSG_BASE&)	home/wangyilei/dnf_workspace/dnf_decompile/source/DNFServer/GameServer/Game/Dispatchers.cpp.o
STRONG_T	T	0xa	0x80acc9a	_ZN23Dispatcher_MailBox_Send14GuildMailCheckEv	Dispatcher_MailBox_Send::GuildMailCheck()	home/wangyilei/dnf_workspace/dnf_decompile/source/DNFServer/GameServer/Game/Dispatchers.cpp.o
STRONG_T	T	0xa	0x80acfda	_ZN23Dispatcher_SoloTeleport11check_errorEP5CUserR8MSG_BASE	Dispatcher_SoloTeleport::check_error(CUser*, MSG_BASE&)	home/wangyilei/dnf_workspace/dnf_decompile/source/DNFServer/GameServer/Game/Dispatchers.cpp.o
STRONG_T	T	0xa	0x80ad1ec	_ZN23Dispatcher_UseLimitCube11check_errorEP5CUserR8MSG_BASE	Dispatcher_UseLimitCube::check_error(CUser*, MSG_BASE&)	home/wangyilei/dnf_workspace/dnf_decompile/source/DNFServer/GameServer/Game/Dispatchers.cpp.o
STRONG_T	T	0xa	0x825b4bd	_ZN23ServerParameterScript12isDungeonOpenEv	_ZN23ServerParameterScript12isDungeonOpenEv	home/wangyilei/dnf_workspace/dnf_decompile/source/DNFServer/GameServer/Game/GameStubs.cpp.o
STRONG_T	T	0xa	0x825ba39	_ZN23ServerParameterScript20GetPaneltyDupMessageEv	_ZN23ServerParameterScript20GetPaneltyDupMessageEv	home/wangyilei/dnf_workspace/dnf_decompile/source/DNFServer/GameServer/Game/GameStubs.cpp.o
STRONG_T	T	0xa	0x825ba43	_ZN23ServerParameterScript21GetCleanChattingCountEi	_ZN23ServerParameterScript21GetCleanChattingCountEi	home/wangyilei/dnf_workspace/dnf_decompile/source/DNFServer/GameServer/Game/GameStubs.cpp.o
STRONG_T	T	0xa	0x825ba4d	_ZN23ServerParameterScript25GetMaxCleanChattingCountEv	_ZN23ServerParameterScript25GetMaxCleanChattingCountEv	home/wangyilei/dnf_workspace/dnf_decompile/source/DNFServer/GameServer/Game/GameStubs.cpp.o
STRONG_T	T	0xa	0x80ad394	_ZN24Dispatcher_ChangeEmotion19isVaildEmotionValueEv	Dispatcher_ChangeEmotion::isVaildEmotionValue()	home/wangyilei/dnf_workspace/dnf_decompile/source/DNFServer/GameServer/Game/Dispatchers.cpp.o
STRONG_T	T	0xa	0x80ad5b6	_ZN24Dispatcher_EnchantByBead11check_errorEP5CUserR8MSG_BASE	Dispatcher_EnchantByBead::check_error(CUser*, MSG_BASE&)	home/wangyilei/dnf_workspace/dnf_decompile/source/DNFServer/GameServer/Game/Dispatchers.cpp.o
STRONG_T	T	0xa	0x80ad8f2	_ZN24Dispatcher_MouseRegister15decryptPasswordEv	Dispatcher_MouseRegister::decryptPassword()	home/wangyilei/dnf_workspace/dnf_decompile/source/DNFServer/GameServer/Game/Dispatchers.cpp.o
STRONG_T	T	0xa	0x80ad906	_ZN24Dispatcher_MouseRegister15doPassPadReplayEv	Dispatcher_MouseRegister::doPassPadReplay()	home/wangyilei/dnf_workspace/dnf_decompile/source/DNFServer/GameServer/Game/Dispatchers.cpp.o
STRONG_T	T	0xa	0x80ad8de	_ZN24Dispatcher_MouseRegister19checkValiedPasswordEv	Dispatcher_MouseRegister::checkValiedPassword()	home/wangyilei/dnf_workspace/dnf_decompile/source/DNFServer/GameServer/Game/Dispatchers.cpp.o
STRONG_T	T	0x2d	0x82073a0	_ZN25CEventCeraShopRewardPoint10StartEventEj	CEventCeraShopRewardPoint::StartEvent(unsigned int)	home/wangyilei/dnf_workspace/dnf_decompile/source/DNFServer/GameServer/Game/CCeraShopAddRestrict.cpp.o
STRONG_T	T	0xa	0x80adffc	_ZN25Dispatcher_CompoundEmblem20SendCreateEmblemInfoEv	Dispatcher_CompoundEmblem::SendCreateEmblemInfo()	home/wangyilei/dnf_workspace/dnf_decompile/source/DNFServer/GameServer/Game/Dispatchers.cpp.o
STRONG_T	T	0xa	0x80ae08e	_ZN25Dispatcher_DisJointAvatar20SendCreateEmblemInfoEv	Dispatcher_DisJointAvatar::SendCreateEmblemInfo()	home/wangyilei/dnf_workspace/dnf_decompile/source/DNFServer/GameServer/Game/Dispatchers.cpp.o
STRONG_T	T	0xa	0x80ae098	_ZN25Dispatcher_DisJointAvatar22SendDisjointAvatarInfoEv	Dispatcher_DisJointAvatar::SendDisjointAvatarInfo()	home/wangyilei/dnf_workspace/dnf_decompile/source/DNFServer/GameServer/Game/Dispatchers.cpp.o
STRONG_T	T	0xa	0x80ae466	_ZN25Dispatcher_PcRoomRentItem18giveDimensionItemsEv	Dispatcher_PcRoomRentItem::giveDimensionItems()	home/wangyilei/dnf_workspace/dnf_decompile/source/DNFServer/GameServer/Game/Dispatchers.cpp.o
STRONG_T	T	0xa	0x80ae6c4	_ZN25Dispatcher_UseBoosterItem18sendBroadCastItemsEv	Dispatcher_UseBoosterItem::sendBroadCastItems()	home/wangyilei/dnf_workspace/dnf_decompile/source/DNFServer/GameServer/Game/Dispatchers.cpp.o
STRONG_T	T	0xa	0x80ae692	_ZN25Dispatcher_UseBoosterItem23_onBoosterItemUseResultEv	Dispatcher_UseBoosterItem::_onBoosterItemUseResult()	home/wangyilei/dnf_workspace/dnf_decompile/source/DNFServer/GameServer/Game/Dispatchers.cpp.o
STRONG_T	T	0xa	0x80ae69c	_ZN25Dispatcher_UseBoosterItem31_onBoosterItemUseResult_OnlyOneEv	Dispatcher_UseBoosterItem::_onBoosterItemUseResult_OnlyOne()	home/wangyilei/dnf_workspace/dnf_decompile/source/DNFServer/GameServer/Game/Dispatchers.cpp.o
STRONG_T	T	0x5	0x825b949	_ZN25InterSelectPcroomDailyReward10SendPacketEP5CUser	_ZN25InterSelectPcroomDailyReward10SendPacketEP5CUser	home/wangyilei/dnf_workspace/dnf_decompile/source/DNFServer/GameServer/Game/GameStubs.cpp.o
STRONG_T	T	0xa	0x80ae7d4	_ZN26Dispatcher_BuyCeraShopItem33useCountDownCoinInFreeCoinDungeonEv	Dispatcher_BuyCeraShopItem::useCountDownCoinInFreeCoinDungeon()	home/wangyilei/dnf_workspace/dnf_decompile/source/DNFServer/GameServer/Game/Dispatchers.cpp.o
STRONG_T	T	0xa	0x80ae866	_ZN26Dispatcher_CallGuildInvite24send_packet_guild_inviteEv	Dispatcher_CallGuildInvite::send_packet_guild_invite()	home/wangyilei/dnf_workspace/dnf_decompile/source/DNFServer/GameServer/Game/Dispatchers.cpp.o
STRONG_T	T	0xa	0x80aefba	_ZN26Dispatcher_MonstercardBind13_bind_processEv	Dispatcher_MonstercardBind::_bind_process()	home/wangyilei/dnf_workspace/dnf_decompile/source/DNFServer/GameServer/Game/Dispatchers.cpp.o
STRONG_T	T	0xa	0x80aefd8	_ZN26Dispatcher_MonstercardBind15check_need_slotEv	Dispatcher_MonstercardBind::check_need_slot()	home/wangyilei/dnf_workspace/dnf_decompile/source/DNFServer/GameServer/Game/Dispatchers.cpp.o
STRONG_T	T	0xa	0x80aefe2	_ZN26Dispatcher_MonstercardBind15get_bind_resultEv	Dispatcher_MonstercardBind::get_bind_result()	home/wangyilei/dnf_workspace/dnf_decompile/source/DNFServer/GameServer/Game/Dispatchers.cpp.o
STRONG_T	T	0xa	0x80aefc4	_ZN26Dispatcher_MonstercardBind16calcurate_rarityEv	Dispatcher_MonstercardBind::calcurate_rarity()	home/wangyilei/dnf_workspace/dnf_decompile/source/DNFServer/GameServer/Game/Dispatchers.cpp.o
STRONG_T	T	0xa	0x825b490	_ZN27CHackLog_InvalidAreaMove11GetHackTypeEv	_ZN27CHackLog_InvalidAreaMove11GetHackTypeEv	home/wangyilei/dnf_workspace/dnf_decompile/source/DNFServer/GameServer/Game/GameStubs.cpp.o
STRONG_T	T	0xa	0x825b486	_ZN27CHackLog_InvalidAreaMove15isMovableRouteEiiiiii	_ZN27CHackLog_InvalidAreaMove15isMovableRouteEiiiiii	home/wangyilei/dnf_workspace/dnf_decompile/source/DNFServer/GameServer/Game/GameStubs.cpp.o
STRONG_T	T	0xa	0x825b47c	_ZN27CHackLog_InvalidAreaMove21IsInvalidMovableAreaEiiii	_ZN27CHackLog_InvalidAreaMove21IsInvalidMovableAreaEiiii	home/wangyilei/dnf_workspace/dnf_decompile/source/DNFServer/GameServer/Game/GameStubs.cpp.o
STRONG_T	T	0xa	0x80af5ca	_ZN27Dispatcher_CallGuildLevelUp25send_packet_guild_levelupEv	Dispatcher_CallGuildLevelUp::send_packet_guild_levelup()	home/wangyilei/dnf_workspace/dnf_decompile/source/DNFServer/GameServer/Game/Dispatchers.cpp.o
STRONG_T	T	0xa	0x80b07c0	_ZN28Dispatcher_GuildCargoHistory11check_errorEP5CUserR8MSG_BASE	Dispatcher_GuildCargoHistory::check_error(CUser*, MSG_BASE&)	home/wangyilei/dnf_workspace/dnf_decompile/source/DNFServer/GameServer/Game/Dispatchers.cpp.o
STRONG_T	T	0xa	0x80b084e	_ZN28Dispatcher_GuildCargoPopItem11check_errorEP5CUserR8MSG_BASE	Dispatcher_GuildCargoPopItem::check_error(CUser*, MSG_BASE&)	home/wangyilei/dnf_workspace/dnf_decompile/source/DNFServer/GameServer/Game/Dispatchers.cpp.o
STRONG_T	T	0xa	0x80b0afc	_ZN28Dispatcher_SecretShopBuyItem11check_errorEP5CUserR8MSG_BASE	Dispatcher_SecretShopBuyItem::check_error(CUser*, MSG_BASE&)	home/wangyilei/dnf_workspace/dnf_decompile/source/DNFServer/GameServer/Game/Dispatchers.cpp.o
STRONG_T	T	0xa	0x80b0fc6	_ZN29Dispatcher_Cancel_Quick_Party11check_errorEP5CUserR8MSG_BASE	Dispatcher_Cancel_Quick_Party::check_error(CUser*, MSG_BASE&)	home/wangyilei/dnf_workspace/dnf_decompile/source/DNFServer/GameServer/Game/Dispatchers.cpp.o
STRONG_T	T	0xa	0x80b126a	_ZN29Dispatcher_CloseDisjointStore11check_errorEP5CUserR8MSG_BASE	Dispatcher_CloseDisjointStore::check_error(CUser*, MSG_BASE&)	home/wangyilei/dnf_workspace/dnf_decompile/source/DNFServer/GameServer/Game/Dispatchers.cpp.o
STRONG_T	T	0xa	0x80b12f8	_ZN29Dispatcher_CompatibilityIndex11check_errorEP5CUserR8MSG_BASE	Dispatcher_CompatibilityIndex::check_error(CUser*, MSG_BASE&)	home/wangyilei/dnf_workspace/dnf_decompile/source/DNFServer/GameServer/Game/Dispatchers.cpp.o
STRONG_T	T	0xa	0x80b1518	_ZN29Dispatcher_EnterDisjointStore11check_errorEP5CUserR8MSG_BASE	Dispatcher_EnterDisjointStore::check_error(CUser*, MSG_BASE&)	home/wangyilei/dnf_workspace/dnf_decompile/source/DNFServer/GameServer/Game/Dispatchers.cpp.o
STRONG_T	T	0xa	0x80b162e	_ZN29Dispatcher_GuildCargoMoveItem11check_errorEP5CUserR8MSG_BASE	Dispatcher_GuildCargoMoveItem::check_error(CUser*, MSG_BASE&)	home/wangyilei/dnf_workspace/dnf_decompile/source/DNFServer/GameServer/Game/Dispatchers.cpp.o
STRONG_T	T	0xa	0x80b16bc	_ZN29Dispatcher_GuildCargoPushItem11check_errorEP5CUserR8MSG_BASE	Dispatcher_GuildCargoPushItem::check_error(CUser*, MSG_BASE&)	home/wangyilei/dnf_workspace/dnf_decompile/source/DNFServer/GameServer/Game/Dispatchers.cpp.o
STRONG_T	T	0xa	0x80b1970	_ZN29Dispatcher_Request_Seria_Buff11check_errorEP5CUserR8MSG_BASE	Dispatcher_Request_Seria_Buff::check_error(CUser*, MSG_BASE&)	home/wangyilei/dnf_workspace/dnf_decompile/source/DNFServer/GameServer/Game/Dispatchers.cpp.o
STRONG_T	T	0xa	0x80b1c1a	_ZN29Dispatcher_UnsealRandomOption25_check_unseal_scroll_itemEv	Dispatcher_UnsealRandomOption::_check_unseal_scroll_item()	home/wangyilei/dnf_workspace/dnf_decompile/source/DNFServer/GameServer/Game/Dispatchers.cpp.o
STRONG_T	T	0xa	0x80b1cb6	_ZN29Dispatcher_ValidateScriptHash13get_hack_typeEv	Dispatcher_ValidateScriptHash::get_hack_type()	home/wangyilei/dnf_workspace/dnf_decompile/source/DNFServer/GameServer/Game/Dispatchers.cpp.o
STRONG_T	T	0xa	0x80b1f5e	_ZN30Dispatcher_CreateDisjointStore11check_errorEP5CUserR8MSG_BASE	Dispatcher_CreateDisjointStore::check_error(CUser*, MSG_BASE&)	home/wangyilei/dnf_workspace/dnf_decompile/source/DNFServer/GameServer/Game/Dispatchers.cpp.o
STRONG_T	T	0xa	0x80b220c	_ZN30Dispatcher_New_Gmdebug_Command12oldGmRoutineEv	Dispatcher_New_Gmdebug_Command::oldGmRoutine()	home/wangyilei/dnf_workspace/dnf_decompile/source/DNFServer/GameServer/Game/Dispatchers.cpp.o
STRONG_T	T	0xa	0x80b24b6	_ZN30Dispatcher_RequestDisjointItem11check_errorEP5CUserR8MSG_BASE	Dispatcher_RequestDisjointItem::check_error(CUser*, MSG_BASE&)	home/wangyilei/dnf_workspace/dnf_decompile/source/DNFServer/GameServer/Game/Dispatchers.cpp.o
STRONG_T	T	0xa	0x80b2654	_ZN30Dispatcher_SecretShopOpenClose11check_errorEP5CUserR8MSG_BASE	Dispatcher_SecretShopOpenClose::check_error(CUser*, MSG_BASE&)	home/wangyilei/dnf_workspace/dnf_decompile/source/DNFServer/GameServer/Game/Dispatchers.cpp.o
STRONG_T	T	0xa	0x80b2dea	_ZN31Dispatcher_CallGuildCreateRight28send_packet_guildcreaterightEv	Dispatcher_CallGuildCreateRight::send_packet_guildcreateright()	home/wangyilei/dnf_workspace/dnf_decompile/source/DNFServer/GameServer/Game/Dispatchers.cpp.o
STRONG_T	T	0xa	0x80b2f6e	_ZN31Dispatcher_Compound_ExtreamItem12_read_packetEv	Dispatcher_Compound_ExtreamItem::_read_packet()	home/wangyilei/dnf_workspace/dnf_decompile/source/DNFServer/GameServer/Game/Dispatchers.cpp.o
STRONG_T	T	0xa	0x80b3356	_ZN31Dispatcher_PrecheckSoloTeleport11check_errorEP5CUserR8MSG_BASE	Dispatcher_PrecheckSoloTeleport::check_error(CUser*, MSG_BASE&)	home/wangyilei/dnf_workspace/dnf_decompile/source/DNFServer/GameServer/Game/Dispatchers.cpp.o
STRONG_T	T	0xa	0x80b3462	_ZN31Dispatcher_Register_Quick_Party11check_errorEP5CUserR8MSG_BASE	Dispatcher_Register_Quick_Party::check_error(CUser*, MSG_BASE&)	home/wangyilei/dnf_workspace/dnf_decompile/source/DNFServer/GameServer/Game/Dispatchers.cpp.o
STRONG_T	T	0xa	0x80b3a4e	_ZN32Dispatcher_RepairDisjointMachine11check_errorEP5CUserR8MSG_BASE	Dispatcher_RepairDisjointMachine::check_error(CUser*, MSG_BASE&)	home/wangyilei/dnf_workspace/dnf_decompile/source/DNFServer/GameServer/Game/Dispatchers.cpp.o
STRONG_T	T	0xa	0x80b43ea	_ZN33Dispatcher_UpgradeDisjointMachine11check_errorEP5CUserR8MSG_BASE	Dispatcher_UpgradeDisjointMachine::check_error(CUser*, MSG_BASE&)	home/wangyilei/dnf_workspace/dnf_decompile/source/DNFServer/GameServer/Game/Dispatchers.cpp.o
STRONG_T	T	0xa	0x80b4ade	_ZN35Dispatcher_Enchant_3rdChronicleItem11check_stateEv	Dispatcher_Enchant_3rdChronicleItem::check_state()	home/wangyilei/dnf_workspace/dnf_decompile/source/DNFServer/GameServer/Game/Dispatchers.cpp.o
STRONG_T	T	0xa	0x80b4fb8	_ZN35Dispatcher_Select_Item_Grwoth_Power11check_errorEP5CUserR8MSG_BASE	Dispatcher_Select_Item_Grwoth_Power::check_error(CUser*, MSG_BASE&)	home/wangyilei/dnf_workspace/dnf_decompile/source/DNFServer/GameServer/Game/Dispatchers.cpp.o
STRONG_T	T	0xa	0x80b55ca	_ZN37Dispatcher_RequestIngameAdvertisement24sendRewardItemSystemMailEv	Dispatcher_RequestIngameAdvertisement::sendRewardItemSystemMail()	home/wangyilei/dnf_workspace/dnf_decompile/source/DNFServer/GameServer/Game/Dispatchers.cpp.o
STRONG_T	T	0xa	0x80b56cc	_ZN38Dispatcher_Direct_Entrance_Quick_Party11check_errorEP5CUserR8MSG_BASE	Dispatcher_Direct_Entrance_Quick_Party::check_error(CUser*, MSG_BASE&)	home/wangyilei/dnf_workspace/dnf_decompile/source/DNFServer/GameServer/Game/Dispatchers.cpp.o
STRONG_T	T	0x1c	0x8050236	_ZN3nsl10RecvBuffer10AdjustRearEi	nsl::RecvBuffer::AdjustRear(int)	home/wangyilei/dnf_workspace/dnf_decompile/source/DNFServer/GameServer/ServerLab/ServerLib/basic_source/RecvBuffer.cpp.o
STRONG_T	T	0x16b	0x804fba6	_ZN3nsl10RecvBuffer13AvailableSizeEv	nsl::RecvBuffer::AvailableSize()	home/wangyilei/dnf_workspace/dnf_decompile/source/DNFServer/GameServer/ServerLab/ServerLib/basic_source/RecvBuffer.cpp.o
STRONG_T	T	0x1c5	0x805005c	_ZN3nsl10RecvBuffer13ClearUsedMsgsEv	nsl::RecvBuffer::ClearUsedMsgs()	home/wangyilei/dnf_workspace/dnf_decompile/source/DNFServer/GameServer/ServerLab/ServerLib/basic_source/RecvBuffer.cpp.o
STRONG_T	T	0x349	0x804fd12	_ZN3nsl10RecvBuffer5ParseEPNS_7TCPUserE	nsl::RecvBuffer::Parse(nsl::TCPUser*)	home/wangyilei/dnf_workspace/dnf_decompile/source/DNFServer/GameServer/ServerLab/ServerLib/basic_source/RecvBuffer.cpp.o
STRONG_T	T	0x42	0x804fb64	_ZN3nsl10RecvBuffer6IsFullEv	nsl::RecvBuffer::IsFull()	home/wangyilei/dnf_workspace/dnf_decompile/source/DNFServer/GameServer/ServerLab/ServerLib/basic_source/RecvBuffer.cpp.o
STRONG_T	T	0x13	0x8050252	_ZN3nsl10RecvBuffer7GetRearEv	nsl::RecvBuffer::GetRear()	home/wangyilei/dnf_workspace/dnf_decompile/source/DNFServer/GameServer/ServerLab/ServerLib/basic_source/RecvBuffer.cpp.o
STRONG_T	T	0x21	0x804fb42	_ZN3nsl10RecvBuffer7IsEmptyEv	nsl::RecvBuffer::IsEmpty()	home/wangyilei/dnf_workspace/dnf_decompile/source/DNFServer/GameServer/ServerLab/ServerLib/basic_source/RecvBuffer.cpp.o
STRONG_T	T	0x13	0x8050222	_ZN3nsl10RecvBuffer8GetFrontEv	nsl::RecvBuffer::GetFront()	home/wangyilei/dnf_workspace/dnf_decompile/source/DNFServer/GameServer/ServerLab/ServerLib/basic_source/RecvBuffer.cpp.o
STRONG_T	T	0xc7	0x804fa4e	_ZN3nsl10RecvBufferC1Eii	nsl::RecvBuffer::RecvBuffer(int, int)	home/wangyilei/dnf_workspace/dnf_decompile/source/DNFServer/GameServer/ServerLab/ServerLib/basic_source/RecvBuffer.cpp.o
STRONG_T	T	0xc7	0x804fa4e	_ZN3nsl10RecvBufferC2Eii	nsl::RecvBuffer::RecvBuffer(int, int)	home/wangyilei/dnf_workspace/dnf_decompile/source/DNFServer/GameServer/ServerLab/ServerLib/basic_source/RecvBuffer.cpp.o
STRONG_T	T	0xb	0x805aaf0	_ZN3nsl10WorkThread11GetThreadIdEv	nsl::WorkThread::GetThreadId()	home/wangyilei/dnf_workspace/dnf_decompile/source/DNFServer/GameServer/ServerLab/ServerLib/basic_source/WorkThread.cpp.o
STRONG_T	T	0xb8	0x805aa38	_ZN3nsl10WorkThread14PopTransactionEv	nsl::WorkThread::PopTransaction()	home/wangyilei/dnf_workspace/dnf_decompile/source/DNFServer/GameServer/ServerLab/ServerLib/basic_source/WorkThread.cpp.o
STRONG_T	T	0x195	0x805a8a2	_ZN3nsl10WorkThread15PushTransactionEPNS_14IMessageStructE	nsl::WorkThread::PushTransaction(nsl::IMessageStruct*)	home/wangyilei/dnf_workspace/dnf_decompile/source/DNFServer/GameServer/ServerLab/ServerLib/basic_source/WorkThread.cpp.o
STRONG_T	T	0x2d	0x805a856	_ZN3nsl10WorkThread15createOrderPoolEv	nsl::WorkThread::createOrderPool()	home/wangyilei/dnf_workspace/dnf_decompile/source/DNFServer/GameServer/ServerLab/ServerLib/basic_source/WorkThread.cpp.o
STRONG_T	T	0x1d	0x805a884	_ZN3nsl10WorkThread16destroyOrderPoolEPNS_7MessageE	nsl::WorkThread::destroyOrderPool(nsl::Message*)	home/wangyilei/dnf_workspace/dnf_decompile/source/DNFServer/GameServer/ServerLab/ServerLib/basic_source/WorkThread.cpp.o
STRONG_T	T	0xe	0x805aafc	_ZN3nsl10WorkThread18GetQueueSizeNoLockEv	nsl::WorkThread::GetQueueSizeNoLock()	home/wangyilei/dnf_workspace/dnf_decompile/source/DNFServer/GameServer/ServerLab/ServerLib/basic_source/WorkThread.cpp.o
STRONG_T	T	0xe	0x805ab0a	_ZN3nsl10WorkThread23GetTransactionCntPerSecEv	nsl::WorkThread::GetTransactionCntPerSec()	home/wangyilei/dnf_workspace/dnf_decompile/source/DNFServer/GameServer/ServerLab/ServerLib/basic_source/WorkThread.cpp.o
STRONG_T	T	0x12	0x805ab18	_ZN3nsl10WorkThread24InitTransactionCntPerSecEv	nsl::WorkThread::InitTransactionCntPerSec()	home/wangyilei/dnf_workspace/dnf_decompile/source/DNFServer/GameServer/ServerLab/ServerLib/basic_source/WorkThread.cpp.o
STRONG_T	T	0x4fc	0x805ab2a	_ZN3nsl10WorkThread4loopEPv	nsl::WorkThread::loop(void*)	home/wangyilei/dnf_workspace/dnf_decompile/source/DNFServer/GameServer/ServerLab/ServerLib/basic_source/WorkThread.cpp.o
STRONG_T	T	0xe	0x805a848	_ZN3nsl10WorkThread7SetAreaEPNS_5IAreaE	nsl::WorkThread::SetArea(nsl::IArea*)	home/wangyilei/dnf_workspace/dnf_decompile/source/DNFServer/GameServer/ServerLab/ServerLib/basic_source/WorkThread.cpp.o
STRONG_T	T	0x132	0x805a696	_ZN3nsl10WorkThreadC1Ei	nsl::WorkThread::WorkThread(int)	home/wangyilei/dnf_workspace/dnf_decompile/source/DNFServer/GameServer/ServerLab/ServerLib/basic_source/WorkThread.cpp.o
STRONG_T	T	0x132	0x805a696	_ZN3nsl10WorkThreadC2Ei	nsl::WorkThread::WorkThread(int)	home/wangyilei/dnf_workspace/dnf_decompile/source/DNFServer/GameServer/ServerLab/ServerLib/basic_source/WorkThread.cpp.o
STRONG_T	T	0xcd	0x804ece1	_ZN3nsl10delete_pidEv	nsl::delete_pid()	home/wangyilei/dnf_workspace/dnf_decompile/source/DNFServer/GameServer/ServerLab/ServerLib/basic_source/LinuxService.cpp.o
STRONG_T	T	0xcb	0x8062a18	_ZN3nsl11GetErrorStrEi	nsl::GetErrorStr(int)	home/wangyilei/dnf_workspace/dnf_decompile/source/DNFServer/GameServer/ServerLab/ServerLib/common_source/ServiceError.cpp.o
STRONG_T	T	0x46	0x8056f16	_ZN3nsl11LinuxSystem5sleepEi	nsl::LinuxSystem::sleep(int)	home/wangyilei/dnf_workspace/dnf_decompile/source/DNFServer/GameServer/ServerLab/ServerLib/basic_source/System.cpp.o
STRONG_T	T	0x40	0x8056f5c	_ZN3nsl11LinuxSystem6usleepEi	nsl::LinuxSystem::usleep(int)	home/wangyilei/dnf_workspace/dnf_decompile/source/DNFServer/GameServer/ServerLab/ServerLib/basic_source/System.cpp.o
STRONG_T	T	0x8a	0x806224e	_ZN3nsl11NSLDBThread14PopTransactionEv	nsl::NSLDBThread::PopTransaction()	home/wangyilei/dnf_workspace/dnf_decompile/source/DNFServer/GameServer/ServerLab/ServerLib/common_source/NSLDBThread.cpp.o
STRONG_T	T	0x58	0x80621f6	_ZN3nsl11NSLDBThread15PushTransactionEPNS_7MessageE	nsl::NSLDBThread::PushTransaction(nsl::Message*)	home/wangyilei/dnf_workspace/dnf_decompile/source/DNFServer/GameServer/ServerLab/ServerLib/common_source/NSLDBThread.cpp.o
STRONG_T	T	0xa7	0x80622d8	_ZN3nsl11NSLDBThread4loopEPv	nsl::NSLDBThread::loop(void*)	home/wangyilei/dnf_workspace/dnf_decompile/source/DNFServer/GameServer/ServerLab/ServerLib/common_source/NSLDBThread.cpp.o
STRONG_T	T	0x18e	0x804e2e2	_ZN3nsl11ServiceInfo14setPIDFileNameEPKc	nsl::ServiceInfo::setPIDFileName(char const*)	home/wangyilei/dnf_workspace/dnf_decompile/source/DNFServer/GameServer/ServerLab/ServerLib/basic_source/LinuxService.cpp.o
STRONG_T	T	0xff	0x804e470	_ZN3nsl11ServiceInfo7setInfoEPKcS2_S2_S2_	nsl::ServiceInfo::setInfo(char const*, char const*, char const*, char const*)	home/wangyilei/dnf_workspace/dnf_decompile/source/DNFServer/GameServer/ServerLab/ServerLib/basic_source/LinuxService.cpp.o
STRONG_T	T	0xab	0x806fd90	_ZN3nsl11TimeManager18delete2PeriodQueueEPNS_11ITimeEntityE	nsl::TimeManager::delete2PeriodQueue(nsl::ITimeEntity*)	home/wangyilei/dnf_workspace/dnf_decompile/source/DNFServer/GameServer/ServerLab/ServerLib/common_source/TimeManager.cpp.o
STRONG_T	T	0xd0	0x806fcc0	_ZN3nsl11TimeManager18insert2PeriodQueueEPNS_11ITimeEntityE	nsl::TimeManager::insert2PeriodQueue(nsl::ITimeEntity*)	home/wangyilei/dnf_workspace/dnf_decompile/source/DNFServer/GameServer/ServerLab/ServerLib/common_source/TimeManager.cpp.o
STRONG_T	T	0x14d	0x806fe3c	_ZN3nsl11TimeManager6onTimeEv	nsl::TimeManager::onTime()	home/wangyilei/dnf_workspace/dnf_decompile/source/DNFServer/GameServer/ServerLab/ServerLib/common_source/TimeManager.cpp.o
STRONG_T	T	0xcb	0x807135a	_ZN3nsl11TimerThread15PopTimeReqEventEv	nsl::TimerThread::PopTimeReqEvent()	home/wangyilei/dnf_workspace/dnf_decompile/source/DNFServer/GameServer/ServerLab/ServerLib/common_source/TimerThread.cpp.o
STRONG_T	T	0x65	0x80712f4	_ZN3nsl11TimerThread16PushTimeReqEventEPNS_11ITimeEntityE	nsl::TimerThread::PushTimeReqEvent(nsl::ITimeEntity*)	home/wangyilei/dnf_workspace/dnf_decompile/source/DNFServer/GameServer/ServerLab/ServerLib/common_source/TimerThread.cpp.o
STRONG_T	T	0x11c	0x8071426	_ZN3nsl11TimerThread4loopEPv	nsl::TimerThread::loop(void*)	home/wangyilei/dnf_workspace/dnf_decompile/source/DNFServer/GameServer/ServerLab/ServerLib/common_source/TimerThread.cpp.o
STRONG_T	T	0x77	0x8056f9c	_ZN3nsl11get_ms_tickEv	nsl::get_ms_tick()	home/wangyilei/dnf_workspace/dnf_decompile/source/DNFServer/GameServer/ServerLab/ServerLib/basic_source/System.cpp.o
STRONG_T	T	0x5e	0x806a582	_ZN3nsl12ConInterface7setInfoEiPKciNS_7TCPUser14ENUM_DATA_TYPEES4_b	nsl::ConInterface::setInfo(int, char const*, int, nsl::TCPUser::ENUM_DATA_TYPE, nsl::TCPUser::ENUM_DATA_TYPE, bool)	home/wangyilei/dnf_workspace/dnf_decompile/source/DNFServer/GameServer/ServerLab/ServerLib/common_source/TActiveConnect.cpp.o
STRONG_T	T	0x2fe	0x805f978	_ZN3nsl12DBConnection10exec_queryEv	nsl::DBConnection::exec_query()	home/wangyilei/dnf_workspace/dnf_decompile/source/DNFServer/GameServer/ServerLab/ServerLib/common_source/DBConnection.cpp.o
STRONG_T	T	0xb0	0x805f8b2	_ZN3nsl12DBConnection11blob_to_strEiPvi	nsl::DBConnection::blob_to_str(int, void*, int)	home/wangyilei/dnf_workspace/dnf_decompile/source/DNFServer/GameServer/ServerLab/ServerLib/common_source/DBConnection.cpp.o
STRONG_T	T	0x32	0x805f880	_ZN3nsl12DBConnection13escape_stringEPcPKc	nsl::DBConnection::escape_string(char*, char const*)	home/wangyilei/dnf_workspace/dnf_decompile/source/DNFServer/GameServer/ServerLab/ServerLib/common_source/DBConnection.cpp.o
STRONG_T	T	0x78	0x805f276	_ZN3nsl12DBConnection14init_db_handleEv	nsl::DBConnection::init_db_handle()	home/wangyilei/dnf_workspace/dnf_decompile/source/DNFServer/GameServer/ServerLab/ServerLib/common_source/DBConnection.cpp.o
STRONG_T	T	0x34	0x805f6cc	_ZN3nsl12DBConnection16clear_result_setEv	nsl::DBConnection::clear_result_set()	home/wangyilei/dnf_workspace/dnf_decompile/source/DNFServer/GameServer/ServerLab/ServerLib/common_source/DBConnection.cpp.o
STRONG_T	T	0x15	0x805f962	_ZN3nsl12DBConnection19getAffectedRowCountEv	nsl::DBConnection::getAffectedRowCount()	home/wangyilei/dnf_workspace/dnf_decompile/source/DNFServer/GameServer/ServerLab/ServerLib/common_source/DBConnection.cpp.o
STRONG_T	T	0x57	0x805f76e	_ZN3nsl12DBConnection19set_compress_optionEv	nsl::DBConnection::set_compress_option()	home/wangyilei/dnf_workspace/dnf_decompile/source/DNFServer/GameServer/ServerLab/ServerLib/common_source/DBConnection.cpp.o
STRONG_T	T	0xa	0x805f876	_ZN3nsl12DBConnection20set_reconnect_optionEv	nsl::DBConnection::set_reconnect_option()	home/wangyilei/dnf_workspace/dnf_decompile/source/DNFServer/GameServer/ServerLab/ServerLib/common_source/DBConnection.cpp.o
STRONG_T	T	0x57	0x805f81e	_ZN3nsl12DBConnection23set_charset_name_optionEv	nsl::DBConnection::set_charset_name_option()	home/wangyilei/dnf_workspace/dnf_decompile/source/DNFServer/GameServer/ServerLab/ServerLib/common_source/DBConnection.cpp.o
STRONG_T	T	0x57	0x805f7c6	_ZN3nsl12DBConnection27set_read_default_grp_optionEv	nsl::DBConnection::set_read_default_grp_option()	home/wangyilei/dnf_workspace/dnf_decompile/source/DNFServer/GameServer/ServerLab/ServerLib/common_source/DBConnection.cpp.o
STRONG_T	T	0xfd	0x805f5ce	_ZN3nsl12DBConnection4execEb	nsl::DBConnection::exec(bool)	home/wangyilei/dnf_workspace/dnf_decompile/source/DNFServer/GameServer/ServerLab/ServerLib/common_source/DBConnection.cpp.o
STRONG_T	T	0xc3	0x805f2ee	_ZN3nsl12DBConnection4initEv	nsl::DBConnection::init()	home/wangyilei/dnf_workspace/dnf_decompile/source/DNFServer/GameServer/ServerLab/ServerLib/common_source/DBConnection.cpp.o
STRONG_T	T	0x197	0x805f3da	_ZN3nsl12DBConnection4openEPcS1_S1_S1_j	nsl::DBConnection::open(char*, char*, char*, char*, unsigned int)	home/wangyilei/dnf_workspace/dnf_decompile/source/DNFServer/GameServer/ServerLab/ServerLib/common_source/DBConnection.cpp.o
STRONG_T	T	0x15	0x805f758	_ZN3nsl12DBConnection4pingEv	nsl::DBConnection::ping()	home/wangyilei/dnf_workspace/dnf_decompile/source/DNFServer/GameServer/ServerLab/ServerLib/common_source/DBConnection.cpp.o
STRONG_T	T	0x27	0x805f3b2	_ZN3nsl12DBConnection5closeEv	nsl::DBConnection::close()	home/wangyilei/dnf_workspace/dnf_decompile/source/DNFServer/GameServer/ServerLab/ServerLib/common_source/DBConnection.cpp.o
STRONG_T	T	0x57	0x805f700	_ZN3nsl12DBConnection5fetchEv	nsl::DBConnection::fetch()	home/wangyilei/dnf_workspace/dnf_decompile/source/DNFServer/GameServer/ServerLab/ServerLib/common_source/DBConnection.cpp.o
STRONG_T	T	0x5c	0x805f572	_ZN3nsl12DBConnection9set_queryEPKcz	nsl::DBConnection::set_query(char const*, ...)	home/wangyilei/dnf_workspace/dnf_decompile/source/DNFServer/GameServer/ServerLab/ServerLib/common_source/DBConnection.cpp.o
STRONG_T	T	0x1ec	0x805fd16	_ZN3nsl12DBDispatcher8dispatchEPNS_7MessageE	nsl::DBDispatcher::dispatch(nsl::Message*)	home/wangyilei/dnf_workspace/dnf_decompile/source/DNFServer/GameServer/ServerLab/ServerLib/common_source/DBDispatcher.cpp.o
STRONG_T	T	0x5	0x804df10	_ZN3nsl12LinuxService10setRunningEv	nsl::LinuxService::setRunning()	home/wangyilei/dnf_workspace/dnf_decompile/source/DNFServer/GameServer/ServerLab/ServerLib/basic_source/LinuxService.cpp.o
STRONG_T	T	0x5	0x804def0	_ZN3nsl12LinuxService10setStoppedEv	nsl::LinuxService::setStopped()	home/wangyilei/dnf_workspace/dnf_decompile/source/DNFServer/GameServer/ServerLab/ServerLib/basic_source/LinuxService.cpp.o
STRONG_T	T	0xf	0x804ded4	_ZN3nsl12LinuxService11controlStopEv	nsl::LinuxService::controlStop()	home/wangyilei/dnf_workspace/dnf_decompile/source/DNFServer/GameServer/ServerLab/ServerLib/basic_source/LinuxService.cpp.o
STRONG_T	T	0x1a	0x804def6	_ZN3nsl12LinuxService11stopPendingEv	nsl::LinuxService::stopPending()	home/wangyilei/dnf_workspace/dnf_decompile/source/DNFServer/GameServer/ServerLab/ServerLib/basic_source/LinuxService.cpp.o
STRONG_T	T	0xc1	0x804dbb0	_ZN3nsl12LinuxService12checkPIDFileEv	nsl::LinuxService::checkPIDFile()	home/wangyilei/dnf_workspace/dnf_decompile/source/DNFServer/GameServer/ServerLab/ServerLib/basic_source/LinuxService.cpp.o
STRONG_T	T	0x5	0x804dee4	_ZN3nsl12LinuxService12controlPauseEv	nsl::LinuxService::controlPause()	home/wangyilei/dnf_workspace/dnf_decompile/source/DNFServer/GameServer/ServerLab/ServerLib/basic_source/LinuxService.cpp.o
STRONG_T	T	0x12	0x804dc72	_ZN3nsl12LinuxService12prepareStartEv	nsl::LinuxService::prepareStart()	home/wangyilei/dnf_workspace/dnf_decompile/source/DNFServer/GameServer/ServerLab/ServerLib/basic_source/LinuxService.cpp.o
STRONG_T	T	0x22	0x804deb2	_ZN3nsl12LinuxService15SendInfoMessageENS0_13ENUM_INFOTYPEE	nsl::LinuxService::SendInfoMessage(nsl::LinuxService::ENUM_INFOTYPE)	home/wangyilei/dnf_workspace/dnf_decompile/source/DNFServer/GameServer/ServerLab/ServerLib/basic_source/LinuxService.cpp.o
STRONG_T	T	0x76	0x804db3a	_ZN3nsl12LinuxService15checkConfigFileEv	nsl::LinuxService::checkConfigFile()	home/wangyilei/dnf_workspace/dnf_decompile/source/DNFServer/GameServer/ServerLab/ServerLib/basic_source/LinuxService.cpp.o
STRONG_T	T	0x5	0x804deea	_ZN3nsl12LinuxService15controlContinueEv	nsl::LinuxService::controlContinue()	home/wangyilei/dnf_workspace/dnf_decompile/source/DNFServer/GameServer/ServerLab/ServerLib/basic_source/LinuxService.cpp.o
STRONG_T	T	0x5	0x804df16	_ZN3nsl12LinuxService15setServiceStateEm	nsl::LinuxService::setServiceState(unsigned long)	home/wangyilei/dnf_workspace/dnf_decompile/source/DNFServer/GameServer/ServerLab/ServerLib/basic_source/LinuxService.cpp.o
STRONG_T	T	0x3c6	0x804df1c	_ZN3nsl12LinuxService18processCommandLineEiPPcS1_b	nsl::LinuxService::processCommandLine(int, char**, char*, bool)	home/wangyilei/dnf_workspace/dnf_decompile/source/DNFServer/GameServer/ServerLab/ServerLib/basic_source/LinuxService.cpp.o
STRONG_T	T	0x5	0x804deac	_ZN3nsl12LinuxService20sendBroadCastMessageEPKc	nsl::LinuxService::sendBroadCastMessage(char const*)	home/wangyilei/dnf_workspace/dnf_decompile/source/DNFServer/GameServer/ServerLab/ServerLib/basic_source/LinuxService.cpp.o
STRONG_T	T	0x147	0x804dd64	_ZN3nsl12LinuxService4mainEPc	nsl::LinuxService::main(char*)	home/wangyilei/dnf_workspace/dnf_decompile/source/DNFServer/GameServer/ServerLab/ServerLib/basic_source/LinuxService.cpp.o
STRONG_T	T	0xd3	0x804dc90	_ZN3nsl12LinuxService5startEv	nsl::LinuxService::start()	home/wangyilei/dnf_workspace/dnf_decompile/source/DNFServer/GameServer/ServerLab/ServerLib/basic_source/LinuxService.cpp.o
STRONG_T	T	0x5	0x804dc8a	_ZN3nsl12LinuxService6removeEv	nsl::LinuxService::remove()	home/wangyilei/dnf_workspace/dnf_decompile/source/DNFServer/GameServer/ServerLab/ServerLib/basic_source/LinuxService.cpp.o
STRONG_T	T	0x5	0x804dc84	_ZN3nsl12LinuxService7installEv	nsl::LinuxService::install()	home/wangyilei/dnf_workspace/dnf_decompile/source/DNFServer/GameServer/ServerLab/ServerLib/basic_source/LinuxService.cpp.o
STRONG_T	T	0xdc	0x8061b9e	_ZN3nsl13LogSendThread10SendLogMsgEPci	nsl::LogSendThread::SendLogMsg(char*, int)	home/wangyilei/dnf_workspace/dnf_decompile/source/DNFServer/GameServer/ServerLab/ServerLib/common_source/LogSendThread.cpp.o
STRONG_T	T	0x2a	0x8061b74	_ZN3nsl13LogSendThread14CheckLogServerEv	nsl::LogSendThread::CheckLogServer()	home/wangyilei/dnf_workspace/dnf_decompile/source/DNFServer/GameServer/ServerLab/ServerLib/common_source/LogSendThread.cpp.o
STRONG_T	T	0xb	0x8061c7a	_ZN3nsl13LogSendThread14GetLogServerIpEv	nsl::LogSendThread::GetLogServerIp()	home/wangyilei/dnf_workspace/dnf_decompile/source/DNFServer/GameServer/ServerLab/ServerLib/common_source/LogSendThread.cpp.o
STRONG_T	T	0xb	0x8061c86	_ZN3nsl13LogSendThread16GetLogServerPortEv	nsl::LogSendThread::GetLogServerPort()	home/wangyilei/dnf_workspace/dnf_decompile/source/DNFServer/GameServer/ServerLab/ServerLib/common_source/LogSendThread.cpp.o
STRONG_T	T	0x1ac	0x80619c8	_ZN3nsl13LogSendThread4loopEPv	nsl::LogSendThread::loop(void*)	home/wangyilei/dnf_workspace/dnf_decompile/source/DNFServer/GameServer/ServerLab/ServerLib/common_source/LogSendThread.cpp.o
STRONG_T	T	0xd	0x806cf26	_ZN3nsl13TCPDispatcher14SetMaxCategoryEi	nsl::TCPDispatcher::SetMaxCategory(int)	home/wangyilei/dnf_workspace/dnf_decompile/source/DNFServer/GameServer/ServerLab/ServerLib/common_source/TCPDispatcher.cpp.o
STRONG_T	T	0xe	0x806cf34	_ZN3nsl13TCPDispatcher21SetNullSessionHandlerEPNS_18NullSessionHandlerE	nsl::TCPDispatcher::SetNullSessionHandler(nsl::NullSessionHandler*)	home/wangyilei/dnf_workspace/dnf_decompile/source/DNFServer/GameServer/ServerLab/ServerLib/common_source/TCPDispatcher.cpp.o
STRONG_T	T	0x250	0x806cf42	_ZN3nsl13TCPDispatcher8dispatchEPNS_7TCPUserEPNS_7MessageE	nsl::TCPDispatcher::dispatch(nsl::TCPUser*, nsl::Message*)	home/wangyilei/dnf_workspace/dnf_decompile/source/DNFServer/GameServer/ServerLab/ServerLib/common_source/TCPDispatcher.cpp.o
STRONG_T	T	0xf0	0x806d560	_ZN3nsl13TCPSendThread10PopSendMsgEv	nsl::TCPSendThread::PopSendMsg()	home/wangyilei/dnf_workspace/dnf_decompile/source/DNFServer/GameServer/ServerLab/ServerLib/common_source/TCPSendThread.cpp.o
STRONG_T	T	0x1d6	0x806d38a	_ZN3nsl13TCPSendThread11PushSendMsgEPNS_7MessageE	nsl::TCPSendThread::PushSendMsg(nsl::Message*)	home/wangyilei/dnf_workspace/dnf_decompile/source/DNFServer/GameServer/ServerLab/ServerLib/common_source/TCPSendThread.cpp.o
STRONG_T	T	0x88	0x806d650	_ZN3nsl13TCPSendThread16SendDataPoolFreeEPNS_7MessageEPNS_7TCPUserE	nsl::TCPSendThread::SendDataPoolFree(nsl::Message*, nsl::TCPUser*)	home/wangyilei/dnf_workspace/dnf_decompile/source/DNFServer/GameServer/ServerLab/ServerLib/common_source/TCPSendThread.cpp.o
STRONG_T	T	0x2fa	0x806d6d8	_ZN3nsl13TCPSendThread4loopEPv	nsl::TCPSendThread::loop(void*)	home/wangyilei/dnf_workspace/dnf_decompile/source/DNFServer/GameServer/ServerLab/ServerLib/common_source/TCPSendThread.cpp.o
STRONG_T	T	0x12c	0x805d1c0	_ZN3nsl14ActiveNetClose13onActvieCloseERjRPNS_7TCPUserE	nsl::ActiveNetClose::onActvieClose(unsigned int&, nsl::TCPUser*&)	home/wangyilei/dnf_workspace/dnf_decompile/source/DNFServer/GameServer/ServerLab/ServerLib/common_source/ActiveNetClose.cpp.o
STRONG_T	T	0xb2	0x805d10e	_ZN3nsl14ActiveNetClose15pushActiveCloseEPNS_7TCPUserE	nsl::ActiveNetClose::pushActiveClose(nsl::TCPUser*)	home/wangyilei/dnf_workspace/dnf_decompile/source/DNFServer/GameServer/ServerLab/ServerLib/common_source/ActiveNetClose.cpp.o
STRONG_T	T	0xb8	0x805ebaa	_ZN3nsl14CommonDataPool13createMessageEi	nsl::CommonDataPool::createMessage(int)	home/wangyilei/dnf_workspace/dnf_decompile/source/DNFServer/GameServer/ServerLab/ServerLib/common_source/CommonDataPool.cpp.o
STRONG_T	T	0x7e	0x805ec62	_ZN3nsl14CommonDataPool14destroyMessageEPNS_7MessageE	nsl::CommonDataPool::destroyMessage(nsl::Message*)	home/wangyilei/dnf_workspace/dnf_decompile/source/DNFServer/GameServer/ServerLab/ServerLib/common_source/CommonDataPool.cpp.o
STRONG_T	T	0x14a	0x805e9c6	_ZN3nsl14CommonDataPool14getSendMessageEPNS_7TCPUserE	nsl::CommonDataPool::getSendMessage(nsl::TCPUser*)	home/wangyilei/dnf_workspace/dnf_decompile/source/DNFServer/GameServer/ServerLab/ServerLib/common_source/CommonDataPool.cpp.o
STRONG_T	T	0x9a	0x805eb10	_ZN3nsl14CommonDataPool18destroySendMessageEPNS_7MessageE	nsl::CommonDataPool::destroySendMessage(nsl::Message*)	home/wangyilei/dnf_workspace/dnf_decompile/source/DNFServer/GameServer/ServerLab/ServerLib/common_source/CommonDataPool.cpp.o
STRONG_T	T	0x1c	0x8066356	_ZN3nsl14ServiceFactory7setTickEv	nsl::ServiceFactory::setTick()	home/wangyilei/dnf_workspace/dnf_decompile/source/DNFServer/GameServer/ServerLab/ServerLib/common_source/ServiceFactory.cpp.o
STRONG_T	T	0x780	0x8066386	_ZN3nsl14ServiceFactory7startupEv	nsl::ServiceFactory::startup()	home/wangyilei/dnf_workspace/dnf_decompile/source/DNFServer/GameServer/ServerLab/ServerLib/common_source/ServiceFactory.cpp.o
STRONG_T	T	0x92	0x8066b06	_ZN3nsl14ServiceFactory8shutdownEv	nsl::ServiceFactory::shutdown()	home/wangyilei/dnf_workspace/dnf_decompile/source/DNFServer/GameServer/ServerLab/ServerLib/common_source/ServiceFactory.cpp.o
STRONG_T	T	0x2c4	0x8066018	_ZN3nsl14ServiceFactoryC1EPcS1_	nsl::ServiceFactory::ServiceFactory(char*, char*)	home/wangyilei/dnf_workspace/dnf_decompile/source/DNFServer/GameServer/ServerLab/ServerLib/common_source/ServiceFactory.cpp.o
STRONG_T	T	0x2c4	0x8066018	_ZN3nsl14ServiceFactoryC2EPcS1_	nsl::ServiceFactory::ServiceFactory(char*, char*)	home/wangyilei/dnf_workspace/dnf_decompile/source/DNFServer/GameServer/ServerLab/ServerLib/common_source/ServiceFactory.cpp.o
STRONG_T	T	0x19b	0x8061616	_ZN3nsl15InterDispatcher8dispatchEPNS_7MessageE	nsl::InterDispatcher::dispatch(nsl::Message*)	home/wangyilei/dnf_workspace/dnf_decompile/source/DNFServer/GameServer/ServerLab/ServerLib/common_source/InterDispatcher.cpp.o
STRONG_T	T	0x22a	0x806a64a	_ZN3nsl16ActiveConManager14RequestConnectEPNS_12ConInterfaceE	nsl::ActiveConManager::RequestConnect(nsl::ConInterface*)	home/wangyilei/dnf_workspace/dnf_decompile/source/DNFServer/GameServer/ServerLab/ServerLib/common_source/TActiveConnect.cpp.o
STRONG_T	T	0x437	0x806a874	_ZN3nsl16ActiveConManager17PopRequestConnectERPNS_7TCPUserE	nsl::ActiveConManager::PopRequestConnect(nsl::TCPUser*&)	home/wangyilei/dnf_workspace/dnf_decompile/source/DNFServer/GameServer/ServerLab/ServerLib/common_source/TActiveConnect.cpp.o
STRONG_T	T	0x69	0x806a5e0	_ZN3nsl16ActiveConManager18CheckTheConnectionEPNS_12ConInterfaceE	nsl::ActiveConManager::CheckTheConnection(nsl::ConInterface*)	home/wangyilei/dnf_workspace/dnf_decompile/source/DNFServer/GameServer/ServerLab/ServerLib/common_source/TActiveConnect.cpp.o
STRONG_T	T	0xd	0x805d2ec	_ZN3nsl16G_ActiveNetCloseEv	nsl::G_ActiveNetClose()	home/wangyilei/dnf_workspace/dnf_decompile/source/DNFServer/GameServer/ServerLab/ServerLib/common_source/ActiveNetClose.cpp.o
STRONG_T	T	0x3e	0x804e8e1	_ZN3nsl17Neof_dumpCoreFileEv	nsl::Neof_dumpCoreFile()	home/wangyilei/dnf_workspace/dnf_decompile/source/DNFServer/GameServer/ServerLab/ServerLib/basic_source/LinuxService.cpp.o
STRONG_T	T	0x3b	0x804e91f	_ZN3nsl17Neof_setCoreLimitEv	nsl::Neof_setCoreLimit()	home/wangyilei/dnf_workspace/dnf_decompile/source/DNFServer/GameServer/ServerLab/ServerLib/basic_source/LinuxService.cpp.o
STRONG_T	T	0x5	0x8056f0a	_ZN3nsl17SocketSystemLinux7startupEv	nsl::SocketSystemLinux::startup()	home/wangyilei/dnf_workspace/dnf_decompile/source/DNFServer/GameServer/ServerLab/ServerLib/basic_source/SocketSystem.cpp.o
STRONG_T	T	0x5	0x8056f10	_ZN3nsl17SocketSystemLinux8shutdownEv	nsl::SocketSystemLinux::shutdown()	home/wangyilei/dnf_workspace/dnf_decompile/source/DNFServer/GameServer/ServerLab/ServerLib/basic_source/SocketSystem.cpp.o
STRONG_T	T	0x81	0x804e5fe	_ZN3nsl18Neof_SignalHandlerEi	nsl::Neof_SignalHandler(int)	home/wangyilei/dnf_workspace/dnf_decompile/source/DNFServer/GameServer/ServerLab/ServerLib/basic_source/LinuxService.cpp.o
STRONG_T	T	0x343	0x80626d5	_ZN3nsl19InitServiceErrorStrEv	nsl::InitServiceErrorStr()	home/wangyilei/dnf_workspace/dnf_decompile/source/DNFServer/GameServer/ServerLab/ServerLib/common_source/ServiceError.cpp.o
STRONG_T	T	0x1a0	0x804eb41	_ZN3nsl22Neof_sendSuspendSignalEv	nsl::Neof_sendSuspendSignal()	home/wangyilei/dnf_workspace/dnf_decompile/source/DNFServer/GameServer/ServerLab/ServerLib/basic_source/LinuxService.cpp.o
STRONG_T	T	0x1e7	0x804e95a	_ZN3nsl24Neof_sendTerminateSignalEPc	nsl::Neof_sendTerminateSignal(char*)	home/wangyilei/dnf_workspace/dnf_decompile/source/DNFServer/GameServer/ServerLab/ServerLib/basic_source/LinuxService.cpp.o
STRONG_T	T	0x8f	0x804e56f	_ZN3nsl26Neof_registerSignalHandlerEiPFviE	nsl::Neof_registerSignalHandler(int, void (*)(int))	home/wangyilei/dnf_workspace/dnf_decompile/source/DNFServer/GameServer/ServerLab/ServerLib/basic_source/LinuxService.cpp.o
STRONG_T	T	0x262	0x804e67f	_ZN3nsl27Neof_registerSignalHandlersEv	nsl::Neof_registerSignalHandlers()	home/wangyilei/dnf_workspace/dnf_decompile/source/DNFServer/GameServer/ServerLab/ServerLib/basic_source/LinuxService.cpp.o
STRONG_T	T	0x7b	0x806036c	_ZN3nsl5IArea11getMemberAtEj	nsl::IArea::getMemberAt(unsigned int)	home/wangyilei/dnf_workspace/dnf_decompile/source/DNFServer/GameServer/ServerLab/ServerLib/common_source/IArea.cpp.o
STRONG_T	T	0x42	0x8060314	_ZN3nsl5IArea12getBeginIterEv	nsl::IArea::getBeginIter()	home/wangyilei/dnf_workspace/dnf_decompile/source/DNFServer/GameServer/ServerLab/ServerLib/common_source/IArea.cpp.o
STRONG_T	T	0x16	0x806017c	_ZN3nsl5IArea12getMemberNumEv	nsl::IArea::getMemberNum()	home/wangyilei/dnf_workspace/dnf_decompile/source/DNFServer/GameServer/ServerLab/ServerLib/common_source/IArea.cpp.o
STRONG_T	T	0x86	0x80603e8	_ZN3nsl5IArea14getMemberFirstEv	nsl::IArea::getMemberFirst()	home/wangyilei/dnf_workspace/dnf_decompile/source/DNFServer/GameServer/ServerLab/ServerLib/common_source/IArea.cpp.o
STRONG_T	T	0x6c	0x8060266	_ZN3nsl5IArea19notifyAllAreaMemberEv	nsl::IArea::notifyAllAreaMember()	home/wangyilei/dnf_workspace/dnf_decompile/source/DNFServer/GameServer/ServerLab/ServerLib/common_source/IArea.cpp.o
STRONG_T	T	0xb5	0x8060192	_ZN3nsl5IArea6registEjPNS_8ISessionE	nsl::IArea::regist(unsigned int, nsl::ISession*)	home/wangyilei/dnf_workspace/dnf_decompile/source/DNFServer/GameServer/ServerLab/ServerLib/common_source/IArea.cpp.o
STRONG_T	T	0x1d	0x8060248	_ZN3nsl5IArea8unregistEj	nsl::IArea::unregist(unsigned int)	home/wangyilei/dnf_workspace/dnf_decompile/source/DNFServer/GameServer/ServerLab/ServerLib/common_source/IArea.cpp.o
STRONG_T	T	0x36	0x80600f4	_ZN3nsl5IAreaC1Ei	nsl::IArea::IArea(int)	home/wangyilei/dnf_workspace/dnf_decompile/source/DNFServer/GameServer/ServerLab/ServerLib/common_source/IArea.cpp.o
STRONG_T	T	0x36	0x80600f4	_ZN3nsl5IAreaC2Ei	nsl::IArea::IArea(int)	home/wangyilei/dnf_workspace/dnf_decompile/source/DNFServer/GameServer/ServerLab/ServerLib/common_source/IArea.cpp.o
STRONG_T	T	0x6a	0x8059174	_ZN3nsl5Token10free_tokenEi	nsl::Token::free_token(int)	home/wangyilei/dnf_workspace/dnf_decompile/source/DNFServer/GameServer/ServerLab/ServerLib/basic_source/Token.cpp.o
STRONG_T	T	0x48	0x805912c	_ZN3nsl5Token11get_contextEi	nsl::Token::get_context(int)	home/wangyilei/dnf_workspace/dnf_decompile/source/DNFServer/GameServer/ServerLab/ServerLib/basic_source/Token.cpp.o
STRONG_T	T	0xa	0x80591de	_ZN3nsl5Token11get_n_tokenEv	nsl::Token::get_n_token()	home/wangyilei/dnf_workspace/dnf_decompile/source/DNFServer/GameServer/ServerLab/ServerLib/basic_source/Token.cpp.o
STRONG_T	T	0x1a3	0x8058f88	_ZN3nsl5Token9get_tokenEPci	nsl::Token::get_token(char*, int)	home/wangyilei/dnf_workspace/dnf_decompile/source/DNFServer/GameServer/ServerLab/ServerLib/basic_source/Token.cpp.o
STRONG_T	T	0x355	0x8053970	_ZN3nsl6Script11get_key_valEPc	nsl::Script::get_key_val(char*)	home/wangyilei/dnf_workspace/dnf_decompile/source/DNFServer/GameServer/ServerLab/ServerLib/basic_source/Script.cpp.o
STRONG_T	T	0xb5	0x8053cc6	_ZN3nsl6Script12get_sectionsEv	nsl::Script::get_sections()	home/wangyilei/dnf_workspace/dnf_decompile/source/DNFServer/GameServer/ServerLab/ServerLib/basic_source/Script.cpp.o
STRONG_T	T	0x9d	0x80538d2	_ZN3nsl6Script14remove_commentEPc	nsl::Script::remove_comment(char*)	home/wangyilei/dnf_workspace/dnf_decompile/source/DNFServer/GameServer/ServerLab/ServerLib/basic_source/Script.cpp.o
STRONG_T	T	0x109	0x80536c6	_ZN3nsl6Script4loadEPc	nsl::Script::load(char*)	home/wangyilei/dnf_workspace/dnf_decompile/source/DNFServer/GameServer/ServerLab/ServerLib/basic_source/Script.cpp.o
STRONG_T	T	0x38	0x8053d7c	_ZN3nsl6Script5ClearEv	nsl::Script::Clear()	home/wangyilei/dnf_workspace/dnf_decompile/source/DNFServer/GameServer/ServerLab/ServerLib/basic_source/Script.cpp.o
STRONG_T	T	0x50	0x8053882	_ZN3nsl6Script5parseEPc	nsl::Script::parse(char*)	home/wangyilei/dnf_workspace/dnf_decompile/source/DNFServer/GameServer/ServerLab/ServerLib/basic_source/Script.cpp.o
STRONG_T	T	0xb2	0x80537d0	_ZN3nsl6Script6fgetlnEP8_IO_FILEPc	nsl::Script::fgetln(_IO_FILE*, char*)	home/wangyilei/dnf_workspace/dnf_decompile/source/DNFServer/GameServer/ServerLab/ServerLib/basic_source/Script.cpp.o
STRONG_T	T	0x16	0x8058cb8	_ZN3nsl6Thread12isTerminatedEv	nsl::Thread::isTerminated()	home/wangyilei/dnf_workspace/dnf_decompile/source/DNFServer/GameServer/ServerLab/ServerLib/basic_source/Thread.cpp.o
STRONG_T	T	0x16	0x8058ca2	_ZN3nsl6Thread12setTerminateEv	nsl::Thread::setTerminate()	home/wangyilei/dnf_workspace/dnf_decompile/source/DNFServer/GameServer/ServerLab/ServerLib/basic_source/Thread.cpp.o
STRONG_T	T	0x32	0x8058cce	_ZN3nsl6Thread17waitForTerminatedEi	nsl::Thread::waitForTerminated(int)	home/wangyilei/dnf_workspace/dnf_decompile/source/DNFServer/GameServer/ServerLab/ServerLib/basic_source/Thread.cpp.o
STRONG_T	T	0xab	0x8058bf6	_ZN3nsl6Thread5beginEv	nsl::Thread::begin()	home/wangyilei/dnf_workspace/dnf_decompile/source/DNFServer/GameServer/ServerLab/ServerLib/basic_source/Thread.cpp.o
STRONG_T	T	0x2c	0x8058d00	_ZN3nsl6Thread9proxyLoopEPv	nsl::Thread::proxyLoop(void*)	home/wangyilei/dnf_workspace/dnf_decompile/source/DNFServer/GameServer/ServerLab/ServerLib/basic_source/Thread.cpp.o
STRONG_T	T	0x1b	0x805741e	_ZN3nsl7TCPUser10SetSendingEb	nsl::TCPUser::SetSending(bool)	home/wangyilei/dnf_workspace/dnf_decompile/source/DNFServer/GameServer/ServerLab/ServerLib/basic_source/TCPUser.cpp.o
STRONG_T	T	0x1b	0x805743a	_ZN3nsl7TCPUser10SetWorkingEb	nsl::TCPUser::SetWorking(bool)	home/wangyilei/dnf_workspace/dnf_decompile/source/DNFServer/GameServer/ServerLab/ServerLib/basic_source/TCPUser.cpp.o
STRONG_T	T	0xb	0x80572ec	_ZN3nsl7TCPUser10getSessionEv	nsl::TCPUser::getSession()	home/wangyilei/dnf_workspace/dnf_decompile/source/DNFServer/GameServer/ServerLab/ServerLib/basic_source/TCPUser.cpp.o
STRONG_T	T	0x8a	0x805722c	_ZN3nsl7TCPUser10initializeEv	nsl::TCPUser::initialize()	home/wangyilei/dnf_workspace/dnf_decompile/source/DNFServer/GameServer/ServerLab/ServerLib/basic_source/TCPUser.cpp.o
STRONG_T	T	0xe	0x80572de	_ZN3nsl7TCPUser10setSessionEPNS_8ISessionE	nsl::TCPUser::setSession(nsl::ISession*)	home/wangyilei/dnf_workspace/dnf_decompile/source/DNFServer/GameServer/ServerLab/ServerLib/basic_source/TCPUser.cpp.o
STRONG_T	T	0x1f	0x8057d20	_ZN3nsl7TCPUser13ClearRecvMsgsEv	nsl::TCPUser::ClearRecvMsgs()	home/wangyilei/dnf_workspace/dnf_decompile/source/DNFServer/GameServer/ServerLab/ServerLib/basic_source/TCPUser.cpp.o
STRONG_T	T	0xb	0x8057876	_ZN3nsl7TCPUser13getWorkThreadEv	nsl::TCPUser::getWorkThread()	home/wangyilei/dnf_workspace/dnf_decompile/source/DNFServer/GameServer/ServerLab/ServerLib/basic_source/TCPUser.cpp.o
STRONG_T	T	0x1a8	0x80576ce	_ZN3nsl7TCPUser13onActiveCloseEj	nsl::TCPUser::onActiveClose(unsigned int)	home/wangyilei/dnf_workspace/dnf_decompile/source/DNFServer/GameServer/ServerLab/ServerLib/basic_source/TCPUser.cpp.o
STRONG_T	T	0x31b	0x80579a0	_ZN3nsl7TCPUser13onWriteByCMsgEPNS_8CMsgCellE	nsl::TCPUser::onWriteByCMsg(nsl::CMsgCell*)	home/wangyilei/dnf_workspace/dnf_decompile/source/DNFServer/GameServer/ServerLab/ServerLib/basic_source/TCPUser.cpp.o
STRONG_T	T	0x64	0x8057cbc	_ZN3nsl7TCPUser14PopSendMessageEv	nsl::TCPUser::PopSendMessage()	home/wangyilei/dnf_workspace/dnf_decompile/source/DNFServer/GameServer/ServerLab/ServerLib/basic_source/TCPUser.cpp.o
STRONG_T	T	0x167	0x8057566	_ZN3nsl7TCPUser14onPassiveCloseEPci	nsl::TCPUser::onPassiveClose(char*, int)	home/wangyilei/dnf_workspace/dnf_decompile/source/DNFServer/GameServer/ServerLab/ServerLib/basic_source/TCPUser.cpp.o
STRONG_T	T	0xb	0x805731e	_ZN3nsl7TCPUser15getRecvDataTypeEv	nsl::TCPUser::getRecvDataType()	home/wangyilei/dnf_workspace/dnf_decompile/source/DNFServer/GameServer/ServerLab/ServerLib/basic_source/TCPUser.cpp.o
STRONG_T	T	0xa	0x8057306	_ZN3nsl7TCPUser15getSendDataTypeEv	nsl::TCPUser::getSendDataType()	home/wangyilei/dnf_workspace/dnf_decompile/source/DNFServer/GameServer/ServerLab/ServerLib/basic_source/TCPUser.cpp.o
STRONG_T	T	0xe	0x8057310	_ZN3nsl7TCPUser15setRecvDataTypeENS0_14ENUM_DATA_TYPEE	nsl::TCPUser::setRecvDataType(nsl::TCPUser::ENUM_DATA_TYPE)	home/wangyilei/dnf_workspace/dnf_decompile/source/DNFServer/GameServer/ServerLab/ServerLib/basic_source/TCPUser.cpp.o
STRONG_T	T	0xd	0x80572f8	_ZN3nsl7TCPUser15setSendDataTypeENS0_14ENUM_DATA_TYPEE	nsl::TCPUser::setSendDataType(nsl::TCPUser::ENUM_DATA_TYPE)	home/wangyilei/dnf_workspace/dnf_decompile/source/DNFServer/GameServer/ServerLab/ServerLib/basic_source/TCPUser.cpp.o
STRONG_T	T	0xc	0x8057372	_ZN3nsl7TCPUser16getNeedReconnectEv	nsl::TCPUser::getNeedReconnect()	home/wangyilei/dnf_workspace/dnf_decompile/source/DNFServer/GameServer/ServerLab/ServerLib/basic_source/TCPUser.cpp.o
STRONG_T	T	0x3c	0x8057456	_ZN3nsl7TCPUser16postDisconnectedEi	nsl::TCPUser::postDisconnected(int)	home/wangyilei/dnf_workspace/dnf_decompile/source/DNFServer/GameServer/ServerLab/ServerLib/basic_source/TCPUser.cpp.o
STRONG_T	T	0x1b	0x8057402	_ZN3nsl7TCPUser16setBindedSessionEb	nsl::TCPUser::setBindedSession(bool)	home/wangyilei/dnf_workspace/dnf_decompile/source/DNFServer/GameServer/ServerLab/ServerLib/basic_source/TCPUser.cpp.o
STRONG_T	T	0x18	0x805735a	_ZN3nsl7TCPUser16setNeedReconnectEb	nsl::TCPUser::setNeedReconnect(bool)	home/wangyilei/dnf_workspace/dnf_decompile/source/DNFServer/GameServer/ServerLab/ServerLib/basic_source/TCPUser.cpp.o
STRONG_T	T	0x27	0x80573da	_ZN3nsl7TCPUser17DecPendingSendNumEv	nsl::TCPUser::DecPendingSendNum()	home/wangyilei/dnf_workspace/dnf_decompile/source/DNFServer/GameServer/ServerLab/ServerLib/basic_source/TCPUser.cpp.o
STRONG_T	T	0x27	0x8057398	_ZN3nsl7TCPUser17DecPendingWorkNumEv	nsl::TCPUser::DecPendingWorkNum()	home/wangyilei/dnf_workspace/dnf_decompile/source/DNFServer/GameServer/ServerLab/ServerLib/basic_source/TCPUser.cpp.o
STRONG_T	T	0x1a	0x80573c0	_ZN3nsl7TCPUser17IncPendingSendNumEv	nsl::TCPUser::IncPendingSendNum()	home/wangyilei/dnf_workspace/dnf_decompile/source/DNFServer/GameServer/ServerLab/ServerLib/basic_source/TCPUser.cpp.o
STRONG_T	T	0x1a	0x805737e	_ZN3nsl7TCPUser17IncPendingWorkNumEv	nsl::TCPUser::IncPendingWorkNum()	home/wangyilei/dnf_workspace/dnf_decompile/source/DNFServer/GameServer/ServerLab/ServerLib/basic_source/TCPUser.cpp.o
STRONG_T	T	0xe	0x80574b0	_ZN3nsl7TCPUser17getLastAccessTimeEv	nsl::TCPUser::getLastAccessTime()	home/wangyilei/dnf_workspace/dnf_decompile/source/DNFServer/GameServer/ServerLab/ServerLib/basic_source/TCPUser.cpp.o
STRONG_T	T	0x1e	0x8057492	_ZN3nsl7TCPUser17setLastAccessTimeEv	nsl::TCPUser::setLastAccessTime()	home/wangyilei/dnf_workspace/dnf_decompile/source/DNFServer/GameServer/ServerLab/ServerLib/basic_source/TCPUser.cpp.o
STRONG_T	T	0x18	0x805754e	_ZN3nsl7TCPUser21setActiveSyncByWorkerEb	nsl::TCPUser::setActiveSyncByWorker(bool)	home/wangyilei/dnf_workspace/dnf_decompile/source/DNFServer/GameServer/ServerLab/ServerLib/basic_source/TCPUser.cpp.o
STRONG_T	T	0x13	0x80572ca	_ZN3nsl7TCPUser21startupAfterSetSocketEv	nsl::TCPUser::startupAfterSetSocket()	home/wangyilei/dnf_workspace/dnf_decompile/source/DNFServer/GameServer/ServerLab/ServerLib/basic_source/TCPUser.cpp.o
STRONG_T	T	0x18	0x805752a	_ZN3nsl7TCPUser22setPassiveSyncByWorkerEb	nsl::TCPUser::setPassiveSyncByWorker(bool)	home/wangyilei/dnf_workspace/dnf_decompile/source/DNFServer/GameServer/ServerLab/ServerLib/basic_source/TCPUser.cpp.o
STRONG_T	T	0xc	0x8057542	_ZN3nsl7TCPUser25isActiveCloseSyncByWorkerEv	nsl::TCPUser::isActiveCloseSyncByWorker()	home/wangyilei/dnf_workspace/dnf_decompile/source/DNFServer/GameServer/ServerLab/ServerLib/basic_source/TCPUser.cpp.o
STRONG_T	T	0xc	0x805751e	_ZN3nsl7TCPUser26isPassiveCloseSyncByWorkerEv	nsl::TCPUser::isPassiveCloseSyncByWorker()	home/wangyilei/dnf_workspace/dnf_decompile/source/DNFServer/GameServer/ServerLab/ServerLib/basic_source/TCPUser.cpp.o
STRONG_T	T	0x11d	0x8057882	_ZN3nsl7TCPUser6onReadEv	nsl::TCPUser::onRead()	home/wangyilei/dnf_workspace/dnf_decompile/source/DNFServer/GameServer/ServerLab/ServerLib/basic_source/TCPUser.cpp.o
STRONG_T	T	0x23	0x8057d40	_ZN3nsl7TCPUser7onErrorEv	nsl::TCPUser::onError()	home/wangyilei/dnf_workspace/dnf_decompile/source/DNFServer/GameServer/ServerLab/ServerLib/basic_source/TCPUser.cpp.o
STRONG_T	T	0x13	0x80572b6	_ZN3nsl7TCPUser8shutdownEv	nsl::TCPUser::shutdown()	home/wangyilei/dnf_workspace/dnf_decompile/source/DNFServer/GameServer/ServerLab/ServerLib/basic_source/TCPUser.cpp.o
STRONG_T	T	0x16	0x8057344	_ZN3nsl7TCPUser9getHandleEv	nsl::TCPUser::getHandle()	home/wangyilei/dnf_workspace/dnf_decompile/source/DNFServer/GameServer/ServerLab/ServerLib/basic_source/TCPUser.cpp.o
STRONG_T	T	0xb	0x8057338	_ZN3nsl7TCPUser9getSocketEv	nsl::TCPUser::getSocket()	home/wangyilei/dnf_workspace/dnf_decompile/source/DNFServer/GameServer/ServerLab/ServerLib/basic_source/TCPUser.cpp.o
STRONG_T	T	0xe	0x805732a	_ZN3nsl7TCPUser9setSocketEPNS_9TCPSocketE	nsl::TCPUser::setSocket(nsl::TCPSocket*)	home/wangyilei/dnf_workspace/dnf_decompile/source/DNFServer/GameServer/ServerLab/ServerLib/basic_source/TCPUser.cpp.o
STRONG_T	T	0xc5	0x8065de2	_ZN3nsl7Threads18setMostLittleQueueEv	nsl::Threads::setMostLittleQueue()	home/wangyilei/dnf_workspace/dnf_decompile/source/DNFServer/GameServer/ServerLab/ServerLib/common_source/ServiceFactory.cpp.o
STRONG_T	T	0x7f	0x8065d62	_ZN3nsl7Threads22getScopedLittleWorkIdxEii	nsl::Threads::getScopedLittleWorkIdx(int, int)	home/wangyilei/dnf_workspace/dnf_decompile/source/DNFServer/GameServer/ServerLab/ServerLib/common_source/ServiceFactory.cpp.o
STRONG_T	T	0x76	0x804c232	_ZN3nsl8DataPool13createTCPUserEv	nsl::DataPool::createTCPUser()	home/wangyilei/dnf_workspace/dnf_decompile/source/DNFServer/GameServer/ServerLab/ServerLib/basic_source/DataPool.cpp.o
STRONG_T	T	0xaf	0x804c0c0	_ZN3nsl8DataPool13getLogMessageEPNS_7TCPUserE	nsl::DataPool::getLogMessage(nsl::TCPUser*)	home/wangyilei/dnf_workspace/dnf_decompile/source/DNFServer/GameServer/ServerLab/ServerLib/basic_source/DataPool.cpp.o
STRONG_T	T	0x2cc	0x804c2a8	_ZN3nsl8DataPool14destroyTCPUserEPNS_7TCPUserE	nsl::DataPool::destroyTCPUser(nsl::TCPUser*)	home/wangyilei/dnf_workspace/dnf_decompile/source/DNFServer/GameServer/ServerLab/ServerLib/basic_source/DataPool.cpp.o
STRONG_T	T	0xb	0x804c574	_ZN3nsl8DataPool15GetTcpUserCountEv	nsl::DataPool::GetTcpUserCount()	home/wangyilei/dnf_workspace/dnf_decompile/source/DNFServer/GameServer/ServerLab/ServerLib/basic_source/DataPool.cpp.o
STRONG_T	T	0x28	0x804c1ee	_ZN3nsl8DataPool15createTCPSocketEv	nsl::DataPool::createTCPSocket()	home/wangyilei/dnf_workspace/dnf_decompile/source/DNFServer/GameServer/ServerLab/ServerLib/basic_source/DataPool.cpp.o
STRONG_T	T	0x1c	0x804c216	_ZN3nsl8DataPool16destroyTCPSocketEPNS_9TCPSocketE	nsl::DataPool::destroyTCPSocket(nsl::TCPSocket*)	home/wangyilei/dnf_workspace/dnf_decompile/source/DNFServer/GameServer/ServerLab/ServerLib/basic_source/DataPool.cpp.o
STRONG_T	T	0x7e	0x804c170	_ZN3nsl8DataPool17destroyLogMessageEPNS_7MessageE	nsl::DataPool::destroyLogMessage(nsl::Message*)	home/wangyilei/dnf_workspace/dnf_decompile/source/DNFServer/GameServer/ServerLab/ServerLib/basic_source/DataPool.cpp.o
STRONG_T	T	0xe	0x806152a	_ZN3nsl8IHandler13setSendThreadEPNS_13TCPSendThreadE	nsl::IHandler::setSendThread(nsl::TCPSendThread*)	home/wangyilei/dnf_workspace/dnf_decompile/source/DNFServer/GameServer/ServerLab/ServerLib/common_source/IHandler.cpp.o
STRONG_T	T	0x47	0x80614e2	_ZN3nsl8IHandler4initEv	nsl::IHandler::init()	home/wangyilei/dnf_workspace/dnf_decompile/source/DNFServer/GameServer/ServerLab/ServerLib/common_source/IHandler.cpp.o
STRONG_T	T	0x13	0x805a33c	_ZN3nsl8TraceLog11getBaseNameEPc	nsl::TraceLog::getBaseName(char*)	home/wangyilei/dnf_workspace/dnf_decompile/source/DNFServer/GameServer/ServerLab/ServerLib/basic_source/TraceLog.cpp.o
STRONG_T	T	0x19	0x805a36c	_ZN3nsl8TraceLog14checkLogServerEv	nsl::TraceLog::checkLogServer()	home/wangyilei/dnf_workspace/dnf_decompile/source/DNFServer/GameServer/ServerLab/ServerLib/basic_source/TraceLog.cpp.o
STRONG_T	T	0x11	0x805a5c8	_ZN3nsl8TraceLog16setLogSendThreadEPNS_13LogSendThreadE	nsl::TraceLog::setLogSendThread(nsl::LogSendThread*)	home/wangyilei/dnf_workspace/dnf_decompile/source/DNFServer/GameServer/ServerLab/ServerLib/basic_source/TraceLog.cpp.o
STRONG_T	T	0xb	0x805a5da	_ZN3nsl8TraceLog18getServiceIdentityEv	nsl::TraceLog::getServiceIdentity()	home/wangyilei/dnf_workspace/dnf_decompile/source/DNFServer/GameServer/ServerLab/ServerLib/basic_source/TraceLog.cpp.o
STRONG_T	T	0x5ed	0x80597ac	_ZN3nsl8TraceLog18sysNSL_LOG_date_chEv	nsl::TraceLog::sysNSL_LOG_date_ch()	home/wangyilei/dnf_workspace/dnf_decompile/source/DNFServer/GameServer/ServerLab/ServerLib/basic_source/TraceLog.cpp.o
STRONG_T	T	0x4b0	0x80592fc	_ZN3nsl8TraceLog4initEPcS1_	nsl::TraceLog::init(char*, char*)	home/wangyilei/dnf_workspace/dnf_decompile/source/DNFServer/GameServer/ServerLab/ServerLib/basic_source/TraceLog.cpp.o
STRONG_T	T	0x173	0x805a130	_ZN3nsl8TraceLog6set_fdEi	nsl::TraceLog::set_fd(int)	home/wangyilei/dnf_workspace/dnf_decompile/source/DNFServer/GameServer/ServerLab/ServerLib/basic_source/TraceLog.cpp.o
STRONG_T	T	0x1dd	0x8059d9a	_ZN3nsl8TraceLog6sysLogEiPKcz	nsl::TraceLog::sysLog(int, char const*, ...)	home/wangyilei/dnf_workspace/dnf_decompile/source/DNFServer/GameServer/ServerLab/ServerLib/basic_source/TraceLog.cpp.o
STRONG_T	T	0x1b	0x805a350	_ZN3nsl8TraceLog7MakeDirEPc	nsl::TraceLog::MakeDir(char*)	home/wangyilei/dnf_workspace/dnf_decompile/source/DNFServer/GameServer/ServerLab/ServerLib/basic_source/TraceLog.cpp.o
STRONG_T	T	0x1dc	0x805a3ec	_ZN3nsl8TraceLog7setMaskEv	nsl::TraceLog::setMask()	home/wangyilei/dnf_workspace/dnf_decompile/source/DNFServer/GameServer/ServerLab/ServerLib/basic_source/TraceLog.cpp.o
STRONG_T	T	0x3d	0x805a3ae	_ZN3nsl8TraceLog8SnPrintfEPciS1_S1_S1_S1_	nsl::TraceLog::SnPrintf(char*, int, char*, char*, char*, char*)	home/wangyilei/dnf_workspace/dnf_decompile/source/DNFServer/GameServer/ServerLab/ServerLib/basic_source/TraceLog.cpp.o
STRONG_T	T	0xf1	0x8059f78	_ZN3nsl8TraceLog8errorLogEPKcz	nsl::TraceLog::errorLog(char const*, ...)	home/wangyilei/dnf_workspace/dnf_decompile/source/DNFServer/GameServer/ServerLab/ServerLib/basic_source/TraceLog.cpp.o
STRONG_T	T	0x34	0x805a06a	_ZN3nsl8TraceLog8get_maskEi	nsl::TraceLog::get_mask(int)	home/wangyilei/dnf_workspace/dnf_decompile/source/DNFServer/GameServer/ServerLab/ServerLib/basic_source/TraceLog.cpp.o
STRONG_T	T	0x97	0x805a2a4	_ZN3nsl8TraceLog8get_timeEPcS1_	nsl::TraceLog::get_time(char*, char*)	home/wangyilei/dnf_workspace/dnf_decompile/source/DNFServer/GameServer/ServerLab/ServerLib/basic_source/TraceLog.cpp.o
STRONG_T	T	0x92	0x805a09e	_ZN3nsl8TraceLog8set_maskEiPKc	nsl::TraceLog::set_mask(int, char const*)	home/wangyilei/dnf_workspace/dnf_decompile/source/DNFServer/GameServer/ServerLab/ServerLib/basic_source/TraceLog.cpp.o
STRONG_T	T	0x28	0x805a386	_ZN3nsl8TraceLog9VsnPrintfEPciPKcS1_	nsl::TraceLog::VsnPrintf(char*, int, char const*, char*)	home/wangyilei/dnf_workspace/dnf_decompile/source/DNFServer/GameServer/ServerLab/ServerLib/basic_source/TraceLog.cpp.o
STRONG_T	T	0x47	0x804eee0	_ZN3nsl8make_dirEPc	nsl::make_dir(char*)	home/wangyilei/dnf_workspace/dnf_decompile/source/DNFServer/GameServer/ServerLab/ServerLib/basic_source/LinuxService.cpp.o
STRONG_T	T	0x132	0x804edae	_ZN3nsl8save_pidEPc	nsl::save_pid(char*)	home/wangyilei/dnf_workspace/dnf_decompile/source/DNFServer/GameServer/ServerLab/ServerLib/basic_source/LinuxService.cpp.o
STRONG_T	T	0x25	0x804d9c8	_ZN3nsl9ExceptionC1EPKc	nsl::Exception::Exception(char const*)	home/wangyilei/dnf_workspace/dnf_decompile/source/DNFServer/GameServer/ServerLab/ServerLib/basic_source/Exception.cpp.o
STRONG_T	T	0x2a	0x804d97c	_ZN3nsl9ExceptionC1EPKci	nsl::Exception::Exception(char const*, int)	home/wangyilei/dnf_workspace/dnf_decompile/source/DNFServer/GameServer/ServerLab/ServerLib/basic_source/Exception.cpp.o
STRONG_T	T	0x3f	0x804da38	_ZN3nsl9ExceptionC1EPKciS2_z	nsl::Exception::Exception(char const*, int, char const*, ...)	home/wangyilei/dnf_workspace/dnf_decompile/source/DNFServer/GameServer/ServerLab/ServerLib/basic_source/Exception.cpp.o
STRONG_T	T	0x22	0x804d9a6	_ZN3nsl9ExceptionC1EPKcii	nsl::Exception::Exception(char const*, int, int)	home/wangyilei/dnf_workspace/dnf_decompile/source/DNFServer/GameServer/ServerLab/ServerLib/basic_source/Exception.cpp.o
STRONG_T	T	0x2b	0x804d950	_ZN3nsl9ExceptionC1Ei	nsl::Exception::Exception(int)	home/wangyilei/dnf_workspace/dnf_decompile/source/DNFServer/GameServer/ServerLab/ServerLib/basic_source/Exception.cpp.o
STRONG_T	T	0x49	0x804d9ee	_ZN3nsl9ExceptionC1EiPKcz	nsl::Exception::Exception(int, char const*, ...)	home/wangyilei/dnf_workspace/dnf_decompile/source/DNFServer/GameServer/ServerLab/ServerLib/basic_source/Exception.cpp.o
STRONG_T	T	0x25	0x804d9c8	_ZN3nsl9ExceptionC2EPKc	nsl::Exception::Exception(char const*)	home/wangyilei/dnf_workspace/dnf_decompile/source/DNFServer/GameServer/ServerLab/ServerLib/basic_source/Exception.cpp.o
STRONG_T	T	0x2a	0x804d97c	_ZN3nsl9ExceptionC2EPKci	nsl::Exception::Exception(char const*, int)	home/wangyilei/dnf_workspace/dnf_decompile/source/DNFServer/GameServer/ServerLab/ServerLib/basic_source/Exception.cpp.o
STRONG_T	T	0x3f	0x804da38	_ZN3nsl9ExceptionC2EPKciS2_z	nsl::Exception::Exception(char const*, int, char const*, ...)	home/wangyilei/dnf_workspace/dnf_decompile/source/DNFServer/GameServer/ServerLab/ServerLib/basic_source/Exception.cpp.o
STRONG_T	T	0x22	0x804d9a6	_ZN3nsl9ExceptionC2EPKcii	nsl::Exception::Exception(char const*, int, int)	home/wangyilei/dnf_workspace/dnf_decompile/source/DNFServer/GameServer/ServerLab/ServerLib/basic_source/Exception.cpp.o
STRONG_T	T	0x2b	0x804d950	_ZN3nsl9ExceptionC2Ei	nsl::Exception::Exception(int)	home/wangyilei/dnf_workspace/dnf_decompile/source/DNFServer/GameServer/ServerLab/ServerLib/basic_source/Exception.cpp.o
STRONG_T	T	0x49	0x804d9ee	_ZN3nsl9ExceptionC2EiPKcz	nsl::Exception::Exception(int, char const*, ...)	home/wangyilei/dnf_workspace/dnf_decompile/source/DNFServer/GameServer/ServerLab/ServerLib/basic_source/Exception.cpp.o
STRONG_T	T	0x73	0x8065fa4	_ZN3nsl9IHandlers12getDBHandlerEi	nsl::IHandlers::getDBHandler(int)	home/wangyilei/dnf_workspace/dnf_decompile/source/DNFServer/GameServer/ServerLab/ServerLib/common_source/ServiceFactory.cpp.o
STRONG_T	T	0x73	0x8065f30	_ZN3nsl9IHandlers15getInterHandlerEi	nsl::IHandlers::getInterHandler(int)	home/wangyilei/dnf_workspace/dnf_decompile/source/DNFServer/GameServer/ServerLab/ServerLib/common_source/ServiceFactory.cpp.o
STRONG_T	T	0x6a	0x8065ec6	_ZN3nsl9IHandlers17getNetWorkHandlerEi	nsl::IHandlers::getNetWorkHandler(int)	home/wangyilei/dnf_workspace/dnf_decompile/source/DNFServer/GameServer/ServerLab/ServerLib/common_source/ServiceFactory.cpp.o
STRONG_T	T	0xb	0x805638c	_ZN3nsl9TCPSocket11getPeerAdrsEv	nsl::TCPSocket::getPeerAdrs()	home/wangyilei/dnf_workspace/dnf_decompile/source/DNFServer/GameServer/ServerLab/ServerLib/basic_source/Socket.cpp.o
STRONG_T	T	0xc	0x8056398	_ZN3nsl9TCPSocket11getPeerPortEv	nsl::TCPSocket::getPeerPort()	home/wangyilei/dnf_workspace/dnf_decompile/source/DNFServer/GameServer/ServerLab/ServerLib/basic_source/Socket.cpp.o
STRONG_T	T	0x59	0x8055e60	_ZN3nsl9TCPSocket11setOptNagleEb	nsl::TCPSocket::setOptNagle(bool)	home/wangyilei/dnf_workspace/dnf_decompile/source/DNFServer/GameServer/ServerLab/ServerLib/basic_source/Socket.cpp.o
STRONG_T	T	0x230	0x805607c	_ZN3nsl9TCPSocket12connect_nonbEPKct7timeval	nsl::TCPSocket::connect_nonb(char const*, unsigned short, timeval)	home/wangyilei/dnf_workspace/dnf_decompile/source/DNFServer/GameServer/ServerLab/ServerLib/basic_source/Socket.cpp.o
STRONG_T	T	0x69	0x8055df6	_ZN3nsl9TCPSocket12setOptLingerEb	nsl::TCPSocket::setOptLinger(bool)	home/wangyilei/dnf_workspace/dnf_decompile/source/DNFServer/GameServer/ServerLab/ServerLib/basic_source/Socket.cpp.o
STRONG_T	T	0xd	0x8056db2	_ZN3nsl9TCPSocket14SetRecvBufSizeEi	nsl::TCPSocket::SetRecvBufSize(int)	home/wangyilei/dnf_workspace/dnf_decompile/source/DNFServer/GameServer/ServerLab/ServerLib/basic_source/Socket.cpp.o
STRONG_T	T	0xd	0x8056dc0	_ZN3nsl9TCPSocket14SetSendBufSizeEi	nsl::TCPSocket::SetSendBufSize(int)	home/wangyilei/dnf_workspace/dnf_decompile/source/DNFServer/GameServer/ServerLab/ServerLib/basic_source/Socket.cpp.o
STRONG_T	T	0x5e	0x8055d2e	_ZN3nsl9TCPSocket14setOptNonBlockEv	nsl::TCPSocket::setOptNonBlock()	home/wangyilei/dnf_workspace/dnf_decompile/source/DNFServer/GameServer/ServerLab/ServerLib/basic_source/Socket.cpp.o
STRONG_T	T	0x6a	0x8055d8c	_ZN3nsl9TCPSocket15setOptReuseAdrsEb	nsl::TCPSocket::setOptReuseAdrs(bool)	home/wangyilei/dnf_workspace/dnf_decompile/source/DNFServer/GameServer/ServerLab/ServerLib/basic_source/Socket.cpp.o
STRONG_T	T	0x65	0x8055f20	_ZN3nsl9TCPSocket19setOptResizeRecvBufEi	nsl::TCPSocket::setOptResizeRecvBuf(int)	home/wangyilei/dnf_workspace/dnf_decompile/source/DNFServer/GameServer/ServerLab/ServerLib/basic_source/Socket.cpp.o
STRONG_T	T	0x65	0x8055eba	_ZN3nsl9TCPSocket19setOptResizeSendBufEi	nsl::TCPSocket::setOptResizeSendBuf(int)	home/wangyilei/dnf_workspace/dnf_decompile/source/DNFServer/GameServer/ServerLab/ServerLib/basic_source/Socket.cpp.o
STRONG_T	T	0xbf	0x8055866	_ZN3nsl9TCPSocket4bindEtb	nsl::TCPSocket::bind(unsigned short, bool)	home/wangyilei/dnf_workspace/dnf_decompile/source/DNFServer/GameServer/ServerLab/ServerLib/basic_source/Socket.cpp.o
STRONG_T	T	0xdd	0x8055788	_ZN3nsl9TCPSocket4openEv	nsl::TCPSocket::open()	home/wangyilei/dnf_workspace/dnf_decompile/source/DNFServer/GameServer/ServerLab/ServerLib/basic_source/Socket.cpp.o
STRONG_T	T	0x100	0x8055bce	_ZN3nsl9TCPSocket4recvEPci	nsl::TCPSocket::recv(char*, int)	home/wangyilei/dnf_workspace/dnf_decompile/source/DNFServer/GameServer/ServerLab/ServerLib/basic_source/Socket.cpp.o
STRONG_T	T	0x26d	0x8055960	_ZN3nsl9TCPSocket4sendEPci	nsl::TCPSocket::send(char*, int)	home/wangyilei/dnf_workspace/dnf_decompile/source/DNFServer/GameServer/ServerLab/ServerLib/basic_source/Socket.cpp.o
STRONG_T	T	0x52	0x8055cdc	_ZN3nsl9TCPSocket5closeEv	nsl::TCPSocket::close()	home/wangyilei/dnf_workspace/dnf_decompile/source/DNFServer/GameServer/ServerLab/ServerLib/basic_source/Socket.cpp.o
STRONG_T	T	0xdf	0x80562ac	_ZN3nsl9TCPSocket6acceptERS0_	nsl::TCPSocket::accept(nsl::TCPSocket&)	home/wangyilei/dnf_workspace/dnf_decompile/source/DNFServer/GameServer/ServerLab/ServerLib/basic_source/Socket.cpp.o
STRONG_T	T	0x3a	0x8055926	_ZN3nsl9TCPSocket6listenEi	nsl::TCPSocket::listen(int)	home/wangyilei/dnf_workspace/dnf_decompile/source/DNFServer/GameServer/ServerLab/ServerLib/basic_source/Socket.cpp.o
STRONG_T	T	0xf6	0x8055f86	_ZN3nsl9TCPSocket7connectEPKct	nsl::TCPSocket::connect(char const*, unsigned short)	home/wangyilei/dnf_workspace/dnf_decompile/source/DNFServer/GameServer/ServerLab/ServerLib/basic_source/Socket.cpp.o
STRONG_T	T	0xd	0x8055cce	_ZN3nsl9TCPSocket8shutdownEi	nsl::TCPSocket::shutdown(int)	home/wangyilei/dnf_workspace/dnf_decompile/source/DNFServer/GameServer/ServerLab/ServerLib/basic_source/Socket.cpp.o
STRONG_T	T	0x64a	0x806eb62	_ZN3nsl9TCPThread4loopEPv	nsl::TCPThread::loop(void*)	home/wangyilei/dnf_workspace/dnf_decompile/source/DNFServer/GameServer/ServerLab/ServerLib/common_source/TCPThread.cpp.o
STRONG_T	T	0x5e	0x8056888	_ZN3nsl9UDPSocket14setOptNonBlockEv	nsl::UDPSocket::setOptNonBlock()	home/wangyilei/dnf_workspace/dnf_decompile/source/DNFServer/GameServer/ServerLab/ServerLib/basic_source/Socket.cpp.o
STRONG_T	T	0x57	0x8056d5a	_ZN3nsl9UDPSocket19setOptResizeRecvBufEi	nsl::UDPSocket::setOptResizeRecvBuf(int)	home/wangyilei/dnf_workspace/dnf_decompile/source/DNFServer/GameServer/ServerLab/ServerLib/basic_source/Socket.cpp.o
STRONG_T	T	0x57	0x8056d02	_ZN3nsl9UDPSocket19setOptResizeSendBufEi	nsl::UDPSocket::setOptResizeSendBuf(int)	home/wangyilei/dnf_workspace/dnf_decompile/source/DNFServer/GameServer/ServerLab/ServerLib/basic_source/Socket.cpp.o
STRONG_T	T	0xbc	0x80566ac	_ZN3nsl9UDPSocket4bindEPKct	nsl::UDPSocket::bind(char const*, unsigned short)	home/wangyilei/dnf_workspace/dnf_decompile/source/DNFServer/GameServer/ServerLab/ServerLib/basic_source/Socket.cpp.o
STRONG_T	T	0x11f	0x8056768	_ZN3nsl9UDPSocket4bindEtb	nsl::UDPSocket::bind(unsigned short, bool)	home/wangyilei/dnf_workspace/dnf_decompile/source/DNFServer/GameServer/ServerLab/ServerLib/basic_source/Socket.cpp.o
STRONG_T	T	0x6d	0x805663e	_ZN3nsl9UDPSocket4openEv	nsl::UDPSocket::open()	home/wangyilei/dnf_workspace/dnf_decompile/source/DNFServer/GameServer/ServerLab/ServerLib/basic_source/Socket.cpp.o
STRONG_T	T	0x9b	0x80569c4	_ZN3nsl9UDPSocket4recvEPci	nsl::UDPSocket::recv(char*, int)	home/wangyilei/dnf_workspace/dnf_decompile/source/DNFServer/GameServer/ServerLab/ServerLib/basic_source/Socket.cpp.o
STRONG_T	T	0xdd	0x80568e6	_ZN3nsl9UDPSocket4sendEPcitPKc	nsl::UDPSocket::send(char*, int, unsigned short, char const*)	home/wangyilei/dnf_workspace/dnf_decompile/source/DNFServer/GameServer/ServerLab/ServerLib/basic_source/Socket.cpp.o
STRONG_T	T	0x34	0x8056cce	_ZN3nsl9UDPSocket5closeEv	nsl::UDPSocket::close()	home/wangyilei/dnf_workspace/dnf_decompile/source/DNFServer/GameServer/ServerLab/ServerLib/basic_source/Socket.cpp.o
STRONG_T	T	0xa	0x8056a60	_ZN3nsl9UDPSocket9getHandleEv	nsl::UDPSocket::getHandle()	home/wangyilei/dnf_workspace/dnf_decompile/source/DNFServer/GameServer/ServerLab/ServerLib/basic_source/Socket.cpp.o
STRONG_T	T	0xa	0x80b617c	_ZN45Dispatcher_Select_3rdChronicleItem_ForEnchant11check_stateEv	Dispatcher_Select_3rdChronicleItem_ForEnchant::check_state()	home/wangyilei/dnf_workspace/dnf_decompile/source/DNFServer/GameServer/Game/Dispatchers.cpp.o
STRONG_T	T	0xa	0x80b6222	_ZN47Dispatcher_GrowthCreatureChangeInfinityCreature13process_eventEv	Dispatcher_GrowthCreatureChangeInfinityCreature::process_event()	home/wangyilei/dnf_workspace/dnf_decompile/source/DNFServer/GameServer/Game/Dispatchers.cpp.o
STRONG_T	T	0xa	0x80b620e	_ZN47Dispatcher_GrowthCreatureChangeInfinityCreature17check_error_eventEv	Dispatcher_GrowthCreatureChangeInfinityCreature::check_error_event()	home/wangyilei/dnf_workspace/dnf_decompile/source/DNFServer/GameServer/Game/Dispatchers.cpp.o
STRONG_T	T	0x5	0x813f0f5	_ZN4ARAD10DISPATCHER25make_cmd_packetheader_jpnER11PacketGuardii	ARAD::DISPATCHER::make_cmd_packetheader_jpn(PacketGuard&, int, int)	home/wangyilei/dnf_workspace/dnf_decompile/source/DNFServer/GameServer/Game/CUser.cpp.o
STRONG_T	T	0xa	0x80b6334	_ZN4ARAD10DISPATCHER26Dispatcher_AvartarRoulette14checkWorkStateEP5CUser	ARAD::DISPATCHER::Dispatcher_AvartarRoulette::checkWorkState(CUser*)	home/wangyilei/dnf_workspace/dnf_decompile/source/DNFServer/GameServer/Game/Dispatchers.cpp.o
STRONG_T	T	0xa	0x80b6458	_ZN4ARAD10DISPATCHER28Dispatcher_AradAvatarConvert14checkWorkStateEP5CUser	ARAD::DISPATCHER::Dispatcher_AradAvatarConvert::checkWorkState(CUser*)	home/wangyilei/dnf_workspace/dnf_decompile/source/DNFServer/GameServer/Game/Dispatchers.cpp.o
STRONG_T	T	0xa	0x80b64ea	_ZN4ARAD10DISPATCHER29Dispatcher_AradEmblemCompound14checkWorkStateEP5CUser	ARAD::DISPATCHER::Dispatcher_AradEmblemCompound::checkWorkState(CUser*)	home/wangyilei/dnf_workspace/dnf_decompile/source/DNFServer/GameServer/Game/Dispatchers.cpp.o
STRONG_T	T	0xa	0x80b657c	_ZN4ARAD10DISPATCHER31Dispatcher_AradJumpingCharacter14checkWorkStateEP5CUser	ARAD::DISPATCHER::Dispatcher_AradJumpingCharacter::checkWorkState(CUser*)	home/wangyilei/dnf_workspace/dnf_decompile/source/DNFServer/GameServer/Game/Dispatchers.cpp.o
STRONG_T	T	0xa	0x80b660e	_ZN4ARAD10DISPATCHER32Dispatcher_AradUseAvatarRecharge14checkWorkStateEP5CUser	ARAD::DISPATCHER::Dispatcher_AradUseAvatarRecharge::checkWorkState(CUser*)	home/wangyilei/dnf_workspace/dnf_decompile/source/DNFServer/GameServer/Game/Dispatchers.cpp.o
STRONG_T	T	0xa	0x80b6728	_ZN4ARAD10DISPATCHER36Dispatcher_AvartarHiddenOptionChange14checkWorkStateEP5CUser	ARAD::DISPATCHER::Dispatcher_AvartarHiddenOptionChange::checkWorkState(CUser*)	home/wangyilei/dnf_workspace/dnf_decompile/source/DNFServer/GameServer/Game/Dispatchers.cpp.o
STRONG_T	T	0xa	0x80b6842	_ZN4ARAD23Arad_Dispatcher_Manager11db_dispatchEv	ARAD::Arad_Dispatcher_Manager::db_dispatch()	home/wangyilei/dnf_workspace/dnf_decompile/source/DNFServer/GameServer/Game/Dispatchers.cpp.o
STRONG_T	T	0xa	0x80b684c	_ZN4ARAD23Arad_Dispatcher_Manager14inter_dispatchEv	ARAD::Arad_Dispatcher_Manager::inter_dispatch()	home/wangyilei/dnf_workspace/dnf_decompile/source/DNFServer/GameServer/Game/Dispatchers.cpp.o
STRONG_T	T	0xa	0x80b6860	_ZN4ARAD23Arad_Dispatcher_Manager19register_dispatcherEv	ARAD::Arad_Dispatcher_Manager::register_dispatcher()	home/wangyilei/dnf_workspace/dnf_decompile/source/DNFServer/GameServer/Game/Dispatchers.cpp.o
STRONG_T	T	0xa	0x80b686a	_ZN4ARAD23Arad_Dispatcher_Manager21unregister_dispatcherEv	ARAD::Arad_Dispatcher_Manager::unregister_dispatcher()	home/wangyilei/dnf_workspace/dnf_decompile/source/DNFServer/GameServer/Game/Dispatchers.cpp.o
STRONG_T	T	0x5	0x8257217	_ZN4ARAD23notifyOpenMessageDialogEP5CUseriiR22AradServerStateMessage	ARAD::notifyOpenMessageDialog(CUser*, int, int, AradServerStateMessage&)	home/wangyilei/dnf_workspace/dnf_decompile/source/DNFServer/GameServer/Game/ARAD.cpp.o
STRONG_T	T	0xa	0x80b68e8	_ZN4ARAD26Arad_Dispatcher_Login_Impl11db_dispatchEv	ARAD::Arad_Dispatcher_Login_Impl::db_dispatch()	home/wangyilei/dnf_workspace/dnf_decompile/source/DNFServer/GameServer/Game/Dispatchers.cpp.o
STRONG_T	T	0xa	0x80b68f2	_ZN4ARAD26Arad_Dispatcher_Login_Impl14inter_dispatchEv	ARAD::Arad_Dispatcher_Login_Impl::inter_dispatch()	home/wangyilei/dnf_workspace/dnf_decompile/source/DNFServer/GameServer/Game/Dispatchers.cpp.o
STRONG_T	T	0xa	0x80b6906	_ZN4ARAD26Arad_Dispatcher_Login_Impl16premium_info_setEv	ARAD::Arad_Dispatcher_Login_Impl::premium_info_set()	home/wangyilei/dnf_workspace/dnf_decompile/source/DNFServer/GameServer/Game/Dispatchers.cpp.o
STRONG_T	T	0xa	0x80b6910	_ZN4ARAD26Arad_Dispatcher_Login_Impl17punish_user_checkEv	ARAD::Arad_Dispatcher_Login_Impl::punish_user_check()	home/wangyilei/dnf_workspace/dnf_decompile/source/DNFServer/GameServer/Game/Dispatchers.cpp.o
STRONG_T	T	0xa	0x80b68de	_ZN4ARAD26Arad_Dispatcher_Login_Impl22account_password_checkEv	ARAD::Arad_Dispatcher_Login_Impl::account_password_check()	home/wangyilei/dnf_workspace/dnf_decompile/source/DNFServer/GameServer/Game/Dispatchers.cpp.o
STRONG_T	T	0xa	0x80b68fc	_ZN4ARAD26Arad_Dispatcher_Login_Impl23pad_certifiaction_checkEv	ARAD::Arad_Dispatcher_Login_Impl::pad_certifiaction_check()	home/wangyilei/dnf_workspace/dnf_decompile/source/DNFServer/GameServer/Game/Dispatchers.cpp.o
STRONG_T	T	0xa	0x80b6984	_ZN4ARAD33Arad_Dispatcher_BuyItemCheck_Impl11db_dispatchEv	ARAD::Arad_Dispatcher_BuyItemCheck_Impl::db_dispatch()	home/wangyilei/dnf_workspace/dnf_decompile/source/DNFServer/GameServer/Game/Dispatchers.cpp.o
STRONG_T	T	0xa	0x80b698e	_ZN4ARAD33Arad_Dispatcher_BuyItemCheck_Impl14inter_dispatchEv	ARAD::Arad_Dispatcher_BuyItemCheck_Impl::inter_dispatch()	home/wangyilei/dnf_workspace/dnf_decompile/source/DNFServer/GameServer/Game/Dispatchers.cpp.o
STRONG_T	T	0xa	0x825ba11	_ZN4ARAD9SingletonI15HeroMissionEventE3GetEv	ARAD::Singleton<HeroMissionEven, unsigned short>::Get()	home/wangyilei/dnf_workspace/dnf_decompile/source/DNFServer/GameServer/Game/GameStubs.cpp.o
STRONG_T	T	0xa	0x825ac2b	_ZN4ARAD9SingletonI24CerashopAddRestrict7ManagerE3GetEv	_ZN4ARAD9SingletonI24CerashopAddRestrict7ManagerE3GetEv	home/wangyilei/dnf_workspace/dnf_decompile/source/DNFServer/GameServer/Game/GameStubs.cpp.o
STRONG_T	T	0xa	0x8259da6	_ZN4Area13IsMovalbeAreaEii	Area::IsMovalbeArea(int, int)	home/wangyilei/dnf_workspace/dnf_decompile/source/DNFServer/GameServer/Game/GameStubs.cpp.o
STRONG_T	T	0xa	0x825b92b	_ZN5CUser14GetServerGroupEv	CUser::GetServerGroup()	home/wangyilei/dnf_workspace/dnf_decompile/source/DNFServer/GameServer/Game/GameStubs.cpp.o
STRONG_T	T	0x28	0x8143edc	_ZN5CUser14SetGuildDBInfoERK17STGuildDBInfoOnly	CUser::SetGuildDBInfo(STGuildDBInfoOnly const&)	home/wangyilei/dnf_workspace/dnf_decompile/source/DNFServer/GameServer/Game/CUser.cpp.o
STRONG_T	T	0x28	0x8143f76	_ZN5CUser18SetGuildAgitDBInfoERK17STGuildAgitDBInfo	CUser::SetGuildAgitDBInfo(STGuildAgitDBInfo const&)	home/wangyilei/dnf_workspace/dnf_decompile/source/DNFServer/GameServer/Game/CUser.cpp.o
STRONG_T	T	0x5	0x825ba57	_ZN5CUser18deleteSpecificItemsEPKSt6vectorISt4pairIiiESaIS2_EE	_ZN5CUser18deleteSpecificItemsEPKSt6vectorISt4pairIiiESaIS2_EE	home/wangyilei/dnf_workspace/dnf_decompile/source/DNFServer/GameServer/Game/GameStubs.cpp.o
STRONG_T	T	0xa	0x825b935	_ZN5CUser18getCurCharacQuestREv	CUser::getCurCharacQuestR()	home/wangyilei/dnf_workspace/dnf_decompile/source/DNFServer/GameServer/Game/GameStubs.cpp.o
STRONG_T	T	0x5	0x80d955a	_ZN6Thread4StopEv	Thread::Stop()	home/wangyilei/dnf_workspace/dnf_decompile/source/DNFServer/GameServer/Game/GlobalData.cpp.o
STRONG_T	T	0xa	0x8257502	_ZN8CodePage15script2DatabaseEPKcPc	CodePage::script2Database(char const*, char*)	home/wangyilei/dnf_workspace/dnf_decompile/source/DNFServer/GameServer/Game/GameStubs.cpp.o
STRONG_T	T	0x5	0x825ba5c	_ZN8UserQuest14get_quest_infoEPc	_ZN8UserQuest14get_quest_infoEPc	home/wangyilei/dnf_workspace/dnf_decompile/source/DNFServer/GameServer/Game/GameStubs.cpp.o
STRONG_T	T	0xa	0x825ba61	_ZN8WongWork10CGMAccounts5isGMEPS0_j	_ZN8WongWork10CGMAccounts5isGMEPS0_j	home/wangyilei/dnf_workspace/dnf_decompile/source/DNFServer/GameServer/Game/GameStubs.cpp.o
STRONG_T	T	0x4c	0x81b1010	_ZN8WongWork11CDeathTower11CDungeonMgr11getStageMapEi	WongWork::CDeathTower::CDungeonMgr::getStageMap(int)	home/wangyilei/dnf_workspace/dnf_decompile/source/DNFServer/GameServer/Game/CDeathTower.cpp.o
STRONG_T	T	0x27	0x81ae84e	_ZN8WongWork11CDeathTower13setTowerStateE16ENUM_TOWER_STATE	WongWork::CDeathTower::setTowerState(ENUM_TOWER_STATE)	home/wangyilei/dnf_workspace/dnf_decompile/source/DNFServer/GameServer/Game/CDeathTower.cpp.o
STRONG_T	T	0xb	0x81ae8ee	_ZN8WongWork11CDeathTower14getCDungeonMGrEv	WongWork::CDeathTower::getCDungeonMGr()	home/wangyilei/dnf_workspace/dnf_decompile/source/DNFServer/GameServer/Game/CDeathTower.cpp.o
STRONG_T	T	0x2ae	0x81b2284	_ZN8WongWork11CDeathTower6CStage10consistMapEPNS0_11CDungeonMgrEP4CMapPS0_	WongWork::CDeathTower::CStage::consistMap(WongWork::CDeathTower::CDungeonMgr*, CMap*, WongWork::CDeathTower*)	home/wangyilei/dnf_workspace/dnf_decompile/source/DNFServer/GameServer/Game/CDeathTower.cpp.o
STRONG_T	T	0x96	0x81b21ee	_ZN8WongWork11CDeathTower6CStage8dropItemERK8map_item	WongWork::CDeathTower::CStage::dropItem(map_item const&)	home/wangyilei/dnf_workspace/dnf_decompile/source/DNFServer/GameServer/Game/CDeathTower.cpp.o
STRONG_T	T	0x52	0x81b20b2	_ZN8WongWork11CDeathTower6CStage8setStateE16ENUM_STAGE_STATE	WongWork::CDeathTower::CStage::setState(ENUM_STAGE_STATE)	home/wangyilei/dnf_workspace/dnf_decompile/source/DNFServer/GameServer/Game/CDeathTower.cpp.o
STRONG_T	T	0xba	0x8259bd8	_ZN8WongWork13CDungeonClear17addClearedDungeonEsa	WongWork::CDungeonClear::addClearedDungeon(short, signed char)	home/wangyilei/dnf_workspace/dnf_decompile/source/DNFServer/GameServer/Game/GameStubs.cpp.o
STRONG_T	T	0x5	0x8256cc2	_ZN8WongWork13CHackAnalyzer16addServerHackCntEP5CUserNS_14ENUM_HACK_TYPEEjjj	WongWork::CHackAnalyzer::addServerHackCnt(CUser*, WongWork::ENUM_HACK_TYPE, unsigned int, unsigned int, unsigned int)	home/wangyilei/dnf_workspace/dnf_decompile/source/DNFServer/GameServer/Game/GameStubs.cpp.o
STRONG_T	T	0x5	0x825b49a	_ZN8WongWork14CHackAnalyzer16addServerHackCntEP5CUserjiij	_ZN8WongWork14CHackAnalyzer16addServerHackCntEP5CUserjiij	home/wangyilei/dnf_workspace/dnf_decompile/source/DNFServer/GameServer/Game/GameStubs.cpp.o
STRONG_T	T	0x1a	0x8256cfa	_ZN8WongWork14CMailBoxHelper22ReqDBSendNewSystemMailEPKcRK10Inven_ItemjjS2_ijcbb	WongWork::CMailBoxHelper::ReqDBSendNewSystemMail(char const*, Inven_Item const&, unsigned int, unsigned int, char const*, int, unsigned int, char, bool, bool)	home/wangyilei/dnf_workspace/dnf_decompile/source/DNFServer/GameServer/Game/GameStubs.cpp.o
STRONG_T	T	0x5	0x813f222	_ZN8WongWork20CAvatarItemMgr_ResetEP5CUser	WongWork::CAvatarItemMgr_Reset(CUser*)	home/wangyilei/dnf_workspace/dnf_decompile/source/DNFServer/GameServer/Game/CUser.cpp.o
STRONG_T	T	0x5	0x813f227	_ZN8WongWork24CDeathTowerRanking_unregEj	WongWork::CDeathTowerRanking_unreg(unsigned int)	home/wangyilei/dnf_workspace/dnf_decompile/source/DNFServer/GameServer/Game/CUser.cpp.o
STRONG_T	T	0xa	0x81ae681	_ZN8WongWork35sub_CDeathTowerRanking_getRankTableEj	WongWork::sub_CDeathTowerRanking_getRankTable(unsigned int)	home/wangyilei/dnf_workspace/dnf_decompile/source/DNFServer/GameServer/Game/CDeathTower.cpp.o
STRONG_T	T	0xd6	0x81ae709	_ZN8WongWork37sub_CDeathTowerRanking_getVirtualRankEPvjjj	WongWork::sub_CDeathTowerRanking_getVirtualRank(void*, unsigned int, unsigned int, unsigned int)	home/wangyilei/dnf_workspace/dnf_decompile/source/DNFServer/GameServer/Game/CDeathTower.cpp.o
STRONG_T	T	0x5	0x81ae68b	_ZN8WongWork41sub_CDeathTowerRanking_checkRenewMyRecordEPvjjjj	WongWork::sub_CDeathTowerRanking_checkRenewMyRecord(void*, unsigned int, unsigned int, unsigned int, unsigned int)	home/wangyilei/dnf_workspace/dnf_decompile/source/DNFServer/GameServer/Game/CDeathTower.cpp.o
STRONG_T	T	0x79	0x81ae690	_ZN8WongWork42sub_CDeathTowerRanking_checkRenewTopRecordEPvjjj	WongWork::sub_CDeathTowerRanking_checkRenewTopRecord(void*, unsigned int, unsigned int, unsigned int)	home/wangyilei/dnf_workspace/dnf_decompile/source/DNFServer/GameServer/Game/CDeathTower.cpp.o
STRONG_T	T	0xa	0x81ae677	_ZN8WongWork46sub_CDeathTowerRanking_makeDungeonIdx2TowerIdxEj	WongWork::sub_CDeathTowerRanking_makeDungeonIdx2TowerIdx(unsigned int)	home/wangyilei/dnf_workspace/dnf_decompile/source/DNFServer/GameServer/Game/CDeathTower.cpp.o
STRONG_T	T	0xa	0x8158788	_ZN8WongWork8CMailBox16getMailLoadCountEv	WongWork::CMailBox::getMailLoadCount()	home/wangyilei/dnf_workspace/dnf_decompile/source/DNFServer/GameServer/Game/CGameManager.cpp.o
STRONG_T	T	0x5	0x825b49f	_ZN8XNuclear5CHades20Send_ReturnToVillageEv	_ZN8XNuclear5CHades20Send_ReturnToVillageEv	home/wangyilei/dnf_workspace/dnf_decompile/source/DNFServer/GameServer/Game/GameStubs.cpp.o
STRONG_T	T	0xa8	0x81f64aa	_ZN8map_itemC1ERKS_	map_item::map_item(map_item const&)	home/wangyilei/dnf_workspace/dnf_decompile/source/DNFServer/GameServer/Game/MapInfo.cpp.o
STRONG_T	T	0xa8	0x81f64aa	_ZN8map_itemC2ERKS_	map_item::map_item(map_item const&)	home/wangyilei/dnf_workspace/dnf_decompile/source/DNFServer/GameServer/Game/MapInfo.cpp.o
STRONG_T	T	0xb7	0x81f6558	_ZN8map_itemaSERKS_	map_item::operator=(map_item const&)	home/wangyilei/dnf_workspace/dnf_decompile/source/DNFServer/GameServer/Game/MapInfo.cpp.o
STRONG_T	T	0x5	0x825ba6b	_ZN9CItemShop22updateOneADayItemListEv	_ZN9CItemShop22updateOneADayItemListEv	home/wangyilei/dnf_workspace/dnf_decompile/source/DNFServer/GameServer/Game/GameStubs.cpp.o
STRONG_T	T	0x99	0x81bf08a	_ZN9GameWorld18IsPowerWarSafeZoneEiii	GameWorld::IsPowerWarSafeZone(int, int, int)	home/wangyilei/dnf_workspace/dnf_decompile/source/DNFServer/GameServer/Game/GameWorld.cpp.o
STRONG_T	T	0x796	0x81c3b4c	_ZN9GameWorld24send_chat_msg_hyper_linkEP5CUserPv15ENUM_NOTIPACKET	GameWorld::send_chat_msg_hyper_link(CUser*, void*, ENUM_NOTIPACKET)	home/wangyilei/dnf_workspace/dnf_decompile/source/DNFServer/GameServer/Game/GameWorld.cpp.o
STRONG_T	T	0x161	0x81c2130	_ZN9GameWorld31make_packet_chat_msg_hyper_linkER11PacketGuardP5CUserPv15ENUM_NOTIPACKET	GameWorld::make_packet_chat_msg_hyper_link(PacketGuard&, CUser*, void*, ENUM_NOTIPACKET)	home/wangyilei/dnf_workspace/dnf_decompile/source/DNFServer/GameServer/Game/GameWorld.cpp.o
STRONG_T	T	0xa	0x813f110	_ZN9item_lock9CItemLock13CheckItemLockEP16CExpandEquipslot	item_lock::CItemLock::CheckItemLock(CExpandEquipslot*)	home/wangyilei/dnf_workspace/dnf_decompile/source/DNFServer/GameServer/Game/CItemLock.cpp.o
STRONG_T	T	0xcd	0x812755c	_ZNK10CInventory14MakeItemPacketEiiR11PacketGuard	CInventory::MakeItemPacket(int, int, PacketGuard&) const	home/wangyilei/dnf_workspace/dnf_decompile/source/DNFServer/GameServer/Game/CInventory.cpp.o
STRONG_T	T	0xa	0x825b4a4	_ZNK10CTimeGate6isOpenEv	_ZNK10CTimeGate6isOpenEv	home/wangyilei/dnf_workspace/dnf_decompile/source/DNFServer/GameServer/Game/GameStubs.cpp.o
STRONG_T	T	0x31	0x80b71dc	_ZNK10CharString13compareNoCaseEPKcRKS_	CharString::compareNoCase(char const*, CharString const&) const	home/wangyilei/dnf_workspace/dnf_decompile/source/DNFServer/GameServer/Game/StringTypes.cpp.o
STRONG_T	T	0x34	0x80b720e	_ZNK10CharString13compareNoCaseERKS_PKc	CharString::compareNoCase(CharString const&, char const*) const	home/wangyilei/dnf_workspace/dnf_decompile/source/DNFServer/GameServer/Game/StringTypes.cpp.o
STRONG_T	T	0x31	0x80b7242	_ZNK10CharString13compareNoCaseERKS_S1_	CharString::compareNoCase(CharString const&, CharString const&) const	home/wangyilei/dnf_workspace/dnf_decompile/source/DNFServer/GameServer/Game/StringTypes.cpp.o
STRONG_T	T	0x31	0x80b7144	_ZNK10CharString7compareEPKcRKS_	CharString::compare(char const*, CharString const&) const	home/wangyilei/dnf_workspace/dnf_decompile/source/DNFServer/GameServer/Game/StringTypes.cpp.o
STRONG_T	T	0x34	0x80b7176	_ZNK10CharString7compareERKS_PKc	CharString::compare(CharString const&, char const*) const	home/wangyilei/dnf_workspace/dnf_decompile/source/DNFServer/GameServer/Game/StringTypes.cpp.o
STRONG_T	T	0x31	0x80b71aa	_ZNK10CharString7compareERKS_S1_	CharString::compare(CharString const&, CharString const&) const	home/wangyilei/dnf_workspace/dnf_decompile/source/DNFServer/GameServer/Game/StringTypes.cpp.o
STRONG_T	T	0x31	0x80b7c2a	_ZNK10WideString7compareEPKwRKS_	WideString::compare(wchar_t const*, WideString const&) const	home/wangyilei/dnf_workspace/dnf_decompile/source/DNFServer/GameServer/Game/StringTypes.cpp.o
STRONG_T	T	0x34	0x80b7c5c	_ZNK10WideString7compareERKS_PKw	WideString::compare(WideString const&, wchar_t const*) const	home/wangyilei/dnf_workspace/dnf_decompile/source/DNFServer/GameServer/Game/StringTypes.cpp.o
STRONG_T	T	0x31	0x80b7c90	_ZNK10WideString7compareERKS_S1_	WideString::compare(WideString const&, WideString const&) const	home/wangyilei/dnf_workspace/dnf_decompile/source/DNFServer/GameServer/Game/StringTypes.cpp.o
STRONG_T	T	0x21	0x8257264	_ZNK10less_TCHARclERKPKcS3_	less_TCHAR::operator()(char const* const&, char const* const&) const	home/wangyilei/dnf_workspace/dnf_decompile/source/DNFServer/GameServer/Game/GameStubs.cpp.o
STRONG_T	T	0x41	0x822f2f0	_ZNK11QuestScript15getSolveMessageEi	QuestScript::getSolveMessage(int) const	home/wangyilei/dnf_workspace/dnf_decompile/source/DNFServer/GameServer/Game/STQuestScript.cpp.o
STRONG_T	T	0x41	0x822f26e	_ZNK11QuestScript17getRequestMessageEi	QuestScript::getRequestMessage(int) const	home/wangyilei/dnf_workspace/dnf_decompile/source/DNFServer/GameServer/Game/STQuestScript.cpp.o
STRONG_T	T	0x3f	0x822f2b0	_ZNK11QuestScript19getConditionMessageEi	QuestScript::getConditionMessage(int) const	home/wangyilei/dnf_workspace/dnf_decompile/source/DNFServer/GameServer/Game/STQuestScript.cpp.o
STRONG_T	T	0x41	0x822f22c	_ZNK11QuestScript7getNameEi	QuestScript::getName(int) const	home/wangyilei/dnf_workspace/dnf_decompile/source/DNFServer/GameServer/Game/STQuestScript.cpp.o
STRONG_T	T	0xe	0x80e5bf4	_ZNK12CDataManager13getChoiceItemEv	CDataManager::getChoiceItem() const	home/wangyilei/dnf_workspace/dnf_decompile/source/DNFServer/GameServer/Game/CDataManager.cpp.o
STRONG_T	T	0xf	0x80e5c2a	_ZNK12CDataManager15checkChoiceItemEv	CDataManager::checkChoiceItem() const	home/wangyilei/dnf_workspace/dnf_decompile/source/DNFServer/GameServer/Game/CDataManager.cpp.o
STRONG_T	T	0xe	0x80e5f80	_ZNK12CDataManager19getBlueMarbleScriptEv	CDataManager::getBlueMarbleScript() const	home/wangyilei/dnf_workspace/dnf_decompile/source/DNFServer/GameServer/Game/CDataManager.cpp.o
STRONG_T	T	0x15	0x80e5f8e	_ZNK12CDataManager19getDungeonIndexListEv	CDataManager::getDungeonIndexList() const	home/wangyilei/dnf_workspace/dnf_decompile/source/DNFServer/GameServer/Game/CDataManager.cpp.o
STRONG_T	T	0xd	0x80e5f64	_ZNK12CDataManager24GetImageCommnicationDataEv	CDataManager::GetImageCommnicationData() const	home/wangyilei/dnf_workspace/dnf_decompile/source/DNFServer/GameServer/Game/CDataManager.cpp.o
STRONG_T	T	0x37	0x80e5ce8	_ZNK12CDataManager28getUpgradeItemRepairCostRateEib	CDataManager::getUpgradeItemRepairCostRate(int, bool) const	home/wangyilei/dnf_workspace/dnf_decompile/source/DNFServer/GameServer/Game/CDataManager.cpp.o
STRONG_T	T	0xa	0x825b908	_ZNK13CMission_rank13verifyMissionERK11MissionInfo	CMission_rank::verifyMission(MissionInfo const&) const	home/wangyilei/dnf_workspace/dnf_decompile/source/DNFServer/GameServer/Game/GameStubs.cpp.o
STRONG_T	T	0xa	0x813f2ac	_ZNK13charac_expand8CDataMgr8GetDataRER23ENUM_CHARAC_EXPAND_TYPE	charac_expand::CDataMgr::GetDataR(ENUM_CHARAC_EXPAND_TYPE&) const	home/wangyilei/dnf_workspace/dnf_decompile/source/DNFServer/GameServer/Game/CUser.cpp.o
STRONG_T	T	0xa	0x8259e32	_ZNK15CClearCondition16IsClearConditionEv	CClearCondition::IsClearCondition() const	home/wangyilei/dnf_workspace/dnf_decompile/source/DNFServer/GameServer/Game/GameStubs.cpp.o
STRONG_T	T	0xa	0x8259e28	_ZNK15CClearCondition5EmptyEv	CClearCondition::Empty() const	home/wangyilei/dnf_workspace/dnf_decompile/source/DNFServer/GameServer/Game/GameStubs.cpp.o
STRONG_T	T	0x6f	0x821ad0e	_ZNK18RandomOptionScript14getPrefixGradeEi	RandomOptionScript::getPrefixGrade(int) const	home/wangyilei/dnf_workspace/dnf_decompile/source/DNFServer/GameServer/Game/RandomOptionScript.cpp.o
STRONG_T	T	0xb6	0x821aeb6	_ZNK18RandomOptionScript25getOptionModificationCostEsi	RandomOptionScript::getOptionModificationCost(short, int) const	home/wangyilei/dnf_workspace/dnf_decompile/source/DNFServer/GameServer/Game/RandomOptionScript.cpp.o
STRONG_T	T	0xa	0x813f23e	_ZNK20UserMercenaryInfoMgr13IsCompetitionEj	UserMercenaryInfoMgr::IsCompetition(unsigned int) const	home/wangyilei/dnf_workspace/dnf_decompile/source/DNFServer/GameServer/Game/CUser.cpp.o
STRONG_T	T	0xa	0x813f248	_ZNK20UserMercenaryInfoMgr14IsReturnCharacEj	UserMercenaryInfoMgr::IsReturnCharac(unsigned int) const	home/wangyilei/dnf_workspace/dnf_decompile/source/DNFServer/GameServer/Game/CUser.cpp.o
STRONG_T	T	0x57	0x823c57e	_ZNK21ServerParameterScript17CheckUnusableItemEim	ServerParameterScript::CheckUnusableItem(int, unsigned long) const	home/wangyilei/dnf_workspace/dnf_decompile/source/DNFServer/GameServer/Game/ServerParameterScript.cpp.o
STRONG_T	T	0xa	0x81ae480	_ZNK25stMapMonsterKillChecker_t23getUseSkillMaterialTimeEv	stMapMonsterKillChecker_t::getUseSkillMaterialTime() const	home/wangyilei/dnf_workspace/dnf_decompile/source/DNFServer/GameServer/Game/CDeathTower.cpp.o
STRONG_T	T	0xa	0x8257208	_ZNK27Arad_EventPeriodDataManager9isAppliedEii	Arad_EventPeriodDataManager::isApplied(int, int) const	home/wangyilei/dnf_workspace/dnf_decompile/source/DNFServer/GameServer/Game/GameStubs.cpp.o
STRONG_T	T	0xa	0x825b93f	_ZNK30Arad_EventPeriodDataManager9isAppliedEii	_ZNK30Arad_EventPeriodDataManager9isAppliedEii	home/wangyilei/dnf_workspace/dnf_decompile/source/DNFServer/GameServer/Game/GameStubs.cpp.o
STRONG_T	T	0x14	0x8066372	_ZNK3nsl14ServiceFactory7getTickEv	nsl::ServiceFactory::getTick() const	home/wangyilei/dnf_workspace/dnf_decompile/source/DNFServer/GameServer/ServerLab/ServerLib/common_source/ServiceFactory.cpp.o
STRONG_T	T	0xc	0x80574ca	_ZNK3nsl7TCPUser14isDisconnectedEv	nsl::TCPUser::isDisconnected() const	home/wangyilei/dnf_workspace/dnf_decompile/source/DNFServer/GameServer/ServerLab/ServerLib/basic_source/TCPUser.cpp.o
STRONG_T	T	0xc	0x80574be	_ZNK3nsl7TCPUser19isAboutToDisconnectEv	nsl::TCPUser::isAboutToDisconnect() const	home/wangyilei/dnf_workspace/dnf_decompile/source/DNFServer/GameServer/ServerLab/ServerLib/basic_source/TCPUser.cpp.o
STRONG_T	T	0x23	0x80574d6	_ZNK3nsl7TCPUser9IsSendingEv	nsl::TCPUser::IsSending() const	home/wangyilei/dnf_workspace/dnf_decompile/source/DNFServer/GameServer/ServerLab/ServerLib/basic_source/TCPUser.cpp.o
STRONG_T	T	0x23	0x80574fa	_ZNK3nsl7TCPUser9IsWorkingEv	nsl::TCPUser::IsWorking() const	home/wangyilei/dnf_workspace/dnf_decompile/source/DNFServer/GameServer/ServerLab/ServerLib/basic_source/TCPUser.cpp.o
STRONG_T	T	0xcc	0x80563ae	_ZNK3nsl9TCPSocket13pollReadEventEv	nsl::TCPSocket::pollReadEvent() const	home/wangyilei/dnf_workspace/dnf_decompile/source/DNFServer/GameServer/ServerLab/ServerLib/basic_source/Socket.cpp.o
STRONG_T	T	0xcc	0x8056546	_ZNK3nsl9TCPSocket14pollErrorEventEv	nsl::TCPSocket::pollErrorEvent() const	home/wangyilei/dnf_workspace/dnf_decompile/source/DNFServer/GameServer/ServerLab/ServerLib/basic_source/Socket.cpp.o
STRONG_T	T	0xcc	0x805647a	_ZNK3nsl9TCPSocket14pollWriteEventEv	nsl::TCPSocket::pollWriteEvent() const	home/wangyilei/dnf_workspace/dnf_decompile/source/DNFServer/GameServer/ServerLab/ServerLib/basic_source/Socket.cpp.o
STRONG_T	T	0xa	0x80563a4	_ZNK3nsl9TCPSocket9getHandleEv	nsl::TCPSocket::getHandle() const	home/wangyilei/dnf_workspace/dnf_decompile/source/DNFServer/GameServer/ServerLab/ServerLib/basic_source/Socket.cpp.o
STRONG_T	T	0xcc	0x8056a6a	_ZNK3nsl9UDPSocket13pollReadEventEv	nsl::UDPSocket::pollReadEvent() const	home/wangyilei/dnf_workspace/dnf_decompile/source/DNFServer/GameServer/ServerLab/ServerLib/basic_source/Socket.cpp.o
STRONG_T	T	0xcc	0x8056c02	_ZNK3nsl9UDPSocket14pollErrorEventEv	nsl::UDPSocket::pollErrorEvent() const	home/wangyilei/dnf_workspace/dnf_decompile/source/DNFServer/GameServer/ServerLab/ServerLib/basic_source/Socket.cpp.o
STRONG_T	T	0xcc	0x8056b36	_ZNK3nsl9UDPSocket14pollWriteEventEv	nsl::UDPSocket::pollWriteEvent() const	home/wangyilei/dnf_workspace/dnf_decompile/source/DNFServer/GameServer/ServerLab/ServerLib/basic_source/Socket.cpp.o
STRONG_T	T	0x9f	0x81420d8	_ZNK5CUser11isBlackUserEj	CUser::isBlackUser(unsigned int) const	home/wangyilei/dnf_workspace/dnf_decompile/source/DNFServer/GameServer/Game/CUser.cpp.o
STRONG_T	T	0x20	0x8141b70	_ZNK5CUser20GetCharacExpandDataRER23ENUM_CHARAC_EXPAND_TYPE	CUser::GetCharacExpandDataR(ENUM_CHARAC_EXPAND_TYPE&) const	home/wangyilei/dnf_workspace/dnf_decompile/source/DNFServer/GameServer/Game/CUser.cpp.o
STRONG_T	T	0x26	0x80c6e46	_ZNK6Cipher14GetOriginalKeyEPh	Cipher::GetOriginalKey(unsigned char*) const	home/wangyilei/dnf_workspace/dnf_decompile/source/DNFServer/GameServer/Game/Cipher.cpp.o
STRONG_T	T	0xb5	0x80c6fd4	_ZNK6Cipher7DecryptEiPKhiPhPi	Cipher::Decrypt(int, unsigned char const*, int, unsigned char*, int*) const	home/wangyilei/dnf_workspace/dnf_decompile/source/DNFServer/GameServer/Game/Cipher.cpp.o
STRONG_T	T	0xe2	0x80c6ef2	_ZNK6Cipher7EncryptEiPKhiPhPi	Cipher::Encrypt(int, unsigned char const*, int, unsigned char*, int*) const	home/wangyilei/dnf_workspace/dnf_decompile/source/DNFServer/GameServer/Game/Cipher.cpp.o
STRONG_T	T	0xa	0x825b342	_ZNK8CMonster9get_indexEv	CMonster::get_index() const	home/wangyilei/dnf_workspace/dnf_decompile/source/DNFServer/GameServer/Game/GameStubs.cpp.o
STRONG_T	T	0xa	0x825ba70	_ZNK9CItemShop19GetOneADayItemListEv	_ZNK9CItemShop19GetOneADayItemListEv	home/wangyilei/dnf_workspace/dnf_decompile/source/DNFServer/GameServer/Game/GameStubs.cpp.o
STRONG_T	T	0x13d	0x8132ce8	_ZNK9SkillSlot24checkskillSlotEmptyCountERi	SkillSlot::checkskillSlotEmptyCount(int&) const	home/wangyilei/dnf_workspace/dnf_decompile/source/DNFServer/GameServer/Game/SkillSlot.cpp.o
STRONG_T	T	0xa	0x825ac17	loadRDARScriptFile	loadRDARScriptFile	home/wangyilei/dnf_workspace/dnf_decompile/source/DNFServer/GameServer/Game/GameStubs.cpp.o
WEAK_TEMPLATE	W	0x10a	0x8163132	_ZN10StaticPoolI10BlueMarbleLi300EE3GetEi	StaticPool<BlueMarble, 300>::Get(int)	home/wangyilei/dnf_workspace/dnf_decompile/source/DNFServer/GameServer/Game/CGameManager.cpp.o
WEAK_TEMPLATE	W	0xa	0x81634ad	_ZN10StaticPoolI10BlueMarbleLi300EE4SizeEv	StaticPool<BlueMarble, 300>::Size()	home/wangyilei/dnf_workspace/dnf_decompile/source/DNFServer/GameServer/Game/CGameManager.cpp.o
WEAK_TEMPLATE	W	0x16	0x81634b8	_ZN10StaticPoolI10BlueMarbleLi300EE6RemainEv	StaticPool<BlueMarble, 300>::Remain()	home/wangyilei/dnf_workspace/dnf_decompile/source/DNFServer/GameServer/Game/CGameManager.cpp.o
WEAK_TEMPLATE	W	0x119	0x8163806	_ZN10StaticPoolI20CACHE_CHARACTER_TYPELi1000EE3GetEi	StaticPool<CACHE_CHARACTER_TYPE, 1000>::Get(int)	home/wangyilei/dnf_workspace/dnf_decompile/source/DNFServer/GameServer/Game/CGameManager.cpp.o
WEAK_TEMPLATE	W	0xa	0x8163bb1	_ZN10StaticPoolI20CACHE_CHARACTER_TYPELi1000EE4SizeEv	StaticPool<CACHE_CHARACTER_TYPE, 1000>::Size()	home/wangyilei/dnf_workspace/dnf_decompile/source/DNFServer/GameServer/Game/CGameManager.cpp.o
WEAK_TEMPLATE	W	0x12c	0x8163a7a	_ZN10StaticPoolI20CACHE_CHARACTER_TYPELi1000EE8GetIndexEPS0_	StaticPool<CACHE_CHARACTER_TYPE, 1000>::GetIndex(CACHE_CHARACTER_TYPE*)	home/wangyilei/dnf_workspace/dnf_decompile/source/DNFServer/GameServer/Game/CGameManager.cpp.o
WEAK_TEMPLATE	W	0x115	0x815fe66	_ZN10StaticPoolI6CPartyLi600EE3GetEi	StaticPool<CParty, 600>::Get(int)	home/wangyilei/dnf_workspace/dnf_decompile/source/DNFServer/GameServer/Game/CGameManager.cpp.o
WEAK_TEMPLATE	W	0x11a	0x8160d4e	_ZN10StaticPoolI7WarRoomLi40EE3GetEi	StaticPool<WarRoom, 40>::Get(int)	home/wangyilei/dnf_workspace/dnf_decompile/source/DNFServer/GameServer/Game/CGameManager.cpp.o
WEAK_TEMPLATE	W	0x115	0x81605d0	_ZN10StaticPoolI8PvP_RoomLi600EE3GetEi	StaticPool<PvP_Room, 600>::Get(int)	home/wangyilei/dnf_workspace/dnf_decompile/source/DNFServer/GameServer/Game/CGameManager.cpp.o
WEAK_TEMPLATE	W	0x112	0x8163e64	_ZN10StaticPoolI8_IO_FILELi50EE3GetEi	StaticPool<_IO_FILE, 50>::Get(int)	home/wangyilei/dnf_workspace/dnf_decompile/source/DNFServer/GameServer/Game/CGameManager.cpp.o
WEAK_TEMPLATE	W	0xa	0x8164205	_ZN10StaticPoolI8_IO_FILELi50EE4SizeEv	StaticPool<_IO_FILE, 50>::Size()	home/wangyilei/dnf_workspace/dnf_decompile/source/DNFServer/GameServer/Game/CGameManager.cpp.o
WEAK_TEMPLATE	W	0x16	0x8164210	_ZN10StaticPoolI8_IO_FILELi50EE6RemainEv	StaticPool<_IO_FILE, 50>::Remain()	home/wangyilei/dnf_workspace/dnf_decompile/source/DNFServer/GameServer/Game/CGameManager.cpp.o
WEAK_TEMPLATE	W	0x129	0x81640d0	_ZN10StaticPoolI8_IO_FILELi50EE8GetIndexEPS0_	StaticPool<_IO_FILE, 50>::GetIndex(_IO_FILE*)	home/wangyilei/dnf_workspace/dnf_decompile/source/DNFServer/GameServer/Game/CGameManager.cpp.o
WEAK_TEMPLATE	W	0x109	0x8162a02	_ZN10StaticPoolIN10QuickParty11CQuickPartyELi300EE3GetEi	StaticPool<QuickParty::CQuickParty, 300>::Get(int)	home/wangyilei/dnf_workspace/dnf_decompile/source/DNFServer/GameServer/Game/CGameManager.cpp.o
WEAK_TEMPLATE	W	0x119	0x816455e	_ZN10StaticPoolIN10expert_job10CEnchanterELi300EE3GetEi	StaticPool<expert_job::CEnchanter, 300>::Get(int)	home/wangyilei/dnf_workspace/dnf_decompile/source/DNFServer/GameServer/Game/CGameManager.cpp.o
WEAK_TEMPLATE	W	0xa	0x8164909	_ZN10StaticPoolIN10expert_job10CEnchanterELi300EE4SizeEv	StaticPool<expert_job::CEnchanter, 300>::Size()	home/wangyilei/dnf_workspace/dnf_decompile/source/DNFServer/GameServer/Game/CGameManager.cpp.o
WEAK_TEMPLATE	W	0x16	0x8164914	_ZN10StaticPoolIN10expert_job10CEnchanterELi300EE6RemainEv	StaticPool<expert_job::CEnchanter, 300>::Remain()	home/wangyilei/dnf_workspace/dnf_decompile/source/DNFServer/GameServer/Game/CGameManager.cpp.o
WEAK_TEMPLATE	W	0x12c	0x81647d2	_ZN10StaticPoolIN10expert_job10CEnchanterELi300EE8GetIndexEPS1_	StaticPool<expert_job::CEnchanter, 300>::GetIndex(expert_job::CEnchanter*)	home/wangyilei/dnf_workspace/dnf_decompile/source/DNFServer/GameServer/Game/CGameManager.cpp.o
WEAK_TEMPLATE	W	0x119	0x8164c62	_ZN10StaticPoolIN10expert_job11CDisjointerELi600EE3GetEi	StaticPool<expert_job::CDisjointer, 600>::Get(int)	home/wangyilei/dnf_workspace/dnf_decompile/source/DNFServer/GameServer/Game/CGameManager.cpp.o
WEAK_TEMPLATE	W	0xa	0x816500d	_ZN10StaticPoolIN10expert_job11CDisjointerELi600EE4SizeEv	StaticPool<expert_job::CDisjointer, 600>::Size()	home/wangyilei/dnf_workspace/dnf_decompile/source/DNFServer/GameServer/Game/CGameManager.cpp.o
WEAK_TEMPLATE	W	0x16	0x8165018	_ZN10StaticPoolIN10expert_job11CDisjointerELi600EE6RemainEv	StaticPool<expert_job::CDisjointer, 600>::Remain()	home/wangyilei/dnf_workspace/dnf_decompile/source/DNFServer/GameServer/Game/CGameManager.cpp.o
WEAK_TEMPLATE	W	0x12c	0x8164ed6	_ZN10StaticPoolIN10expert_job11CDisjointerELi600EE8GetIndexEPS1_	StaticPool<expert_job::CDisjointer, 600>::GetIndex(expert_job::CDisjointer*)	home/wangyilei/dnf_workspace/dnf_decompile/source/DNFServer/GameServer/Game/CGameManager.cpp.o
WEAK_TEMPLATE	W	0x116	0x8165362	_ZN10StaticPoolIN11pvp_assault13CAssaultPlaceELi128EE3GetEi	StaticPool<pvp_assault::CAssaultPlace, 128>::Get(int)	home/wangyilei/dnf_workspace/dnf_decompile/source/DNFServer/GameServer/Game/CGameManager.cpp.o
WEAK_TEMPLATE	W	0xa	0x8165707	_ZN10StaticPoolIN11pvp_assault13CAssaultPlaceELi128EE4SizeEv	StaticPool<pvp_assault::CAssaultPlace, 128>::Size()	home/wangyilei/dnf_workspace/dnf_decompile/source/DNFServer/GameServer/Game/CGameManager.cpp.o
WEAK_TEMPLATE	W	0x16	0x8165712	_ZN10StaticPoolIN11pvp_assault13CAssaultPlaceELi128EE6RemainEv	StaticPool<pvp_assault::CAssaultPlace, 128>::Remain()	home/wangyilei/dnf_workspace/dnf_decompile/source/DNFServer/GameServer/Game/CGameManager.cpp.o
WEAK_TEMPLATE	W	0x129	0x81655d2	_ZN10StaticPoolIN11pvp_assault13CAssaultPlaceELi128EE8GetIndexEPS1_	StaticPool<pvp_assault::CAssaultPlace, 128>::GetIndex(pvp_assault::CAssaultPlace*)	home/wangyilei/dnf_workspace/dnf_decompile/source/DNFServer/GameServer/Game/CGameManager.cpp.o
WEAK_TEMPLATE	W	0x115	0x816231c	_ZN10StaticPoolIN12advancealtar12StageControlELi600EE3GetEi	StaticPool<advancealtar::StageControl, 600>::Get(int)	home/wangyilei/dnf_workspace/dnf_decompile/source/DNFServer/GameServer/Game/CGameManager.cpp.o
WEAK_TEMPLATE	W	0xa	0x81626c3	_ZN10StaticPoolIN12advancealtar12StageControlELi600EE4SizeEv	StaticPool<advancealtar::StageControl, 600>::Size()	home/wangyilei/dnf_workspace/dnf_decompile/source/DNFServer/GameServer/Game/CGameManager.cpp.o
WEAK_TEMPLATE	W	0x16	0x81626ce	_ZN10StaticPoolIN12advancealtar12StageControlELi600EE6RemainEv	StaticPool<advancealtar::StageControl, 600>::Remain()	home/wangyilei/dnf_workspace/dnf_decompile/source/DNFServer/GameServer/Game/CGameManager.cpp.o
WEAK_TEMPLATE	W	0x119	0x8165a60	_ZN10StaticPoolIN13private_store13CPrivateStoreELi300EE3GetEi	StaticPool<private_store::CPrivateStore, 300>::Get(int)	home/wangyilei/dnf_workspace/dnf_decompile/source/DNFServer/GameServer/Game/CGameManager.cpp.o
WEAK_TEMPLATE	W	0xa	0x8165e0b	_ZN10StaticPoolIN13private_store13CPrivateStoreELi300EE4SizeEv	StaticPool<private_store::CPrivateStore, 300>::Size()	home/wangyilei/dnf_workspace/dnf_decompile/source/DNFServer/GameServer/Game/CGameManager.cpp.o
WEAK_TEMPLATE	W	0x16	0x8165e16	_ZN10StaticPoolIN13private_store13CPrivateStoreELi300EE6RemainEv	StaticPool<private_store::CPrivateStore, 300>::Remain()	home/wangyilei/dnf_workspace/dnf_decompile/source/DNFServer/GameServer/Game/CGameManager.cpp.o
WEAK_TEMPLATE	W	0x12c	0x8165cd4	_ZN10StaticPoolIN13private_store13CPrivateStoreELi300EE8GetIndexEPS1_	StaticPool<private_store::CPrivateStore, 300>::GetIndex(private_store::CPrivateStore*)	home/wangyilei/dnf_workspace/dnf_decompile/source/DNFServer/GameServer/Game/CGameManager.cpp.o
WEAK_TEMPLATE	W	0x119	0x8166164	_ZN10StaticPoolIN15exchange_server8CSessionELi300EE3GetEi	StaticPool<exchange_server::CSession, 300>::Get(int)	home/wangyilei/dnf_workspace/dnf_decompile/source/DNFServer/GameServer/Game/CGameManager.cpp.o
WEAK_TEMPLATE	W	0xa	0x816650f	_ZN10StaticPoolIN15exchange_server8CSessionELi300EE4SizeEv	StaticPool<exchange_server::CSession, 300>::Size()	home/wangyilei/dnf_workspace/dnf_decompile/source/DNFServer/GameServer/Game/CGameManager.cpp.o
WEAK_TEMPLATE	W	0x16	0x816651a	_ZN10StaticPoolIN15exchange_server8CSessionELi300EE6RemainEv	StaticPool<exchange_server::CSession, 300>::Remain()	home/wangyilei/dnf_workspace/dnf_decompile/source/DNFServer/GameServer/Game/CGameManager.cpp.o
WEAK_TEMPLATE	W	0x12c	0x81663d8	_ZN10StaticPoolIN15exchange_server8CSessionELi300EE8GetIndexEPS1_	StaticPool<exchange_server::CSession, 300>::GetIndex(exchange_server::CSession*)	home/wangyilei/dnf_workspace/dnf_decompile/source/DNFServer/GameServer/Game/CGameManager.cpp.o
WEAK_TEMPLATE	W	0x109	0x81667b6	_ZN10StaticPoolIN18online_preliminary22COnlinePreliminaryTeamELi600EE3GetEi	StaticPool<online_preliminary::COnlinePreliminaryTeam, 600>::Get(int)	home/wangyilei/dnf_workspace/dnf_decompile/source/DNFServer/GameServer/Game/CGameManager.cpp.o
WEAK_TEMPLATE	W	0xa	0x8166b31	_ZN10StaticPoolIN18online_preliminary22COnlinePreliminaryTeamELi600EE4SizeEv	StaticPool<online_preliminary::COnlinePreliminaryTeam, 600>::Size()	home/wangyilei/dnf_workspace/dnf_decompile/source/DNFServer/GameServer/Game/CGameManager.cpp.o
WEAK_TEMPLATE	W	0x16	0x8166b3c	_ZN10StaticPoolIN18online_preliminary22COnlinePreliminaryTeamELi600EE6RemainEv	StaticPool<online_preliminary::COnlinePreliminaryTeam, 600>::Remain()	home/wangyilei/dnf_workspace/dnf_decompile/source/DNFServer/GameServer/Game/CGameManager.cpp.o
WEAK_TEMPLATE	W	0x11d	0x8166a08	_ZN10StaticPoolIN18online_preliminary22COnlinePreliminaryTeamELi600EE8GetIndexEPS1_	StaticPool<online_preliminary::COnlinePreliminaryTeam, 600>::GetIndex(online_preliminary::COnlinePreliminaryTeam*)	home/wangyilei/dnf_workspace/dnf_decompile/source/DNFServer/GameServer/Game/CGameManager.cpp.o
WEAK_TEMPLATE	W	0x115	0x8161c24	_ZN10StaticPoolIN8WongWork10CBossTowerELi600EE3GetEi	StaticPool<WongWork::CBossTower, 600>::Get(int)	home/wangyilei/dnf_workspace/dnf_decompile/source/DNFServer/GameServer/Game/CGameManager.cpp.o
WEAK_TEMPLATE	W	0xa	0x8161fcb	_ZN10StaticPoolIN8WongWork10CBossTowerELi600EE4SizeEv	StaticPool<WongWork::CBossTower, 600>::Size()	home/wangyilei/dnf_workspace/dnf_decompile/source/DNFServer/GameServer/Game/CGameManager.cpp.o
WEAK_TEMPLATE	W	0x16	0x8161fd6	_ZN10StaticPoolIN8WongWork10CBossTowerELi600EE6RemainEv	StaticPool<WongWork::CBossTower, 600>::Remain()	home/wangyilei/dnf_workspace/dnf_decompile/source/DNFServer/GameServer/Game/CGameManager.cpp.o
WEAK_TEMPLATE	W	0x115	0x81614ba	_ZN10StaticPoolIN8WongWork11CDeathTowerELi600EE3GetEi	StaticPool<WongWork::CDeathTower, 600>::Get(int)	home/wangyilei/dnf_workspace/dnf_decompile/source/DNFServer/GameServer/Game/CGameManager.cpp.o
WEAK_TEMPLATE	W	0x116	0x816758a	_ZN10StaticPoolIN8WongWork8CMailBox5CMailELi20EE3GetEi	StaticPool<WongWork::CMailBox::CMail, 20>::Get(int)	home/wangyilei/dnf_workspace/dnf_decompile/source/DNFServer/GameServer/Game/CGameManager.cpp.o
WEAK_TEMPLATE	W	0xa	0x816792f	_ZN10StaticPoolIN8WongWork8CMailBox5CMailELi20EE4SizeEv	StaticPool<WongWork::CMailBox::CMail, 20>::Size()	home/wangyilei/dnf_workspace/dnf_decompile/source/DNFServer/GameServer/Game/CGameManager.cpp.o
WEAK_TEMPLATE	W	0x129	0x81677fa	_ZN10StaticPoolIN8WongWork8CMailBox5CMailELi20EE8GetIndexEPS2_	StaticPool<WongWork::CMailBox::CMail, 20>::GetIndex(WongWork::CMailBox::CMail*)	home/wangyilei/dnf_workspace/dnf_decompile/source/DNFServer/GameServer/Game/CGameManager.cpp.o
WEAK_TEMPLATE	W	0x119	0x8166e8a	_ZN10StaticPoolIN8WongWork8CMailBoxELi600EE3GetEi	StaticPool<WongWork::CMailBox, 600>::Get(int)	home/wangyilei/dnf_workspace/dnf_decompile/source/DNFServer/GameServer/Game/CGameManager.cpp.o
WEAK_TEMPLATE	W	0xa	0x8167235	_ZN10StaticPoolIN8WongWork8CMailBoxELi600EE4SizeEv	StaticPool<WongWork::CMailBox, 600>::Size()	home/wangyilei/dnf_workspace/dnf_decompile/source/DNFServer/GameServer/Game/CGameManager.cpp.o
WEAK_TEMPLATE	W	0x16	0x8167240	_ZN10StaticPoolIN8WongWork8CMailBoxELi600EE6RemainEv	StaticPool<WongWork::CMailBox, 600>::Remain()	home/wangyilei/dnf_workspace/dnf_decompile/source/DNFServer/GameServer/Game/CGameManager.cpp.o
WEAK_TEMPLATE	W	0x12c	0x81670fe	_ZN10StaticPoolIN8WongWork8CMailBoxELi600EE8GetIndexEPS1_	StaticPool<WongWork::CMailBox, 600>::GetIndex(WongWork::CMailBox*)	home/wangyilei/dnf_workspace/dnf_decompile/source/DNFServer/GameServer/Game/CGameManager.cpp.o
WEAK_TEMPLATE	W	0xe	0x820f280	_ZN10secretshop8IBuyRuleC1Ev	secretshop::IBuyRule::IBuyRule()	home/wangyilei/dnf_workspace/dnf_decompile/source/DNFServer/GameServer/Game/CSecretShop.cpp.o
WEAK_TEMPLATE	W	0xe	0x820f280	_ZN10secretshop8IBuyRuleC2Ev	secretshop::IBuyRule::IBuyRule()	home/wangyilei/dnf_workspace/dnf_decompile/source/DNFServer/GameServer/Game/CSecretShop.cpp.o
WEAK_TEMPLATE	W	0x1e	0x820f2b4	_ZN10secretshop8IBuyRuleD0Ev	secretshop::IBuyRule::~IBuyRule()	home/wangyilei/dnf_workspace/dnf_decompile/source/DNFServer/GameServer/Game/CSecretShop.cpp.o
WEAK_TEMPLATE	W	0x25	0x820f28e	_ZN10secretshop8IBuyRuleD1Ev	secretshop::IBuyRule::~IBuyRule()	home/wangyilei/dnf_workspace/dnf_decompile/source/DNFServer/GameServer/Game/CSecretShop.cpp.o
WEAK_TEMPLATE	W	0x25	0x820f28e	_ZN10secretshop8IBuyRuleD2Ev	secretshop::IBuyRule::~IBuyRule()	home/wangyilei/dnf_workspace/dnf_decompile/source/DNFServer/GameServer/Game/CSecretShop.cpp.o
WEAK_TEMPLATE	W	0x67	0x8167e48	_ZN11DynamicPoolI9PacketBufE10IsValidPtrEPS0_	DynamicPool<PacketBuf>::IsValidPtr(PacketBuf*)	home/wangyilei/dnf_workspace/dnf_decompile/source/DNFServer/GameServer/Game/CGameManager.cpp.o
WEAK_TEMPLATE	W	0x67	0x81686ea	_ZN11DynamicPoolIN13user_creature4CEggEE10IsValidPtrEPS1_	DynamicPool<user_creature::CEgg>::IsValidPtr(user_creature::CEgg*)	home/wangyilei/dnf_workspace/dnf_decompile/source/DNFServer/GameServer/Game/CGameManager.cpp.o
WEAK_TEMPLATE	W	0x2c	0x8168896	_ZN11DynamicPoolIN13user_creature4CEggEE11SetPoolSizeEtt	DynamicPool<user_creature::CEgg>::SetPoolSize(unsigned short, unsigned short)	home/wangyilei/dnf_workspace/dnf_decompile/source/DNFServer/GameServer/Game/CGameManager.cpp.o
WEAK_TEMPLATE	W	0x67	0x8168f9e	_ZN11DynamicPoolIN13user_creature9CCreatureEE10IsValidPtrEPS1_	DynamicPool<user_creature::CCreature>::IsValidPtr(user_creature::CCreature*)	home/wangyilei/dnf_workspace/dnf_decompile/source/DNFServer/GameServer/Game/CGameManager.cpp.o
WEAK_TEMPLATE	W	0x2c	0x816914a	_ZN11DynamicPoolIN13user_creature9CCreatureEE11SetPoolSizeEtt	DynamicPool<user_creature::CCreature>::SetPoolSize(unsigned short, unsigned short)	home/wangyilei/dnf_workspace/dnf_decompile/source/DNFServer/GameServer/Game/CGameManager.cpp.o
WEAK_TEMPLATE	W	0x67	0x8169852	_ZN11DynamicPoolIN8WongWork11Avatar_ItemEE10IsValidPtrEPS1_	DynamicPool<WongWork::Avatar_Item>::IsValidPtr(WongWork::Avatar_Item*)	home/wangyilei/dnf_workspace/dnf_decompile/source/DNFServer/GameServer/Game/CGameManager.cpp.o
WEAK_TEMPLATE	W	0x2c	0x81699fe	_ZN11DynamicPoolIN8WongWork11Avatar_ItemEE11SetPoolSizeEtt	DynamicPool<WongWork::Avatar_Item>::SetPoolSize(unsigned short, unsigned short)	home/wangyilei/dnf_workspace/dnf_decompile/source/DNFServer/GameServer/Game/CGameManager.cpp.o
WEAK_TEMPLATE	W	0x122	0x816937e	_ZN11DynamicPoolIN8WongWork11Avatar_ItemEEC1Ei	DynamicPool<WongWork::Avatar_Item>::DynamicPool(int)	home/wangyilei/dnf_workspace/dnf_decompile/source/DNFServer/GameServer/Game/CGameManager.cpp.o
WEAK_TEMPLATE	W	0x122	0x816937e	_ZN11DynamicPoolIN8WongWork11Avatar_ItemEEC2Ei	DynamicPool<WongWork::Avatar_Item>::DynamicPool(int)	home/wangyilei/dnf_workspace/dnf_decompile/source/DNFServer/GameServer/Game/CGameManager.cpp.o
WEAK_TEMPLATE	W	0x67	0x816a106	_ZN11DynamicPoolIN8WongWork3IPG8SIPGDataEE10IsValidPtrEPS2_	DynamicPool<WongWork::IPG::SIPGData>::IsValidPtr(WongWork::IPG::SIPGData*)	home/wangyilei/dnf_workspace/dnf_decompile/source/DNFServer/GameServer/Game/CGameManager.cpp.o
WEAK_TEMPLATE	W	0x2c	0x816a2b2	_ZN11DynamicPoolIN8WongWork3IPG8SIPGDataEE11SetPoolSizeEtt	DynamicPool<WongWork::IPG::SIPGData>::SetPoolSize(unsigned short, unsigned short)	home/wangyilei/dnf_workspace/dnf_decompile/source/DNFServer/GameServer/Game/CGameManager.cpp.o
WEAK_TEMPLATE	W	0x13	0x8169d54	_ZN11DynamicPoolIN8WongWork3IPG8SIPGDataEE5CNodeD1Ev	DynamicPool<WongWork::IPG::SIPGData>::CNode::~CNode()	home/wangyilei/dnf_workspace/dnf_decompile/source/DNFServer/GameServer/Game/CGameManager.cpp.o
WEAK_TEMPLATE	W	0x13	0x8169d54	_ZN11DynamicPoolIN8WongWork3IPG8SIPGDataEE5CNodeD2Ev	DynamicPool<WongWork::IPG::SIPGData>::CNode::~CNode()	home/wangyilei/dnf_workspace/dnf_decompile/source/DNFServer/GameServer/Game/CGameManager.cpp.o
WEAK_TEMPLATE	W	0x13	0x808c0fc	_ZN11MSG_ENCHANTD1Ev	MSG_ENCHANT::~MSG_ENCHANT()	home/wangyilei/dnf_workspace/dnf_decompile/source/DNFServer/GameServer/Game/Dispatchers.cpp.o
WEAK_TEMPLATE	W	0x13	0x808c0fc	_ZN11MSG_ENCHANTD2Ev	MSG_ENCHANT::~MSG_ENCHANT()	home/wangyilei/dnf_workspace/dnf_decompile/source/DNFServer/GameServer/Game/Dispatchers.cpp.o
WEAK_TEMPLATE	W	0x13	0x808c3f8	_ZN11MSG_USE_DYED1Ev	MSG_USE_DYE::~MSG_USE_DYE()	home/wangyilei/dnf_workspace/dnf_decompile/source/DNFServer/GameServer/Game/Dispatchers.cpp.o
WEAK_TEMPLATE	W	0x13	0x808c3f8	_ZN11MSG_USE_DYED2Ev	MSG_USE_DYE::~MSG_USE_DYE()	home/wangyilei/dnf_workspace/dnf_decompile/source/DNFServer/GameServer/Game/Dispatchers.cpp.o
WEAK_TEMPLATE	W	0x16	0x81a7294	_ZN11WR_map_itemC1Ev	WR_map_item::WR_map_item()	home/wangyilei/dnf_workspace/dnf_decompile/source/DNFServer/GameServer/Game/WarRoom.cpp.o
WEAK_TEMPLATE	W	0x16	0x81a7294	_ZN11WR_map_itemC2Ev	WR_map_item::WR_map_item()	home/wangyilei/dnf_workspace/dnf_decompile/source/DNFServer/GameServer/Game/WarRoom.cpp.o
WEAK_TEMPLATE	W	0x16	0x811b636	_ZN11sync_script10SARMORTYPED1Ev	sync_script::SARMORTYPE::~SARMORTYPE()	home/wangyilei/dnf_workspace/dnf_decompile/source/DNFServer/GameServer/Game/CItemList.cpp.o
WEAK_TEMPLATE	W	0x16	0x811b636	_ZN11sync_script10SARMORTYPED2Ev	sync_script::SARMORTYPE::~SARMORTYPE()	home/wangyilei/dnf_workspace/dnf_decompile/source/DNFServer/GameServer/Game/CItemList.cpp.o
WEAK_TEMPLATE	W	0x13	0x808c6f4	_ZN12MSG_BUY_ITEMD1Ev	MSG_BUY_ITEM::~MSG_BUY_ITEM()	home/wangyilei/dnf_workspace/dnf_decompile/source/DNFServer/GameServer/Game/PacketTypes.cpp.o
WEAK_TEMPLATE	W	0x13	0x808c6f4	_ZN12MSG_BUY_ITEMD2Ev	MSG_BUY_ITEM::~MSG_BUY_ITEM()	home/wangyilei/dnf_workspace/dnf_decompile/source/DNFServer/GameServer/Game/PacketTypes.cpp.o
WEAK_TEMPLATE	W	0x13	0x808c9f0	_ZN12MSG_GET_ITEMD1Ev	MSG_GET_ITEM::~MSG_GET_ITEM()	home/wangyilei/dnf_workspace/dnf_decompile/source/DNFServer/GameServer/Game/PacketTypes.cpp.o
WEAK_TEMPLATE	W	0x13	0x808c9f0	_ZN12MSG_GET_ITEMD2Ev	MSG_GET_ITEM::~MSG_GET_ITEM()	home/wangyilei/dnf_workspace/dnf_decompile/source/DNFServer/GameServer/Game/PacketTypes.cpp.o
WEAK_TEMPLATE	W	0x13	0x808ccec	_ZN12MSG_MOVE_MAPD1Ev	MSG_MOVE_MAP::~MSG_MOVE_MAP()	home/wangyilei/dnf_workspace/dnf_decompile/source/DNFServer/GameServer/Game/PacketTypes.cpp.o
WEAK_TEMPLATE	W	0x13	0x808ccec	_ZN12MSG_MOVE_MAPD2Ev	MSG_MOVE_MAP::~MSG_MOVE_MAP()	home/wangyilei/dnf_workspace/dnf_decompile/source/DNFServer/GameServer/Game/PacketTypes.cpp.o
WEAK_TEMPLATE	W	0x13	0x808cfe8	_ZN12MSG_SCAN_DLLD1Ev	MSG_SCAN_DLL::~MSG_SCAN_DLL()	home/wangyilei/dnf_workspace/dnf_decompile/source/DNFServer/GameServer/Game/Dispatchers.cpp.o
WEAK_TEMPLATE	W	0x13	0x808cfe8	_ZN12MSG_SCAN_DLLD2Ev	MSG_SCAN_DLL::~MSG_SCAN_DLL()	home/wangyilei/dnf_workspace/dnf_decompile/source/DNFServer/GameServer/Game/Dispatchers.cpp.o
WEAK_TEMPLATE	W	0x13	0x808d2e4	_ZN12MSG_SCAN_DRVD1Ev	MSG_SCAN_DRV::~MSG_SCAN_DRV()	home/wangyilei/dnf_workspace/dnf_decompile/source/DNFServer/GameServer/Game/Dispatchers.cpp.o
WEAK_TEMPLATE	W	0x13	0x808d2e4	_ZN12MSG_SCAN_DRVD2Ev	MSG_SCAN_DRV::~MSG_SCAN_DRV()	home/wangyilei/dnf_workspace/dnf_decompile/source/DNFServer/GameServer/Game/Dispatchers.cpp.o
WEAK_TEMPLATE	W	0x13	0x808d5e0	_ZN12MSG_SECU_RPYD1Ev	MSG_SECU_RPY::~MSG_SECU_RPY()	home/wangyilei/dnf_workspace/dnf_decompile/source/DNFServer/GameServer/Game/Dispatchers.cpp.o
WEAK_TEMPLATE	W	0x13	0x808d5e0	_ZN12MSG_SECU_RPYD2Ev	MSG_SECU_RPY::~MSG_SECU_RPY()	home/wangyilei/dnf_workspace/dnf_decompile/source/DNFServer/GameServer/Game/Dispatchers.cpp.o
WEAK_TEMPLATE	W	0x13	0x808d8dc	_ZN12MSG_TELEPORTD1Ev	MSG_TELEPORT::~MSG_TELEPORT()	home/wangyilei/dnf_workspace/dnf_decompile/source/DNFServer/GameServer/Game/Dispatchers.cpp.o
WEAK_TEMPLATE	W	0x13	0x808d8dc	_ZN12MSG_TELEPORTD2Ev	MSG_TELEPORT::~MSG_TELEPORT()	home/wangyilei/dnf_workspace/dnf_decompile/source/DNFServer/GameServer/Game/Dispatchers.cpp.o
WEAK_TEMPLATE	W	0x13	0x808dbd8	_ZN12MSG_USE_COIND1Ev	MSG_USE_COIN::~MSG_USE_COIN()	home/wangyilei/dnf_workspace/dnf_decompile/source/DNFServer/GameServer/Game/PacketTypes.cpp.o
WEAK_TEMPLATE	W	0x13	0x808dbd8	_ZN12MSG_USE_COIND2Ev	MSG_USE_COIN::~MSG_USE_COIN()	home/wangyilei/dnf_workspace/dnf_decompile/source/DNFServer/GameServer/Game/PacketTypes.cpp.o
WEAK_TEMPLATE	W	0x7e	0x82355a6	_ZN12STItemScript10SEXPERTJOBC1ERKS0_	STItemScript::SEXPERTJOB::SEXPERTJOB(STItemScript::SEXPERTJOB const&)	home/wangyilei/dnf_workspace/dnf_decompile/source/DNFServer/GameServer/Game/STStackableScript.cpp.o
WEAK_TEMPLATE	W	0x7e	0x82355a6	_ZN12STItemScript10SEXPERTJOBC2ERKS0_	STItemScript::SEXPERTJOB::SEXPERTJOB(STItemScript::SEXPERTJOB const&)	home/wangyilei/dnf_workspace/dnf_decompile/source/DNFServer/GameServer/Game/STStackableScript.cpp.o
WEAK_TEMPLATE	W	0x6c1	0x823564e	_ZN12STItemScriptC1ERKS_	STItemScript::STItemScript(STItemScript const&)	home/wangyilei/dnf_workspace/dnf_decompile/source/DNFServer/GameServer/Game/STStackableScript.cpp.o
WEAK_TEMPLATE	W	0x6c1	0x823564e	_ZN12STItemScriptC2ERKS_	STItemScript::STItemScript(STItemScript const&)	home/wangyilei/dnf_workspace/dnf_decompile/source/DNFServer/GameServer/Game/STStackableScript.cpp.o
WEAK_TEMPLATE	W	0x13	0x808ded4	_ZN13MSG_BUY_SKILLD1Ev	MSG_BUY_SKILL::~MSG_BUY_SKILL()	home/wangyilei/dnf_workspace/dnf_decompile/source/DNFServer/GameServer/Game/PacketTypes.cpp.o
WEAK_TEMPLATE	W	0x13	0x808ded4	_ZN13MSG_BUY_SKILLD2Ev	MSG_BUY_SKILL::~MSG_BUY_SKILL()	home/wangyilei/dnf_workspace/dnf_decompile/source/DNFServer/GameServer/Game/PacketTypes.cpp.o
WEAK_TEMPLATE	W	0x13	0x808e1d0	_ZN13MSG_DROP_ITEMD1Ev	MSG_DROP_ITEM::~MSG_DROP_ITEM()	home/wangyilei/dnf_workspace/dnf_decompile/source/DNFServer/GameServer/Game/PacketTypes.cpp.o
WEAK_TEMPLATE	W	0x13	0x808e1d0	_ZN13MSG_DROP_ITEMD2Ev	MSG_DROP_ITEM::~MSG_DROP_ITEM()	home/wangyilei/dnf_workspace/dnf_decompile/source/DNFServer/GameServer/Game/PacketTypes.cpp.o
WEAK_TEMPLATE	W	0x13	0x808e4cc	_ZN13MSG_RENT_ITEMD1Ev	MSG_RENT_ITEM::~MSG_RENT_ITEM()	home/wangyilei/dnf_workspace/dnf_decompile/source/DNFServer/GameServer/Game/Dispatchers.cpp.o
WEAK_TEMPLATE	W	0x13	0x808e4cc	_ZN13MSG_RENT_ITEMD2Ev	MSG_RENT_ITEM::~MSG_RENT_ITEM()	home/wangyilei/dnf_workspace/dnf_decompile/source/DNFServer/GameServer/Game/Dispatchers.cpp.o
WEAK_TEMPLATE	W	0x13	0x808e7c8	_ZN13MSG_SORT_ITEMD1Ev	MSG_SORT_ITEM::~MSG_SORT_ITEM()	home/wangyilei/dnf_workspace/dnf_decompile/source/DNFServer/GameServer/Game/PacketTypes.cpp.o
WEAK_TEMPLATE	W	0x13	0x808e7c8	_ZN13MSG_SORT_ITEMD2Ev	MSG_SORT_ITEM::~MSG_SORT_ITEM()	home/wangyilei/dnf_workspace/dnf_decompile/source/DNFServer/GameServer/Game/PacketTypes.cpp.o
WEAK_TEMPLATE	W	0x13	0x808eac4	_ZN13MSG_USE_SKILLD1Ev	MSG_USE_SKILL::~MSG_USE_SKILL()	home/wangyilei/dnf_workspace/dnf_decompile/source/DNFServer/GameServer/Game/PacketTypes.cpp.o
WEAK_TEMPLATE	W	0x13	0x808eac4	_ZN13MSG_USE_SKILLD2Ev	MSG_USE_SKILL::~MSG_USE_SKILL()	home/wangyilei/dnf_workspace/dnf_decompile/source/DNFServer/GameServer/Game/PacketTypes.cpp.o
WEAK_TEMPLATE	W	0x22	0x80b7d0c	_ZN14CharStringDataC1Ev	CharStringData::CharStringData()	home/wangyilei/dnf_workspace/dnf_decompile/source/DNFServer/GameServer/Game/StringTypes.cpp.o
WEAK_TEMPLATE	W	0x22	0x80b7d0c	_ZN14CharStringDataC2Ev	CharStringData::CharStringData()	home/wangyilei/dnf_workspace/dnf_decompile/source/DNFServer/GameServer/Game/StringTypes.cpp.o
WEAK_TEMPLATE	W	0x20	0x80b7d2e	_ZN14CharStringDataD1Ev	CharStringData::~CharStringData()	home/wangyilei/dnf_workspace/dnf_decompile/source/DNFServer/GameServer/Game/StringTypes.cpp.o
WEAK_TEMPLATE	W	0x20	0x80b7d2e	_ZN14CharStringDataD2Ev	CharStringData::~CharStringData()	home/wangyilei/dnf_workspace/dnf_decompile/source/DNFServer/GameServer/Game/StringTypes.cpp.o
WEAK_TEMPLATE	W	0x13	0x808edc0	_ZN14MSG_ADD_FRIENDD1Ev	MSG_ADD_FRIEND::~MSG_ADD_FRIEND()	home/wangyilei/dnf_workspace/dnf_decompile/source/DNFServer/GameServer/Game/PacketTypes.cpp.o
WEAK_TEMPLATE	W	0x13	0x808edc0	_ZN14MSG_ADD_FRIENDD2Ev	MSG_ADD_FRIEND::~MSG_ADD_FRIEND()	home/wangyilei/dnf_workspace/dnf_decompile/source/DNFServer/GameServer/Game/PacketTypes.cpp.o
WEAK_TEMPLATE	W	0x13	0x808f0bc	_ZN14MSG_BINGO_QUIZD1Ev	MSG_BINGO_QUIZ::~MSG_BINGO_QUIZ()	home/wangyilei/dnf_workspace/dnf_decompile/source/DNFServer/GameServer/Game/Dispatchers.cpp.o
WEAK_TEMPLATE	W	0x13	0x808f0bc	_ZN14MSG_BINGO_QUIZD2Ev	MSG_BINGO_QUIZ::~MSG_BINGO_QUIZ()	home/wangyilei/dnf_workspace/dnf_decompile/source/DNFServer/GameServer/Game/Dispatchers.cpp.o
WEAK_TEMPLATE	W	0x13	0x808f3b8	_ZN14MSG_BREAK_AWAYD1Ev	MSG_BREAK_AWAY::~MSG_BREAK_AWAY()	home/wangyilei/dnf_workspace/dnf_decompile/source/DNFServer/GameServer/Game/Dispatchers.cpp.o
WEAK_TEMPLATE	W	0x13	0x808f3b8	_ZN14MSG_BREAK_AWAYD2Ev	MSG_BREAK_AWAY::~MSG_BREAK_AWAY()	home/wangyilei/dnf_workspace/dnf_decompile/source/DNFServer/GameServer/Game/Dispatchers.cpp.o
WEAK_TEMPLATE	W	0x13	0x808f6b4	_ZN14MSG_QUEST_SHOPD1Ev	MSG_QUEST_SHOP::~MSG_QUEST_SHOP()	home/wangyilei/dnf_workspace/dnf_decompile/source/DNFServer/GameServer/Game/Dispatchers.cpp.o
WEAK_TEMPLATE	W	0x13	0x808f6b4	_ZN14MSG_QUEST_SHOPD2Ev	MSG_QUEST_SHOP::~MSG_QUEST_SHOP()	home/wangyilei/dnf_workspace/dnf_decompile/source/DNFServer/GameServer/Game/Dispatchers.cpp.o
WEAK_TEMPLATE	W	0x13	0x808f9b0	_ZN14MSG_QUICK_CHATD1Ev	MSG_QUICK_CHAT::~MSG_QUICK_CHAT()	home/wangyilei/dnf_workspace/dnf_decompile/source/DNFServer/GameServer/Game/Dispatchers.cpp.o
WEAK_TEMPLATE	W	0x13	0x808f9b0	_ZN14MSG_QUICK_CHATD2Ev	MSG_QUICK_CHAT::~MSG_QUICK_CHAT()	home/wangyilei/dnf_workspace/dnf_decompile/source/DNFServer/GameServer/Game/Dispatchers.cpp.o
WEAK_TEMPLATE	W	0x13	0x808fcac	_ZN14MSG_SKILL_INITD1Ev	MSG_SKILL_INIT::~MSG_SKILL_INIT()	home/wangyilei/dnf_workspace/dnf_decompile/source/DNFServer/GameServer/Game/Dispatchers.cpp.o
WEAK_TEMPLATE	W	0x13	0x808fcac	_ZN14MSG_SKILL_INITD2Ev	MSG_SKILL_INIT::~MSG_SKILL_INIT()	home/wangyilei/dnf_workspace/dnf_decompile/source/DNFServer/GameServer/Game/Dispatchers.cpp.o
WEAK_TEMPLATE	W	0x37	0x81f1f12	_ZN14TeleportEffectC1ERKS_	TeleportEffect::TeleportEffect(TeleportEffect const&)	home/wangyilei/dnf_workspace/dnf_decompile/source/DNFServer/GameServer/Game/CPartyTelePort.cpp.o
WEAK_TEMPLATE	W	0x37	0x81f1f12	_ZN14TeleportEffectC2ERKS_	TeleportEffect::TeleportEffect(TeleportEffect const&)	home/wangyilei/dnf_workspace/dnf_decompile/source/DNFServer/GameServer/Game/CPartyTelePort.cpp.o
WEAK_TEMPLATE	W	0x16	0x81f1b9a	_ZN14TeleportEffectD1Ev	TeleportEffect::~TeleportEffect()	home/wangyilei/dnf_workspace/dnf_decompile/source/DNFServer/GameServer/Game/CPartyTelePort.cpp.o
WEAK_TEMPLATE	W	0x16	0x81f1b9a	_ZN14TeleportEffectD2Ev	TeleportEffect::~TeleportEffect()	home/wangyilei/dnf_workspace/dnf_decompile/source/DNFServer/GameServer/Game/CPartyTelePort.cpp.o
WEAK_TEMPLATE	W	0x3a	0x81f1fa8	_ZN14TeleportEffectaSERKS_	TeleportEffect::operator=(TeleportEffect const&)	home/wangyilei/dnf_workspace/dnf_decompile/source/DNFServer/GameServer/Game/CPartyTelePort.cpp.o
WEAK_TEMPLATE	W	0x22	0x80b7d4e	_ZN14WideStringDataC1Ev	WideStringData::WideStringData()	home/wangyilei/dnf_workspace/dnf_decompile/source/DNFServer/GameServer/Game/StringTypes.cpp.o
WEAK_TEMPLATE	W	0x22	0x80b7d4e	_ZN14WideStringDataC2Ev	WideStringData::WideStringData()	home/wangyilei/dnf_workspace/dnf_decompile/source/DNFServer/GameServer/Game/StringTypes.cpp.o
WEAK_TEMPLATE	W	0x20	0x80b7d70	_ZN14WideStringDataD1Ev	WideStringData::~WideStringData()	home/wangyilei/dnf_workspace/dnf_decompile/source/DNFServer/GameServer/Game/StringTypes.cpp.o
WEAK_TEMPLATE	W	0x20	0x80b7d70	_ZN14WideStringDataD2Ev	WideStringData::~WideStringData()	home/wangyilei/dnf_workspace/dnf_decompile/source/DNFServer/GameServer/Game/StringTypes.cpp.o
WEAK_TEMPLATE	W	0x13	0x808ffa8	_ZN15MSG_BLUE_MARBLED1Ev	MSG_BLUE_MARBLE::~MSG_BLUE_MARBLE()	home/wangyilei/dnf_workspace/dnf_decompile/source/DNFServer/GameServer/Game/Dispatchers.cpp.o
WEAK_TEMPLATE	W	0x13	0x808ffa8	_ZN15MSG_BLUE_MARBLED2Ev	MSG_BLUE_MARBLE::~MSG_BLUE_MARBLE()	home/wangyilei/dnf_workspace/dnf_decompile/source/DNFServer/GameServer/Game/Dispatchers.cpp.o
WEAK_TEMPLATE	W	0x13	0x80905a0	_ZN15MSG_DELETE_ITEMD1Ev	MSG_DELETE_ITEM::~MSG_DELETE_ITEM()	home/wangyilei/dnf_workspace/dnf_decompile/source/DNFServer/GameServer/Game/PacketTypes.cpp.o
WEAK_TEMPLATE	W	0x13	0x80905a0	_ZN15MSG_DELETE_ITEMD2Ev	MSG_DELETE_ITEM::~MSG_DELETE_ITEM()	home/wangyilei/dnf_workspace/dnf_decompile/source/DNFServer/GameServer/Game/PacketTypes.cpp.o
WEAK_TEMPLATE	W	0x13	0x809089c	_ZN15MSG_GUILD_BOARDD1Ev	MSG_GUILD_BOARD::~MSG_GUILD_BOARD()	home/wangyilei/dnf_workspace/dnf_decompile/source/DNFServer/GameServer/Game/Dispatchers.cpp.o
WEAK_TEMPLATE	W	0x13	0x809089c	_ZN15MSG_GUILD_BOARDD2Ev	MSG_GUILD_BOARD::~MSG_GUILD_BOARD()	home/wangyilei/dnf_workspace/dnf_decompile/source/DNFServer/GameServer/Game/Dispatchers.cpp.o
WEAK_TEMPLATE	W	0x13	0x8090b98	_ZN15MSG_MOTION_HACKD1Ev	MSG_MOTION_HACK::~MSG_MOTION_HACK()	home/wangyilei/dnf_workspace/dnf_decompile/source/DNFServer/GameServer/Game/Dispatchers.cpp.o
WEAK_TEMPLATE	W	0x13	0x8090b98	_ZN15MSG_MOTION_HACKD2Ev	MSG_MOTION_HACK::~MSG_MOTION_HACK()	home/wangyilei/dnf_workspace/dnf_decompile/source/DNFServer/GameServer/Game/Dispatchers.cpp.o
WEAK_TEMPLATE	W	0x13	0x8090e46	_ZN15MSG_PURIFY_ITEMD1Ev	MSG_PURIFY_ITEM::~MSG_PURIFY_ITEM()	home/wangyilei/dnf_workspace/dnf_decompile/source/DNFServer/GameServer/Game/Dispatchers.cpp.o
WEAK_TEMPLATE	W	0x13	0x8090e46	_ZN15MSG_PURIFY_ITEMD2Ev	MSG_PURIFY_ITEM::~MSG_PURIFY_ITEM()	home/wangyilei/dnf_workspace/dnf_decompile/source/DNFServer/GameServer/Game/Dispatchers.cpp.o
WEAK_TEMPLATE	W	0x13	0x80910f4	_ZN15MSG_PVP_TIMEOUTD1Ev	MSG_PVP_TIMEOUT::~MSG_PVP_TIMEOUT()	home/wangyilei/dnf_workspace/dnf_decompile/source/DNFServer/GameServer/Game/PacketTypes.cpp.o
WEAK_TEMPLATE	W	0x13	0x80910f4	_ZN15MSG_PVP_TIMEOUTD2Ev	MSG_PVP_TIMEOUT::~MSG_PVP_TIMEOUT()	home/wangyilei/dnf_workspace/dnf_decompile/source/DNFServer/GameServer/Game/PacketTypes.cpp.o
WEAK_TEMPLATE	W	0x13	0x80913f0	_ZN15MSG_QUICK_PARTYD1Ev	MSG_QUICK_PARTY::~MSG_QUICK_PARTY()	home/wangyilei/dnf_workspace/dnf_decompile/source/DNFServer/GameServer/Game/Dispatchers.cpp.o
WEAK_TEMPLATE	W	0x13	0x80913f0	_ZN15MSG_QUICK_PARTYD2Ev	MSG_QUICK_PARTY::~MSG_QUICK_PARTY()	home/wangyilei/dnf_workspace/dnf_decompile/source/DNFServer/GameServer/Game/Dispatchers.cpp.o
WEAK_TEMPLATE	W	0x13	0x80916ec	_ZN15MSG_SCRIPT_HASHD1Ev	MSG_SCRIPT_HASH::~MSG_SCRIPT_HASH()	home/wangyilei/dnf_workspace/dnf_decompile/source/DNFServer/GameServer/Game/Dispatchers.cpp.o
WEAK_TEMPLATE	W	0x13	0x80916ec	_ZN15MSG_SCRIPT_HASHD2Ev	MSG_SCRIPT_HASH::~MSG_SCRIPT_HASH()	home/wangyilei/dnf_workspace/dnf_decompile/source/DNFServer/GameServer/Game/Dispatchers.cpp.o
WEAK_TEMPLATE	W	0x13	0x80919e8	_ZN15MSG_TEMP_STRUCTD1Ev	MSG_TEMP_STRUCT::~MSG_TEMP_STRUCT()	home/wangyilei/dnf_workspace/dnf_decompile/source/DNFServer/GameServer/Game/Dispatchers.cpp.o
WEAK_TEMPLATE	W	0x13	0x80919e8	_ZN15MSG_TEMP_STRUCTD2Ev	MSG_TEMP_STRUCT::~MSG_TEMP_STRUCT()	home/wangyilei/dnf_workspace/dnf_decompile/source/DNFServer/GameServer/Game/Dispatchers.cpp.o
WEAK_TEMPLATE	W	0x5	0x8145f2e	_ZN15cUserHistoryLogD1Ev	cUserHistoryLog::~cUserHistoryLog()	home/wangyilei/dnf_workspace/dnf_decompile/source/DNFServer/GameServer/Game/CUser.cpp.o
WEAK_TEMPLATE	W	0x5	0x8145f2e	_ZN15cUserHistoryLogD2Ev	cUserHistoryLog::~cUserHistoryLog()	home/wangyilei/dnf_workspace/dnf_decompile/source/DNFServer/GameServer/Game/CUser.cpp.o
WEAK_TEMPLATE	W	0x13	0x8091ce4	_ZN16MSG_GROWTH_POWERD1Ev	MSG_GROWTH_POWER::~MSG_GROWTH_POWER()	home/wangyilei/dnf_workspace/dnf_decompile/source/DNFServer/GameServer/Game/Dispatchers.cpp.o
WEAK_TEMPLATE	W	0x13	0x8091ce4	_ZN16MSG_GROWTH_POWERD2Ev	MSG_GROWTH_POWER::~MSG_GROWTH_POWER()	home/wangyilei/dnf_workspace/dnf_decompile/source/DNFServer/GameServer/Game/Dispatchers.cpp.o
WEAK_TEMPLATE	W	0x13	0x8091fe0	_ZN16MSG_ITEM_UPGRADED1Ev	MSG_ITEM_UPGRADE::~MSG_ITEM_UPGRADE()	home/wangyilei/dnf_workspace/dnf_decompile/source/DNFServer/GameServer/Game/Dispatchers.cpp.o
WEAK_TEMPLATE	W	0x13	0x8091fe0	_ZN16MSG_ITEM_UPGRADED2Ev	MSG_ITEM_UPGRADE::~MSG_ITEM_UPGRADE()	home/wangyilei/dnf_workspace/dnf_decompile/source/DNFServer/GameServer/Game/Dispatchers.cpp.o
WEAK_TEMPLATE	W	0x13	0x80922dc	_ZN16MSG_MAILBOX_SENDD1Ev	MSG_MAILBOX_SEND::~MSG_MAILBOX_SEND()	home/wangyilei/dnf_workspace/dnf_decompile/source/DNFServer/GameServer/Game/Dispatchers.cpp.o
WEAK_TEMPLATE	W	0x13	0x80922dc	_ZN16MSG_MAILBOX_SENDD2Ev	MSG_MAILBOX_SEND::~MSG_MAILBOX_SEND()	home/wangyilei/dnf_workspace/dnf_decompile/source/DNFServer/GameServer/Game/Dispatchers.cpp.o
WEAK_TEMPLATE	W	0x13	0x80925d8	_ZN16MSG_REFUND_SKILLD1Ev	MSG_REFUND_SKILL::~MSG_REFUND_SKILL()	home/wangyilei/dnf_workspace/dnf_decompile/source/DNFServer/GameServer/Game/Dispatchers.cpp.o
WEAK_TEMPLATE	W	0x13	0x80925d8	_ZN16MSG_REFUND_SKILLD2Ev	MSG_REFUND_SKILL::~MSG_REFUND_SKILL()	home/wangyilei/dnf_workspace/dnf_decompile/source/DNFServer/GameServer/Game/Dispatchers.cpp.o
WEAK_TEMPLATE	W	0x13	0x80928d4	_ZN16MSG_REPAIR_EQUIPD1Ev	MSG_REPAIR_EQUIP::~MSG_REPAIR_EQUIP()	home/wangyilei/dnf_workspace/dnf_decompile/source/DNFServer/GameServer/Game/PacketTypes.cpp.o
WEAK_TEMPLATE	W	0x13	0x80928d4	_ZN16MSG_REPAIR_EQUIPD2Ev	MSG_REPAIR_EQUIP::~MSG_REPAIR_EQUIP()	home/wangyilei/dnf_workspace/dnf_decompile/source/DNFServer/GameServer/Game/PacketTypes.cpp.o
WEAK_TEMPLATE	W	0x13	0x8092bd0	_ZN16MSG_USERINFO_REQD1Ev	MSG_USERINFO_REQ::~MSG_USERINFO_REQ()	home/wangyilei/dnf_workspace/dnf_decompile/source/DNFServer/GameServer/Game/PacketTypes.cpp.o
WEAK_TEMPLATE	W	0x13	0x8092bd0	_ZN16MSG_USERINFO_REQD2Ev	MSG_USERINFO_REQ::~MSG_USERINFO_REQ()	home/wangyilei/dnf_workspace/dnf_decompile/source/DNFServer/GameServer/Game/PacketTypes.cpp.o
WEAK_TEMPLATE	W	0x13	0x80931b4	_ZN16MSG_USER_SET_POSD1Ev	MSG_USER_SET_POS::~MSG_USER_SET_POS()	home/wangyilei/dnf_workspace/dnf_decompile/source/DNFServer/GameServer/Game/PacketTypes.cpp.o
WEAK_TEMPLATE	W	0x13	0x80931b4	_ZN16MSG_USER_SET_POSD2Ev	MSG_USER_SET_POS::~MSG_USER_SET_POS()	home/wangyilei/dnf_workspace/dnf_decompile/source/DNFServer/GameServer/Game/PacketTypes.cpp.o
WEAK_TEMPLATE	W	0x13	0x8093462	_ZN17MSG_CHARAC_SELECTD1Ev	MSG_CHARAC_SELECT::~MSG_CHARAC_SELECT()	home/wangyilei/dnf_workspace/dnf_decompile/source/DNFServer/GameServer/Game/PacketTypes.cpp.o
WEAK_TEMPLATE	W	0x13	0x8093462	_ZN17MSG_CHARAC_SELECTD2Ev	MSG_CHARAC_SELECT::~MSG_CHARAC_SELECT()	home/wangyilei/dnf_workspace/dnf_decompile/source/DNFServer/GameServer/Game/PacketTypes.cpp.o
WEAK_TEMPLATE	W	0x13	0x809375e	_ZN17MSG_COLLECT_ITEMSD1Ev	MSG_COLLECT_ITEMS::~MSG_COLLECT_ITEMS()	home/wangyilei/dnf_workspace/dnf_decompile/source/DNFServer/GameServer/Game/Dispatchers.cpp.o
WEAK_TEMPLATE	W	0x13	0x809375e	_ZN17MSG_COLLECT_ITEMSD2Ev	MSG_COLLECT_ITEMS::~MSG_COLLECT_ITEMS()	home/wangyilei/dnf_workspace/dnf_decompile/source/DNFServer/GameServer/Game/Dispatchers.cpp.o
WEAK_TEMPLATE	W	0x13	0x8093a5a	_ZN17MSG_DIE_CHARACTERD1Ev	MSG_DIE_CHARACTER::~MSG_DIE_CHARACTER()	home/wangyilei/dnf_workspace/dnf_decompile/source/DNFServer/GameServer/Game/PacketTypes.cpp.o
WEAK_TEMPLATE	W	0x13	0x8093a5a	_ZN17MSG_DIE_CHARACTERD2Ev	MSG_DIE_CHARACTER::~MSG_DIE_CHARACTER()	home/wangyilei/dnf_workspace/dnf_decompile/source/DNFServer/GameServer/Game/PacketTypes.cpp.o
WEAK_TEMPLATE	W	0x13	0x8093d56	_ZN17MSG_INFORM_NOTICED1Ev	MSG_INFORM_NOTICE::~MSG_INFORM_NOTICE()	home/wangyilei/dnf_workspace/dnf_decompile/source/DNFServer/GameServer/Game/Dispatchers.cpp.o
WEAK_TEMPLATE	W	0x13	0x8093d56	_ZN17MSG_INFORM_NOTICED2Ev	MSG_INFORM_NOTICE::~MSG_INFORM_NOTICE()	home/wangyilei/dnf_workspace/dnf_decompile/source/DNFServer/GameServer/Game/Dispatchers.cpp.o
WEAK_TEMPLATE	W	0x13	0x8094052	_ZN17MSG_MEMBER_SECEDED1Ev	MSG_MEMBER_SECEDE::~MSG_MEMBER_SECEDE()	home/wangyilei/dnf_workspace/dnf_decompile/source/DNFServer/GameServer/Game/Dispatchers.cpp.o
WEAK_TEMPLATE	W	0x13	0x8094052	_ZN17MSG_MEMBER_SECEDED2Ev	MSG_MEMBER_SECEDE::~MSG_MEMBER_SECEDE()	home/wangyilei/dnf_workspace/dnf_decompile/source/DNFServer/GameServer/Game/Dispatchers.cpp.o
WEAK_TEMPLATE	W	0x13	0x809434e	_ZN17MSG_REMOVE_FRIENDD1Ev	MSG_REMOVE_FRIEND::~MSG_REMOVE_FRIEND()	home/wangyilei/dnf_workspace/dnf_decompile/source/DNFServer/GameServer/Game/PacketTypes.cpp.o
WEAK_TEMPLATE	W	0x13	0x809434e	_ZN17MSG_REMOVE_FRIENDD2Ev	MSG_REMOVE_FRIEND::~MSG_REMOVE_FRIEND()	home/wangyilei/dnf_workspace/dnf_decompile/source/DNFServer/GameServer/Game/PacketTypes.cpp.o
WEAK_TEMPLATE	W	0x13	0x809464a	_ZN17MSG_SET_USER_AREAD1Ev	MSG_SET_USER_AREA::~MSG_SET_USER_AREA()	home/wangyilei/dnf_workspace/dnf_decompile/source/DNFServer/GameServer/Game/PacketTypes.cpp.o
WEAK_TEMPLATE	W	0x13	0x809464a	_ZN17MSG_SET_USER_AREAD2Ev	MSG_SET_USER_AREA::~MSG_SET_USER_AREA()	home/wangyilei/dnf_workspace/dnf_decompile/source/DNFServer/GameServer/Game/PacketTypes.cpp.o
WEAK_TEMPLATE	W	0x13	0x8094946	_ZN17MSG_SKILL_COMMANDD1Ev	MSG_SKILL_COMMAND::~MSG_SKILL_COMMAND()	home/wangyilei/dnf_workspace/dnf_decompile/source/DNFServer/GameServer/Game/Dispatchers.cpp.o
WEAK_TEMPLATE	W	0x13	0x8094946	_ZN17MSG_SKILL_COMMANDD2Ev	MSG_SKILL_COMMAND::~MSG_SKILL_COMMAND()	home/wangyilei/dnf_workspace/dnf_decompile/source/DNFServer/GameServer/Game/Dispatchers.cpp.o
WEAK_TEMPLATE	W	0x13	0x8094c42	_ZN17MSG_SOLO_TELEPORTD1Ev	MSG_SOLO_TELEPORT::~MSG_SOLO_TELEPORT()	home/wangyilei/dnf_workspace/dnf_decompile/source/DNFServer/GameServer/Game/Dispatchers.cpp.o
WEAK_TEMPLATE	W	0x13	0x8094c42	_ZN17MSG_SOLO_TELEPORTD2Ev	MSG_SOLO_TELEPORT::~MSG_SOLO_TELEPORT()	home/wangyilei/dnf_workspace/dnf_decompile/source/DNFServer/GameServer/Game/Dispatchers.cpp.o
WEAK_TEMPLATE	W	0x13	0x8094f3e	_ZN17MSG_TITLEBOOK_GETD1Ev	MSG_TITLEBOOK_GET::~MSG_TITLEBOOK_GET()	home/wangyilei/dnf_workspace/dnf_decompile/source/DNFServer/GameServer/Game/Dispatchers.cpp.o
WEAK_TEMPLATE	W	0x13	0x8094f3e	_ZN17MSG_TITLEBOOK_GETD2Ev	MSG_TITLEBOOK_GET::~MSG_TITLEBOOK_GET()	home/wangyilei/dnf_workspace/dnf_decompile/source/DNFServer/GameServer/Game/Dispatchers.cpp.o
WEAK_TEMPLATE	W	0x13	0x80951ec	_ZN17MSG_TITLEBOOK_PUTD1Ev	MSG_TITLEBOOK_PUT::~MSG_TITLEBOOK_PUT()	home/wangyilei/dnf_workspace/dnf_decompile/source/DNFServer/GameServer/Game/Dispatchers.cpp.o
WEAK_TEMPLATE	W	0x13	0x80951ec	_ZN17MSG_TITLEBOOK_PUTD2Ev	MSG_TITLEBOOK_PUT::~MSG_TITLEBOOK_PUT()	home/wangyilei/dnf_workspace/dnf_decompile/source/DNFServer/GameServer/Game/Dispatchers.cpp.o
WEAK_TEMPLATE	W	0x13	0x809549a	_ZN17MSG_WALKOUT_PARTYD1Ev	MSG_WALKOUT_PARTY::~MSG_WALKOUT_PARTY()	home/wangyilei/dnf_workspace/dnf_decompile/source/DNFServer/GameServer/Game/PacketTypes.cpp.o
WEAK_TEMPLATE	W	0x13	0x809549a	_ZN17MSG_WALKOUT_PARTYD2Ev	MSG_WALKOUT_PARTY::~MSG_WALKOUT_PARTY()	home/wangyilei/dnf_workspace/dnf_decompile/source/DNFServer/GameServer/Game/PacketTypes.cpp.o
WEAK_TEMPLATE	W	0x93	0x80e8c3c	_ZN18GlobalInstance_CDMI12CDataManagerE8inst_ptrEv	GlobalInstance_CDM<CDataManager>::inst_ptr()	home/wangyilei/dnf_workspace/dnf_decompile/source/DNFServer/GameServer/Game/CDataManager.cpp.o
WEAK_TEMPLATE	W	0x13	0x8095796	_ZN18MSG_BOSS_DIE_CHECKD1Ev	MSG_BOSS_DIE_CHECK::~MSG_BOSS_DIE_CHECK()	home/wangyilei/dnf_workspace/dnf_decompile/source/DNFServer/GameServer/Game/Dispatchers.cpp.o
WEAK_TEMPLATE	W	0x13	0x8095796	_ZN18MSG_BOSS_DIE_CHECKD2Ev	MSG_BOSS_DIE_CHECK::~MSG_BOSS_DIE_CHECK()	home/wangyilei/dnf_workspace/dnf_decompile/source/DNFServer/GameServer/Game/Dispatchers.cpp.o
WEAK_TEMPLATE	W	0x13	0x8095a92	_ZN18MSG_CHANGE_EMOTIOND1Ev	MSG_CHANGE_EMOTION::~MSG_CHANGE_EMOTION()	home/wangyilei/dnf_workspace/dnf_decompile/source/DNFServer/GameServer/Game/Dispatchers.cpp.o
WEAK_TEMPLATE	W	0x13	0x8095a92	_ZN18MSG_CHANGE_EMOTIOND2Ev	MSG_CHANGE_EMOTION::~MSG_CHANGE_EMOTION()	home/wangyilei/dnf_workspace/dnf_decompile/source/DNFServer/GameServer/Game/Dispatchers.cpp.o
WEAK_TEMPLATE	W	0x13	0x8095d8e	_ZN18MSG_FINISH_LOADINGD1Ev	MSG_FINISH_LOADING::~MSG_FINISH_LOADING()	home/wangyilei/dnf_workspace/dnf_decompile/source/DNFServer/GameServer/Game/PacketTypes.cpp.o
WEAK_TEMPLATE	W	0x13	0x8095d8e	_ZN18MSG_FINISH_LOADINGD2Ev	MSG_FINISH_LOADING::~MSG_FINISH_LOADING()	home/wangyilei/dnf_workspace/dnf_decompile/source/DNFServer/GameServer/Game/PacketTypes.cpp.o
WEAK_TEMPLATE	W	0x13	0x809608a	_ZN18MSG_HATCH_CREATURED1Ev	MSG_HATCH_CREATURE::~MSG_HATCH_CREATURE()	home/wangyilei/dnf_workspace/dnf_decompile/source/DNFServer/GameServer/Game/Dispatchers.cpp.o
WEAK_TEMPLATE	W	0x13	0x809608a	_ZN18MSG_HATCH_CREATURED2Ev	MSG_HATCH_CREATURE::~MSG_HATCH_CREATURE()	home/wangyilei/dnf_workspace/dnf_decompile/source/DNFServer/GameServer/Game/Dispatchers.cpp.o
WEAK_TEMPLATE	W	0x13	0x8096386	_ZN18MSG_MOVE_ITEMSPACED1Ev	MSG_MOVE_ITEMSPACE::~MSG_MOVE_ITEMSPACE()	home/wangyilei/dnf_workspace/dnf_decompile/source/DNFServer/GameServer/Game/PacketTypes.cpp.o
WEAK_TEMPLATE	W	0x13	0x8096386	_ZN18MSG_MOVE_ITEMSPACED2Ev	MSG_MOVE_ITEMSPACE::~MSG_MOVE_ITEMSPACE()	home/wangyilei/dnf_workspace/dnf_decompile/source/DNFServer/GameServer/Game/PacketTypes.cpp.o
WEAK_TEMPLATE	W	0x13	0x8096682	_ZN18MSG_P2P_STATISTICSD1Ev	MSG_P2P_STATISTICS::~MSG_P2P_STATISTICS()	home/wangyilei/dnf_workspace/dnf_decompile/source/DNFServer/GameServer/Game/Dispatchers.cpp.o
WEAK_TEMPLATE	W	0x13	0x8096682	_ZN18MSG_P2P_STATISTICSD2Ev	MSG_P2P_STATISTICS::~MSG_P2P_STATISTICS()	home/wangyilei/dnf_workspace/dnf_decompile/source/DNFServer/GameServer/Game/Dispatchers.cpp.o
WEAK_TEMPLATE	W	0x13	0x8096930	_ZN18MSG_PARTY_SET_INFOD1Ev	MSG_PARTY_SET_INFO::~MSG_PARTY_SET_INFO()	home/wangyilei/dnf_workspace/dnf_decompile/source/DNFServer/GameServer/Game/PacketTypes.cpp.o
WEAK_TEMPLATE	W	0x13	0x8096930	_ZN18MSG_PARTY_SET_INFOD2Ev	MSG_PARTY_SET_INFO::~MSG_PARTY_SET_INFO()	home/wangyilei/dnf_workspace/dnf_decompile/source/DNFServer/GameServer/Game/PacketTypes.cpp.o
WEAK_TEMPLATE	W	0x13	0x8096c2c	_ZN18MSG_PARTY_TELEPORTD1Ev	MSG_PARTY_TELEPORT::~MSG_PARTY_TELEPORT()	home/wangyilei/dnf_workspace/dnf_decompile/source/DNFServer/GameServer/Game/Dispatchers.cpp.o
WEAK_TEMPLATE	W	0x13	0x8096c2c	_ZN18MSG_PARTY_TELEPORTD2Ev	MSG_PARTY_TELEPORT::~MSG_PARTY_TELEPORT()	home/wangyilei/dnf_workspace/dnf_decompile/source/DNFServer/GameServer/Game/Dispatchers.cpp.o
WEAK_TEMPLATE	W	0x13	0x8096f28	_ZN18MSG_SELECT_DUNGEOND1Ev	MSG_SELECT_DUNGEON::~MSG_SELECT_DUNGEON()	home/wangyilei/dnf_workspace/dnf_decompile/source/DNFServer/GameServer/Game/PacketTypes.cpp.o
WEAK_TEMPLATE	W	0x13	0x8096f28	_ZN18MSG_SELECT_DUNGEOND2Ev	MSG_SELECT_DUNGEON::~MSG_SELECT_DUNGEON()	home/wangyilei/dnf_workspace/dnf_decompile/source/DNFServer/GameServer/Game/PacketTypes.cpp.o
WEAK_TEMPLATE	W	0x13	0x8097224	_ZN18MSG_SELECT_STRIKERD1Ev	MSG_SELECT_STRIKER::~MSG_SELECT_STRIKER()	home/wangyilei/dnf_workspace/dnf_decompile/source/DNFServer/GameServer/Game/Dispatchers.cpp.o
WEAK_TEMPLATE	W	0x13	0x8097224	_ZN18MSG_SELECT_STRIKERD2Ev	MSG_SELECT_STRIKER::~MSG_SELECT_STRIKER()	home/wangyilei/dnf_workspace/dnf_decompile/source/DNFServer/GameServer/Game/Dispatchers.cpp.o
WEAK_TEMPLATE	W	0x13	0x8097520	_ZN18MSG_USE_LIMIT_CUBED1Ev	MSG_USE_LIMIT_CUBE::~MSG_USE_LIMIT_CUBE()	home/wangyilei/dnf_workspace/dnf_decompile/source/DNFServer/GameServer/Game/Dispatchers.cpp.o
WEAK_TEMPLATE	W	0x13	0x8097520	_ZN18MSG_USE_LIMIT_CUBED2Ev	MSG_USE_LIMIT_CUBE::~MSG_USE_LIMIT_CUBE()	home/wangyilei/dnf_workspace/dnf_decompile/source/DNFServer/GameServer/Game/Dispatchers.cpp.o
WEAK_TEMPLATE	W	0x13	0x8097b18	_ZN18MsgLimitNpcBuyItemD1Ev	MsgLimitNpcBuyItem::~MsgLimitNpcBuyItem()	home/wangyilei/dnf_workspace/dnf_decompile/source/DNFServer/GameServer/Game/Dispatchers.cpp.o
WEAK_TEMPLATE	W	0x13	0x8097b18	_ZN18MsgLimitNpcBuyItemD2Ev	MsgLimitNpcBuyItem::~MsgLimitNpcBuyItem()	home/wangyilei/dnf_workspace/dnf_decompile/source/DNFServer/GameServer/Game/Dispatchers.cpp.o
WEAK_TEMPLATE	W	0x13	0x8097e14	_ZN18MsgMercenaryReturnD1Ev	MsgMercenaryReturn::~MsgMercenaryReturn()	home/wangyilei/dnf_workspace/dnf_decompile/source/DNFServer/GameServer/Game/Dispatchers.cpp.o
WEAK_TEMPLATE	W	0x13	0x8097e14	_ZN18MsgMercenaryReturnD2Ev	MsgMercenaryReturn::~MsgMercenaryReturn()	home/wangyilei/dnf_workspace/dnf_decompile/source/DNFServer/GameServer/Game/Dispatchers.cpp.o
WEAK_TEMPLATE	W	0x25	0x80b8838	_ZN18StringUnorderedMapI19CharStringHashTraitfE3endEv	StringUnorderedMap<CharStringHashTrait, float>::end()	home/wangyilei/dnf_workspace/dnf_decompile/source/DNFServer/GameServer/Game/StringTypes.cpp.o
WEAK_TEMPLATE	W	0x64	0x80b874a	_ZN18StringUnorderedMapI19CharStringHashTraitfE3getEPKc	StringUnorderedMap<CharStringHashTrait, float>::get(char const*)	home/wangyilei/dnf_workspace/dnf_decompile/source/DNFServer/GameServer/Game/StringTypes.cpp.o
WEAK_TEMPLATE	W	0x25	0x80b8812	_ZN18StringUnorderedMapI19CharStringHashTraitfE5beginEv	StringUnorderedMap<CharStringHashTrait, float>::begin()	home/wangyilei/dnf_workspace/dnf_decompile/source/DNFServer/GameServer/Game/StringTypes.cpp.o
WEAK_TEMPLATE	W	0x12	0x80b8884	_ZN18StringUnorderedMapI19CharStringHashTraitfE7ValueExaSERKS2_	StringUnorderedMap<CharStringHashTrait, float>::ValueEx::operator=(StringUnorderedMap<CharStringHashTrait, float>::ValueEx const&)	home/wangyilei/dnf_workspace/dnf_decompile/source/DNFServer/GameServer/Game/CNRDScriptData.cpp.o
WEAK_TEMPLATE	W	0x12	0x80b8af4	_ZN18StringUnorderedMapI19CharStringHashTraitiE7ValueExaSERKS2_	StringUnorderedMap<CharStringHashTrait, int>::ValueEx::operator=(StringUnorderedMap<CharStringHashTrait, int>::ValueEx const&)	home/wangyilei/dnf_workspace/dnf_decompile/source/DNFServer/GameServer/Game/CNRDScriptData.cpp.o
WEAK_TEMPLATE	W	0x5	0x820740a	_ZN19CerashopAddRestrict11DBInputDataD1Ev	CerashopAddRestrict::DBInputData::~DBInputData()	home/wangyilei/dnf_workspace/dnf_decompile/source/DNFServer/GameServer/Game/CCeraShopAddRestrict.cpp.o
WEAK_TEMPLATE	W	0x5	0x820740a	_ZN19CerashopAddRestrict11DBInputDataD2Ev	CerashopAddRestrict::DBInputData::~DBInputData()	home/wangyilei/dnf_workspace/dnf_decompile/source/DNFServer/GameServer/Game/CCeraShopAddRestrict.cpp.o
WEAK_TEMPLATE	W	0x13	0x8098110	_ZN19MSG_DENY_JOIN_GUILDD1Ev	MSG_DENY_JOIN_GUILD::~MSG_DENY_JOIN_GUILD()	home/wangyilei/dnf_workspace/dnf_decompile/source/DNFServer/GameServer/Game/Dispatchers.cpp.o
WEAK_TEMPLATE	W	0x13	0x8098110	_ZN19MSG_DENY_JOIN_GUILDD2Ev	MSG_DENY_JOIN_GUILD::~MSG_DENY_JOIN_GUILD()	home/wangyilei/dnf_workspace/dnf_decompile/source/DNFServer/GameServer/Game/Dispatchers.cpp.o
WEAK_TEMPLATE	W	0x13	0x80983be	_ZN19MSG_ENCHANT_BY_BEADD1Ev	MSG_ENCHANT_BY_BEAD::~MSG_ENCHANT_BY_BEAD()	home/wangyilei/dnf_workspace/dnf_decompile/source/DNFServer/GameServer/Game/Dispatchers.cpp.o
WEAK_TEMPLATE	W	0x13	0x80983be	_ZN19MSG_ENCHANT_BY_BEADD2Ev	MSG_ENCHANT_BY_BEAD::~MSG_ENCHANT_BY_BEAD()	home/wangyilei/dnf_workspace/dnf_decompile/source/DNFServer/GameServer/Game/Dispatchers.cpp.o
WEAK_TEMPLATE	W	0x13	0x80986ba	_ZN19MSG_ITEM_DICTIONARYD1Ev	MSG_ITEM_DICTIONARY::~MSG_ITEM_DICTIONARY()	home/wangyilei/dnf_workspace/dnf_decompile/source/DNFServer/GameServer/Game/Dispatchers.cpp.o
WEAK_TEMPLATE	W	0x13	0x80986ba	_ZN19MSG_ITEM_DICTIONARYD2Ev	MSG_ITEM_DICTIONARY::~MSG_ITEM_DICTIONARY()	home/wangyilei/dnf_workspace/dnf_decompile/source/DNFServer/GameServer/Game/Dispatchers.cpp.o
WEAK_TEMPLATE	W	0x13	0x80989b6	_ZN19MSG_OBJECT_BRING_UPD1Ev	MSG_OBJECT_BRING_UP::~MSG_OBJECT_BRING_UP()	home/wangyilei/dnf_workspace/dnf_decompile/source/DNFServer/GameServer/Game/Dispatchers.cpp.o
WEAK_TEMPLATE	W	0x13	0x80989b6	_ZN19MSG_OBJECT_BRING_UPD2Ev	MSG_OBJECT_BRING_UP::~MSG_OBJECT_BRING_UP()	home/wangyilei/dnf_workspace/dnf_decompile/source/DNFServer/GameServer/Game/Dispatchers.cpp.o
WEAK_TEMPLATE	W	0x13	0x8098cb2	_ZN19MSG_RENAME_CREATURED1Ev	MSG_RENAME_CREATURE::~MSG_RENAME_CREATURE()	home/wangyilei/dnf_workspace/dnf_decompile/source/DNFServer/GameServer/Game/Dispatchers.cpp.o
WEAK_TEMPLATE	W	0x13	0x8098cb2	_ZN19MSG_RENAME_CREATURED2Ev	MSG_RENAME_CREATURE::~MSG_RENAME_CREATURE()	home/wangyilei/dnf_workspace/dnf_decompile/source/DNFServer/GameServer/Game/Dispatchers.cpp.o
WEAK_TEMPLATE	W	0x13	0x8098fae	_ZN19MSG_SET_READY_STATED1Ev	MSG_SET_READY_STATE::~MSG_SET_READY_STATE()	home/wangyilei/dnf_workspace/dnf_decompile/source/DNFServer/GameServer/Game/PacketTypes.cpp.o
WEAK_TEMPLATE	W	0x13	0x8098fae	_ZN19MSG_SET_READY_STATED2Ev	MSG_SET_READY_STATE::~MSG_SET_READY_STATE()	home/wangyilei/dnf_workspace/dnf_decompile/source/DNFServer/GameServer/Game/PacketTypes.cpp.o
WEAK_TEMPLATE	W	0x13	0x80992aa	_ZN19MSG_USE_RENAME_CARDD1Ev	MSG_USE_RENAME_CARD::~MSG_USE_RENAME_CARD()	home/wangyilei/dnf_workspace/dnf_decompile/source/DNFServer/GameServer/Game/Dispatchers.cpp.o
WEAK_TEMPLATE	W	0x13	0x80992aa	_ZN19MSG_USE_RENAME_CARDD2Ev	MSG_USE_RENAME_CARD::~MSG_USE_RENAME_CARD()	home/wangyilei/dnf_workspace/dnf_decompile/source/DNFServer/GameServer/Game/Dispatchers.cpp.o
WEAK_TEMPLATE	W	0x4b	0x8102b86	_ZN19MultiBoxLotteryInfo23MultiBoxLotteryInfoBodyC1Ev	MultiBoxLotteryInfo::MultiBoxLotteryInfoBody::MultiBoxLotteryInfoBody()	home/wangyilei/dnf_workspace/dnf_decompile/source/DNFServer/GameServer/Game/CStackableItem.cpp.o
WEAK_TEMPLATE	W	0x4b	0x8102b86	_ZN19MultiBoxLotteryInfo23MultiBoxLotteryInfoBodyC2Ev	MultiBoxLotteryInfo::MultiBoxLotteryInfoBody::MultiBoxLotteryInfoBody()	home/wangyilei/dnf_workspace/dnf_decompile/source/DNFServer/GameServer/Game/CStackableItem.cpp.o
WEAK_TEMPLATE	W	0x4b	0x8102bd2	_ZN19MultiBoxLotteryInfo23MultiBoxLotteryInfoBodyD1Ev	MultiBoxLotteryInfo::MultiBoxLotteryInfoBody::~MultiBoxLotteryInfoBody()	home/wangyilei/dnf_workspace/dnf_decompile/source/DNFServer/GameServer/Game/CStackableItem.cpp.o
WEAK_TEMPLATE	W	0x4b	0x8102bd2	_ZN19MultiBoxLotteryInfo23MultiBoxLotteryInfoBodyD2Ev	MultiBoxLotteryInfo::MultiBoxLotteryInfoBody::~MultiBoxLotteryInfoBody()	home/wangyilei/dnf_workspace/dnf_decompile/source/DNFServer/GameServer/Game/CStackableItem.cpp.o
WEAK_TEMPLATE	W	0x13	0x80995a6	_ZN20MSG_CHANGE_SKILLSLOTD1Ev	MSG_CHANGE_SKILLSLOT::~MSG_CHANGE_SKILLSLOT()	home/wangyilei/dnf_workspace/dnf_decompile/source/DNFServer/GameServer/Game/PacketTypes.cpp.o
WEAK_TEMPLATE	W	0x13	0x80995a6	_ZN20MSG_CHANGE_SKILLSLOTD2Ev	MSG_CHANGE_SKILLSLOT::~MSG_CHANGE_SKILLSLOT()	home/wangyilei/dnf_workspace/dnf_decompile/source/DNFServer/GameServer/Game/PacketTypes.cpp.o
WEAK_TEMPLATE	W	0x13	0x80998a2	_ZN20MSG_CHECK_GUILD_JOIND1Ev	MSG_CHECK_GUILD_JOIN::~MSG_CHECK_GUILD_JOIN()	home/wangyilei/dnf_workspace/dnf_decompile/source/DNFServer/GameServer/Game/Dispatchers.cpp.o
WEAK_TEMPLATE	W	0x13	0x80998a2	_ZN20MSG_CHECK_GUILD_JOIND2Ev	MSG_CHECK_GUILD_JOIN::~MSG_CHECK_GUILD_JOIN()	home/wangyilei/dnf_workspace/dnf_decompile/source/DNFServer/GameServer/Game/Dispatchers.cpp.o
WEAK_TEMPLATE	W	0x13	0x8099b50	_ZN20MSG_CREATE_CHARACTERD1Ev	MSG_CREATE_CHARACTER::~MSG_CREATE_CHARACTER()	home/wangyilei/dnf_workspace/dnf_decompile/source/DNFServer/GameServer/Game/PacketTypes.cpp.o
WEAK_TEMPLATE	W	0x13	0x8099b50	_ZN20MSG_CREATE_CHARACTERD2Ev	MSG_CREATE_CHARACTER::~MSG_CREATE_CHARACTER()	home/wangyilei/dnf_workspace/dnf_decompile/source/DNFServer/GameServer/Game/PacketTypes.cpp.o
WEAK_TEMPLATE	W	0x13	0x8099e4c	_ZN20MSG_DELETE_CHARACTERD1Ev	MSG_DELETE_CHARACTER::~MSG_DELETE_CHARACTER()	home/wangyilei/dnf_workspace/dnf_decompile/source/DNFServer/GameServer/Game/PacketTypes.cpp.o
WEAK_TEMPLATE	W	0x13	0x8099e4c	_ZN20MSG_DELETE_CHARACTERD2Ev	MSG_DELETE_CHARACTER::~MSG_DELETE_CHARACTER()	home/wangyilei/dnf_workspace/dnf_decompile/source/DNFServer/GameServer/Game/PacketTypes.cpp.o
WEAK_TEMPLATE	W	0x13	0x809a148	_ZN20MSG_EQUIPSLOT_SWITCHD1Ev	MSG_EQUIPSLOT_SWITCH::~MSG_EQUIPSLOT_SWITCH()	home/wangyilei/dnf_workspace/dnf_decompile/source/DNFServer/GameServer/Game/Dispatchers.cpp.o
WEAK_TEMPLATE	W	0x13	0x809a148	_ZN20MSG_EQUIPSLOT_SWITCHD2Ev	MSG_EQUIPSLOT_SWITCH::~MSG_EQUIPSLOT_SWITCH()	home/wangyilei/dnf_workspace/dnf_decompile/source/DNFServer/GameServer/Game/Dispatchers.cpp.o
WEAK_TEMPLATE	W	0x13	0x809a444	_ZN20MSG_GROWTH_EQUIPMENTD1Ev	MSG_GROWTH_EQUIPMENT::~MSG_GROWTH_EQUIPMENT()	home/wangyilei/dnf_workspace/dnf_decompile/source/DNFServer/GameServer/Game/Dispatchers.cpp.o
WEAK_TEMPLATE	W	0x13	0x809a444	_ZN20MSG_GROWTH_EQUIPMENTD2Ev	MSG_GROWTH_EQUIPMENT::~MSG_GROWTH_EQUIPMENT()	home/wangyilei/dnf_workspace/dnf_decompile/source/DNFServer/GameServer/Game/Dispatchers.cpp.o
WEAK_TEMPLATE	W	0x13	0x809a740	_ZN20MSG_GUILD_ATTENDANCED1Ev	MSG_GUILD_ATTENDANCE::~MSG_GUILD_ATTENDANCE()	home/wangyilei/dnf_workspace/dnf_decompile/source/DNFServer/GameServer/Game/Dispatchers.cpp.o
WEAK_TEMPLATE	W	0x13	0x809a740	_ZN20MSG_GUILD_ATTENDANCED2Ev	MSG_GUILD_ATTENDANCE::~MSG_GUILD_ATTENDANCE()	home/wangyilei/dnf_workspace/dnf_decompile/source/DNFServer/GameServer/Game/Dispatchers.cpp.o
WEAK_TEMPLATE	W	0x13	0x809a9ee	_ZN20MSG_MONSTERCARD_BINDD1Ev	MSG_MONSTERCARD_BIND::~MSG_MONSTERCARD_BIND()	home/wangyilei/dnf_workspace/dnf_decompile/source/DNFServer/GameServer/Game/Dispatchers.cpp.o
WEAK_TEMPLATE	W	0x13	0x809a9ee	_ZN20MSG_MONSTERCARD_BINDD2Ev	MSG_MONSTERCARD_BIND::~MSG_MONSTERCARD_BIND()	home/wangyilei/dnf_workspace/dnf_decompile/source/DNFServer/GameServer/Game/Dispatchers.cpp.o
WEAK_TEMPLATE	W	0x13	0x809acea	_ZN20MSG_OPEN_CERAPACKAGED1Ev	MSG_OPEN_CERAPACKAGE::~MSG_OPEN_CERAPACKAGE()	home/wangyilei/dnf_workspace/dnf_decompile/source/DNFServer/GameServer/Game/Dispatchers.cpp.o
WEAK_TEMPLATE	W	0x13	0x809acea	_ZN20MSG_OPEN_CERAPACKAGED2Ev	MSG_OPEN_CERAPACKAGE::~MSG_OPEN_CERAPACKAGE()	home/wangyilei/dnf_workspace/dnf_decompile/source/DNFServer/GameServer/Game/Dispatchers.cpp.o
WEAK_TEMPLATE	W	0x13	0x809afe6	_ZN20MSG_USER_HISTORY_LOGD1Ev	MSG_USER_HISTORY_LOG::~MSG_USER_HISTORY_LOG()	home/wangyilei/dnf_workspace/dnf_decompile/source/DNFServer/GameServer/Game/Dispatchers.cpp.o
WEAK_TEMPLATE	W	0x13	0x809afe6	_ZN20MSG_USER_HISTORY_LOGD2Ev	MSG_USER_HISTORY_LOG::~MSG_USER_HISTORY_LOG()	home/wangyilei/dnf_workspace/dnf_decompile/source/DNFServer/GameServer/Game/Dispatchers.cpp.o
WEAK_TEMPLATE	W	0x5	0x81b353c	_ZN21CCirculationStatistic23AddCirculationStatisticEiP5CUseri	CCirculationStatistic::AddCirculationStatistic(int, CUser*, int)	home/wangyilei/dnf_workspace/dnf_decompile/source/DNFServer/GameServer/Game/CDeathTower.cpp.o
WEAK_TEMPLATE	W	0x13	0x809b294	_ZN21MSG_CANCEL_JOIN_GUILDD1Ev	MSG_CANCEL_JOIN_GUILD::~MSG_CANCEL_JOIN_GUILD()	home/wangyilei/dnf_workspace/dnf_decompile/source/DNFServer/GameServer/Game/Dispatchers.cpp.o
WEAK_TEMPLATE	W	0x13	0x809b294	_ZN21MSG_CANCEL_JOIN_GUILDD2Ev	MSG_CANCEL_JOIN_GUILD::~MSG_CANCEL_JOIN_GUILD()	home/wangyilei/dnf_workspace/dnf_decompile/source/DNFServer/GameServer/Game/Dispatchers.cpp.o
WEAK_TEMPLATE	W	0x13	0x809b542	_ZN21MSG_DONATE_GUILD_FUNDD1Ev	MSG_DONATE_GUILD_FUND::~MSG_DONATE_GUILD_FUND()	home/wangyilei/dnf_workspace/dnf_decompile/source/DNFServer/GameServer/Game/Dispatchers.cpp.o
WEAK_TEMPLATE	W	0x13	0x809b542	_ZN21MSG_DONATE_GUILD_FUNDD2Ev	MSG_DONATE_GUILD_FUND::~MSG_DONATE_GUILD_FUND()	home/wangyilei/dnf_workspace/dnf_decompile/source/DNFServer/GameServer/Game/Dispatchers.cpp.o
WEAK_TEMPLATE	W	0x13	0x809b7f0	_ZN21MSG_EXPERT_EXTRACTIOND1Ev	MSG_EXPERT_EXTRACTION::~MSG_EXPERT_EXTRACTION()	home/wangyilei/dnf_workspace/dnf_decompile/source/DNFServer/GameServer/Game/Dispatchers.cpp.o
WEAK_TEMPLATE	W	0x13	0x809b7f0	_ZN21MSG_EXPERT_EXTRACTIOND2Ev	MSG_EXPERT_EXTRACTION::~MSG_EXPERT_EXTRACTION()	home/wangyilei/dnf_workspace/dnf_decompile/source/DNFServer/GameServer/Game/Dispatchers.cpp.o
WEAK_TEMPLATE	W	0x13	0x809baec	_ZN21MSG_INFORM_NOTICE_2NDD1Ev	MSG_INFORM_NOTICE_2ND::~MSG_INFORM_NOTICE_2ND()	home/wangyilei/dnf_workspace/dnf_decompile/source/DNFServer/GameServer/Game/Dispatchers.cpp.o
WEAK_TEMPLATE	W	0x13	0x809baec	_ZN21MSG_INFORM_NOTICE_2NDD2Ev	MSG_INFORM_NOTICE_2ND::~MSG_INFORM_NOTICE_2ND()	home/wangyilei/dnf_workspace/dnf_decompile/source/DNFServer/GameServer/Game/Dispatchers.cpp.o
WEAK_TEMPLATE	W	0x13	0x809bde8	_ZN21MSG_SAVE_QUEST_NOTIFYD1Ev	MSG_SAVE_QUEST_NOTIFY::~MSG_SAVE_QUEST_NOTIFY()	home/wangyilei/dnf_workspace/dnf_decompile/source/DNFServer/GameServer/Game/Dispatchers.cpp.o
WEAK_TEMPLATE	W	0x13	0x809bde8	_ZN21MSG_SAVE_QUEST_NOTIFYD2Ev	MSG_SAVE_QUEST_NOTIFY::~MSG_SAVE_QUEST_NOTIFY()	home/wangyilei/dnf_workspace/dnf_decompile/source/DNFServer/GameServer/Game/Dispatchers.cpp.o
WEAK_TEMPLATE	W	0xb0	0x8235d10	_ZN22Arad_STStackableScriptC1ERKS_	Arad_STStackableScript::Arad_STStackableScript(Arad_STStackableScript const&)	home/wangyilei/dnf_workspace/dnf_decompile/source/DNFServer/GameServer/Game/STStackableScript.cpp.o
WEAK_TEMPLATE	W	0xb0	0x8235d10	_ZN22Arad_STStackableScriptC2ERKS_	Arad_STStackableScript::Arad_STStackableScript(Arad_STStackableScript const&)	home/wangyilei/dnf_workspace/dnf_decompile/source/DNFServer/GameServer/Game/STStackableScript.cpp.o
WEAK_TEMPLATE	W	0x13	0x809c0e4	_ZN22MSG_APPROVE_JOIN_GUILDD1Ev	MSG_APPROVE_JOIN_GUILD::~MSG_APPROVE_JOIN_GUILD()	home/wangyilei/dnf_workspace/dnf_decompile/source/DNFServer/GameServer/Game/Dispatchers.cpp.o
WEAK_TEMPLATE	W	0x13	0x809c0e4	_ZN22MSG_APPROVE_JOIN_GUILDD2Ev	MSG_APPROVE_JOIN_GUILD::~MSG_APPROVE_JOIN_GUILD()	home/wangyilei/dnf_workspace/dnf_decompile/source/DNFServer/GameServer/Game/Dispatchers.cpp.o
WEAK_TEMPLATE	W	0x13	0x809c392	_ZN22MSG_CHANGE_LETTER_STATD1Ev	MSG_CHANGE_LETTER_STAT::~MSG_CHANGE_LETTER_STAT()	home/wangyilei/dnf_workspace/dnf_decompile/source/DNFServer/GameServer/Game/Dispatchers.cpp.o
WEAK_TEMPLATE	W	0x13	0x809c392	_ZN22MSG_CHANGE_LETTER_STATD2Ev	MSG_CHANGE_LETTER_STAT::~MSG_CHANGE_LETTER_STAT()	home/wangyilei/dnf_workspace/dnf_decompile/source/DNFServer/GameServer/Game/Dispatchers.cpp.o
WEAK_TEMPLATE	W	0x13	0x809c68e	_ZN22MSG_FATIGUE_ATTENDANCED1Ev	MSG_FATIGUE_ATTENDANCE::~MSG_FATIGUE_ATTENDANCE()	home/wangyilei/dnf_workspace/dnf_decompile/source/DNFServer/GameServer/Game/Dispatchers.cpp.o
WEAK_TEMPLATE	W	0x13	0x809c68e	_ZN22MSG_FATIGUE_ATTENDANCED2Ev	MSG_FATIGUE_ATTENDANCE::~MSG_FATIGUE_ATTENDANCE()	home/wangyilei/dnf_workspace/dnf_decompile/source/DNFServer/GameServer/Game/Dispatchers.cpp.o
WEAK_TEMPLATE	W	0x13	0x809c98a	_ZN22MSG_MEMBER_ENTER_REPLYD1Ev	MSG_MEMBER_ENTER_REPLY::~MSG_MEMBER_ENTER_REPLY()	home/wangyilei/dnf_workspace/dnf_decompile/source/DNFServer/GameServer/Game/Dispatchers.cpp.o
WEAK_TEMPLATE	W	0x13	0x809c98a	_ZN22MSG_MEMBER_ENTER_REPLYD2Ev	MSG_MEMBER_ENTER_REPLY::~MSG_MEMBER_ENTER_REPLY()	home/wangyilei/dnf_workspace/dnf_decompile/source/DNFServer/GameServer/Game/Dispatchers.cpp.o
WEAK_TEMPLATE	W	0x13	0x809cc86	_ZN22MSG_REQUEST_GUILD_JOIND1Ev	MSG_REQUEST_GUILD_JOIN::~MSG_REQUEST_GUILD_JOIN()	home/wangyilei/dnf_workspace/dnf_decompile/source/DNFServer/GameServer/Game/Dispatchers.cpp.o
WEAK_TEMPLATE	W	0x13	0x809cc86	_ZN22MSG_REQUEST_GUILD_JOIND2Ev	MSG_REQUEST_GUILD_JOIN::~MSG_REQUEST_GUILD_JOIN()	home/wangyilei/dnf_workspace/dnf_decompile/source/DNFServer/GameServer/Game/Dispatchers.cpp.o
WEAK_TEMPLATE	W	0x13	0x809cf34	_ZN22MSG_SAVE_GAME_OPTION_1D1Ev	MSG_SAVE_GAME_OPTION_1::~MSG_SAVE_GAME_OPTION_1()	home/wangyilei/dnf_workspace/dnf_decompile/source/DNFServer/GameServer/Game/Dispatchers.cpp.o
WEAK_TEMPLATE	W	0x13	0x809cf34	_ZN22MSG_SAVE_GAME_OPTION_1D2Ev	MSG_SAVE_GAME_OPTION_1::~MSG_SAVE_GAME_OPTION_1()	home/wangyilei/dnf_workspace/dnf_decompile/source/DNFServer/GameServer/Game/Dispatchers.cpp.o
WEAK_TEMPLATE	W	0x13	0x809d1e2	_ZN22MSG_SAVE_GAME_OPTION_2D1Ev	MSG_SAVE_GAME_OPTION_2::~MSG_SAVE_GAME_OPTION_2()	home/wangyilei/dnf_workspace/dnf_decompile/source/DNFServer/GameServer/Game/Dispatchers.cpp.o
WEAK_TEMPLATE	W	0x13	0x809d1e2	_ZN22MSG_SAVE_GAME_OPTION_2D2Ev	MSG_SAVE_GAME_OPTION_2::~MSG_SAVE_GAME_OPTION_2()	home/wangyilei/dnf_workspace/dnf_decompile/source/DNFServer/GameServer/Game/Dispatchers.cpp.o
WEAK_TEMPLATE	W	0x13	0x809d490	_ZN22MsgRequestAssaultPriceD1Ev	MsgRequestAssaultPrice::~MsgRequestAssaultPrice()	home/wangyilei/dnf_workspace/dnf_decompile/source/DNFServer/GameServer/Game/Dispatchers.cpp.o
WEAK_TEMPLATE	W	0x13	0x809d490	_ZN22MsgRequestAssaultPriceD2Ev	MsgRequestAssaultPrice::~MsgRequestAssaultPrice()	home/wangyilei/dnf_workspace/dnf_decompile/source/DNFServer/GameServer/Game/Dispatchers.cpp.o
WEAK_TEMPLATE	W	0x13	0x809d78c	_ZN23MSG_ACHIEVEMENT_TRIGGERD1Ev	MSG_ACHIEVEMENT_TRIGGER::~MSG_ACHIEVEMENT_TRIGGER()	home/wangyilei/dnf_workspace/dnf_decompile/source/DNFServer/GameServer/Game/Dispatchers.cpp.o
WEAK_TEMPLATE	W	0x13	0x809d78c	_ZN23MSG_ACHIEVEMENT_TRIGGERD2Ev	MSG_ACHIEVEMENT_TRIGGER::~MSG_ACHIEVEMENT_TRIGGER()	home/wangyilei/dnf_workspace/dnf_decompile/source/DNFServer/GameServer/Game/Dispatchers.cpp.o
WEAK_TEMPLATE	W	0x13	0x809da3a	_ZN23MSG_CHANGE_HOST_WARROOMD1Ev	MSG_CHANGE_HOST_WARROOM::~MSG_CHANGE_HOST_WARROOM()	home/wangyilei/dnf_workspace/dnf_decompile/source/DNFServer/GameServer/Game/Dispatchers.cpp.o
WEAK_TEMPLATE	W	0x13	0x809da3a	_ZN23MSG_CHANGE_HOST_WARROOMD2Ev	MSG_CHANGE_HOST_WARROOM::~MSG_CHANGE_HOST_WARROOM()	home/wangyilei/dnf_workspace/dnf_decompile/source/DNFServer/GameServer/Game/Dispatchers.cpp.o
WEAK_TEMPLATE	W	0x13	0x809dd36	_ZN23MSG_COMPATIBILITY_INDEXD1Ev	MSG_COMPATIBILITY_INDEX::~MSG_COMPATIBILITY_INDEX()	home/wangyilei/dnf_workspace/dnf_decompile/source/DNFServer/GameServer/Game/Dispatchers.cpp.o
WEAK_TEMPLATE	W	0x13	0x809dd36	_ZN23MSG_COMPATIBILITY_INDEXD2Ev	MSG_COMPATIBILITY_INDEX::~MSG_COMPATIBILITY_INDEX()	home/wangyilei/dnf_workspace/dnf_decompile/source/DNFServer/GameServer/Game/Dispatchers.cpp.o
WEAK_TEMPLATE	W	0x13	0x809dfe4	_ZN23MSG_DECREASE_DURABILITYD1Ev	MSG_DECREASE_DURABILITY::~MSG_DECREASE_DURABILITY()	home/wangyilei/dnf_workspace/dnf_decompile/source/DNFServer/GameServer/Game/PacketTypes.cpp.o
WEAK_TEMPLATE	W	0x13	0x809dfe4	_ZN23MSG_DECREASE_DURABILITYD2Ev	MSG_DECREASE_DURABILITY::~MSG_DECREASE_DURABILITY()	home/wangyilei/dnf_workspace/dnf_decompile/source/DNFServer/GameServer/Game/PacketTypes.cpp.o
WEAK_TEMPLATE	W	0x13	0x809e2e0	_ZN23MSG_DELETE_TO_BLACKLISTD1Ev	MSG_DELETE_TO_BLACKLIST::~MSG_DELETE_TO_BLACKLIST()	home/wangyilei/dnf_workspace/dnf_decompile/source/DNFServer/GameServer/Game/Dispatchers.cpp.o
WEAK_TEMPLATE	W	0x13	0x809e2e0	_ZN23MSG_DELETE_TO_BLACKLISTD2Ev	MSG_DELETE_TO_BLACKLIST::~MSG_DELETE_TO_BLACKLIST()	home/wangyilei/dnf_workspace/dnf_decompile/source/DNFServer/GameServer/Game/Dispatchers.cpp.o
WEAK_TEMPLATE	W	0x13	0x809e5dc	_ZN23MSG_RESET_RANDOM_OPTIOND1Ev	MSG_RESET_RANDOM_OPTION::~MSG_RESET_RANDOM_OPTION()	home/wangyilei/dnf_workspace/dnf_decompile/source/DNFServer/GameServer/Game/PacketTypes.cpp.o
WEAK_TEMPLATE	W	0x13	0x809e5dc	_ZN23MSG_RESET_RANDOM_OPTIOND2Ev	MSG_RESET_RANDOM_OPTION::~MSG_RESET_RANDOM_OPTION()	home/wangyilei/dnf_workspace/dnf_decompile/source/DNFServer/GameServer/Game/PacketTypes.cpp.o
WEAK_TEMPLATE	W	0x13	0x809e88a	_ZN23MSG_SECURITY_LOG_PACKETD1Ev	MSG_SECURITY_LOG_PACKET::~MSG_SECURITY_LOG_PACKET()	home/wangyilei/dnf_workspace/dnf_decompile/source/DNFServer/GameServer/Game/Dispatchers.cpp.o
WEAK_TEMPLATE	W	0x13	0x809e88a	_ZN23MSG_SECURITY_LOG_PACKETD2Ev	MSG_SECURITY_LOG_PACKET::~MSG_SECURITY_LOG_PACKET()	home/wangyilei/dnf_workspace/dnf_decompile/source/DNFServer/GameServer/Game/Dispatchers.cpp.o
WEAK_TEMPLATE	W	0x13	0x809eb86	_ZN23MSG_TITLEBOOK_OTHERUSERD1Ev	MSG_TITLEBOOK_OTHERUSER::~MSG_TITLEBOOK_OTHERUSER()	home/wangyilei/dnf_workspace/dnf_decompile/source/DNFServer/GameServer/Game/Dispatchers.cpp.o
WEAK_TEMPLATE	W	0x13	0x809eb86	_ZN23MSG_TITLEBOOK_OTHERUSERD2Ev	MSG_TITLEBOOK_OTHERUSER::~MSG_TITLEBOOK_OTHERUSER()	home/wangyilei/dnf_workspace/dnf_decompile/source/DNFServer/GameServer/Game/Dispatchers.cpp.o
WEAK_TEMPLATE	W	0x13	0x809ee34	_ZN23MsgMercenaryCompetitionD1Ev	MsgMercenaryCompetition::~MsgMercenaryCompetition()	home/wangyilei/dnf_workspace/dnf_decompile/source/DNFServer/GameServer/Game/Dispatchers.cpp.o
WEAK_TEMPLATE	W	0x13	0x809ee34	_ZN23MsgMercenaryCompetitionD2Ev	MsgMercenaryCompetition::~MsgMercenaryCompetition()	home/wangyilei/dnf_workspace/dnf_decompile/source/DNFServer/GameServer/Game/Dispatchers.cpp.o
WEAK_TEMPLATE	W	0x13	0x809f130	_ZN24MSG_CHANGE_AVATAR_OPTIOND1Ev	MSG_CHANGE_AVATAR_OPTION::~MSG_CHANGE_AVATAR_OPTION()	home/wangyilei/dnf_workspace/dnf_decompile/source/DNFServer/GameServer/Game/Dispatchers.cpp.o
WEAK_TEMPLATE	W	0x13	0x809f130	_ZN24MSG_CHANGE_AVATAR_OPTIOND2Ev	MSG_CHANGE_AVATAR_OPTION::~MSG_CHANGE_AVATAR_OPTION()	home/wangyilei/dnf_workspace/dnf_decompile/source/DNFServer/GameServer/Game/Dispatchers.cpp.o
WEAK_TEMPLATE	W	0x13	0x809f42c	_ZN24MSG_CHANGE_RANDOM_OPTIOND1Ev	MSG_CHANGE_RANDOM_OPTION::~MSG_CHANGE_RANDOM_OPTION()	home/wangyilei/dnf_workspace/dnf_decompile/source/DNFServer/GameServer/Game/Dispatchers.cpp.o
WEAK_TEMPLATE	W	0x13	0x809f42c	_ZN24MSG_CHANGE_RANDOM_OPTIOND2Ev	MSG_CHANGE_RANDOM_OPTION::~MSG_CHANGE_RANDOM_OPTION()	home/wangyilei/dnf_workspace/dnf_decompile/source/DNFServer/GameServer/Game/Dispatchers.cpp.o
WEAK_TEMPLATE	W	0x13	0x809f6da	_ZN24MSG_ENTER_DISJOINT_STORED1Ev	MSG_ENTER_DISJOINT_STORE::~MSG_ENTER_DISJOINT_STORE()	home/wangyilei/dnf_workspace/dnf_decompile/source/DNFServer/GameServer/Game/Dispatchers.cpp.o
WEAK_TEMPLATE	W	0x13	0x809f6da	_ZN24MSG_ENTER_DISJOINT_STORED2Ev	MSG_ENTER_DISJOINT_STORE::~MSG_ENTER_DISJOINT_STORE()	home/wangyilei/dnf_workspace/dnf_decompile/source/DNFServer/GameServer/Game/Dispatchers.cpp.o
WEAK_TEMPLATE	W	0x13	0x809f9d6	_ZN24MSG_GUILD_CARGO_POP_ITEMD1Ev	MSG_GUILD_CARGO_POP_ITEM::~MSG_GUILD_CARGO_POP_ITEM()	home/wangyilei/dnf_workspace/dnf_decompile/source/DNFServer/GameServer/Game/Dispatchers.cpp.o
WEAK_TEMPLATE	W	0x13	0x809f9d6	_ZN24MSG_GUILD_CARGO_POP_ITEMD2Ev	MSG_GUILD_CARGO_POP_ITEM::~MSG_GUILD_CARGO_POP_ITEM()	home/wangyilei/dnf_workspace/dnf_decompile/source/DNFServer/GameServer/Game/Dispatchers.cpp.o
WEAK_TEMPLATE	W	0x13	0x809fcd2	_ZN24MSG_MAILBOX_EXTRACT_ITEMD1Ev	MSG_MAILBOX_EXTRACT_ITEM::~MSG_MAILBOX_EXTRACT_ITEM()	home/wangyilei/dnf_workspace/dnf_decompile/source/DNFServer/GameServer/Game/Dispatchers.cpp.o
WEAK_TEMPLATE	W	0x13	0x809fcd2	_ZN24MSG_MAILBOX_EXTRACT_ITEMD2Ev	MSG_MAILBOX_EXTRACT_ITEM::~MSG_MAILBOX_EXTRACT_ITEM()	home/wangyilei/dnf_workspace/dnf_decompile/source/DNFServer/GameServer/Game/Dispatchers.cpp.o
WEAK_TEMPLATE	W	0x13	0x809ffce	_ZN24MSG_REQUEST_MEMBER_ENTERD1Ev	MSG_REQUEST_MEMBER_ENTER::~MSG_REQUEST_MEMBER_ENTER()	home/wangyilei/dnf_workspace/dnf_decompile/source/DNFServer/GameServer/Game/Dispatchers.cpp.o
WEAK_TEMPLATE	W	0x13	0x809ffce	_ZN24MSG_REQUEST_MEMBER_ENTERD2Ev	MSG_REQUEST_MEMBER_ENTER::~MSG_REQUEST_MEMBER_ENTER()	home/wangyilei/dnf_workspace/dnf_decompile/source/DNFServer/GameServer/Game/Dispatchers.cpp.o
WEAK_TEMPLATE	W	0x13	0x80a02ca	_ZN24MSG_SECRET_SHOP_BUY_ITEMD1Ev	MSG_SECRET_SHOP_BUY_ITEM::~MSG_SECRET_SHOP_BUY_ITEM()	home/wangyilei/dnf_workspace/dnf_decompile/source/DNFServer/GameServer/Game/Dispatchers.cpp.o
WEAK_TEMPLATE	W	0x13	0x80a02ca	_ZN24MSG_SECRET_SHOP_BUY_ITEMD2Ev	MSG_SECRET_SHOP_BUY_ITEM::~MSG_SECRET_SHOP_BUY_ITEM()	home/wangyilei/dnf_workspace/dnf_decompile/source/DNFServer/GameServer/Game/Dispatchers.cpp.o
WEAK_TEMPLATE	W	0x13	0x80a05c6	_ZN24MSG_SERIAROOM_DECO_EVENTD1Ev	MSG_SERIAROOM_DECO_EVENT::~MSG_SERIAROOM_DECO_EVENT()	home/wangyilei/dnf_workspace/dnf_decompile/source/DNFServer/GameServer/Game/Dispatchers.cpp.o
WEAK_TEMPLATE	W	0x13	0x80a05c6	_ZN24MSG_SERIAROOM_DECO_EVENTD2Ev	MSG_SERIAROOM_DECO_EVENT::~MSG_SERIAROOM_DECO_EVENT()	home/wangyilei/dnf_workspace/dnf_decompile/source/DNFServer/GameServer/Game/Dispatchers.cpp.o
WEAK_TEMPLATE	W	0x13	0x80a0b5c	_ZN24MSG_STACKABLE_ACTION_USED1Ev	MSG_STACKABLE_ACTION_USE::~MSG_STACKABLE_ACTION_USE()	home/wangyilei/dnf_workspace/dnf_decompile/source/DNFServer/GameServer/Game/Dispatchers.cpp.o
WEAK_TEMPLATE	W	0x13	0x80a0b5c	_ZN24MSG_STACKABLE_ACTION_USED2Ev	MSG_STACKABLE_ACTION_USE::~MSG_STACKABLE_ACTION_USE()	home/wangyilei/dnf_workspace/dnf_decompile/source/DNFServer/GameServer/Game/Dispatchers.cpp.o
WEAK_TEMPLATE	W	0x13	0x80a0e58	_ZN25MSG_CLIENT_SPEC_STATISTICD1Ev	MSG_CLIENT_SPEC_STATISTIC::~MSG_CLIENT_SPEC_STATISTIC()	home/wangyilei/dnf_workspace/dnf_decompile/source/DNFServer/GameServer/Game/Dispatchers.cpp.o
WEAK_TEMPLATE	W	0x13	0x80a0e58	_ZN25MSG_CLIENT_SPEC_STATISTICD2Ev	MSG_CLIENT_SPEC_STATISTIC::~MSG_CLIENT_SPEC_STATISTIC()	home/wangyilei/dnf_workspace/dnf_decompile/source/DNFServer/GameServer/Game/Dispatchers.cpp.o
WEAK_TEMPLATE	W	0x13	0x80a1154	_ZN25MSG_CREATE_DISJOINT_STORED1Ev	MSG_CREATE_DISJOINT_STORE::~MSG_CREATE_DISJOINT_STORE()	home/wangyilei/dnf_workspace/dnf_decompile/source/DNFServer/GameServer/Game/Dispatchers.cpp.o
WEAK_TEMPLATE	W	0x13	0x80a1154	_ZN25MSG_CREATE_DISJOINT_STORED2Ev	MSG_CREATE_DISJOINT_STORE::~MSG_CREATE_DISJOINT_STORE()	home/wangyilei/dnf_workspace/dnf_decompile/source/DNFServer/GameServer/Game/Dispatchers.cpp.o
WEAK_TEMPLATE	W	0x13	0x80a1450	_ZN25MSG_GUILD_CARGO_MOVE_ITEMD1Ev	MSG_GUILD_CARGO_MOVE_ITEM::~MSG_GUILD_CARGO_MOVE_ITEM()	home/wangyilei/dnf_workspace/dnf_decompile/source/DNFServer/GameServer/Game/Dispatchers.cpp.o
WEAK_TEMPLATE	W	0x13	0x80a1450	_ZN25MSG_GUILD_CARGO_MOVE_ITEMD2Ev	MSG_GUILD_CARGO_MOVE_ITEM::~MSG_GUILD_CARGO_MOVE_ITEM()	home/wangyilei/dnf_workspace/dnf_decompile/source/DNFServer/GameServer/Game/Dispatchers.cpp.o
WEAK_TEMPLATE	W	0x13	0x80a174c	_ZN25MSG_GUILD_CARGO_PUSH_ITEMD1Ev	MSG_GUILD_CARGO_PUSH_ITEM::~MSG_GUILD_CARGO_PUSH_ITEM()	home/wangyilei/dnf_workspace/dnf_decompile/source/DNFServer/GameServer/Game/Dispatchers.cpp.o
WEAK_TEMPLATE	W	0x13	0x80a174c	_ZN25MSG_GUILD_CARGO_PUSH_ITEMD2Ev	MSG_GUILD_CARGO_PUSH_ITEM::~MSG_GUILD_CARGO_PUSH_ITEM()	home/wangyilei/dnf_workspace/dnf_decompile/source/DNFServer/GameServer/Game/Dispatchers.cpp.o
WEAK_TEMPLATE	W	0x13	0x80a1a48	_ZN25MSG_REGISTER_TO_BLACKLISTD1Ev	MSG_REGISTER_TO_BLACKLIST::~MSG_REGISTER_TO_BLACKLIST()	home/wangyilei/dnf_workspace/dnf_decompile/source/DNFServer/GameServer/Game/Dispatchers.cpp.o
WEAK_TEMPLATE	W	0x13	0x80a1a48	_ZN25MSG_REGISTER_TO_BLACKLISTD2Ev	MSG_REGISTER_TO_BLACKLIST::~MSG_REGISTER_TO_BLACKLIST()	home/wangyilei/dnf_workspace/dnf_decompile/source/DNFServer/GameServer/Game/Dispatchers.cpp.o
WEAK_TEMPLATE	W	0x13	0x80a1d44	_ZN25MSG_REQUEST_DISJOINT_ITEMD1Ev	MSG_REQUEST_DISJOINT_ITEM::~MSG_REQUEST_DISJOINT_ITEM()	home/wangyilei/dnf_workspace/dnf_decompile/source/DNFServer/GameServer/Game/Dispatchers.cpp.o
WEAK_TEMPLATE	W	0x13	0x80a1d44	_ZN25MSG_REQUEST_DISJOINT_ITEMD2Ev	MSG_REQUEST_DISJOINT_ITEM::~MSG_REQUEST_DISJOINT_ITEM()	home/wangyilei/dnf_workspace/dnf_decompile/source/DNFServer/GameServer/Game/Dispatchers.cpp.o
WEAK_TEMPLATE	W	0x13	0x80a2040	_ZN25MSG_SAVE_CHARACTER_OPTIOND1Ev	MSG_SAVE_CHARACTER_OPTION::~MSG_SAVE_CHARACTER_OPTION()	home/wangyilei/dnf_workspace/dnf_decompile/source/DNFServer/GameServer/Game/Dispatchers.cpp.o
WEAK_TEMPLATE	W	0x13	0x80a2040	_ZN25MSG_SAVE_CHARACTER_OPTIOND2Ev	MSG_SAVE_CHARACTER_OPTION::~MSG_SAVE_CHARACTER_OPTION()	home/wangyilei/dnf_workspace/dnf_decompile/source/DNFServer/GameServer/Game/Dispatchers.cpp.o
WEAK_TEMPLATE	W	0x13	0x80a233c	_ZN25MsgTournamentRewardSelectD1Ev	MsgTournamentRewardSelect::~MsgTournamentRewardSelect()	home/wangyilei/dnf_workspace/dnf_decompile/source/DNFServer/GameServer/Game/Dispatchers.cpp.o
WEAK_TEMPLATE	W	0x13	0x80a233c	_ZN25MsgTournamentRewardSelectD2Ev	MsgTournamentRewardSelect::~MsgTournamentRewardSelect()	home/wangyilei/dnf_workspace/dnf_decompile/source/DNFServer/GameServer/Game/Dispatchers.cpp.o
WEAK_TEMPLATE	W	0x13	0x80a2638	_ZN26MSG_ABNORMAL_USE_STACKABLED1Ev	MSG_ABNORMAL_USE_STACKABLE::~MSG_ABNORMAL_USE_STACKABLE()	home/wangyilei/dnf_workspace/dnf_decompile/source/DNFServer/GameServer/Game/Dispatchers.cpp.o
WEAK_TEMPLATE	W	0x13	0x80a2638	_ZN26MSG_ABNORMAL_USE_STACKABLED2Ev	MSG_ABNORMAL_USE_STACKABLE::~MSG_ABNORMAL_USE_STACKABLE()	home/wangyilei/dnf_workspace/dnf_decompile/source/DNFServer/GameServer/Game/Dispatchers.cpp.o
WEAK_TEMPLATE	W	0x13	0x80a2934	_ZN26MSG_FLOAT_RDATA_MODULATIOND1Ev	MSG_FLOAT_RDATA_MODULATION::~MSG_FLOAT_RDATA_MODULATION()	home/wangyilei/dnf_workspace/dnf_decompile/source/DNFServer/GameServer/Game/Dispatchers.cpp.o
WEAK_TEMPLATE	W	0x13	0x80a2934	_ZN26MSG_FLOAT_RDATA_MODULATIOND2Ev	MSG_FLOAT_RDATA_MODULATION::~MSG_FLOAT_RDATA_MODULATION()	home/wangyilei/dnf_workspace/dnf_decompile/source/DNFServer/GameServer/Game/Dispatchers.cpp.o
WEAK_TEMPLATE	W	0x13	0x80a2be2	_ZN26MSG_PARTY_TELEPORT_CONFIRMD1Ev	MSG_PARTY_TELEPORT_CONFIRM::~MSG_PARTY_TELEPORT_CONFIRM()	home/wangyilei/dnf_workspace/dnf_decompile/source/DNFServer/GameServer/Game/Dispatchers.cpp.o
WEAK_TEMPLATE	W	0x13	0x80a2be2	_ZN26MSG_PARTY_TELEPORT_CONFIRMD2Ev	MSG_PARTY_TELEPORT_CONFIRM::~MSG_PARTY_TELEPORT_CONFIRM()	home/wangyilei/dnf_workspace/dnf_decompile/source/DNFServer/GameServer/Game/Dispatchers.cpp.o
WEAK_TEMPLATE	W	0x13	0x80a31da	_ZN26MSG_SECRET_SHOP_OPEN_CLOSED1Ev	MSG_SECRET_SHOP_OPEN_CLOSE::~MSG_SECRET_SHOP_OPEN_CLOSE()	home/wangyilei/dnf_workspace/dnf_decompile/source/DNFServer/GameServer/Game/Dispatchers.cpp.o
WEAK_TEMPLATE	W	0x13	0x80a31da	_ZN26MSG_SECRET_SHOP_OPEN_CLOSED2Ev	MSG_SECRET_SHOP_OPEN_CLOSE::~MSG_SECRET_SHOP_OPEN_CLOSE()	home/wangyilei/dnf_workspace/dnf_decompile/source/DNFServer/GameServer/Game/Dispatchers.cpp.o
WEAK_TEMPLATE	W	0x13	0x80a34d6	_ZN26MSG_WARROOM_WP_PER_MONSTERD1Ev	MSG_WARROOM_WP_PER_MONSTER::~MSG_WARROOM_WP_PER_MONSTER()	home/wangyilei/dnf_workspace/dnf_decompile/source/DNFServer/GameServer/Game/Dispatchers.cpp.o
WEAK_TEMPLATE	W	0x13	0x80a34d6	_ZN26MSG_WARROOM_WP_PER_MONSTERD2Ev	MSG_WARROOM_WP_PER_MONSTER::~MSG_WARROOM_WP_PER_MONSTER()	home/wangyilei/dnf_workspace/dnf_decompile/source/DNFServer/GameServer/Game/Dispatchers.cpp.o
WEAK_TEMPLATE	W	0x13	0x80a37d2	_ZN27MSG_ITEM_HYPER_LINK_MESSAGED1Ev	MSG_ITEM_HYPER_LINK_MESSAGE::~MSG_ITEM_HYPER_LINK_MESSAGE()	home/wangyilei/dnf_workspace/dnf_decompile/source/DNFServer/GameServer/Game/Dispatchers.cpp.o
WEAK_TEMPLATE	W	0x13	0x80a37d2	_ZN27MSG_ITEM_HYPER_LINK_MESSAGED2Ev	MSG_ITEM_HYPER_LINK_MESSAGE::~MSG_ITEM_HYPER_LINK_MESSAGE()	home/wangyilei/dnf_workspace/dnf_decompile/source/DNFServer/GameServer/Game/Dispatchers.cpp.o
WEAK_TEMPLATE	W	0x13	0x80a3ace	_ZN27MSG_PVP_MISSION_COMBO_CLEARD1Ev	MSG_PVP_MISSION_COMBO_CLEAR::~MSG_PVP_MISSION_COMBO_CLEAR()	home/wangyilei/dnf_workspace/dnf_decompile/source/DNFServer/GameServer/Game/Dispatchers.cpp.o
WEAK_TEMPLATE	W	0x13	0x80a3ace	_ZN27MSG_PVP_MISSION_COMBO_CLEARD2Ev	MSG_PVP_MISSION_COMBO_CLEAR::~MSG_PVP_MISSION_COMBO_CLEAR()	home/wangyilei/dnf_workspace/dnf_decompile/source/DNFServer/GameServer/Game/Dispatchers.cpp.o
WEAK_TEMPLATE	W	0x13	0x80a3d7c	_ZN28MSG_BLUE_MARBLE_CONFIRM_INFOD1Ev	MSG_BLUE_MARBLE_CONFIRM_INFO::~MSG_BLUE_MARBLE_CONFIRM_INFO()	home/wangyilei/dnf_workspace/dnf_decompile/source/DNFServer/GameServer/Game/Dispatchers.cpp.o
WEAK_TEMPLATE	W	0x13	0x80a3d7c	_ZN28MSG_BLUE_MARBLE_CONFIRM_INFOD2Ev	MSG_BLUE_MARBLE_CONFIRM_INFO::~MSG_BLUE_MARBLE_CONFIRM_INFO()	home/wangyilei/dnf_workspace/dnf_decompile/source/DNFServer/GameServer/Game/Dispatchers.cpp.o
WEAK_TEMPLATE	W	0x13	0x80a4078	_ZN28MSG_LOG_INGAME_ADVERTISEMENTD1Ev	MSG_LOG_INGAME_ADVERTISEMENT::~MSG_LOG_INGAME_ADVERTISEMENT()	home/wangyilei/dnf_workspace/dnf_decompile/source/DNFServer/GameServer/Game/Dispatchers.cpp.o
WEAK_TEMPLATE	W	0x13	0x80a4078	_ZN28MSG_LOG_INGAME_ADVERTISEMENTD2Ev	MSG_LOG_INGAME_ADVERTISEMENT::~MSG_LOG_INGAME_ADVERTISEMENT()	home/wangyilei/dnf_workspace/dnf_decompile/source/DNFServer/GameServer/Game/Dispatchers.cpp.o
WEAK_TEMPLATE	W	0x13	0x80a4374	_ZN29MSG_CHANGE_ANOTHER_SKILL_TREED1Ev	MSG_CHANGE_ANOTHER_SKILL_TREE::~MSG_CHANGE_ANOTHER_SKILL_TREE()	home/wangyilei/dnf_workspace/dnf_decompile/source/DNFServer/GameServer/Game/Dispatchers.cpp.o
WEAK_TEMPLATE	W	0x13	0x80a4374	_ZN29MSG_CHANGE_ANOTHER_SKILL_TREED2Ev	MSG_CHANGE_ANOTHER_SKILL_TREE::~MSG_CHANGE_ANOTHER_SKILL_TREE()	home/wangyilei/dnf_workspace/dnf_decompile/source/DNFServer/GameServer/Game/Dispatchers.cpp.o
WEAK_TEMPLATE	W	0x13	0x80a4670	_ZN29MSG_REQUEST_CHARAC_SKILL_INFOD1Ev	MSG_REQUEST_CHARAC_SKILL_INFO::~MSG_REQUEST_CHARAC_SKILL_INFO()	home/wangyilei/dnf_workspace/dnf_decompile/source/DNFServer/GameServer/Game/Dispatchers.cpp.o
WEAK_TEMPLATE	W	0x13	0x80a4670	_ZN29MSG_REQUEST_CHARAC_SKILL_INFOD2Ev	MSG_REQUEST_CHARAC_SKILL_INFO::~MSG_REQUEST_CHARAC_SKILL_INFO()	home/wangyilei/dnf_workspace/dnf_decompile/source/DNFServer/GameServer/Game/Dispatchers.cpp.o
WEAK_TEMPLATE	W	0x13	0x80a496c	_ZN29MSG_RIGHT_OF_CHANGE_GROW_TYPED1Ev	MSG_RIGHT_OF_CHANGE_GROW_TYPE::~MSG_RIGHT_OF_CHANGE_GROW_TYPE()	home/wangyilei/dnf_workspace/dnf_decompile/source/DNFServer/GameServer/Game/Dispatchers.cpp.o
WEAK_TEMPLATE	W	0x13	0x80a496c	_ZN29MSG_RIGHT_OF_CHANGE_GROW_TYPED2Ev	MSG_RIGHT_OF_CHANGE_GROW_TYPE::~MSG_RIGHT_OF_CHANGE_GROW_TYPE()	home/wangyilei/dnf_workspace/dnf_decompile/source/DNFServer/GameServer/Game/Dispatchers.cpp.o
WEAK_TEMPLATE	W	0x13	0x80a4c68	_ZN30MSG_REGENERATION_RANDOM_OPTIOND1Ev	MSG_REGENERATION_RANDOM_OPTION::~MSG_REGENERATION_RANDOM_OPTION()	home/wangyilei/dnf_workspace/dnf_decompile/source/DNFServer/GameServer/Game/PacketTypes.cpp.o
WEAK_TEMPLATE	W	0x13	0x80a4c68	_ZN30MSG_REGENERATION_RANDOM_OPTIOND2Ev	MSG_REGENERATION_RANDOM_OPTION::~MSG_REGENERATION_RANDOM_OPTION()	home/wangyilei/dnf_workspace/dnf_decompile/source/DNFServer/GameServer/Game/PacketTypes.cpp.o
WEAK_TEMPLATE	W	0x89	0x805fff4	_ZN31INTERNALMSG_SERVICE_UNAVAILABLEC1Ev	INTERNALMSG_SERVICE_UNAVAILABLE::INTERNALMSG_SERVICE_UNAVAILABLE()	home/wangyilei/dnf_workspace/dnf_decompile/source/DNFServer/GameServer/ServerLab/ServerLib/common_source/DBDispatcher.cpp.o
WEAK_TEMPLATE	W	0x89	0x805fff4	_ZN31INTERNALMSG_SERVICE_UNAVAILABLEC2Ev	INTERNALMSG_SERVICE_UNAVAILABLE::INTERNALMSG_SERVICE_UNAVAILABLE()	home/wangyilei/dnf_workspace/dnf_decompile/source/DNFServer/GameServer/ServerLab/ServerLib/common_source/DBDispatcher.cpp.o
WEAK_TEMPLATE	W	0x13	0x80a5260	_ZN31MSG_GOLD_TAKE_INCREASING_AMOUNTD1Ev	MSG_GOLD_TAKE_INCREASING_AMOUNT::~MSG_GOLD_TAKE_INCREASING_AMOUNT()	home/wangyilei/dnf_workspace/dnf_decompile/source/DNFServer/GameServer/Game/Dispatchers.cpp.o
WEAK_TEMPLATE	W	0x13	0x80a5260	_ZN31MSG_GOLD_TAKE_INCREASING_AMOUNTD2Ev	MSG_GOLD_TAKE_INCREASING_AMOUNT::~MSG_GOLD_TAKE_INCREASING_AMOUNT()	home/wangyilei/dnf_workspace/dnf_decompile/source/DNFServer/GameServer/Game/Dispatchers.cpp.o
WEAK_TEMPLATE	W	0x13	0x80a555c	_ZN32MSG_EXPAND_EQUIPSLOT_FLAG_UPDATED1Ev	MSG_EXPAND_EQUIPSLOT_FLAG_UPDATE::~MSG_EXPAND_EQUIPSLOT_FLAG_UPDATE()	home/wangyilei/dnf_workspace/dnf_decompile/source/DNFServer/GameServer/Game/Dispatchers.cpp.o
WEAK_TEMPLATE	W	0x13	0x80a555c	_ZN32MSG_EXPAND_EQUIPSLOT_FLAG_UPDATED2Ev	MSG_EXPAND_EQUIPSLOT_FLAG_UPDATE::~MSG_EXPAND_EQUIPSLOT_FLAG_UPDATE()	home/wangyilei/dnf_workspace/dnf_decompile/source/DNFServer/GameServer/Game/Dispatchers.cpp.o
WEAK_TEMPLATE	W	0x13	0x80a5858	_ZN32MSG_REQUEST_INGAME_ADVERTISEMENTD1Ev	MSG_REQUEST_INGAME_ADVERTISEMENT::~MSG_REQUEST_INGAME_ADVERTISEMENT()	home/wangyilei/dnf_workspace/dnf_decompile/source/DNFServer/GameServer/Game/Dispatchers.cpp.o
WEAK_TEMPLATE	W	0x13	0x80a5858	_ZN32MSG_REQUEST_INGAME_ADVERTISEMENTD2Ev	MSG_REQUEST_INGAME_ADVERTISEMENT::~MSG_REQUEST_INGAME_ADVERTISEMENT()	home/wangyilei/dnf_workspace/dnf_decompile/source/DNFServer/GameServer/Game/Dispatchers.cpp.o
WEAK_TEMPLATE	W	0x13	0x80a5b54	_ZN32MSG_UPDATE_CONTRACT_OF_CUBE_INFOD1Ev	MSG_UPDATE_CONTRACT_OF_CUBE_INFO::~MSG_UPDATE_CONTRACT_OF_CUBE_INFO()	home/wangyilei/dnf_workspace/dnf_decompile/source/DNFServer/GameServer/Game/Dispatchers.cpp.o
WEAK_TEMPLATE	W	0x13	0x80a5b54	_ZN32MSG_UPDATE_CONTRACT_OF_CUBE_INFOD2Ev	MSG_UPDATE_CONTRACT_OF_CUBE_INFO::~MSG_UPDATE_CONTRACT_OF_CUBE_INFO()	home/wangyilei/dnf_workspace/dnf_decompile/source/DNFServer/GameServer/Game/Dispatchers.cpp.o
WEAK_TEMPLATE	W	0x13	0x80a5e50	_ZN33MSG_AVATAR_DISJOINT_RANDOM_REWARDD1Ev	MSG_AVATAR_DISJOINT_RANDOM_REWARD::~MSG_AVATAR_DISJOINT_RANDOM_REWARD()	home/wangyilei/dnf_workspace/dnf_decompile/source/DNFServer/GameServer/Game/Dispatchers.cpp.o
WEAK_TEMPLATE	W	0x13	0x80a5e50	_ZN33MSG_AVATAR_DISJOINT_RANDOM_REWARDD2Ev	MSG_AVATAR_DISJOINT_RANDOM_REWARD::~MSG_AVATAR_DISJOINT_RANDOM_REWARD()	home/wangyilei/dnf_workspace/dnf_decompile/source/DNFServer/GameServer/Game/Dispatchers.cpp.o
WEAK_TEMPLATE	W	0x13	0x80a614c	_ZN34MSG_P2P_HOLE_PUNCHING_SUCCESS_RATED1Ev	MSG_P2P_HOLE_PUNCHING_SUCCESS_RATE::~MSG_P2P_HOLE_PUNCHING_SUCCESS_RATE()	home/wangyilei/dnf_workspace/dnf_decompile/source/DNFServer/GameServer/Game/Dispatchers.cpp.o
WEAK_TEMPLATE	W	0x13	0x80a614c	_ZN34MSG_P2P_HOLE_PUNCHING_SUCCESS_RATED2Ev	MSG_P2P_HOLE_PUNCHING_SUCCESS_RATE::~MSG_P2P_HOLE_PUNCHING_SUCCESS_RATE()	home/wangyilei/dnf_workspace/dnf_decompile/source/DNFServer/GameServer/Game/Dispatchers.cpp.o
WEAK_TEMPLATE	W	0xd	0x804c832	_ZN3nsl10G_TraceLogEv	nsl::G_TraceLog()	home/wangyilei/dnf_workspace/dnf_decompile/source/DNFServer/GameServer/ServerLab/ServerLib/basic_source/DataPool.cpp.o
WEAK_TEMPLATE	W	0xb	0x8062430	_ZN3nsl11Dispatchers15getDBDispatcherEv	nsl::Dispatchers::getDBDispatcher()	home/wangyilei/dnf_workspace/dnf_decompile/source/DNFServer/GameServer/ServerLab/ServerLib/common_source/NSLDBThread.cpp.o
WEAK_TEMPLATE	W	0xb	0x805b290	_ZN3nsl11Dispatchers16getTCPDispatcherEv	nsl::Dispatchers::getTCPDispatcher()	home/wangyilei/dnf_workspace/dnf_decompile/source/DNFServer/GameServer/ServerLab/ServerLib/basic_source/WorkThread.cpp.o
WEAK_TEMPLATE	W	0xb	0x805b29c	_ZN3nsl11Dispatchers18GetInterDispatcherEv	nsl::Dispatchers::GetInterDispatcher()	home/wangyilei/dnf_workspace/dnf_decompile/source/DNFServer/GameServer/ServerLab/ServerLib/basic_source/WorkThread.cpp.o
WEAK_TEMPLATE	W	0x2c	0x8066c4a	_ZN3nsl11DispatchersC1Ev	nsl::Dispatchers::Dispatchers()	home/wangyilei/dnf_workspace/dnf_decompile/source/DNFServer/GameServer/ServerLab/ServerLib/common_source/ServiceFactory.cpp.o
WEAK_TEMPLATE	W	0x2c	0x8066c4a	_ZN3nsl11DispatchersC2Ev	nsl::Dispatchers::Dispatchers()	home/wangyilei/dnf_workspace/dnf_decompile/source/DNFServer/GameServer/ServerLab/ServerLib/common_source/ServiceFactory.cpp.o
WEAK_TEMPLATE	W	0xc	0x805b2b8	_ZN3nsl11ITimeEntity12isTerminatedEv	nsl::ITimeEntity::isTerminated()	home/wangyilei/dnf_workspace/dnf_decompile/source/DNFServer/GameServer/ServerLab/ServerLib/basic_source/WorkThread.cpp.o
WEAK_TEMPLATE	W	0xc	0x8070054	_ZN3nsl11ITimeEntity13setTerminatedEv	nsl::ITimeEntity::setTerminated()	home/wangyilei/dnf_workspace/dnf_decompile/source/DNFServer/GameServer/ServerLab/ServerLib/common_source/TimeManager.cpp.o
WEAK_TEMPLATE	W	0xb	0x8070060	_ZN3nsl11ITimeEntity6getArgEv	nsl::ITimeEntity::getArg()	home/wangyilei/dnf_workspace/dnf_decompile/source/DNFServer/GameServer/ServerLab/ServerLib/common_source/TimeManager.cpp.o
WEAK_TEMPLATE	W	0xd	0x804f004	_ZN3nsl11ServiceInfo14getPIDFileNameEv	nsl::ServiceInfo::getPIDFileName()	home/wangyilei/dnf_workspace/dnf_decompile/source/DNFServer/GameServer/ServerLab/ServerLib/basic_source/LinuxService.cpp.o
WEAK_TEMPLATE	W	0x1b	0x804efe8	_ZN3nsl11ServiceInfo15setRunAsServiceEb	nsl::ServiceInfo::setRunAsService(bool)	home/wangyilei/dnf_workspace/dnf_decompile/source/DNFServer/GameServer/ServerLab/ServerLib/basic_source/LinuxService.cpp.o
WEAK_TEMPLATE	W	0xf	0x804efd8	_ZN3nsl11ServiceInfoC1Ev	nsl::ServiceInfo::ServiceInfo()	home/wangyilei/dnf_workspace/dnf_decompile/source/DNFServer/GameServer/ServerLab/ServerLib/basic_source/LinuxService.cpp.o
WEAK_TEMPLATE	W	0xf	0x804efd8	_ZN3nsl11ServiceInfoC2Ev	nsl::ServiceInfo::ServiceInfo()	home/wangyilei/dnf_workspace/dnf_decompile/source/DNFServer/GameServer/ServerLab/ServerLib/basic_source/LinuxService.cpp.o
WEAK_TEMPLATE	W	0x1d	0x804c89e	_ZN3nsl11TScopedLockINS_11TThreadLockINS_16ThreadLock_linuxEEEEC1ERS3_	nsl::TScopedLock<nsl::TThreadLock<nsl::ThreadLock_linux> >::TScopedLock(nsl::TThreadLock<nsl::ThreadLock_linux>&)	home/wangyilei/dnf_workspace/dnf_decompile/source/DNFServer/GameServer/ServerLab/ServerLib/basic_source/DataPool.cpp.o
WEAK_TEMPLATE	W	0x1d	0x804c89e	_ZN3nsl11TScopedLockINS_11TThreadLockINS_16ThreadLock_linuxEEEEC2ERS3_	nsl::TScopedLock<nsl::TThreadLock<nsl::ThreadLock_linux> >::TScopedLock(nsl::TThreadLock<nsl::ThreadLock_linux>&)	home/wangyilei/dnf_workspace/dnf_decompile/source/DNFServer/GameServer/ServerLab/ServerLib/basic_source/DataPool.cpp.o
WEAK_TEMPLATE	W	0x15	0x804c8bc	_ZN3nsl11TScopedLockINS_11TThreadLockINS_16ThreadLock_linuxEEEED1Ev	nsl::TScopedLock<nsl::TThreadLock<nsl::ThreadLock_linux> >::~TScopedLock()	home/wangyilei/dnf_workspace/dnf_decompile/source/DNFServer/GameServer/ServerLab/ServerLib/basic_source/DataPool.cpp.o
WEAK_TEMPLATE	W	0x15	0x804c8bc	_ZN3nsl11TScopedLockINS_11TThreadLockINS_16ThreadLock_linuxEEEED2Ev	nsl::TScopedLock<nsl::TThreadLock<nsl::ThreadLock_linux> >::~TScopedLock()	home/wangyilei/dnf_workspace/dnf_decompile/source/DNFServer/GameServer/ServerLab/ServerLib/basic_source/DataPool.cpp.o
WEAK_TEMPLATE	W	0x13	0x8058e5c	_ZN3nsl11TThreadLockINS_15ThreadLock_ZeroEE4lockEv	nsl::TThreadLock<nsl::ThreadLock_Zero>::lock()	home/wangyilei/dnf_workspace/dnf_decompile/source/DNFServer/GameServer/ServerLab/ServerLib/basic_source/Thread.cpp.o
WEAK_TEMPLATE	W	0x13	0x8058e70	_ZN3nsl11TThreadLockINS_15ThreadLock_ZeroEE6unlockEv	nsl::TThreadLock<nsl::ThreadLock_Zero>::unlock()	home/wangyilei/dnf_workspace/dnf_decompile/source/DNFServer/GameServer/ServerLab/ServerLib/basic_source/Thread.cpp.o
WEAK_TEMPLATE	W	0x13	0x8058e84	_ZN3nsl11TThreadLockINS_15ThreadLock_ZeroEEC1Ev	nsl::TThreadLock<nsl::ThreadLock_Zero>::TThreadLock()	home/wangyilei/dnf_workspace/dnf_decompile/source/DNFServer/GameServer/ServerLab/ServerLib/basic_source/Thread.cpp.o
WEAK_TEMPLATE	W	0x13	0x8058e84	_ZN3nsl11TThreadLockINS_15ThreadLock_ZeroEEC2Ev	nsl::TThreadLock<nsl::ThreadLock_Zero>::TThreadLock()	home/wangyilei/dnf_workspace/dnf_decompile/source/DNFServer/GameServer/ServerLab/ServerLib/basic_source/Thread.cpp.o
WEAK_TEMPLATE	W	0x13	0x8058e98	_ZN3nsl11TThreadLockINS_15ThreadLock_ZeroEED1Ev	nsl::TThreadLock<nsl::ThreadLock_Zero>::~TThreadLock()	home/wangyilei/dnf_workspace/dnf_decompile/source/DNFServer/GameServer/ServerLab/ServerLib/basic_source/Thread.cpp.o
WEAK_TEMPLATE	W	0x13	0x8058e98	_ZN3nsl11TThreadLockINS_15ThreadLock_ZeroEED2Ev	nsl::TThreadLock<nsl::ThreadLock_Zero>::~TThreadLock()	home/wangyilei/dnf_workspace/dnf_decompile/source/DNFServer/GameServer/ServerLab/ServerLib/basic_source/Thread.cpp.o
WEAK_TEMPLATE	W	0x13	0x804ce50	_ZN3nsl11TThreadLockINS_16ThreadLock_linuxEE4lockEv	nsl::TThreadLock<nsl::ThreadLock_linux>::lock()	home/wangyilei/dnf_workspace/dnf_decompile/source/DNFServer/GameServer/ServerLab/ServerLib/basic_source/DataPool.cpp.o
WEAK_TEMPLATE	W	0x13	0x804ce64	_ZN3nsl11TThreadLockINS_16ThreadLock_linuxEE6unlockEv	nsl::TThreadLock<nsl::ThreadLock_linux>::unlock()	home/wangyilei/dnf_workspace/dnf_decompile/source/DNFServer/GameServer/ServerLab/ServerLib/basic_source/DataPool.cpp.o
WEAK_TEMPLATE	W	0x13	0x804c8d2	_ZN3nsl11TThreadLockINS_16ThreadLock_linuxEEC1Ev	nsl::TThreadLock<nsl::ThreadLock_linux>::TThreadLock()	home/wangyilei/dnf_workspace/dnf_decompile/source/DNFServer/GameServer/ServerLab/ServerLib/basic_source/DataPool.cpp.o
WEAK_TEMPLATE	W	0x13	0x804c8d2	_ZN3nsl11TThreadLockINS_16ThreadLock_linuxEEC2Ev	nsl::TThreadLock<nsl::ThreadLock_linux>::TThreadLock()	home/wangyilei/dnf_workspace/dnf_decompile/source/DNFServer/GameServer/ServerLab/ServerLib/basic_source/DataPool.cpp.o
WEAK_TEMPLATE	W	0x13	0x804c8e6	_ZN3nsl11TThreadLockINS_16ThreadLock_linuxEED1Ev	nsl::TThreadLock<nsl::ThreadLock_linux>::~TThreadLock()	home/wangyilei/dnf_workspace/dnf_decompile/source/DNFServer/GameServer/ServerLab/ServerLib/basic_source/DataPool.cpp.o
WEAK_TEMPLATE	W	0x13	0x804c8e6	_ZN3nsl11TThreadLockINS_16ThreadLock_linuxEED2Ev	nsl::TThreadLock<nsl::ThreadLock_linux>::~TThreadLock()	home/wangyilei/dnf_workspace/dnf_decompile/source/DNFServer/GameServer/ServerLab/ServerLib/basic_source/DataPool.cpp.o
WEAK_TEMPLATE	W	0xb	0x806adc8	_ZN3nsl12ConInterface10getTCPUserEv	nsl::ConInterface::getTCPUser()	home/wangyilei/dnf_workspace/dnf_decompile/source/DNFServer/GameServer/ServerLab/ServerLib/common_source/TActiveConnect.cpp.o
WEAK_TEMPLATE	W	0xe	0x806adba	_ZN3nsl12ConInterface10setTCPUserEPNS_7TCPUserE	nsl::ConInterface::setTCPUser(nsl::TCPUser*)	home/wangyilei/dnf_workspace/dnf_decompile/source/DNFServer/GameServer/ServerLab/ServerLib/common_source/TActiveConnect.cpp.o
WEAK_TEMPLATE	W	0xb	0x806ad8a	_ZN3nsl12ConInterface11getRecvTypeEv	nsl::ConInterface::getRecvType()	home/wangyilei/dnf_workspace/dnf_decompile/source/DNFServer/GameServer/ServerLab/ServerLib/common_source/TActiveConnect.cpp.o
WEAK_TEMPLATE	W	0xb	0x806ad7e	_ZN3nsl12ConInterface11getSendTypeEv	nsl::ConInterface::getSendType()	home/wangyilei/dnf_workspace/dnf_decompile/source/DNFServer/GameServer/ServerLab/ServerLib/common_source/TActiveConnect.cpp.o
WEAK_TEMPLATE	W	0x18	0x806ada2	_ZN3nsl12ConInterface12SetConnectedEb	nsl::ConInterface::SetConnected(bool)	home/wangyilei/dnf_workspace/dnf_decompile/source/DNFServer/GameServer/ServerLab/ServerLib/common_source/TActiveConnect.cpp.o
WEAK_TEMPLATE	W	0xc	0x806ad96	_ZN3nsl12ConInterface12getNeedReconEv	nsl::ConInterface::getNeedRecon()	home/wangyilei/dnf_workspace/dnf_decompile/source/DNFServer/GameServer/ServerLab/ServerLib/common_source/TActiveConnect.cpp.o
WEAK_TEMPLATE	W	0xa	0x806ad5c	_ZN3nsl12ConInterface5getIdEv	nsl::ConInterface::getId()	home/wangyilei/dnf_workspace/dnf_decompile/source/DNFServer/GameServer/ServerLab/ServerLib/common_source/TActiveConnect.cpp.o
WEAK_TEMPLATE	W	0xb	0x806ad66	_ZN3nsl12ConInterface5getIpEv	nsl::ConInterface::getIp()	home/wangyilei/dnf_workspace/dnf_decompile/source/DNFServer/GameServer/ServerLab/ServerLib/common_source/TActiveConnect.cpp.o
WEAK_TEMPLATE	W	0xb	0x806ad72	_ZN3nsl12ConInterface7getPortEv	nsl::ConInterface::getPort()	home/wangyilei/dnf_workspace/dnf_decompile/source/DNFServer/GameServer/ServerLab/ServerLib/common_source/TActiveConnect.cpp.o
WEAK_TEMPLATE	W	0x399	0x806f490	_ZN3nsl12EpollReactorINS_7TCPUserEE12handleEventsEjPNS_8DataPoolE	nsl::EpollReactor<nsl::TCPUser>::handleEvents(unsigned int, nsl::DataPool*)	home/wangyilei/dnf_workspace/dnf_decompile/source/DNFServer/GameServer/ServerLab/ServerLib/common_source/TCPThread.cpp.o
WEAK_TEMPLATE	W	0xdb	0x806b056	_ZN3nsl12EpollReactorINS_7TCPUserEE12registHandleEPS1_j	nsl::EpollReactor<nsl::TCPUser>::registHandle(nsl::TCPUser*, unsigned int)	home/wangyilei/dnf_workspace/dnf_decompile/source/DNFServer/GameServer/ServerLab/ServerLib/common_source/TActiveConnect.cpp.o
WEAK_TEMPLATE	W	0x94	0x804ccee	_ZN3nsl12EpollReactorINS_7TCPUserEE14unregistHandleEPS1_	nsl::EpollReactor<nsl::TCPUser>::unregistHandle(nsl::TCPUser*)	home/wangyilei/dnf_workspace/dnf_decompile/source/DNFServer/GameServer/ServerLab/ServerLib/basic_source/DataPool.cpp.o
WEAK_TEMPLATE	W	0x88	0x806f82a	_ZN3nsl12EpollReactorINS_7TCPUserEE16addConnectedUserEjPS1_b	nsl::EpollReactor<nsl::TCPUser>::addConnectedUser(unsigned int, nsl::TCPUser*, bool)	home/wangyilei/dnf_workspace/dnf_decompile/source/DNFServer/GameServer/ServerLab/ServerLib/common_source/TCPThread.cpp.o
WEAK_TEMPLATE	W	0x18e	0x806f8b2	_ZN3nsl12EpollReactorINS_7TCPUserEE16delConnectedUserEjPS1_	nsl::EpollReactor<nsl::TCPUser>::delConnectedUser(unsigned int, nsl::TCPUser*)	home/wangyilei/dnf_workspace/dnf_decompile/source/DNFServer/GameServer/ServerLab/ServerLib/common_source/TCPThread.cpp.o
WEAK_TEMPLATE	W	0x16	0x806faf2	_ZN3nsl12EpollReactorINS_7TCPUserEE18GetServerUserCountEv	nsl::EpollReactor<nsl::TCPUser>::GetServerUserCount()	home/wangyilei/dnf_workspace/dnf_decompile/source/DNFServer/GameServer/ServerLab/ServerLib/common_source/TCPThread.cpp.o
WEAK_TEMPLATE	W	0x94	0x806f3fc	_ZN3nsl12EpollReactorINS_7TCPUserEE18registListenHandleEPS1_	nsl::EpollReactor<nsl::TCPUser>::registListenHandle(nsl::TCPUser*)	home/wangyilei/dnf_workspace/dnf_decompile/source/DNFServer/GameServer/ServerLab/ServerLib/common_source/TCPThread.cpp.o
WEAK_TEMPLATE	W	0x2e	0x806b5f2	_ZN3nsl12EpollReactorINS_7TCPUserEE20getNativeEventFilterEj	nsl::EpollReactor<nsl::TCPUser>::getNativeEventFilter(unsigned int)	home/wangyilei/dnf_workspace/dnf_decompile/source/DNFServer/GameServer/ServerLab/ServerLib/common_source/TActiveConnect.cpp.o
WEAK_TEMPLATE	W	0x29	0x806f2ce	_ZN3nsl12EpollReactorINS_7TCPUserEE4initEi	nsl::EpollReactor<nsl::TCPUser>::init(int)	home/wangyilei/dnf_workspace/dnf_decompile/source/DNFServer/GameServer/ServerLab/ServerLib/common_source/TCPThread.cpp.o
WEAK_TEMPLATE	W	0xf5	0x806f2f8	_ZN3nsl12EpollReactorINS_7TCPUserEE7startupEv	nsl::EpollReactor<nsl::TCPUser>::startup()	home/wangyilei/dnf_workspace/dnf_decompile/source/DNFServer/GameServer/ServerLab/ServerLib/common_source/TCPThread.cpp.o
WEAK_TEMPLATE	W	0x46	0x806779a	_ZN3nsl12EpollReactorINS_7TCPUserEE8shutdownEv	nsl::EpollReactor<nsl::TCPUser>::shutdown()	home/wangyilei/dnf_workspace/dnf_decompile/source/DNFServer/GameServer/ServerLab/ServerLib/common_source/ServiceFactory.cpp.o
WEAK_TEMPLATE	W	0x61	0x8066eb2	_ZN3nsl12EpollReactorINS_7TCPUserEEC1Ev	nsl::EpollReactor<nsl::TCPUser>::EpollReactor()	home/wangyilei/dnf_workspace/dnf_decompile/source/DNFServer/GameServer/ServerLab/ServerLib/common_source/ServiceFactory.cpp.o
WEAK_TEMPLATE	W	0x61	0x8066eb2	_ZN3nsl12EpollReactorINS_7TCPUserEEC2Ev	nsl::EpollReactor<nsl::TCPUser>::EpollReactor()	home/wangyilei/dnf_workspace/dnf_decompile/source/DNFServer/GameServer/ServerLab/ServerLib/common_source/ServiceFactory.cpp.o
WEAK_TEMPLATE	W	0x6a	0x8066f14	_ZN3nsl12EpollReactorINS_7TCPUserEED1Ev	nsl::EpollReactor<nsl::TCPUser>::~EpollReactor()	home/wangyilei/dnf_workspace/dnf_decompile/source/DNFServer/GameServer/ServerLab/ServerLib/common_source/ServiceFactory.cpp.o
WEAK_TEMPLATE	W	0x6a	0x8066f14	_ZN3nsl12EpollReactorINS_7TCPUserEED2Ev	nsl::EpollReactor<nsl::TCPUser>::~EpollReactor()	home/wangyilei/dnf_workspace/dnf_decompile/source/DNFServer/GameServer/ServerLab/ServerLib/common_source/ServiceFactory.cpp.o
WEAK_TEMPLATE	W	0xa	0x804f080	_ZN3nsl12LinuxService11getInstanceEv	nsl::LinuxService::getInstance()	home/wangyilei/dnf_workspace/dnf_decompile/source/DNFServer/GameServer/ServerLab/ServerLib/basic_source/LinuxService.cpp.o
WEAK_TEMPLATE	W	0xf	0x804f08a	_ZN3nsl12LinuxService15SetStopReceivedEv	nsl::LinuxService::SetStopReceived()	home/wangyilei/dnf_workspace/dnf_decompile/source/DNFServer/GameServer/ServerLab/ServerLib/basic_source/LinuxService.cpp.o
WEAK_TEMPLATE	W	0x13	0x8066e0c	_ZN3nsl13DBConnectionsC1Ev	nsl::DBConnections::DBConnections()	home/wangyilei/dnf_workspace/dnf_decompile/source/DNFServer/GameServer/ServerLab/ServerLib/common_source/ServiceFactory.cpp.o
WEAK_TEMPLATE	W	0x13	0x8066e0c	_ZN3nsl13DBConnectionsC2Ev	nsl::DBConnections::DBConnections()	home/wangyilei/dnf_workspace/dnf_decompile/source/DNFServer/GameServer/ServerLab/ServerLib/common_source/ServiceFactory.cpp.o
WEAK_TEMPLATE	W	0x13	0x8066e20	_ZN3nsl13DBConnectionsD1Ev	nsl::DBConnections::~DBConnections()	home/wangyilei/dnf_workspace/dnf_decompile/source/DNFServer/GameServer/ServerLab/ServerLib/common_source/ServiceFactory.cpp.o
WEAK_TEMPLATE	W	0x13	0x8066e20	_ZN3nsl13DBConnectionsD2Ev	nsl::DBConnections::~DBConnections()	home/wangyilei/dnf_workspace/dnf_decompile/source/DNFServer/GameServer/ServerLab/ServerLib/common_source/ServiceFactory.cpp.o
WEAK_TEMPLATE	W	0xb	0x806f296	_ZN3nsl14ActiveNetClose8isInDataEv	nsl::ActiveNetClose::isInData()	home/wangyilei/dnf_workspace/dnf_decompile/source/DNFServer/GameServer/ServerLab/ServerLib/common_source/TCPThread.cpp.o
WEAK_TEMPLATE	W	0x5f	0x805d7b5	_ZN3nsl14GlobalInstanceINS_14ActiveNetCloseEE6createEv	nsl::GlobalInstance<nsl::ActiveNetClose>::create()	home/wangyilei/dnf_workspace/dnf_decompile/source/DNFServer/GameServer/ServerLab/ServerLib/common_source/ActiveNetClose.cpp.o
WEAK_TEMPLATE	W	0x55	0x805d522	_ZN3nsl14GlobalInstanceINS_14ActiveNetCloseEE8inst_ptrEv	nsl::GlobalInstance<nsl::ActiveNetClose>::inst_ptr()	home/wangyilei/dnf_workspace/dnf_decompile/source/DNFServer/GameServer/ServerLab/ServerLib/common_source/ActiveNetClose.cpp.o
WEAK_TEMPLATE	W	0x5f	0x804f1a7	_ZN3nsl14GlobalInstanceINS_6ScriptEE6createEv	nsl::GlobalInstance<nsl::Script>::create()	home/wangyilei/dnf_workspace/dnf_decompile/source/DNFServer/GameServer/ServerLab/ServerLib/basic_source/LinuxService.cpp.o
WEAK_TEMPLATE	W	0x55	0x804f152	_ZN3nsl14GlobalInstanceINS_6ScriptEE8inst_ptrEv	nsl::GlobalInstance<nsl::Script>::inst_ptr()	home/wangyilei/dnf_workspace/dnf_decompile/source/DNFServer/GameServer/ServerLab/ServerLib/basic_source/LinuxService.cpp.o
WEAK_TEMPLATE	W	0x5f	0x804cdf1	_ZN3nsl14GlobalInstanceINS_8TraceLogEE6createEv	nsl::GlobalInstance<nsl::TraceLog>::create()	home/wangyilei/dnf_workspace/dnf_decompile/source/DNFServer/GameServer/ServerLab/ServerLib/basic_source/DataPool.cpp.o
WEAK_TEMPLATE	W	0x55	0x804c848	_ZN3nsl14GlobalInstanceINS_8TraceLogEE8inst_ptrEv	nsl::GlobalInstance<nsl::TraceLog>::inst_ptr()	home/wangyilei/dnf_workspace/dnf_decompile/source/DNFServer/GameServer/ServerLab/ServerLib/basic_source/DataPool.cpp.o
WEAK_TEMPLATE	W	0x15	0x805b180	_ZN3nsl14IMessageStructC1Ev	nsl::IMessageStruct::IMessageStruct()	home/wangyilei/dnf_workspace/dnf_decompile/source/DNFServer/GameServer/ServerLab/ServerLib/basic_source/WorkThread.cpp.o
WEAK_TEMPLATE	W	0x15	0x805b180	_ZN3nsl14IMessageStructC2Ev	nsl::IMessageStruct::IMessageStruct()	home/wangyilei/dnf_workspace/dnf_decompile/source/DNFServer/GameServer/ServerLab/ServerLib/basic_source/WorkThread.cpp.o
WEAK_TEMPLATE	W	0x1e	0x804c6f8	_ZN3nsl14IMessageStructD0Ev	nsl::IMessageStruct::~IMessageStruct()	home/wangyilei/dnf_workspace/dnf_decompile/source/DNFServer/GameServer/ServerLab/ServerLib/basic_source/DataPool.cpp.o
WEAK_TEMPLATE	W	0x25	0x804c6d2	_ZN3nsl14IMessageStructD1Ev	nsl::IMessageStruct::~IMessageStruct()	home/wangyilei/dnf_workspace/dnf_decompile/source/DNFServer/GameServer/ServerLab/ServerLib/basic_source/DataPool.cpp.o
WEAK_TEMPLATE	W	0x25	0x804c6d2	_ZN3nsl14IMessageStructD2Ev	nsl::IMessageStruct::~IMessageStruct()	home/wangyilei/dnf_workspace/dnf_decompile/source/DNFServer/GameServer/ServerLab/ServerLib/basic_source/DataPool.cpp.o
WEAK_TEMPLATE	W	0x5	0x8058d38	_ZN3nsl15ThreadLock_Zero4lockEv	nsl::ThreadLock_Zero::lock()	home/wangyilei/dnf_workspace/dnf_decompile/source/DNFServer/GameServer/ServerLab/ServerLib/basic_source/Thread.cpp.o
WEAK_TEMPLATE	W	0x5	0x8058d3e	_ZN3nsl15ThreadLock_Zero6unlockEv	nsl::ThreadLock_Zero::unlock()	home/wangyilei/dnf_workspace/dnf_decompile/source/DNFServer/GameServer/ServerLab/ServerLib/basic_source/Thread.cpp.o
WEAK_TEMPLATE	W	0x5	0x8058d2c	_ZN3nsl15ThreadLock_ZeroC1Ev	nsl::ThreadLock_Zero::ThreadLock_Zero()	home/wangyilei/dnf_workspace/dnf_decompile/source/DNFServer/GameServer/ServerLab/ServerLib/basic_source/Thread.cpp.o
WEAK_TEMPLATE	W	0x5	0x8058d2c	_ZN3nsl15ThreadLock_ZeroC2Ev	nsl::ThreadLock_Zero::ThreadLock_Zero()	home/wangyilei/dnf_workspace/dnf_decompile/source/DNFServer/GameServer/ServerLab/ServerLib/basic_source/Thread.cpp.o
WEAK_TEMPLATE	W	0x5	0x8058d32	_ZN3nsl15ThreadLock_ZeroD1Ev	nsl::ThreadLock_Zero::~ThreadLock_Zero()	home/wangyilei/dnf_workspace/dnf_decompile/source/DNFServer/GameServer/ServerLab/ServerLib/basic_source/Thread.cpp.o
WEAK_TEMPLATE	W	0x5	0x8058d32	_ZN3nsl15ThreadLock_ZeroD2Ev	nsl::ThreadLock_Zero::~ThreadLock_Zero()	home/wangyilei/dnf_workspace/dnf_decompile/source/DNFServer/GameServer/ServerLab/ServerLib/basic_source/Thread.cpp.o
WEAK_TEMPLATE	W	0x34	0x8070f9e	_ZN3nsl15changes_meaning6RBNodeIiPNS_11ITimeEntityELi1024EE10getSiblingEv	nsl::changes_meaning::RBNode<int, nsl::ITimeEntity*, 1024>::getSibling()	home/wangyilei/dnf_workspace/dnf_decompile/source/DNFServer/GameServer/ServerLab/ServerLib/common_source/TimeManager.cpp.o
WEAK_TEMPLATE	W	0xc	0x8070da0	_ZN3nsl15changes_meaning6RBNodeIiPNS_11ITimeEntityELi1024EE11SetColorRedEv	nsl::changes_meaning::RBNode<int, nsl::ITimeEntity*, 1024>::SetColorRed()	home/wangyilei/dnf_workspace/dnf_decompile/source/DNFServer/GameServer/ServerLab/ServerLib/common_source/TimeManager.cpp.o
WEAK_TEMPLATE	W	0xb	0x80710cc	_ZN3nsl15changes_meaning6RBNodeIiPNS_11ITimeEntityELi1024EE12GetLeftChildEv	nsl::changes_meaning::RBNode<int, nsl::ITimeEntity*, 1024>::GetLeftChild()	home/wangyilei/dnf_workspace/dnf_decompile/source/DNFServer/GameServer/ServerLab/ServerLib/common_source/TimeManager.cpp.o
WEAK_TEMPLATE	W	0xb	0x80710c0	_ZN3nsl15changes_meaning6RBNodeIiPNS_11ITimeEntityELi1024EE13GetRightChildEv	nsl::changes_meaning::RBNode<int, nsl::ITimeEntity*, 1024>::GetRightChild()	home/wangyilei/dnf_workspace/dnf_decompile/source/DNFServer/GameServer/ServerLab/ServerLib/common_source/TimeManager.cpp.o
WEAK_TEMPLATE	W	0xc	0x8070d38	_ZN3nsl15changes_meaning6RBNodeIiPNS_11ITimeEntityELi1024EE13SetColorBlackEv	nsl::changes_meaning::RBNode<int, nsl::ITimeEntity*, 1024>::SetColorBlack()	home/wangyilei/dnf_workspace/dnf_decompile/source/DNFServer/GameServer/ServerLab/ServerLib/common_source/TimeManager.cpp.o
WEAK_TEMPLATE	W	0x1c	0x8070d84	_ZN3nsl15changes_meaning6RBNodeIiPNS_11ITimeEntityELi1024EE14getGrandParentEv	nsl::changes_meaning::RBNode<int, nsl::ITimeEntity*, 1024>::getGrandParent()	home/wangyilei/dnf_workspace/dnf_decompile/source/DNFServer/GameServer/ServerLab/ServerLib/common_source/TimeManager.cpp.o
WEAK_TEMPLATE	W	0x29	0x8070d0e	_ZN3nsl15changes_meaning6RBNodeIiPNS_11ITimeEntityELi1024EE4initEv	nsl::changes_meaning::RBNode<int, nsl::ITimeEntity*, 1024>::init()	home/wangyilei/dnf_workspace/dnf_decompile/source/DNFServer/GameServer/ServerLab/ServerLib/common_source/TimeManager.cpp.o
WEAK_TEMPLATE	W	0xb	0x80710aa	_ZN3nsl15changes_meaning6RBNodeIiPNS_11ITimeEntityELi1024EE7GetDataEv	nsl::changes_meaning::RBNode<int, nsl::ITimeEntity*, 1024>::GetData()	home/wangyilei/dnf_workspace/dnf_decompile/source/DNFServer/GameServer/ServerLab/ServerLib/common_source/TimeManager.cpp.o
WEAK_TEMPLATE	W	0x40	0x8070d44	_ZN3nsl15changes_meaning6RBNodeIiPNS_11ITimeEntityELi1024EE8getUncleEv	nsl::changes_meaning::RBNode<int, nsl::ITimeEntity*, 1024>::getUncle()	home/wangyilei/dnf_workspace/dnf_decompile/source/DNFServer/GameServer/ServerLab/ServerLib/common_source/TimeManager.cpp.o
WEAK_TEMPLATE	W	0xa	0x80710b6	_ZN3nsl15changes_meaning6RBNodeIiPNS_11ITimeEntityELi1024EE9GetParentEv	nsl::changes_meaning::RBNode<int, nsl::ITimeEntity*, 1024>::GetParent()	home/wangyilei/dnf_workspace/dnf_decompile/source/DNFServer/GameServer/ServerLab/ServerLib/common_source/TimeManager.cpp.o
WEAK_TEMPLATE	W	0xb	0x806f28a	_ZN3nsl16ActiveConManager16isRequestInQueueEv	nsl::ActiveConManager::isRequestInQueue()	home/wangyilei/dnf_workspace/dnf_decompile/source/DNFServer/GameServer/ServerLab/ServerLib/common_source/TCPThread.cpp.o
WEAK_TEMPLATE	W	0x30d	0x805b2c4	_ZN3nsl16GetMessageBufferEi	nsl::GetMessageBuffer(int)	home/wangyilei/dnf_workspace/dnf_decompile/source/DNFServer/GameServer/ServerLab/ServerLib/basic_source/WorkThread.cpp.o
WEAK_TEMPLATE	W	0x13	0x804c658	_ZN3nsl16ThreadLock_linux4lockEv	nsl::ThreadLock_linux::lock()	home/wangyilei/dnf_workspace/dnf_decompile/source/DNFServer/GameServer/ServerLab/ServerLib/basic_source/DataPool.cpp.o
WEAK_TEMPLATE	W	0x13	0x804c66c	_ZN3nsl16ThreadLock_linux6unlockEv	nsl::ThreadLock_linux::unlock()	home/wangyilei/dnf_workspace/dnf_decompile/source/DNFServer/GameServer/ServerLab/ServerLib/basic_source/DataPool.cpp.o
WEAK_TEMPLATE	W	0xc6	0x804f942	_ZN3nsl17CCryptorExceptionC1EPKcjS2_	nsl::CCryptorException::CCryptorException(char const*, unsigned int, char const*)	home/wangyilei/dnf_workspace/dnf_decompile/source/DNFServer/GameServer/ServerLab/ServerLib/basic_source/Method.cpp.o
WEAK_TEMPLATE	W	0xc6	0x804f942	_ZN3nsl17CCryptorExceptionC2EPKcjS2_	nsl::CCryptorException::CCryptorException(char const*, unsigned int, char const*)	home/wangyilei/dnf_workspace/dnf_decompile/source/DNFServer/GameServer/ServerLab/ServerLib/basic_source/Method.cpp.o
WEAK_TEMPLATE	W	0x45	0x804fa08	_ZN3nsl17CCryptorExceptionD1Ev	nsl::CCryptorException::~CCryptorException()	home/wangyilei/dnf_workspace/dnf_decompile/source/DNFServer/GameServer/ServerLab/ServerLib/basic_source/Method.cpp.o
WEAK_TEMPLATE	W	0x45	0x804fa08	_ZN3nsl17CCryptorExceptionD2Ev	nsl::CCryptorException::~CCryptorException()	home/wangyilei/dnf_workspace/dnf_decompile/source/DNFServer/GameServer/ServerLab/ServerLib/basic_source/Method.cpp.o
WEAK_TEMPLATE	W	0xa	0x806f280	_ZN3nsl17IActiveConManager19getActiveConManagerEv	nsl::IActiveConManager::getActiveConManager()	home/wangyilei/dnf_workspace/dnf_decompile/source/DNFServer/GameServer/ServerLab/ServerLib/common_source/TCPThread.cpp.o
WEAK_TEMPLATE	W	0xe	0x8066e34	_ZN3nsl17IActiveConManagerC1Ev	nsl::IActiveConManager::IActiveConManager()	home/wangyilei/dnf_workspace/dnf_decompile/source/DNFServer/GameServer/ServerLab/ServerLib/common_source/ServiceFactory.cpp.o
WEAK_TEMPLATE	W	0xe	0x8066e34	_ZN3nsl17IActiveConManagerC2Ev	nsl::IActiveConManager::IActiveConManager()	home/wangyilei/dnf_workspace/dnf_decompile/source/DNFServer/GameServer/ServerLab/ServerLib/common_source/ServiceFactory.cpp.o
WEAK_TEMPLATE	W	0xf	0x8061872	_ZN3nsl18INTERNALMSG_HEADER11getCategoryEv	nsl::INTERNALMSG_HEADER::getCategory()	home/wangyilei/dnf_workspace/dnf_decompile/source/DNFServer/GameServer/ServerLab/ServerLib/common_source/InterDispatcher.cpp.o
WEAK_TEMPLATE	W	0x10	0x805ffe4	_ZN3nsl18INTERNALMSG_HEADER11setCategoryEi	nsl::INTERNALMSG_HEADER::setCategory(int)	home/wangyilei/dnf_workspace/dnf_decompile/source/DNFServer/GameServer/ServerLab/ServerLib/common_source/DBDispatcher.cpp.o
WEAK_TEMPLATE	W	0xf	0x8061862	_ZN3nsl18INTERNALMSG_HEADER16getInternalMsgIDEv	nsl::INTERNALMSG_HEADER::getInternalMsgID()	home/wangyilei/dnf_workspace/dnf_decompile/source/DNFServer/GameServer/ServerLab/ServerLib/common_source/InterDispatcher.cpp.o
WEAK_TEMPLATE	W	0x10	0x805ffba	_ZN3nsl18INTERNALMSG_HEADER16setInternalMsgIDEi	nsl::INTERNALMSG_HEADER::setInternalMsgID(int)	home/wangyilei/dnf_workspace/dnf_decompile/source/DNFServer/GameServer/ServerLab/ServerLib/common_source/DBDispatcher.cpp.o
WEAK_TEMPLATE	W	0xb	0x805ffca	_ZN3nsl18INTERNALMSG_HEADER7getSizeEv	nsl::INTERNALMSG_HEADER::getSize()	home/wangyilei/dnf_workspace/dnf_decompile/source/DNFServer/GameServer/ServerLab/ServerLib/common_source/DBDispatcher.cpp.o
WEAK_TEMPLATE	W	0xe	0x805ffd6	_ZN3nsl18INTERNALMSG_HEADER7setSizeEi	nsl::INTERNALMSG_HEADER::setSize(int)	home/wangyilei/dnf_workspace/dnf_decompile/source/DNFServer/GameServer/ServerLab/ServerLib/common_source/DBDispatcher.cpp.o
WEAK_TEMPLATE	W	0x5	0x805ffb4	_ZN3nsl18INTERNALMSG_HEADERC1Ev	nsl::INTERNALMSG_HEADER::INTERNALMSG_HEADER()	home/wangyilei/dnf_workspace/dnf_decompile/source/DNFServer/GameServer/ServerLab/ServerLib/common_source/DBDispatcher.cpp.o
WEAK_TEMPLATE	W	0x5	0x805ffb4	_ZN3nsl18INTERNALMSG_HEADERC2Ev	nsl::INTERNALMSG_HEADER::INTERNALMSG_HEADER()	home/wangyilei/dnf_workspace/dnf_decompile/source/DNFServer/GameServer/ServerLab/ServerLib/common_source/DBDispatcher.cpp.o
WEAK_TEMPLATE	W	0x67	0x8061e84	_ZN3nsl18PCK_CS_POSTING_LOGC1Ev	nsl::PCK_CS_POSTING_LOG::PCK_CS_POSTING_LOG()	home/wangyilei/dnf_workspace/dnf_decompile/source/DNFServer/GameServer/ServerLab/ServerLib/common_source/LogSendThread.cpp.o
WEAK_TEMPLATE	W	0x67	0x8061e84	_ZN3nsl18PCK_CS_POSTING_LOGC2Ev	nsl::PCK_CS_POSTING_LOG::PCK_CS_POSTING_LOG()	home/wangyilei/dnf_workspace/dnf_decompile/source/DNFServer/GameServer/ServerLab/ServerLib/common_source/LogSendThread.cpp.o
WEAK_TEMPLATE	W	0x2b	0x8058dbe	_ZN3nsl19TThreadStateControlINS_11TThreadLockINS_15ThreadLock_ZeroEEEE10setStartedEv	nsl::TThreadStateControl<nsl::TThreadLock<nsl::ThreadLock_Zero> >::setStarted()	home/wangyilei/dnf_workspace/dnf_decompile/source/DNFServer/GameServer/ServerLab/ServerLib/basic_source/Thread.cpp.o
WEAK_TEMPLATE	W	0x32	0x8058e16	_ZN3nsl19TThreadStateControlINS_11TThreadLockINS_15ThreadLock_ZeroEEEE12isTerminatedEv	nsl::TThreadStateControl<nsl::TThreadLock<nsl::ThreadLock_Zero> >::isTerminated()	home/wangyilei/dnf_workspace/dnf_decompile/source/DNFServer/GameServer/ServerLab/ServerLib/basic_source/Thread.cpp.o
WEAK_TEMPLATE	W	0x2b	0x8058dea	_ZN3nsl19TThreadStateControlINS_11TThreadLockINS_15ThreadLock_ZeroEEEE12setTerminateEv	nsl::TThreadStateControl<nsl::TThreadLock<nsl::ThreadLock_Zero> >::setTerminate()	home/wangyilei/dnf_workspace/dnf_decompile/source/DNFServer/GameServer/ServerLab/ServerLib/basic_source/Thread.cpp.o
WEAK_TEMPLATE	W	0x2b	0x806f2a2	_ZN3nsl19TThreadStateControlINS_11TThreadLockINS_15ThreadLock_ZeroEEEE13setTerminatedEv	nsl::TThreadStateControl<nsl::TThreadLock<nsl::ThreadLock_Zero> >::setTerminated()	home/wangyilei/dnf_workspace/dnf_decompile/source/DNFServer/GameServer/ServerLab/ServerLib/common_source/TCPThread.cpp.o
WEAK_TEMPLATE	W	0x32	0x8058d8c	_ZN3nsl19TThreadStateControlINS_11TThreadLockINS_15ThreadLock_ZeroEEEE9isStartedEv	nsl::TThreadStateControl<nsl::TThreadLock<nsl::ThreadLock_Zero> >::isStarted()	home/wangyilei/dnf_workspace/dnf_decompile/source/DNFServer/GameServer/ServerLab/ServerLib/basic_source/Thread.cpp.o
WEAK_TEMPLATE	W	0x31	0x8058d44	_ZN3nsl19TThreadStateControlINS_11TThreadLockINS_15ThreadLock_ZeroEEEEC1Ev	nsl::TThreadStateControl<nsl::TThreadLock<nsl::ThreadLock_Zero> >::TThreadStateControl()	home/wangyilei/dnf_workspace/dnf_decompile/source/DNFServer/GameServer/ServerLab/ServerLib/basic_source/Thread.cpp.o
WEAK_TEMPLATE	W	0x31	0x8058d44	_ZN3nsl19TThreadStateControlINS_11TThreadLockINS_15ThreadLock_ZeroEEEEC2Ev	nsl::TThreadStateControl<nsl::TThreadLock<nsl::ThreadLock_Zero> >::TThreadStateControl()	home/wangyilei/dnf_workspace/dnf_decompile/source/DNFServer/GameServer/ServerLab/ServerLib/basic_source/Thread.cpp.o
WEAK_TEMPLATE	W	0x16	0x8058d76	_ZN3nsl19TThreadStateControlINS_11TThreadLockINS_15ThreadLock_ZeroEEEED1Ev	nsl::TThreadStateControl<nsl::TThreadLock<nsl::ThreadLock_Zero> >::~TThreadStateControl()	home/wangyilei/dnf_workspace/dnf_decompile/source/DNFServer/GameServer/ServerLab/ServerLib/basic_source/Thread.cpp.o
WEAK_TEMPLATE	W	0x16	0x8058d76	_ZN3nsl19TThreadStateControlINS_11TThreadLockINS_15ThreadLock_ZeroEEEED2Ev	nsl::TThreadStateControl<nsl::TThreadLock<nsl::ThreadLock_Zero> >::~TThreadStateControl()	home/wangyilei/dnf_workspace/dnf_decompile/source/DNFServer/GameServer/ServerLab/ServerLib/basic_source/Thread.cpp.o
WEAK_TEMPLATE	W	0x25	0x8070a3c	_ZN3nsl6RBTreeIiPNS_11ITimeEntityELi1024EE10RBIteratorINS_15changes_meaning6RBNodeIiS2_Li1024EEES2_E10GetDataPtrEv	nsl::RBTree<int, nsl::ITimeEntity*, 1024>::RBIterator<nsl::changes_meaning::RBNode<int, nsl::ITimeEntity*, 1024>, nsl::ITimeEntity*>::GetDataPtr()	home/wangyilei/dnf_workspace/dnf_decompile/source/DNFServer/GameServer/ServerLab/ServerLib/common_source/TimeManager.cpp.o
WEAK_TEMPLATE	W	0x22	0x8070cae	_ZN3nsl6RBTreeIiPNS_11ITimeEntityELi1024EE10RBIteratorINS_15changes_meaning6RBNodeIiS2_Li1024EEES2_E4initEv	nsl::RBTree<int, nsl::ITimeEntity*, 1024>::RBIterator<nsl::changes_meaning::RBNode<int, nsl::ITimeEntity*, 1024>, nsl::ITimeEntity*>::init()	home/wangyilei/dnf_workspace/dnf_decompile/source/DNFServer/GameServer/ServerLab/ServerLib/common_source/TimeManager.cpp.o
WEAK_TEMPLATE	W	0xbb	0x8070fee	_ZN3nsl6RBTreeIiPNS_11ITimeEntityELi1024EE10RBIteratorINS_15changes_meaning6RBNodeIiS2_Li1024EEES2_E5beginEPS7_	nsl::RBTree<int, nsl::ITimeEntity*, 1024>::RBIterator<nsl::changes_meaning::RBNode<int, nsl::ITimeEntity*, 1024>, nsl::ITimeEntity*>::begin(nsl::changes_meaning::RBNode<int, nsl::ITimeEntity*, 1024>*)	home/wangyilei/dnf_workspace/dnf_decompile/source/DNFServer/GameServer/ServerLab/ServerLib/common_source/TimeManager.cpp.o
WEAK_TEMPLATE	W	0x1c	0x8070fd2	_ZN3nsl6RBTreeIiPNS_11ITimeEntityELi1024EE10RBIteratorINS_15changes_meaning6RBNodeIiS2_Li1024EEES2_EC1ENS8_25ENUM_RBITERATOR_TRAVERSALE	nsl::RBTree<int, nsl::ITimeEntity*, 1024>::RBIterator<nsl::changes_meaning::RBNode<int, nsl::ITimeEntity*, 1024>, nsl::ITimeEntity*>::RBIterator(nsl::RBTree<int, nsl::ITimeEntity*, 1024>::RBIterator<nsl::changes_meaning::RBNode<int, nsl::ITimeEntity*, 1024>, nsl::ITimeEntity*>::ENUM_RBITERATOR_TRAVERSAL)	home/wangyilei/dnf_workspace/dnf_decompile/source/DNFServer/GameServer/ServerLab/ServerLib/common_source/TimeManager.cpp.o
WEAK_TEMPLATE	W	0x13	0x807006c	_ZN3nsl6RBTreeIiPNS_11ITimeEntityELi1024EE10RBIteratorINS_15changes_meaning6RBNodeIiS2_Li1024EEES2_EC1Ev	nsl::RBTree<int, nsl::ITimeEntity*, 1024>::RBIterator<nsl::changes_meaning::RBNode<int, nsl::ITimeEntity*, 1024>, nsl::ITimeEntity*>::RBIterator()	home/wangyilei/dnf_workspace/dnf_decompile/source/DNFServer/GameServer/ServerLab/ServerLib/common_source/TimeManager.cpp.o
WEAK_TEMPLATE	W	0x1c	0x8070fd2	_ZN3nsl6RBTreeIiPNS_11ITimeEntityELi1024EE10RBIteratorINS_15changes_meaning6RBNodeIiS2_Li1024EEES2_EC2ENS8_25ENUM_RBITERATOR_TRAVERSALE	nsl::RBTree<int, nsl::ITimeEntity*, 1024>::RBIterator<nsl::changes_meaning::RBNode<int, nsl::ITimeEntity*, 1024>, nsl::ITimeEntity*>::RBIterator(nsl::RBTree<int, nsl::ITimeEntity*, 1024>::RBIterator<nsl::changes_meaning::RBNode<int, nsl::ITimeEntity*, 1024>, nsl::ITimeEntity*>::ENUM_RBITERATOR_TRAVERSAL)	home/wangyilei/dnf_workspace/dnf_decompile/source/DNFServer/GameServer/ServerLab/ServerLib/common_source/TimeManager.cpp.o
WEAK_TEMPLATE	W	0x13	0x807006c	_ZN3nsl6RBTreeIiPNS_11ITimeEntityELi1024EE10RBIteratorINS_15changes_meaning6RBNodeIiS2_Li1024EEES2_EC2Ev	nsl::RBTree<int, nsl::ITimeEntity*, 1024>::RBIterator<nsl::changes_meaning::RBNode<int, nsl::ITimeEntity*, 1024>, nsl::ITimeEntity*>::RBIterator()	home/wangyilei/dnf_workspace/dnf_decompile/source/DNFServer/GameServer/ServerLab/ServerLib/common_source/TimeManager.cpp.o
WEAK_TEMPLATE	W	0x5	0x8070080	_ZN3nsl6RBTreeIiPNS_11ITimeEntityELi1024EE10RBIteratorINS_15changes_meaning6RBNodeIiS2_Li1024EEES2_ED1Ev	nsl::RBTree<int, nsl::ITimeEntity*, 1024>::RBIterator<nsl::changes_meaning::RBNode<int, nsl::ITimeEntity*, 1024>, nsl::ITimeEntity*>::~RBIterator()	home/wangyilei/dnf_workspace/dnf_decompile/source/DNFServer/GameServer/ServerLab/ServerLib/common_source/TimeManager.cpp.o
WEAK_TEMPLATE	W	0x5	0x8070080	_ZN3nsl6RBTreeIiPNS_11ITimeEntityELi1024EE10RBIteratorINS_15changes_meaning6RBNodeIiS2_Li1024EEES2_ED2Ev	nsl::RBTree<int, nsl::ITimeEntity*, 1024>::RBIterator<nsl::changes_meaning::RBNode<int, nsl::ITimeEntity*, 1024>, nsl::ITimeEntity*>::~RBIterator()	home/wangyilei/dnf_workspace/dnf_decompile/source/DNFServer/GameServer/ServerLab/ServerLib/common_source/TimeManager.cpp.o
WEAK_TEMPLATE	W	0x2a	0x8070a12	_ZN3nsl6RBTreeIiPNS_11ITimeEntityELi1024EE10RBIteratorINS_15changes_meaning6RBNodeIiS2_Li1024EEES2_EaSERKS8_	nsl::RBTree<int, nsl::ITimeEntity*, 1024>::RBIterator<nsl::changes_meaning::RBNode<int, nsl::ITimeEntity*, 1024>, nsl::ITimeEntity*>::operator=(nsl::RBTree<int, nsl::ITimeEntity*, 1024>::RBIterator<nsl::changes_meaning::RBNode<int, nsl::ITimeEntity*, 1024>, nsl::ITimeEntity*> const&)	home/wangyilei/dnf_workspace/dnf_decompile/source/DNFServer/GameServer/ServerLab/ServerLib/common_source/TimeManager.cpp.o
WEAK_TEMPLATE	W	0x24c	0x8070a62	_ZN3nsl6RBTreeIiPNS_11ITimeEntityELi1024EE10RBIteratorINS_15changes_meaning6RBNodeIiS2_Li1024EEES2_EppEv	nsl::RBTree<int, nsl::ITimeEntity*, 1024>::RBIterator<nsl::changes_meaning::RBNode<int, nsl::ITimeEntity*, 1024>, nsl::ITimeEntity*>::operator++()	home/wangyilei/dnf_workspace/dnf_decompile/source/DNFServer/GameServer/ServerLab/ServerLib/common_source/TimeManager.cpp.o
WEAK_TEMPLATE	W	0xcc	0x8070dac	_ZN3nsl6RBTreeIiPNS_11ITimeEntityELi1024EE10rotateLeftEPNS_15changes_meaning6RBNodeIiS2_Li1024EEE	nsl::RBTree<int, nsl::ITimeEntity*, 1024>::rotateLeft(nsl::changes_meaning::RBNode<int, nsl::ITimeEntity*, 1024>*)	home/wangyilei/dnf_workspace/dnf_decompile/source/DNFServer/GameServer/ServerLab/ServerLib/common_source/TimeManager.cpp.o
WEAK_TEMPLATE	W	0xcc	0x8070e78	_ZN3nsl6RBTreeIiPNS_11ITimeEntityELi1024EE11rotateRightEPNS_15changes_meaning6RBNodeIiS2_Li1024EEE	nsl::RBTree<int, nsl::ITimeEntity*, 1024>::rotateRight(nsl::changes_meaning::RBNode<int, nsl::ITimeEntity*, 1024>*)	home/wangyilei/dnf_workspace/dnf_decompile/source/DNFServer/GameServer/ServerLab/ServerLib/common_source/TimeManager.cpp.o
WEAK_TEMPLATE	W	0x5c	0x80709b6	_ZN3nsl6RBTreeIiPNS_11ITimeEntityELi1024EE12InorderBeginEv	nsl::RBTree<int, nsl::ITimeEntity*, 1024>::InorderBegin()	home/wangyilei/dnf_workspace/dnf_decompile/source/DNFServer/GameServer/ServerLab/ServerLib/common_source/TimeManager.cpp.o
WEAK_TEMPLATE	W	0xb	0x80716e0	_ZN3nsl6RBTreeIiPNS_11ITimeEntityELi1024EE4SizeEv	nsl::RBTree<int, nsl::ITimeEntity*, 1024>::Size()	home/wangyilei/dnf_workspace/dnf_decompile/source/DNFServer/GameServer/ServerLab/ServerLib/common_source/TimerThread.cpp.o
WEAK_TEMPLATE	W	0x2a	0x8070cd0	_ZN3nsl6RBTreeIiPNS_11ITimeEntityELi1024EE5ClearEv	nsl::RBTree<int, nsl::ITimeEntity*, 1024>::Clear()	home/wangyilei/dnf_workspace/dnf_decompile/source/DNFServer/GameServer/ServerLab/ServerLib/common_source/TimeManager.cpp.o
WEAK_TEMPLATE	W	0x39b	0x807016c	_ZN3nsl6RBTreeIiPNS_11ITimeEntityELi1024EE6InsertERKiRKS2_	nsl::RBTree<int, nsl::ITimeEntity*, 1024>::Insert(int const&, nsl::ITimeEntity* const&)	home/wangyilei/dnf_workspace/dnf_decompile/source/DNFServer/GameServer/ServerLab/ServerLib/common_source/TimeManager.cpp.o
WEAK_TEMPLATE	W	0x4ad	0x8070508	_ZN3nsl6RBTreeIiPNS_11ITimeEntityELi1024EE6RemoveERKi	nsl::RBTree<int, nsl::ITimeEntity*, 1024>::Remove(int const&)	home/wangyilei/dnf_workspace/dnf_decompile/source/DNFServer/GameServer/ServerLab/ServerLib/common_source/TimeManager.cpp.o
WEAK_TEMPLATE	W	0x5a	0x8070f44	_ZN3nsl6RBTreeIiPNS_11ITimeEntityELi1024EE8findNodeERKi	nsl::RBTree<int, nsl::ITimeEntity*, 1024>::findNode(int const&)	home/wangyilei/dnf_workspace/dnf_decompile/source/DNFServer/GameServer/ServerLab/ServerLib/common_source/TimeManager.cpp.o
WEAK_TEMPLATE	W	0xb4	0x8070086	_ZN3nsl6RBTreeIiPNS_11ITimeEntityELi1024EEC1Eb	nsl::RBTree<int, nsl::ITimeEntity*, 1024>::RBTree(bool)	home/wangyilei/dnf_workspace/dnf_decompile/source/DNFServer/GameServer/ServerLab/ServerLib/common_source/TimeManager.cpp.o
WEAK_TEMPLATE	W	0xb4	0x8070086	_ZN3nsl6RBTreeIiPNS_11ITimeEntityELi1024EEC2Eb	nsl::RBTree<int, nsl::ITimeEntity*, 1024>::RBTree(bool)	home/wangyilei/dnf_workspace/dnf_decompile/source/DNFServer/GameServer/ServerLab/ServerLib/common_source/TimeManager.cpp.o
WEAK_TEMPLATE	W	0x32	0x807013a	_ZN3nsl6RBTreeIiPNS_11ITimeEntityELi1024EED1Ev	nsl::RBTree<int, nsl::ITimeEntity*, 1024>::~RBTree()	home/wangyilei/dnf_workspace/dnf_decompile/source/DNFServer/GameServer/ServerLab/ServerLib/common_source/TimeManager.cpp.o
WEAK_TEMPLATE	W	0x32	0x807013a	_ZN3nsl6RBTreeIiPNS_11ITimeEntityELi1024EED2Ev	nsl::RBTree<int, nsl::ITimeEntity*, 1024>::~RBTree()	home/wangyilei/dnf_workspace/dnf_decompile/source/DNFServer/GameServer/ServerLab/ServerLib/common_source/TimeManager.cpp.o
WEAK_TEMPLATE	W	0x8b	0x8056e7e	_ZN3nsl6Script12findIntValueEii	nsl::Script::findIntValue(int, int)	home/wangyilei/dnf_workspace/dnf_decompile/source/DNFServer/GameServer/ServerLab/ServerLib/basic_source/Socket.cpp.o
WEAK_TEMPLATE	W	0x7f	0x804f09a	_ZN3nsl6Script13findCharValueEii	nsl::Script::findCharValue(int, int)	home/wangyilei/dnf_workspace/dnf_decompile/source/DNFServer/GameServer/ServerLab/ServerLib/basic_source/LinuxService.cpp.o
WEAK_TEMPLATE	W	0x16	0x806f25e	_ZN3nsl6Thread13setTerminatedEv	nsl::Thread::setTerminated()	home/wangyilei/dnf_workspace/dnf_decompile/source/DNFServer/GameServer/ServerLab/ServerLib/common_source/TCPThread.cpp.o
WEAK_TEMPLATE	W	0x53	0x805b214	_ZN3nsl7Message10initializeEv	nsl::Message::initialize()	home/wangyilei/dnf_workspace/dnf_decompile/source/DNFServer/GameServer/ServerLab/ServerLib/basic_source/WorkThread.cpp.o
WEAK_TEMPLATE	W	0xc	0x806dac2	_ZN3nsl7Message13GetWouldBlockEv	nsl::Message::GetWouldBlock()	home/wangyilei/dnf_workspace/dnf_decompile/source/DNFServer/GameServer/ServerLab/ServerLib/common_source/TCPSendThread.cpp.o
WEAK_TEMPLATE	W	0xc	0x806dab6	_ZN3nsl7Message13SetWouldBlockEv	nsl::Message::SetWouldBlock()	home/wangyilei/dnf_workspace/dnf_decompile/source/DNFServer/GameServer/ServerLab/ServerLib/common_source/TCPSendThread.cpp.o
WEAK_TEMPLATE	W	0x31	0x806da84	_ZN3nsl7Message15getDataTypeMaskEi	nsl::Message::getDataTypeMask(int)	home/wangyilei/dnf_workspace/dnf_decompile/source/DNFServer/GameServer/ServerLab/ServerLib/common_source/TCPSendThread.cpp.o
WEAK_TEMPLATE	W	0x40	0x8050330	_ZN3nsl7Message16setCellToMessageEPcii	nsl::Message::setCellToMessage(char*, int, int)	home/wangyilei/dnf_workspace/dnf_decompile/source/DNFServer/GameServer/ServerLab/ServerLib/basic_source/RecvBuffer.cpp.o
WEAK_TEMPLATE	W	0xe	0x804c7ae	_ZN3nsl7Message16setUserToMessageEPNS_7TCPUserE	nsl::Message::setUserToMessage(nsl::TCPUser*)	home/wangyilei/dnf_workspace/dnf_decompile/source/DNFServer/GameServer/ServerLab/ServerLib/basic_source/DataPool.cpp.o
WEAK_TEMPLATE	W	0x27	0x804c7bc	_ZN3nsl7Message17setOnDataTypeMaskEi	nsl::Message::setOnDataTypeMask(int)	home/wangyilei/dnf_workspace/dnf_decompile/source/DNFServer/GameServer/ServerLab/ServerLib/basic_source/DataPool.cpp.o
WEAK_TEMPLATE	W	0xb	0x805b268	_ZN3nsl7Message18getCellFromMessageEv	nsl::Message::getCellFromMessage()	home/wangyilei/dnf_workspace/dnf_decompile/source/DNFServer/GameServer/ServerLab/ServerLib/basic_source/WorkThread.cpp.o
WEAK_TEMPLATE	W	0xb	0x8050394	_ZN3nsl7Message18getUserFromMessageEv	nsl::Message::getUserFromMessage()	home/wangyilei/dnf_workspace/dnf_decompile/source/DNFServer/GameServer/ServerLab/ServerLib/basic_source/RecvBuffer.cpp.o
WEAK_TEMPLATE	W	0x29	0x8061e5a	_ZN3nsl7Message18setOffDataTypeMaskEi	nsl::Message::setOffDataTypeMask(int)	home/wangyilei/dnf_workspace/dnf_decompile/source/DNFServer/GameServer/ServerLab/ServerLib/common_source/LogSendThread.cpp.o
WEAK_TEMPLATE	W	0x30	0x804c772	_ZN3nsl7Message18setStringToMessageEPNS_10SendBufferE	nsl::Message::setStringToMessage(nsl::SendBuffer*)	home/wangyilei/dnf_workspace/dnf_decompile/source/DNFServer/GameServer/ServerLab/ServerLib/basic_source/DataPool.cpp.o
WEAK_TEMPLATE	W	0x30	0x805eda0	_ZN3nsl7Message18setStringToMessageEPNS_8DbBufferE	nsl::Message::setStringToMessage(nsl::DbBuffer*)	home/wangyilei/dnf_workspace/dnf_decompile/source/DNFServer/GameServer/ServerLab/ServerLib/common_source/CommonDataPool.cpp.o
WEAK_TEMPLATE	W	0xb	0x805edd0	_ZN3nsl7Message22getDbBufferFromMessageEv	nsl::Message::getDbBufferFromMessage()	home/wangyilei/dnf_workspace/dnf_decompile/source/DNFServer/GameServer/ServerLab/ServerLib/common_source/CommonDataPool.cpp.o
WEAK_TEMPLATE	W	0xb	0x804c7a2	_ZN3nsl7Message24getSendBufferFromMessageEv	nsl::Message::getSendBufferFromMessage()	home/wangyilei/dnf_workspace/dnf_decompile/source/DNFServer/GameServer/ServerLab/ServerLib/basic_source/DataPool.cpp.o
WEAK_TEMPLATE	W	0xc	0x8050388	_ZN3nsl7Message6getUseEv	nsl::Message::getUse()	home/wangyilei/dnf_workspace/dnf_decompile/source/DNFServer/GameServer/ServerLab/ServerLib/basic_source/RecvBuffer.cpp.o
WEAK_TEMPLATE	W	0x18	0x8050370	_ZN3nsl7Message6setUseEb	nsl::Message::setUse(bool)	home/wangyilei/dnf_workspace/dnf_decompile/source/DNFServer/GameServer/ServerLab/ServerLib/basic_source/RecvBuffer.cpp.o
WEAK_TEMPLATE	W	0xe	0x805ed92	_ZN3nsl7Message9setWorkIdEj	nsl::Message::setWorkId(unsigned int)	home/wangyilei/dnf_workspace/dnf_decompile/source/DNFServer/GameServer/ServerLab/ServerLib/common_source/CommonDataPool.cpp.o
WEAK_TEMPLATE	W	0x7d	0x805b196	_ZN3nsl7MessageC1Ev	nsl::Message::Message()	home/wangyilei/dnf_workspace/dnf_decompile/source/DNFServer/GameServer/ServerLab/ServerLib/basic_source/WorkThread.cpp.o
WEAK_TEMPLATE	W	0x7d	0x805b196	_ZN3nsl7MessageC2Ev	nsl::Message::Message()	home/wangyilei/dnf_workspace/dnf_decompile/source/DNFServer/GameServer/ServerLab/ServerLib/basic_source/WorkThread.cpp.o
WEAK_TEMPLATE	W	0x1e	0x804c754	_ZN3nsl7MessageD0Ev	nsl::Message::~Message()	home/wangyilei/dnf_workspace/dnf_decompile/source/DNFServer/GameServer/ServerLab/ServerLib/basic_source/DataPool.cpp.o
WEAK_TEMPLATE	W	0x3e	0x804c716	_ZN3nsl7MessageD1Ev	nsl::Message::~Message()	home/wangyilei/dnf_workspace/dnf_decompile/source/DNFServer/GameServer/ServerLab/ServerLib/basic_source/DataPool.cpp.o
WEAK_TEMPLATE	W	0x3e	0x804c716	_ZN3nsl7MessageD2Ev	nsl::Message::~Message()	home/wangyilei/dnf_workspace/dnf_decompile/source/DNFServer/GameServer/ServerLab/ServerLib/basic_source/DataPool.cpp.o
WEAK_TEMPLATE	W	0x8	0x804c840	_ZN3nsl7Reactor10getReactorEv	nsl::Reactor::getReactor()	home/wangyilei/dnf_workspace/dnf_decompile/source/DNFServer/GameServer/ServerLab/ServerLib/basic_source/DataPool.cpp.o
WEAK_TEMPLATE	W	0x43	0x8066c8a	_ZN3nsl7ReactorC1Ev	nsl::Reactor::Reactor()	home/wangyilei/dnf_workspace/dnf_decompile/source/DNFServer/GameServer/ServerLab/ServerLib/common_source/ServiceFactory.cpp.o
WEAK_TEMPLATE	W	0x43	0x8066c8a	_ZN3nsl7ReactorC2Ev	nsl::Reactor::Reactor()	home/wangyilei/dnf_workspace/dnf_decompile/source/DNFServer/GameServer/ServerLab/ServerLib/common_source/ServiceFactory.cpp.o
WEAK_TEMPLATE	W	0x13	0x8066cce	_ZN3nsl7ReactorD1Ev	nsl::Reactor::~Reactor()	home/wangyilei/dnf_workspace/dnf_decompile/source/DNFServer/GameServer/ServerLab/ServerLib/common_source/ServiceFactory.cpp.o
WEAK_TEMPLATE	W	0x13	0x8066cce	_ZN3nsl7ReactorD2Ev	nsl::Reactor::~Reactor()	home/wangyilei/dnf_workspace/dnf_decompile/source/DNFServer/GameServer/ServerLab/ServerLib/common_source/ServiceFactory.cpp.o
WEAK_TEMPLATE	W	0x1d	0x806dace	_ZN3nsl7TCPUser15PushSendMessageEPNS_7MessageE	nsl::TCPUser::PushSendMessage(nsl::Message*)	home/wangyilei/dnf_workspace/dnf_decompile/source/DNFServer/GameServer/ServerLab/ServerLib/common_source/TCPSendThread.cpp.o
WEAK_TEMPLATE	W	0xf	0x804c806	_ZN3nsl7TCPUser15isBindedSessionEv	nsl::TCPUser::isBindedSession()	home/wangyilei/dnf_workspace/dnf_decompile/source/DNFServer/GameServer/ServerLab/ServerLib/basic_source/DataPool.cpp.o
WEAK_TEMPLATE	W	0xe	0x80503a0	_ZN3nsl7TCPUser16GetMaxPacketSizeEv	nsl::TCPUser::GetMaxPacketSize()	home/wangyilei/dnf_workspace/dnf_decompile/source/DNFServer/GameServer/ServerLab/ServerLib/basic_source/RecvBuffer.cpp.o
WEAK_TEMPLATE	W	0xe	0x804c824	_ZN3nsl7TCPUser17GetPendingSendNumEv	nsl::TCPUser::GetPendingSendNum()	home/wangyilei/dnf_workspace/dnf_decompile/source/DNFServer/GameServer/ServerLab/ServerLib/basic_source/DataPool.cpp.o
WEAK_TEMPLATE	W	0xe	0x804c816	_ZN3nsl7TCPUser17GetPendingWorkNumEv	nsl::TCPUser::GetPendingWorkNum()	home/wangyilei/dnf_workspace/dnf_decompile/source/DNFServer/GameServer/ServerLab/ServerLib/basic_source/DataPool.cpp.o
WEAK_TEMPLATE	W	0x1d	0x806daec	_ZN3nsl7TCPUser21PushWouldBlockMessageEPNS_7MessageE	nsl::TCPUser::PushWouldBlockMessage(nsl::Message*)	home/wangyilei/dnf_workspace/dnf_decompile/source/DNFServer/GameServer/ServerLab/ServerLib/common_source/TCPSendThread.cpp.o
WEAK_TEMPLATE	W	0xb	0x805d3aa	_ZN3nsl7TCPUser9getUserIdEv	nsl::TCPUser::getUserId()	home/wangyilei/dnf_workspace/dnf_decompile/source/DNFServer/GameServer/ServerLab/ServerLib/common_source/ActiveNetClose.cpp.o
WEAK_TEMPLATE	W	0x13	0x8058e48	_ZN3nsl7TSystemINS_11LinuxSystemEE5sleepEi	nsl::TSystem<nsl::LinuxSystem>::sleep(int)	home/wangyilei/dnf_workspace/dnf_decompile/source/DNFServer/GameServer/ServerLab/ServerLib/basic_source/Thread.cpp.o
WEAK_TEMPLATE	W	0xf	0x805b274	_ZN3nsl7Threads13getWorkThreadEi	nsl::Threads::getWorkThread(int)	home/wangyilei/dnf_workspace/dnf_decompile/source/DNFServer/GameServer/ServerLab/ServerLib/basic_source/WorkThread.cpp.o
WEAK_TEMPLATE	W	0xb	0x805b284	_ZN3nsl7Threads14getTimerThreadEv	nsl::Threads::getTimerThread()	home/wangyilei/dnf_workspace/dnf_decompile/source/DNFServer/GameServer/ServerLab/ServerLib/basic_source/WorkThread.cpp.o
WEAK_TEMPLATE	W	0x14	0x80615ea	_ZN3nsl7Threads16getTCPSendThreadEv	nsl::Threads::getTCPSendThread()	home/wangyilei/dnf_workspace/dnf_decompile/source/DNFServer/GameServer/ServerLab/ServerLib/common_source/IHandler.cpp.o
WEAK_TEMPLATE	W	0x12	0x80503ae	_ZN3nsl7Threads19getLittleWorkThreadEv	nsl::Threads::getLittleWorkThread()	home/wangyilei/dnf_workspace/dnf_decompile/source/DNFServer/GameServer/ServerLab/ServerLib/basic_source/RecvBuffer.cpp.o
WEAK_TEMPLATE	W	0x3e	0x8061dd4	_ZN3nsl8CMsgCell12AttachStreamEPci	nsl::CMsgCell::AttachStream(char*, int)	home/wangyilei/dnf_workspace/dnf_decompile/source/DNFServer/GameServer/ServerLab/ServerLib/common_source/LogSendThread.cpp.o
WEAK_TEMPLATE	W	0xb	0x805b174	_ZN3nsl8CMsgCell14GetInternalMsgEv	nsl::CMsgCell::GetInternalMsg()	home/wangyilei/dnf_workspace/dnf_decompile/source/DNFServer/GameServer/ServerLab/ServerLib/basic_source/WorkThread.cpp.o
WEAK_TEMPLATE	W	0x48	0x8061e12	_ZN3nsl8CMsgCell3PADEv	nsl::CMsgCell::PAD()	home/wangyilei/dnf_workspace/dnf_decompile/source/DNFServer/GameServer/ServerLab/ServerLib/common_source/LogSendThread.cpp.o
WEAK_TEMPLATE	W	0x34	0x805b134	_ZN3nsl8CMsgCell5ClearEv	nsl::CMsgCell::Clear()	home/wangyilei/dnf_workspace/dnf_decompile/source/DNFServer/GameServer/ServerLab/ServerLib/basic_source/WorkThread.cpp.o
WEAK_TEMPLATE	W	0xb	0x806007e	_ZN3nsl8CMsgCell7GetDBTrEv	nsl::CMsgCell::GetDBTr()	home/wangyilei/dnf_workspace/dnf_decompile/source/DNFServer/GameServer/ServerLab/ServerLib/common_source/DBDispatcher.cpp.o
WEAK_TEMPLATE	W	0xe	0x8050322	_ZN3nsl8CMsgCell7SetSizeEi	nsl::CMsgCell::SetSize(int)	home/wangyilei/dnf_workspace/dnf_decompile/source/DNFServer/GameServer/ServerLab/ServerLib/basic_source/RecvBuffer.cpp.o
WEAK_TEMPLATE	W	0xb	0x805b168	_ZN3nsl8CMsgCell9GetPacketEv	nsl::CMsgCell::GetPacket()	home/wangyilei/dnf_workspace/dnf_decompile/source/DNFServer/GameServer/ServerLab/ServerLib/basic_source/WorkThread.cpp.o
WEAK_TEMPLATE	W	0xe	0x804c6c4	_ZN3nsl8CMsgCell9SetBufferEPc	nsl::CMsgCell::SetBuffer(char*)	home/wangyilei/dnf_workspace/dnf_decompile/source/DNFServer/GameServer/ServerLab/ServerLib/basic_source/DataPool.cpp.o
WEAK_TEMPLATE	W	0x3d	0x805b0f6	_ZN3nsl8CMsgCellC1Ev	nsl::CMsgCell::CMsgCell()	home/wangyilei/dnf_workspace/dnf_decompile/source/DNFServer/GameServer/ServerLab/ServerLib/basic_source/WorkThread.cpp.o
WEAK_TEMPLATE	W	0x3d	0x805b0f6	_ZN3nsl8CMsgCellC2Ev	nsl::CMsgCell::CMsgCell()	home/wangyilei/dnf_workspace/dnf_decompile/source/DNFServer/GameServer/ServerLab/ServerLib/basic_source/WorkThread.cpp.o
WEAK_TEMPLATE	W	0x1e	0x804c6a6	_ZN3nsl8CMsgCellD0Ev	nsl::CMsgCell::~CMsgCell()	home/wangyilei/dnf_workspace/dnf_decompile/source/DNFServer/GameServer/ServerLab/ServerLib/basic_source/DataPool.cpp.o
WEAK_TEMPLATE	W	0x25	0x804c680	_ZN3nsl8CMsgCellD1Ev	nsl::CMsgCell::~CMsgCell()	home/wangyilei/dnf_workspace/dnf_decompile/source/DNFServer/GameServer/ServerLab/ServerLib/basic_source/DataPool.cpp.o
WEAK_TEMPLATE	W	0x25	0x804c680	_ZN3nsl8CMsgCellD2Ev	nsl::CMsgCell::~CMsgCell()	home/wangyilei/dnf_workspace/dnf_decompile/source/DNFServer/GameServer/ServerLab/ServerLib/basic_source/DataPool.cpp.o
WEAK_TEMPLATE	W	0x5e	0x8061d76	_ZN3nsl8CMsgCelllsEPNS_13PACKET_HEADERE	nsl::CMsgCell::operator<<(nsl::PACKET_HEADER*)	home/wangyilei/dnf_workspace/dnf_decompile/source/DNFServer/GameServer/ServerLab/ServerLib/common_source/LogSendThread.cpp.o
WEAK_TEMPLATE	W	0x6a	0x806008a	_ZN3nsl8CMsgCelllsEPNS_18INTERNALMSG_HEADERE	nsl::CMsgCell::operator<<(nsl::INTERNALMSG_HEADER*)	home/wangyilei/dnf_workspace/dnf_decompile/source/DNFServer/GameServer/ServerLab/ServerLib/common_source/DBDispatcher.cpp.o
WEAK_TEMPLATE	W	0xd	0x804f119	_ZN3nsl8G_ScriptEv	nsl::G_Script()	home/wangyilei/dnf_workspace/dnf_decompile/source/DNFServer/GameServer/ServerLab/ServerLib/basic_source/LinuxService.cpp.o
WEAK_TEMPLATE	W	0xd	0x8066e6a	_ZN3nsl8PortInfo10setTCPPortEi	nsl::PortInfo::setTCPPort(int)	home/wangyilei/dnf_workspace/dnf_decompile/source/DNFServer/GameServer/ServerLab/ServerLib/common_source/ServiceFactory.cpp.o
WEAK_TEMPLATE	W	0xe	0x8066e78	_ZN3nsl8PortInfo10setUDPPortEi	nsl::PortInfo::setUDPPort(int)	home/wangyilei/dnf_workspace/dnf_decompile/source/DNFServer/GameServer/ServerLab/ServerLib/common_source/ServiceFactory.cpp.o
WEAK_TEMPLATE	W	0x27	0x8066e42	_ZN3nsl8PortInfoC1Ev	nsl::PortInfo::PortInfo()	home/wangyilei/dnf_workspace/dnf_decompile/source/DNFServer/GameServer/ServerLab/ServerLib/common_source/ServiceFactory.cpp.o
WEAK_TEMPLATE	W	0x27	0x8066e42	_ZN3nsl8PortInfoC2Ev	nsl::PortInfo::PortInfo()	home/wangyilei/dnf_workspace/dnf_decompile/source/DNFServer/GameServer/ServerLab/ServerLib/common_source/ServiceFactory.cpp.o
WEAK_TEMPLATE	W	0x50	0x805b7c6	_ZN3nsl8TMsgCellILi1024EEC1Ev	nsl::TMsgCell<1024>::TMsgCell()	home/wangyilei/dnf_workspace/dnf_decompile/source/DNFServer/GameServer/ServerLab/ServerLib/basic_source/WorkThread.cpp.o
WEAK_TEMPLATE	W	0x50	0x805b7c6	_ZN3nsl8TMsgCellILi1024EEC2Ev	nsl::TMsgCell<1024>::TMsgCell()	home/wangyilei/dnf_workspace/dnf_decompile/source/DNFServer/GameServer/ServerLab/ServerLib/basic_source/WorkThread.cpp.o
WEAK_TEMPLATE	W	0x1e	0x805cecc	_ZN3nsl8TMsgCellILi1024EED0Ev	nsl::TMsgCell<1024>::~TMsgCell()	home/wangyilei/dnf_workspace/dnf_decompile/source/DNFServer/GameServer/ServerLab/ServerLib/basic_source/WorkThread.cpp.o
WEAK_TEMPLATE	W	0x30	0x805ce9c	_ZN3nsl8TMsgCellILi1024EED1Ev	nsl::TMsgCell<1024>::~TMsgCell()	home/wangyilei/dnf_workspace/dnf_decompile/source/DNFServer/GameServer/ServerLab/ServerLib/basic_source/WorkThread.cpp.o
WEAK_TEMPLATE	W	0x30	0x805ce9c	_ZN3nsl8TMsgCellILi1024EED2Ev	nsl::TMsgCell<1024>::~TMsgCell()	home/wangyilei/dnf_workspace/dnf_decompile/source/DNFServer/GameServer/ServerLab/ServerLib/basic_source/WorkThread.cpp.o
WEAK_TEMPLATE	W	0x50	0x805b6d6	_ZN3nsl8TMsgCellILi128EEC1Ev	nsl::TMsgCell<128>::TMsgCell()	home/wangyilei/dnf_workspace/dnf_decompile/source/DNFServer/GameServer/ServerLab/ServerLib/basic_source/WorkThread.cpp.o
WEAK_TEMPLATE	W	0x50	0x805b6d6	_ZN3nsl8TMsgCellILi128EEC2Ev	nsl::TMsgCell<128>::TMsgCell()	home/wangyilei/dnf_workspace/dnf_decompile/source/DNFServer/GameServer/ServerLab/ServerLib/basic_source/WorkThread.cpp.o
WEAK_TEMPLATE	W	0x1e	0x805cfb6	_ZN3nsl8TMsgCellILi128EED0Ev	nsl::TMsgCell<128>::~TMsgCell()	home/wangyilei/dnf_workspace/dnf_decompile/source/DNFServer/GameServer/ServerLab/ServerLib/basic_source/WorkThread.cpp.o
WEAK_TEMPLATE	W	0x30	0x805cf86	_ZN3nsl8TMsgCellILi128EED1Ev	nsl::TMsgCell<128>::~TMsgCell()	home/wangyilei/dnf_workspace/dnf_decompile/source/DNFServer/GameServer/ServerLab/ServerLib/basic_source/WorkThread.cpp.o
WEAK_TEMPLATE	W	0x30	0x805cf86	_ZN3nsl8TMsgCellILi128EED2Ev	nsl::TMsgCell<128>::~TMsgCell()	home/wangyilei/dnf_workspace/dnf_decompile/source/DNFServer/GameServer/ServerLab/ServerLib/basic_source/WorkThread.cpp.o
WEAK_TEMPLATE	W	0x50	0x805b9f6	_ZN3nsl8TMsgCellILi131072EEC1Ev	nsl::TMsgCell<131072>::TMsgCell()	home/wangyilei/dnf_workspace/dnf_decompile/source/DNFServer/GameServer/ServerLab/ServerLib/basic_source/WorkThread.cpp.o
WEAK_TEMPLATE	W	0x50	0x805b9f6	_ZN3nsl8TMsgCellILi131072EEC2Ev	nsl::TMsgCell<131072>::TMsgCell()	home/wangyilei/dnf_workspace/dnf_decompile/source/DNFServer/GameServer/ServerLab/ServerLib/basic_source/WorkThread.cpp.o
WEAK_TEMPLATE	W	0x1e	0x805ccaa	_ZN3nsl8TMsgCellILi131072EED0Ev	nsl::TMsgCell<131072>::~TMsgCell()	home/wangyilei/dnf_workspace/dnf_decompile/source/DNFServer/GameServer/ServerLab/ServerLib/basic_source/WorkThread.cpp.o
WEAK_TEMPLATE	W	0x30	0x805cc7a	_ZN3nsl8TMsgCellILi131072EED1Ev	nsl::TMsgCell<131072>::~TMsgCell()	home/wangyilei/dnf_workspace/dnf_decompile/source/DNFServer/GameServer/ServerLab/ServerLib/basic_source/WorkThread.cpp.o
WEAK_TEMPLATE	W	0x30	0x805cc7a	_ZN3nsl8TMsgCellILi131072EED2Ev	nsl::TMsgCell<131072>::~TMsgCell()	home/wangyilei/dnf_workspace/dnf_decompile/source/DNFServer/GameServer/ServerLab/ServerLib/basic_source/WorkThread.cpp.o
WEAK_TEMPLATE	W	0x50	0x805b906	_ZN3nsl8TMsgCellILi16384EEC1Ev	nsl::TMsgCell<16384>::TMsgCell()	home/wangyilei/dnf_workspace/dnf_decompile/source/DNFServer/GameServer/ServerLab/ServerLib/basic_source/WorkThread.cpp.o
WEAK_TEMPLATE	W	0x50	0x805b906	_ZN3nsl8TMsgCellILi16384EEC2Ev	nsl::TMsgCell<16384>::TMsgCell()	home/wangyilei/dnf_workspace/dnf_decompile/source/DNFServer/GameServer/ServerLab/ServerLib/basic_source/WorkThread.cpp.o
WEAK_TEMPLATE	W	0x1e	0x805cd94	_ZN3nsl8TMsgCellILi16384EED0Ev	nsl::TMsgCell<16384>::~TMsgCell()	home/wangyilei/dnf_workspace/dnf_decompile/source/DNFServer/GameServer/ServerLab/ServerLib/basic_source/WorkThread.cpp.o
WEAK_TEMPLATE	W	0x30	0x805cd64	_ZN3nsl8TMsgCellILi16384EED1Ev	nsl::TMsgCell<16384>::~TMsgCell()	home/wangyilei/dnf_workspace/dnf_decompile/source/DNFServer/GameServer/ServerLab/ServerLib/basic_source/WorkThread.cpp.o
WEAK_TEMPLATE	W	0x30	0x805cd64	_ZN3nsl8TMsgCellILi16384EED2Ev	nsl::TMsgCell<16384>::~TMsgCell()	home/wangyilei/dnf_workspace/dnf_decompile/source/DNFServer/GameServer/ServerLab/ServerLib/basic_source/WorkThread.cpp.o
WEAK_TEMPLATE	W	0x50	0x805b5e6	_ZN3nsl8TMsgCellILi16EEC1Ev	nsl::TMsgCell<16>::TMsgCell()	home/wangyilei/dnf_workspace/dnf_decompile/source/DNFServer/GameServer/ServerLab/ServerLib/basic_source/WorkThread.cpp.o
WEAK_TEMPLATE	W	0x50	0x805b5e6	_ZN3nsl8TMsgCellILi16EEC2Ev	nsl::TMsgCell<16>::TMsgCell()	home/wangyilei/dnf_workspace/dnf_decompile/source/DNFServer/GameServer/ServerLab/ServerLib/basic_source/WorkThread.cpp.o
WEAK_TEMPLATE	W	0x1e	0x805d0a0	_ZN3nsl8TMsgCellILi16EED0Ev	nsl::TMsgCell<16>::~TMsgCell()	home/wangyilei/dnf_workspace/dnf_decompile/source/DNFServer/GameServer/ServerLab/ServerLib/basic_source/WorkThread.cpp.o
WEAK_TEMPLATE	W	0x30	0x805d070	_ZN3nsl8TMsgCellILi16EED1Ev	nsl::TMsgCell<16>::~TMsgCell()	home/wangyilei/dnf_workspace/dnf_decompile/source/DNFServer/GameServer/ServerLab/ServerLib/basic_source/WorkThread.cpp.o
WEAK_TEMPLATE	W	0x30	0x805d070	_ZN3nsl8TMsgCellILi16EED2Ev	nsl::TMsgCell<16>::~TMsgCell()	home/wangyilei/dnf_workspace/dnf_decompile/source/DNFServer/GameServer/ServerLab/ServerLib/basic_source/WorkThread.cpp.o
WEAK_TEMPLATE	W	0x50	0x805b816	_ZN3nsl8TMsgCellILi2048EEC1Ev	nsl::TMsgCell<2048>::TMsgCell()	home/wangyilei/dnf_workspace/dnf_decompile/source/DNFServer/GameServer/ServerLab/ServerLib/basic_source/WorkThread.cpp.o
WEAK_TEMPLATE	W	0x50	0x805b816	_ZN3nsl8TMsgCellILi2048EEC2Ev	nsl::TMsgCell<2048>::TMsgCell()	home/wangyilei/dnf_workspace/dnf_decompile/source/DNFServer/GameServer/ServerLab/ServerLib/basic_source/WorkThread.cpp.o
WEAK_TEMPLATE	W	0x1e	0x805ce7e	_ZN3nsl8TMsgCellILi2048EED0Ev	nsl::TMsgCell<2048>::~TMsgCell()	home/wangyilei/dnf_workspace/dnf_decompile/source/DNFServer/GameServer/ServerLab/ServerLib/basic_source/WorkThread.cpp.o
WEAK_TEMPLATE	W	0x30	0x805ce4e	_ZN3nsl8TMsgCellILi2048EED1Ev	nsl::TMsgCell<2048>::~TMsgCell()	home/wangyilei/dnf_workspace/dnf_decompile/source/DNFServer/GameServer/ServerLab/ServerLib/basic_source/WorkThread.cpp.o
WEAK_TEMPLATE	W	0x30	0x805ce4e	_ZN3nsl8TMsgCellILi2048EED2Ev	nsl::TMsgCell<2048>::~TMsgCell()	home/wangyilei/dnf_workspace/dnf_decompile/source/DNFServer/GameServer/ServerLab/ServerLib/basic_source/WorkThread.cpp.o
WEAK_TEMPLATE	W	0x50	0x805b726	_ZN3nsl8TMsgCellILi256EEC1Ev	nsl::TMsgCell<256>::TMsgCell()	home/wangyilei/dnf_workspace/dnf_decompile/source/DNFServer/GameServer/ServerLab/ServerLib/basic_source/WorkThread.cpp.o
WEAK_TEMPLATE	W	0x50	0x805b726	_ZN3nsl8TMsgCellILi256EEC2Ev	nsl::TMsgCell<256>::TMsgCell()	home/wangyilei/dnf_workspace/dnf_decompile/source/DNFServer/GameServer/ServerLab/ServerLib/basic_source/WorkThread.cpp.o
WEAK_TEMPLATE	W	0x1e	0x805cf68	_ZN3nsl8TMsgCellILi256EED0Ev	nsl::TMsgCell<256>::~TMsgCell()	home/wangyilei/dnf_workspace/dnf_decompile/source/DNFServer/GameServer/ServerLab/ServerLib/basic_source/WorkThread.cpp.o
WEAK_TEMPLATE	W	0x30	0x805cf38	_ZN3nsl8TMsgCellILi256EED1Ev	nsl::TMsgCell<256>::~TMsgCell()	home/wangyilei/dnf_workspace/dnf_decompile/source/DNFServer/GameServer/ServerLab/ServerLib/basic_source/WorkThread.cpp.o
WEAK_TEMPLATE	W	0x30	0x805cf38	_ZN3nsl8TMsgCellILi256EED2Ev	nsl::TMsgCell<256>::~TMsgCell()	home/wangyilei/dnf_workspace/dnf_decompile/source/DNFServer/GameServer/ServerLab/ServerLib/basic_source/WorkThread.cpp.o
WEAK_TEMPLATE	W	0x50	0x805ba46	_ZN3nsl8TMsgCellILi262144EEC1Ev	nsl::TMsgCell<262144>::TMsgCell()	home/wangyilei/dnf_workspace/dnf_decompile/source/DNFServer/GameServer/ServerLab/ServerLib/basic_source/WorkThread.cpp.o
WEAK_TEMPLATE	W	0x50	0x805ba46	_ZN3nsl8TMsgCellILi262144EEC2Ev	nsl::TMsgCell<262144>::TMsgCell()	home/wangyilei/dnf_workspace/dnf_decompile/source/DNFServer/GameServer/ServerLab/ServerLib/basic_source/WorkThread.cpp.o
WEAK_TEMPLATE	W	0x1e	0x805cc5c	_ZN3nsl8TMsgCellILi262144EED0Ev	nsl::TMsgCell<262144>::~TMsgCell()	home/wangyilei/dnf_workspace/dnf_decompile/source/DNFServer/GameServer/ServerLab/ServerLib/basic_source/WorkThread.cpp.o
WEAK_TEMPLATE	W	0x30	0x805cc2c	_ZN3nsl8TMsgCellILi262144EED1Ev	nsl::TMsgCell<262144>::~TMsgCell()	home/wangyilei/dnf_workspace/dnf_decompile/source/DNFServer/GameServer/ServerLab/ServerLib/basic_source/WorkThread.cpp.o
WEAK_TEMPLATE	W	0x30	0x805cc2c	_ZN3nsl8TMsgCellILi262144EED2Ev	nsl::TMsgCell<262144>::~TMsgCell()	home/wangyilei/dnf_workspace/dnf_decompile/source/DNFServer/GameServer/ServerLab/ServerLib/basic_source/WorkThread.cpp.o
WEAK_TEMPLATE	W	0x50	0x805b956	_ZN3nsl8TMsgCellILi32768EEC1Ev	nsl::TMsgCell<32768>::TMsgCell()	home/wangyilei/dnf_workspace/dnf_decompile/source/DNFServer/GameServer/ServerLab/ServerLib/basic_source/WorkThread.cpp.o
WEAK_TEMPLATE	W	0x50	0x805b956	_ZN3nsl8TMsgCellILi32768EEC2Ev	nsl::TMsgCell<32768>::TMsgCell()	home/wangyilei/dnf_workspace/dnf_decompile/source/DNFServer/GameServer/ServerLab/ServerLib/basic_source/WorkThread.cpp.o
WEAK_TEMPLATE	W	0x1e	0x805cd46	_ZN3nsl8TMsgCellILi32768EED0Ev	nsl::TMsgCell<32768>::~TMsgCell()	home/wangyilei/dnf_workspace/dnf_decompile/source/DNFServer/GameServer/ServerLab/ServerLib/basic_source/WorkThread.cpp.o
WEAK_TEMPLATE	W	0x30	0x805cd16	_ZN3nsl8TMsgCellILi32768EED1Ev	nsl::TMsgCell<32768>::~TMsgCell()	home/wangyilei/dnf_workspace/dnf_decompile/source/DNFServer/GameServer/ServerLab/ServerLib/basic_source/WorkThread.cpp.o
WEAK_TEMPLATE	W	0x30	0x805cd16	_ZN3nsl8TMsgCellILi32768EED2Ev	nsl::TMsgCell<32768>::~TMsgCell()	home/wangyilei/dnf_workspace/dnf_decompile/source/DNFServer/GameServer/ServerLab/ServerLib/basic_source/WorkThread.cpp.o
WEAK_TEMPLATE	W	0x50	0x805b636	_ZN3nsl8TMsgCellILi32EEC1Ev	nsl::TMsgCell<32>::TMsgCell()	home/wangyilei/dnf_workspace/dnf_decompile/source/DNFServer/GameServer/ServerLab/ServerLib/basic_source/WorkThread.cpp.o
WEAK_TEMPLATE	W	0x50	0x805b636	_ZN3nsl8TMsgCellILi32EEC2Ev	nsl::TMsgCell<32>::TMsgCell()	home/wangyilei/dnf_workspace/dnf_decompile/source/DNFServer/GameServer/ServerLab/ServerLib/basic_source/WorkThread.cpp.o
WEAK_TEMPLATE	W	0x1e	0x805d052	_ZN3nsl8TMsgCellILi32EED0Ev	nsl::TMsgCell<32>::~TMsgCell()	home/wangyilei/dnf_workspace/dnf_decompile/source/DNFServer/GameServer/ServerLab/ServerLib/basic_source/WorkThread.cpp.o
WEAK_TEMPLATE	W	0x30	0x805d022	_ZN3nsl8TMsgCellILi32EED1Ev	nsl::TMsgCell<32>::~TMsgCell()	home/wangyilei/dnf_workspace/dnf_decompile/source/DNFServer/GameServer/ServerLab/ServerLib/basic_source/WorkThread.cpp.o
WEAK_TEMPLATE	W	0x30	0x805d022	_ZN3nsl8TMsgCellILi32EED2Ev	nsl::TMsgCell<32>::~TMsgCell()	home/wangyilei/dnf_workspace/dnf_decompile/source/DNFServer/GameServer/ServerLab/ServerLib/basic_source/WorkThread.cpp.o
WEAK_TEMPLATE	W	0x50	0x805bae6	_ZN3nsl8TMsgCellILi409600EEC1Ev	nsl::TMsgCell<409600>::TMsgCell()	home/wangyilei/dnf_workspace/dnf_decompile/source/DNFServer/GameServer/ServerLab/ServerLib/basic_source/WorkThread.cpp.o
WEAK_TEMPLATE	W	0x50	0x805bae6	_ZN3nsl8TMsgCellILi409600EEC2Ev	nsl::TMsgCell<409600>::TMsgCell()	home/wangyilei/dnf_workspace/dnf_decompile/source/DNFServer/GameServer/ServerLab/ServerLib/basic_source/WorkThread.cpp.o
WEAK_TEMPLATE	W	0x1e	0x805cc0e	_ZN3nsl8TMsgCellILi409600EED0Ev	nsl::TMsgCell<409600>::~TMsgCell()	home/wangyilei/dnf_workspace/dnf_decompile/source/DNFServer/GameServer/ServerLab/ServerLib/basic_source/WorkThread.cpp.o
WEAK_TEMPLATE	W	0x30	0x805cbde	_ZN3nsl8TMsgCellILi409600EED1Ev	nsl::TMsgCell<409600>::~TMsgCell()	home/wangyilei/dnf_workspace/dnf_decompile/source/DNFServer/GameServer/ServerLab/ServerLib/basic_source/WorkThread.cpp.o
WEAK_TEMPLATE	W	0x30	0x805cbde	_ZN3nsl8TMsgCellILi409600EED2Ev	nsl::TMsgCell<409600>::~TMsgCell()	home/wangyilei/dnf_workspace/dnf_decompile/source/DNFServer/GameServer/ServerLab/ServerLib/basic_source/WorkThread.cpp.o
WEAK_TEMPLATE	W	0x50	0x805b866	_ZN3nsl8TMsgCellILi4096EEC1Ev	nsl::TMsgCell<4096>::TMsgCell()	home/wangyilei/dnf_workspace/dnf_decompile/source/DNFServer/GameServer/ServerLab/ServerLib/basic_source/WorkThread.cpp.o
WEAK_TEMPLATE	W	0x50	0x805b866	_ZN3nsl8TMsgCellILi4096EEC2Ev	nsl::TMsgCell<4096>::TMsgCell()	home/wangyilei/dnf_workspace/dnf_decompile/source/DNFServer/GameServer/ServerLab/ServerLib/basic_source/WorkThread.cpp.o
WEAK_TEMPLATE	W	0x1e	0x805ce30	_ZN3nsl8TMsgCellILi4096EED0Ev	nsl::TMsgCell<4096>::~TMsgCell()	home/wangyilei/dnf_workspace/dnf_decompile/source/DNFServer/GameServer/ServerLab/ServerLib/basic_source/WorkThread.cpp.o
WEAK_TEMPLATE	W	0x30	0x805ce00	_ZN3nsl8TMsgCellILi4096EED1Ev	nsl::TMsgCell<4096>::~TMsgCell()	home/wangyilei/dnf_workspace/dnf_decompile/source/DNFServer/GameServer/ServerLab/ServerLib/basic_source/WorkThread.cpp.o
WEAK_TEMPLATE	W	0x30	0x805ce00	_ZN3nsl8TMsgCellILi4096EED2Ev	nsl::TMsgCell<4096>::~TMsgCell()	home/wangyilei/dnf_workspace/dnf_decompile/source/DNFServer/GameServer/ServerLab/ServerLib/basic_source/WorkThread.cpp.o
WEAK_TEMPLATE	W	0x50	0x805b776	_ZN3nsl8TMsgCellILi512EEC1Ev	nsl::TMsgCell<512>::TMsgCell()	home/wangyilei/dnf_workspace/dnf_decompile/source/DNFServer/GameServer/ServerLab/ServerLib/basic_source/WorkThread.cpp.o
WEAK_TEMPLATE	W	0x50	0x805b776	_ZN3nsl8TMsgCellILi512EEC2Ev	nsl::TMsgCell<512>::TMsgCell()	home/wangyilei/dnf_workspace/dnf_decompile/source/DNFServer/GameServer/ServerLab/ServerLib/basic_source/WorkThread.cpp.o
WEAK_TEMPLATE	W	0x1e	0x805cf1a	_ZN3nsl8TMsgCellILi512EED0Ev	nsl::TMsgCell<512>::~TMsgCell()	home/wangyilei/dnf_workspace/dnf_decompile/source/DNFServer/GameServer/ServerLab/ServerLib/basic_source/WorkThread.cpp.o
WEAK_TEMPLATE	W	0x30	0x805ceea	_ZN3nsl8TMsgCellILi512EED1Ev	nsl::TMsgCell<512>::~TMsgCell()	home/wangyilei/dnf_workspace/dnf_decompile/source/DNFServer/GameServer/ServerLab/ServerLib/basic_source/WorkThread.cpp.o
WEAK_TEMPLATE	W	0x30	0x805ceea	_ZN3nsl8TMsgCellILi512EED2Ev	nsl::TMsgCell<512>::~TMsgCell()	home/wangyilei/dnf_workspace/dnf_decompile/source/DNFServer/GameServer/ServerLab/ServerLib/basic_source/WorkThread.cpp.o
WEAK_TEMPLATE	W	0x50	0x805ba96	_ZN3nsl8TMsgCellILi524288EEC1Ev	nsl::TMsgCell<524288>::TMsgCell()	home/wangyilei/dnf_workspace/dnf_decompile/source/DNFServer/GameServer/ServerLab/ServerLib/basic_source/WorkThread.cpp.o
WEAK_TEMPLATE	W	0x50	0x805ba96	_ZN3nsl8TMsgCellILi524288EEC2Ev	nsl::TMsgCell<524288>::TMsgCell()	home/wangyilei/dnf_workspace/dnf_decompile/source/DNFServer/GameServer/ServerLab/ServerLib/basic_source/WorkThread.cpp.o
WEAK_TEMPLATE	W	0x1e	0x805bcb2	_ZN3nsl8TMsgCellILi524288EED0Ev	nsl::TMsgCell<524288>::~TMsgCell()	home/wangyilei/dnf_workspace/dnf_decompile/source/DNFServer/GameServer/ServerLab/ServerLib/basic_source/WorkThread.cpp.o
WEAK_TEMPLATE	W	0x30	0x805bc82	_ZN3nsl8TMsgCellILi524288EED1Ev	nsl::TMsgCell<524288>::~TMsgCell()	home/wangyilei/dnf_workspace/dnf_decompile/source/DNFServer/GameServer/ServerLab/ServerLib/basic_source/WorkThread.cpp.o
WEAK_TEMPLATE	W	0x30	0x805bc82	_ZN3nsl8TMsgCellILi524288EED2Ev	nsl::TMsgCell<524288>::~TMsgCell()	home/wangyilei/dnf_workspace/dnf_decompile/source/DNFServer/GameServer/ServerLab/ServerLib/basic_source/WorkThread.cpp.o
WEAK_TEMPLATE	W	0x50	0x805b686	_ZN3nsl8TMsgCellILi64EEC1Ev	nsl::TMsgCell<64>::TMsgCell()	home/wangyilei/dnf_workspace/dnf_decompile/source/DNFServer/GameServer/ServerLab/ServerLib/basic_source/WorkThread.cpp.o
WEAK_TEMPLATE	W	0x50	0x805b686	_ZN3nsl8TMsgCellILi64EEC2Ev	nsl::TMsgCell<64>::TMsgCell()	home/wangyilei/dnf_workspace/dnf_decompile/source/DNFServer/GameServer/ServerLab/ServerLib/basic_source/WorkThread.cpp.o
WEAK_TEMPLATE	W	0x1e	0x805d004	_ZN3nsl8TMsgCellILi64EED0Ev	nsl::TMsgCell<64>::~TMsgCell()	home/wangyilei/dnf_workspace/dnf_decompile/source/DNFServer/GameServer/ServerLab/ServerLib/basic_source/WorkThread.cpp.o
WEAK_TEMPLATE	W	0x30	0x805cfd4	_ZN3nsl8TMsgCellILi64EED1Ev	nsl::TMsgCell<64>::~TMsgCell()	home/wangyilei/dnf_workspace/dnf_decompile/source/DNFServer/GameServer/ServerLab/ServerLib/basic_source/WorkThread.cpp.o
WEAK_TEMPLATE	W	0x30	0x805cfd4	_ZN3nsl8TMsgCellILi64EED2Ev	nsl::TMsgCell<64>::~TMsgCell()	home/wangyilei/dnf_workspace/dnf_decompile/source/DNFServer/GameServer/ServerLab/ServerLib/basic_source/WorkThread.cpp.o
WEAK_TEMPLATE	W	0x50	0x805b9a6	_ZN3nsl8TMsgCellILi65536EEC1Ev	nsl::TMsgCell<65536>::TMsgCell()	home/wangyilei/dnf_workspace/dnf_decompile/source/DNFServer/GameServer/ServerLab/ServerLib/basic_source/WorkThread.cpp.o
WEAK_TEMPLATE	W	0x50	0x805b9a6	_ZN3nsl8TMsgCellILi65536EEC2Ev	nsl::TMsgCell<65536>::TMsgCell()	home/wangyilei/dnf_workspace/dnf_decompile/source/DNFServer/GameServer/ServerLab/ServerLib/basic_source/WorkThread.cpp.o
WEAK_TEMPLATE	W	0x1e	0x805ccf8	_ZN3nsl8TMsgCellILi65536EED0Ev	nsl::TMsgCell<65536>::~TMsgCell()	home/wangyilei/dnf_workspace/dnf_decompile/source/DNFServer/GameServer/ServerLab/ServerLib/basic_source/WorkThread.cpp.o
WEAK_TEMPLATE	W	0x30	0x805ccc8	_ZN3nsl8TMsgCellILi65536EED1Ev	nsl::TMsgCell<65536>::~TMsgCell()	home/wangyilei/dnf_workspace/dnf_decompile/source/DNFServer/GameServer/ServerLab/ServerLib/basic_source/WorkThread.cpp.o
WEAK_TEMPLATE	W	0x30	0x805ccc8	_ZN3nsl8TMsgCellILi65536EED2Ev	nsl::TMsgCell<65536>::~TMsgCell()	home/wangyilei/dnf_workspace/dnf_decompile/source/DNFServer/GameServer/ServerLab/ServerLib/basic_source/WorkThread.cpp.o
WEAK_TEMPLATE	W	0x50	0x805b8b6	_ZN3nsl8TMsgCellILi8192EEC1Ev	nsl::TMsgCell<8192>::TMsgCell()	home/wangyilei/dnf_workspace/dnf_decompile/source/DNFServer/GameServer/ServerLab/ServerLib/basic_source/WorkThread.cpp.o
WEAK_TEMPLATE	W	0x50	0x805b8b6	_ZN3nsl8TMsgCellILi8192EEC2Ev	nsl::TMsgCell<8192>::TMsgCell()	home/wangyilei/dnf_workspace/dnf_decompile/source/DNFServer/GameServer/ServerLab/ServerLib/basic_source/WorkThread.cpp.o
WEAK_TEMPLATE	W	0x1e	0x805cde2	_ZN3nsl8TMsgCellILi8192EED0Ev	nsl::TMsgCell<8192>::~TMsgCell()	home/wangyilei/dnf_workspace/dnf_decompile/source/DNFServer/GameServer/ServerLab/ServerLib/basic_source/WorkThread.cpp.o
WEAK_TEMPLATE	W	0x30	0x805cdb2	_ZN3nsl8TMsgCellILi8192EED1Ev	nsl::TMsgCell<8192>::~TMsgCell()	home/wangyilei/dnf_workspace/dnf_decompile/source/DNFServer/GameServer/ServerLab/ServerLib/basic_source/WorkThread.cpp.o
WEAK_TEMPLATE	W	0x30	0x805cdb2	_ZN3nsl8TMsgCellILi8192EED2Ev	nsl::TMsgCell<8192>::~TMsgCell()	home/wangyilei/dnf_workspace/dnf_decompile/source/DNFServer/GameServer/ServerLab/ServerLib/basic_source/WorkThread.cpp.o
WEAK_TEMPLATE	W	0xa	0x8057e2c	_ZN3nsl9DataPools11getDataPoolEv	nsl::DataPools::getDataPool()	home/wangyilei/dnf_workspace/dnf_decompile/source/DNFServer/GameServer/ServerLab/ServerLib/basic_source/TCPUser.cpp.o
WEAK_TEMPLATE	W	0xf	0x805b2a8	_ZN3nsl9DataPools17getCommonDataPoolEi	nsl::DataPools::getCommonDataPool(int)	home/wangyilei/dnf_workspace/dnf_decompile/source/DNFServer/GameServer/ServerLab/ServerLib/basic_source/WorkThread.cpp.o
WEAK_TEMPLATE	W	0x14	0x8066c76	_ZN3nsl9DataPoolsC1Ev	nsl::DataPools::DataPools()	home/wangyilei/dnf_workspace/dnf_decompile/source/DNFServer/GameServer/ServerLab/ServerLib/common_source/ServiceFactory.cpp.o
WEAK_TEMPLATE	W	0x14	0x8066c76	_ZN3nsl9DataPoolsC2Ev	nsl::DataPools::DataPools()	home/wangyilei/dnf_workspace/dnf_decompile/source/DNFServer/GameServer/ServerLab/ServerLib/common_source/ServiceFactory.cpp.o
WEAK_TEMPLATE	W	0x12	0x80615fe	_ZN3nsl9IHandlers14getTimeHandlerEi	nsl::IHandlers::getTimeHandler(int)	home/wangyilei/dnf_workspace/dnf_decompile/source/DNFServer/GameServer/ServerLab/ServerLib/common_source/IHandler.cpp.o
WEAK_TEMPLATE	W	0x6b	0x8066d1e	_ZN3nsl9IHandlersC1Ev	nsl::IHandlers::IHandlers()	home/wangyilei/dnf_workspace/dnf_decompile/source/DNFServer/GameServer/ServerLab/ServerLib/common_source/ServiceFactory.cpp.o
WEAK_TEMPLATE	W	0x6b	0x8066d1e	_ZN3nsl9IHandlersC2Ev	nsl::IHandlers::IHandlers()	home/wangyilei/dnf_workspace/dnf_decompile/source/DNFServer/GameServer/ServerLab/ServerLib/common_source/ServiceFactory.cpp.o
WEAK_TEMPLATE	W	0x6d	0x8066d8a	_ZN3nsl9IHandlersD1Ev	nsl::IHandlers::~IHandlers()	home/wangyilei/dnf_workspace/dnf_decompile/source/DNFServer/GameServer/ServerLab/ServerLib/common_source/ServiceFactory.cpp.o
WEAK_TEMPLATE	W	0x6d	0x8066d8a	_ZN3nsl9IHandlersD2Ev	nsl::IHandlers::~IHandlers()	home/wangyilei/dnf_workspace/dnf_decompile/source/DNFServer/GameServer/ServerLab/ServerLib/common_source/ServiceFactory.cpp.o
WEAK_TEMPLATE	W	0xe	0x804f02e	_ZN3nsl9IPlatformC1Ev	nsl::IPlatform::IPlatform()	home/wangyilei/dnf_workspace/dnf_decompile/source/DNFServer/GameServer/ServerLab/ServerLib/basic_source/LinuxService.cpp.o
WEAK_TEMPLATE	W	0xe	0x804f02e	_ZN3nsl9IPlatformC2Ev	nsl::IPlatform::IPlatform()	home/wangyilei/dnf_workspace/dnf_decompile/source/DNFServer/GameServer/ServerLab/ServerLib/basic_source/LinuxService.cpp.o
WEAK_TEMPLATE	W	0x1e	0x804f062	_ZN3nsl9IPlatformD0Ev	nsl::IPlatform::~IPlatform()	home/wangyilei/dnf_workspace/dnf_decompile/source/DNFServer/GameServer/ServerLab/ServerLib/basic_source/LinuxService.cpp.o
WEAK_TEMPLATE	W	0x25	0x804f03c	_ZN3nsl9IPlatformD1Ev	nsl::IPlatform::~IPlatform()	home/wangyilei/dnf_workspace/dnf_decompile/source/DNFServer/GameServer/ServerLab/ServerLib/basic_source/LinuxService.cpp.o
WEAK_TEMPLATE	W	0x25	0x804f03c	_ZN3nsl9IPlatformD2Ev	nsl::IPlatform::~IPlatform()	home/wangyilei/dnf_workspace/dnf_decompile/source/DNFServer/GameServer/ServerLab/ServerLib/basic_source/LinuxService.cpp.o
WEAK_TEMPLATE	W	0xe	0x8066e90	_ZN3nsl9TCPThread7setPortEi	nsl::TCPThread::setPort(int)	home/wangyilei/dnf_workspace/dnf_decompile/source/DNFServer/GameServer/ServerLab/ServerLib/common_source/ServiceFactory.cpp.o
WEAK_TEMPLATE	W	0x13	0x80a66a8	_ZN42MSG_COMBO_SKILL_EXTENSION_QUICK_SLOT_RESETD1Ev	MSG_COMBO_SKILL_EXTENSION_QUICK_SLOT_RESET::~MSG_COMBO_SKILL_EXTENSION_QUICK_SLOT_RESET()	home/wangyilei/dnf_workspace/dnf_decompile/source/DNFServer/GameServer/Game/Dispatchers.cpp.o
WEAK_TEMPLATE	W	0x13	0x80a66a8	_ZN42MSG_COMBO_SKILL_EXTENSION_QUICK_SLOT_RESETD2Ev	MSG_COMBO_SKILL_EXTENSION_QUICK_SLOT_RESET::~MSG_COMBO_SKILL_EXTENSION_QUICK_SLOT_RESET()	home/wangyilei/dnf_workspace/dnf_decompile/source/DNFServer/GameServer/Game/Dispatchers.cpp.o
WEAK_TEMPLATE	W	0x5	0x8145f48	_ZN5CUser14CharacMoneyLogD1Ev	CUser::CharacMoneyLog::~CharacMoneyLog()	home/wangyilei/dnf_workspace/dnf_decompile/source/DNFServer/GameServer/Game/CUser.cpp.o
WEAK_TEMPLATE	W	0x5	0x8145f48	_ZN5CUser14CharacMoneyLogD2Ev	CUser::CharacMoneyLog::~CharacMoneyLog()	home/wangyilei/dnf_workspace/dnf_decompile/source/DNFServer/GameServer/Game/CUser.cpp.o
WEAK_TEMPLATE	W	0xe	0x80ddba2	_ZN6ThreadC1Ev	Thread::Thread()	home/wangyilei/dnf_workspace/dnf_decompile/source/DNFServer/GameServer/Game/GlobalData.cpp.o
WEAK_TEMPLATE	W	0xe	0x80ddba2	_ZN6ThreadC2Ev	Thread::Thread()	home/wangyilei/dnf_workspace/dnf_decompile/source/DNFServer/GameServer/Game/GlobalData.cpp.o
WEAK_TEMPLATE	W	0x2a	0x8235624	_ZN7DyeInfoC1ERKS_	DyeInfo::DyeInfo(DyeInfo const&)	home/wangyilei/dnf_workspace/dnf_decompile/source/DNFServer/GameServer/Game/STStackableScript.cpp.o
WEAK_TEMPLATE	W	0x2a	0x8235624	_ZN7DyeInfoC2ERKS_	DyeInfo::DyeInfo(DyeInfo const&)	home/wangyilei/dnf_workspace/dnf_decompile/source/DNFServer/GameServer/Game/STStackableScript.cpp.o
WEAK_TEMPLATE	W	0xa	0x81b3532	_ZN8CMonster25deathTowerSpecifyItemDropEv	CMonster::deathTowerSpecifyItemDrop()	home/wangyilei/dnf_workspace/dnf_decompile/source/DNFServer/GameServer/Game/CDeathTower.cpp.o
WEAK_TEMPLATE	W	0xe	0x80e23d0	_ZN8CNetworkILi4096ELi450000EE17GetRemainSendSizeEv	CNetwork<4096, 450000>::GetRemainSendSize()	home/wangyilei/dnf_workspace/dnf_decompile/source/DNFServer/GameServer/Game/CNetwork.cpp.o
WEAK_TEMPLATE	W	0x5	0x808c08c	_ZN8MSG_BASED1Ev	MSG_BASE::~MSG_BASE()	home/wangyilei/dnf_workspace/dnf_decompile/source/DNFServer/GameServer/Game/Dispatchers.cpp.o
WEAK_TEMPLATE	W	0x5	0x808c08c	_ZN8MSG_BASED2Ev	MSG_BASE::~MSG_BASE()	home/wangyilei/dnf_workspace/dnf_decompile/source/DNFServer/GameServer/Game/Dispatchers.cpp.o
WEAK_TEMPLATE	W	0x5	0x8145efa	_ZN8PlayInfoD1Ev	PlayInfo::~PlayInfo()	home/wangyilei/dnf_workspace/dnf_decompile/source/DNFServer/GameServer/Game/CUser.cpp.o
WEAK_TEMPLATE	W	0x5	0x8145efa	_ZN8PlayInfoD2Ev	PlayInfo::~PlayInfo()	home/wangyilei/dnf_workspace/dnf_decompile/source/DNFServer/GameServer/Game/CUser.cpp.o
WEAK_TEMPLATE	W	0x5	0x815eb1c	_ZN8WongWork3IPG8SIPGDataC1Ev	WongWork::IPG::SIPGData::SIPGData()	home/wangyilei/dnf_workspace/dnf_decompile/source/DNFServer/GameServer/Game/CGameManager.cpp.o
WEAK_TEMPLATE	W	0x5	0x815eb1c	_ZN8WongWork3IPG8SIPGDataC2Ev	WongWork::IPG::SIPGData::SIPGData()	home/wangyilei/dnf_workspace/dnf_decompile/source/DNFServer/GameServer/Game/CGameManager.cpp.o
WEAK_TEMPLATE	W	0x5	0x815eb22	_ZN8WongWork3IPG8SIPGDataD1Ev	WongWork::IPG::SIPGData::~SIPGData()	home/wangyilei/dnf_workspace/dnf_decompile/source/DNFServer/GameServer/Game/CGameManager.cpp.o
WEAK_TEMPLATE	W	0x5	0x815eb22	_ZN8WongWork3IPG8SIPGDataD2Ev	WongWork::IPG::SIPGData::~SIPGData()	home/wangyilei/dnf_workspace/dnf_decompile/source/DNFServer/GameServer/Game/CGameManager.cpp.o
WEAK_TEMPLATE	W	0xb	0x81634a2	_ZNK10StaticPoolI10BlueMarbleLi300EE16GetLastErrorCodeEv	StaticPool<BlueMarble, 300>::GetLastErrorCode() const	home/wangyilei/dnf_workspace/dnf_decompile/source/DNFServer/GameServer/Game/CGameManager.cpp.o
WEAK_TEMPLATE	W	0xb	0x815fa98	_ZNK10StaticPoolI11CTradeSpaceLi300EE16GetLastErrorCodeEv	StaticPool<CTradeSpace, 300>::GetLastErrorCode() const	home/wangyilei/dnf_workspace/dnf_decompile/source/DNFServer/GameServer/Game/CGameManager.cpp.o
WEAK_TEMPLATE	W	0xb	0x8163ba6	_ZNK10StaticPoolI20CACHE_CHARACTER_TYPELi1000EE16GetLastErrorCodeEv	StaticPool<CACHE_CHARACTER_TYPE, 1000>::GetLastErrorCode() const	home/wangyilei/dnf_workspace/dnf_decompile/source/DNFServer/GameServer/Game/CGameManager.cpp.o
WEAK_TEMPLATE	W	0xb	0x815f32e	_ZNK10StaticPoolI5CUserLi600EE16GetLastErrorCodeEv	StaticPool<CUser, 600>::GetLastErrorCode() const	home/wangyilei/dnf_workspace/dnf_decompile/source/DNFServer/GameServer/Game/CGameManager.cpp.o
WEAK_TEMPLATE	W	0xb	0x8160202	_ZNK10StaticPoolI6CPartyLi600EE16GetLastErrorCodeEv	StaticPool<CParty, 600>::GetLastErrorCode() const	home/wangyilei/dnf_workspace/dnf_decompile/source/DNFServer/GameServer/Game/CGameManager.cpp.o
WEAK_TEMPLATE	W	0xb	0x81610ec	_ZNK10StaticPoolI7WarRoomLi40EE16GetLastErrorCodeEv	StaticPool<WarRoom, 40>::GetLastErrorCode() const	home/wangyilei/dnf_workspace/dnf_decompile/source/DNFServer/GameServer/Game/CGameManager.cpp.o
WEAK_TEMPLATE	W	0xb	0x816096c	_ZNK10StaticPoolI8PvP_RoomLi600EE16GetLastErrorCodeEv	StaticPool<PvP_Room, 600>::GetLastErrorCode() const	home/wangyilei/dnf_workspace/dnf_decompile/source/DNFServer/GameServer/Game/CGameManager.cpp.o
WEAK_TEMPLATE	W	0xb	0x81641fa	_ZNK10StaticPoolI8_IO_FILELi50EE16GetLastErrorCodeEv	StaticPool<_IO_FILE, 50>::GetLastErrorCode() const	home/wangyilei/dnf_workspace/dnf_decompile/source/DNFServer/GameServer/Game/CGameManager.cpp.o
WEAK_TEMPLATE	W	0xb	0x8162d72	_ZNK10StaticPoolIN10QuickParty11CQuickPartyELi300EE16GetLastErrorCodeEv	StaticPool<QuickParty::CQuickParty, 300>::GetLastErrorCode() const	home/wangyilei/dnf_workspace/dnf_decompile/source/DNFServer/GameServer/Game/CGameManager.cpp.o
WEAK_TEMPLATE	W	0xb	0x81648fe	_ZNK10StaticPoolIN10expert_job10CEnchanterELi300EE16GetLastErrorCodeEv	StaticPool<expert_job::CEnchanter, 300>::GetLastErrorCode() const	home/wangyilei/dnf_workspace/dnf_decompile/source/DNFServer/GameServer/Game/CGameManager.cpp.o
WEAK_TEMPLATE	W	0xb	0x8165002	_ZNK10StaticPoolIN10expert_job11CDisjointerELi600EE16GetLastErrorCodeEv	StaticPool<expert_job::CDisjointer, 600>::GetLastErrorCode() const	home/wangyilei/dnf_workspace/dnf_decompile/source/DNFServer/GameServer/Game/CGameManager.cpp.o
WEAK_TEMPLATE	W	0xb	0x81656fc	_ZNK10StaticPoolIN11pvp_assault13CAssaultPlaceELi128EE16GetLastErrorCodeEv	StaticPool<pvp_assault::CAssaultPlace, 128>::GetLastErrorCode() const	home/wangyilei/dnf_workspace/dnf_decompile/source/DNFServer/GameServer/Game/CGameManager.cpp.o
WEAK_TEMPLATE	W	0xb	0x81626b8	_ZNK10StaticPoolIN12advancealtar12StageControlELi600EE16GetLastErrorCodeEv	StaticPool<advancealtar::StageControl, 600>::GetLastErrorCode() const	home/wangyilei/dnf_workspace/dnf_decompile/source/DNFServer/GameServer/Game/CGameManager.cpp.o
WEAK_TEMPLATE	W	0xb	0x8165e00	_ZNK10StaticPoolIN13private_store13CPrivateStoreELi300EE16GetLastErrorCodeEv	StaticPool<private_store::CPrivateStore, 300>::GetLastErrorCode() const	home/wangyilei/dnf_workspace/dnf_decompile/source/DNFServer/GameServer/Game/CGameManager.cpp.o
WEAK_TEMPLATE	W	0xb	0x8166504	_ZNK10StaticPoolIN15exchange_server8CSessionELi300EE16GetLastErrorCodeEv	StaticPool<exchange_server::CSession, 300>::GetLastErrorCode() const	home/wangyilei/dnf_workspace/dnf_decompile/source/DNFServer/GameServer/Game/CGameManager.cpp.o
WEAK_TEMPLATE	W	0xb	0x8166b26	_ZNK10StaticPoolIN18online_preliminary22COnlinePreliminaryTeamELi600EE16GetLastErrorCodeEv	StaticPool<online_preliminary::COnlinePreliminaryTeam, 600>::GetLastErrorCode() const	home/wangyilei/dnf_workspace/dnf_decompile/source/DNFServer/GameServer/Game/CGameManager.cpp.o
WEAK_TEMPLATE	W	0xb	0x8161fc0	_ZNK10StaticPoolIN8WongWork10CBossTowerELi600EE16GetLastErrorCodeEv	StaticPool<WongWork::CBossTower, 600>::GetLastErrorCode() const	home/wangyilei/dnf_workspace/dnf_decompile/source/DNFServer/GameServer/Game/CGameManager.cpp.o
WEAK_TEMPLATE	W	0xb	0x8161856	_ZNK10StaticPoolIN8WongWork11CDeathTowerELi600EE16GetLastErrorCodeEv	StaticPool<WongWork::CDeathTower, 600>::GetLastErrorCode() const	home/wangyilei/dnf_workspace/dnf_decompile/source/DNFServer/GameServer/Game/CGameManager.cpp.o
WEAK_TEMPLATE	W	0xb	0x8167924	_ZNK10StaticPoolIN8WongWork8CMailBox5CMailELi20EE16GetLastErrorCodeEv	StaticPool<WongWork::CMailBox::CMail, 20>::GetLastErrorCode() const	home/wangyilei/dnf_workspace/dnf_decompile/source/DNFServer/GameServer/Game/CGameManager.cpp.o
WEAK_TEMPLATE	W	0xb	0x816722a	_ZNK10StaticPoolIN8WongWork8CMailBoxELi600EE16GetLastErrorCodeEv	StaticPool<WongWork::CMailBox, 600>::GetLastErrorCode() const	home/wangyilei/dnf_workspace/dnf_decompile/source/DNFServer/GameServer/Game/CGameManager.cpp.o
WEAK_TEMPLATE	W	0xd	0x804f020	_ZNK3nsl11ServiceInfo14getChannelNameEv	nsl::ServiceInfo::getChannelName() const	home/wangyilei/dnf_workspace/dnf_decompile/source/DNFServer/GameServer/ServerLab/ServerLib/basic_source/LinuxService.cpp.o
WEAK_TEMPLATE	W	0xd	0x804f012	_ZNK3nsl11ServiceInfo17getConfigFileNameEv	nsl::ServiceInfo::getConfigFileName() const	home/wangyilei/dnf_workspace/dnf_decompile/source/DNFServer/GameServer/ServerLab/ServerLib/basic_source/LinuxService.cpp.o
WEAK_TEMPLATE	W	0xb	0x8057e20	_ZNK3nsl8CMsgCell6GetBufEv	nsl::CMsgCell::GetBuf() const	home/wangyilei/dnf_workspace/dnf_decompile/source/DNFServer/GameServer/ServerLab/ServerLib/basic_source/TCPUser.cpp.o
WEAK_TEMPLATE	W	0xb	0x8057e14	_ZNK3nsl8CMsgCell7GetSizeEv	nsl::CMsgCell::GetSize() const	home/wangyilei/dnf_workspace/dnf_decompile/source/DNFServer/GameServer/ServerLab/ServerLib/basic_source/TCPUser.cpp.o
WEAK_TEMPLATE	W	0xa	0x8066e86	_ZNK3nsl8PortInfo10getTCPPortEv	nsl::PortInfo::getTCPPort() const	home/wangyilei/dnf_workspace/dnf_decompile/source/DNFServer/GameServer/ServerLab/ServerLib/common_source/ServiceFactory.cpp.o
WEAK_TEMPLATE	W	0xb	0x806f274	_ZNK3nsl9TCPThread7getPortEv	nsl::TCPThread::getPort() const	home/wangyilei/dnf_workspace/dnf_decompile/source/DNFServer/GameServer/ServerLab/ServerLib/common_source/TCPThread.cpp.o
